strategy,split,bars,net_bps_per_bar,gross_bps_per_bar,cost_bps_per_bar,sharpe_net,sharpe_gross,ann_return_pct,max_dd_pct,turnover_per_bar,breakeven_cost_bps,p_value,family,fee_model,hold,lookback,top_n,channel
"H1 FRキャリー(横断) {'lookback': 1, 'top_n': 3} hold=1",train,3168,-2.8965347845806235,0.595573801277962,3.4921085858585865,-5.496593939707859,1.1320650004019717,-253.73644712926264,-96.47572711463164,0.37752525252525254,1.5775734134185484,0.99975,H1 FRキャリー(横断),taker,1,1.0,3.0,
"H1 FRキャリー(横断) {'lookback': 1, 'top_n': 3} hold=1",test,2063,-3.512216411409132,1.6576414008384037,5.169857812247536,-6.41853290873239,3.034297515670494,-307.67015763944,-74.30442215061368,0.5629342381644854,2.9446448420748794,0.9985,H1 FRキャリー(横断),taker,1,1.0,3.0,
"H1 FRキャリー(横断) {'lookback': 1, 'top_n': 3} hold=1",full,5279,-3.0315766740453785,1.1380814051362844,4.169658079181663,-5.657384219715516,2.1270889333474017,-265.5661166463751,-162.3580793897717,0.4532108353854897,2.511152241468943,1.0,H1 FRキャリー(横断),taker,1,1.0,3.0,
"H1 FRキャリー(横断) {'lookback': 1, 'top_n': 3} hold=1",train,3168,-1.4336244310452704,0.595573801277962,2.0291982323232323,-2.7238205159222115,1.1320650004019717,-125.58550015956568,-50.896284393434584,0.37752525252525254,1.5775734134185484,0.9655,H1 FRキャリー(横断),half-maker,1,1.0,3.0,
"H1 FRキャリー(横断) {'lookback': 1, 'top_n': 3} hold=1",test,2063,-1.3494881839087287,1.6576414008384037,3.007129584747132,-2.469238584623768,3.034297515670494,-118.21516491040462,-31.729305831628444,0.5629342381644854,2.9446448420748794,0.85275,H1 FRキャリー(横断),half-maker,1,1.0,3.0,
"H1 FRキャリー(横断) {'lookback': 1, 'top_n': 3} hold=1",full,5279,-1.286655760993664,1.1380814051362844,2.424737166129949,-2.404000174655624,2.1270889333474017,-112.71104466304496,-71.77766272310541,0.4532108353854897,2.511152241468943,0.9745,H1 FRキャリー(横断),half-maker,1,1.0,3.0,
"H1 FRキャリー(横断) {'lookback': 1, 'top_n': 3} hold=1",train,3168,0.02928592249008341,0.595573801277962,0.5662878787878788,0.055664252019742545,1.1320650004019717,2.565446810131307,-20.22941458006549,0.37752525252525254,1.5775734134185484,0.44675,H1 FRキャリー(横断),maker-only(理論上限),1,1.0,3.0,
"H1 FRキャリー(横断) {'lookback': 1, 'top_n': 3} hold=1",test,2063,0.8132400435916751,1.6576414008384037,0.8444013572467279,1.4887846402698055,3.034297515670494,71.23982781863074,-20.28579878196756,0.5629342381644854,2.9446448420748794,0.245,H1 FRキャリー(横断),maker-only(理論上限),1,1.0,3.0,
"H1 FRキャリー(横断) {'lookback': 1, 'top_n': 3} hold=1",full,5279,0.45826515205805024,1.1380814051362844,0.6798162530782345,0.8565545120058092,2.1270889333474017,40.144027320285204,-20.28579878196754,0.4532108353854897,2.511152241468943,0.26075,H1 FRキャリー(横断),maker-only(理論上限),1,1.0,3.0,
"H1 FRキャリー(横断) {'lookback': 1, 'top_n': 3} hold=2",train,3168,-1.461549223894314,0.8506877289676387,2.3122369528619533,-3.0015188742705425,1.7430022817201136,-128.03171201314188,-52.369367240610195,0.24944760101010102,3.4102862706352157,0.96175,H1 FRキャリー(横断),taker,2,1.0,3.0,
"H1 FRキャリー(横断) {'lookback': 1, 'top_n': 3} hold=2",test,2063,-0.8692638616758157,2.4801665794293712,3.3494304411051865,-1.600125968755312,4.57171813300709,-76.14751428280145,-30.248830349059375,0.3654871546291808,6.785919964672139,0.76975,H1 FRキャリー(横断),taker,2,1.0,3.0,
"H1 FRキャリー(横断) {'lookback': 1, 'top_n': 3} hold=2",full,5279,-1.1419359526556094,1.5899340353471692,2.731869988002778,-2.232397672013666,3.105661219883265,-100.03358945263136,-71.7336577053621,0.29688387952263684,5.355407096887993,0.965,H1 FRキャリー(横断),taker,2,1.0,3.0,
"H1 FRキャリー(横断) {'lookback': 1, 'top_n': 3} hold=2",train,3168,-0.4925164482209135,0.8506877289676387,1.3432041771885521,-1.0112642996987584,1.7430022817201136,-43.144440864152024,-31.36383778059704,0.24944760101010102,3.4102862706352157,0.70975,H1 FRキャリー(横断),half-maker,2,1.0,3.0,
"H1 FRキャリー(横断) {'lookback': 1, 'top_n': 3} hold=2",test,2063,0.5313359929048921,2.4801665794293712,1.9488305865244788,0.9794792833797211,4.57171813300709,46.54503297846855,-24.182163682392734,0.3654871546291808,6.785919964672139,0.3225,H1 FRキャリー(横断),half-maker,2,1.0,3.0,
"H1 FRキャリー(横断) {'lookback': 1, 'top_n': 3} hold=2",full,5279,0.0013361317038024228,1.5899340353471692,1.5885979036433668,0.0026132947634880397,3.105661219883265,0.11704513725309225,-32.48430863979403,0.29688387952263684,5.355407096887993,0.4935,H1 FRキャリー(横断),half-maker,2,1.0,3.0,
"H1 FRキャリー(横断) {'lookback': 1, 'top_n': 3} hold=2",train,3168,0.476516327452487,0.8506877289676387,0.3741714015151515,0.9771781058319161,1.7430022817201136,41.742830284837865,-24.715921113930367,0.24944760101010102,3.4102862706352157,0.2505,H1 FRキャリー(横断),maker-only(理論上限),2,1.0,3.0,
"H1 FRキャリー(横断) {'lookback': 1, 'top_n': 3} hold=2",test,2063,1.9319358474855999,2.4801665794293712,0.5482307319437713,3.562116531882903,4.57171813300709,169.23758023973855,-18.115497015726056,0.3654871546291808,6.785919964672139,0.0525,H1 FRキャリー(横断),maker-only(理論上限),2,1.0,3.0,
"H1 FRキャリー(横断) {'lookback': 1, 'top_n': 3} hold=2",full,5279,1.1446082160632138,1.5899340353471692,0.4453258192839553,2.2371896109993763,3.105661219883265,100.26767972713753,-24.715921113930367,0.29688387952263684,5.355407096887993,0.0455,H1 FRキャリー(横断),maker-only(理論上限),2,1.0,3.0,
"H1 FRキャリー(横断) {'lookback': 1, 'top_n': 3} hold=3",train,3168,-2.194889854224962,-0.44102306129566976,1.7538667929292926,-4.1825898873769,-0.8416284873423231,-192.27235123010666,-75.0234693877857,0.18857849326599324,-2.338671041737506,0.998,H1 FRキャリー(横断),taker,3,1.0,3.0,
"H1 FRキャリー(横断) {'lookback': 1, 'top_n': 3} hold=3",test,2063,-1.1682569951562631,1.4312542344446417,2.5995112296009046,-2.1989513801759313,2.7098308158078344,-102.33931277568864,-29.429866442451402,0.28243658103086117,5.067524288888952,0.84675,H1 FRキャリー(横断),taker,3,1.0,3.0,
"H1 FRキャリー(横断) {'lookback': 1, 'top_n': 3} hold=3",full,5279,-1.7516424651842022,0.342188437133156,2.093830902317358,-3.312558373824784,0.6491442513641332,-153.4438799501361,-96.96526908499801,0.22673170423691352,1.5092218279963219,0.99575,H1 FRキャリー(横断),taker,3,1.0,3.0,
"H1 FRキャリー(横断) {'lookback': 1, 'top_n': 3} hold=3",train,3168,-1.4593903277098106,-0.44102306129566976,1.0183672664141412,-2.7843531781251225,-0.8416284873423231,-127.84259270737941,-51.903677721118854,0.18857849326599324,-2.338671041737506,0.96725,H1 FRキャリー(横断),half-maker,3,1.0,3.0,
"H1 FRキャリー(横断) {'lookback': 1, 'top_n': 3} hold=3",test,2063,-0.08032881612895666,1.4312542344446417,1.511583050573598,-0.15170712051214055,2.7098308158078344,-7.036804292896603,-23.81581833326243,0.28243658103086117,5.067524288888952,0.5275,H1 FRキャリー(横断),half-maker,3,1.0,3.0,
"H1 FRキャリー(横断) {'lookback': 1, 'top_n': 3} hold=3",full,5279,-0.8747757922032082,0.342188437133156,1.2169642293363643,-1.6576668454142172,0.6491442513641332,-76.63035939700104,-65.92497097580863,0.22673170423691352,1.5092218279963219,0.91025,H1 FRキャリー(横断),half-maker,3,1.0,3.0,
"H1 FRキャリー(横断) {'lookback': 1, 'top_n': 3} hold=3",train,3168,-0.7238908011946594,-0.44102306129566976,0.2828677398989899,-1.3815547898490392,-0.8416284873423231,-63.41283418465217,-36.492744930789314,0.18857849326599324,-2.338671041737506,0.804,H1 FRキャリー(横断),maker-only(理論上限),3,1.0,3.0,
"H1 FRキャリー(横断) {'lookback': 1, 'top_n': 3} hold=3",test,2063,1.0075993628983495,1.4312542344446417,0.42365487154629183,1.9069162965804642,2.7098308158078344,88.26570418989542,-20.502276666595755,0.28243658103086117,5.067524288888952,0.19725,H1 FRキャリー(横断),maker-only(理論上限),3,1.0,3.0,
"H1 FRキャリー(横断) {'lookback': 1, 'top_n': 3} hold=3",full,5279,0.0020908807777856304,0.342188437133156,0.34009755635537037,0.003966085131791924,0.6491442513641332,0.18316115613402123,-37.18517930914204,0.22673170423691352,1.5092218279963219,0.508,H1 FRキャリー(横断),maker-only(理論上限),3,1.0,3.0,
"H1 FRキャリー(横断) {'lookback': 1, 'top_n': 3} hold=6",train,3168,-1.5958978147856853,-0.587072583304204,1.0088252314814814,-3.432168334839831,-1.2622646327784925,-139.80064857522603,-53.81695639696873,0.10787563131313131,-5.4421241957797175,0.9695,H1 FRキャリー(横断),taker,6,1.0,3.0,
"H1 FRキャリー(横断) {'lookback': 1, 'top_n': 3} hold=6",test,2063,-1.9420080394603871,-0.3924442973372651,1.5495637421231216,-3.6664236531533114,-0.7423858229345883,-170.1199042567299,-41.13625771604203,0.1662627241880756,-2.360386546375446,0.97025,H1 FRキャリー(横断),taker,6,1.0,3.0,
"H1 FRキャリー(横断) {'lookback': 1, 'top_n': 3} hold=6",full,5279,-1.6118654133400911,-0.38354723439205846,1.2283181789480329,-3.2650256310609795,-0.7775822034187825,-141.19941020859198,-86.23487009369028,0.13185893793016354,-2.90876932889598,0.99275,H1 FRキャリー(横断),taker,6,1.0,3.0,
"H1 FRキャリー(横断) {'lookback': 1, 'top_n': 3} hold=6",train,3168,-1.1723919225297934,-0.587072583304204,0.5853193392255892,-2.5224751421021376,-1.2622646327784925,-102.70153241360988,-40.40028973030195,0.10787563131313131,-5.4421241957797175,0.91125,H1 FRキャリー(横断),half-maker,6,1.0,3.0,
"H1 FRキャリー(横断) {'lookback': 1, 'top_n': 3} hold=6",test,2063,-1.2919232115398827,-0.3924442973372651,0.8994789142026174,-2.4428771047251243,-0.7423858229345883,-113.17247333089371,-28.88250771604202,0.1662627241880756,-2.360386546375446,0.91125,H1 FRキャリー(横断),half-maker,6,1.0,3.0,
"H1 FRキャリー(横断) {'lookback': 1, 'top_n': 3} hold=6",full,5279,-1.0966005273136976,-0.38354723439205846,0.7130532929216391,-2.2234763897019634,-0.7775822034187825,-96.06220619267992,-59.22070342702388,0.13185893793016354,-2.90876932889598,0.95725,H1 FRキャリー(横断),half-maker,6,1.0,3.0,
"H1 FRキャリー(横断) {'lookback': 1, 'top_n': 3} hold=6",train,3168,-0.748886030273901,-0.587072583304204,0.161813446969697,-1.6107047925466802,-1.2622646327784925,-65.60241625199372,-37.0610208600514,0.10787563131313131,-5.4421241957797175,0.8015,H1 FRキャリー(横断),maker-only(理論上限),6,1.0,3.0,
"H1 FRキャリー(横断) {'lookback': 1, 'top_n': 3} hold=6",test,2063,-0.6418383836193783,-0.3924442973372651,0.2493940862821134,-1.214274172969564,-0.7423858229345883,-56.22504240505754,-22.805435898028616,0.1662627241880756,-2.360386546375446,0.7495,H1 FRキャリー(横断),maker-only(理論上限),6,1.0,3.0,
"H1 FRキャリー(横断) {'lookback': 1, 'top_n': 3} hold=6",full,5279,-0.5813356412873038,-0.38354723439205846,0.1977884068952453,-1.178811105590661,-0.7775822034187825,-50.925002176767805,-38.04321483337318,0.13185893793016354,-2.90876932889598,0.82125,H1 FRキャリー(横断),maker-only(理論上限),6,1.0,3.0,
"H1 FRキャリー(横断) {'lookback': 1, 'top_n': 3} hold=12",train,3168,-0.9298815009251638,-0.35306516043694836,0.5768163404882155,-2.0773027278577954,-0.7900568315842503,-81.45761948104435,-34.43758222653525,0.061053240740740734,-5.782906134929354,0.858,H1 FRキャリー(横断),taker,12,1.0,3.0,
"H1 FRキャリー(横断) {'lookback': 1, 'top_n': 3} hold=12",test,2063,-2.1502969481341863,-1.2919797724999964,0.8583171756341896,-4.073458598918623,-2.4512157973404305,-188.36601265655472,-48.136486678864166,0.09193730812732265,-14.052834467491177,0.9855,H1 FRキャリー(横断),taker,12,1.0,3.0,
"H1 FRキャリー(横断) {'lookback': 1, 'top_n': 3} hold=12",full,5279,-1.3131240577067465,-0.6226405381007608,0.690483519605986,-2.7177355186803585,-1.2907817811649984,-115.02966745511098,-74.14965249146731,0.07370398434046851,-8.447854531507172,0.98025,H1 FRキャリー(横断),taker,12,1.0,3.0,
"H1 FRキャリー(横断) {'lookback': 1, 'top_n': 3} hold=12",train,3168,-0.6872632612366116,-0.35306516043694836,0.3341981007996633,-1.5369812135221828,-0.7900568315842503,-60.20426168432718,-29.27866104452026,0.061053240740740734,-5.782906134929354,0.78025,H1 FRキャリー(横断),half-maker,12,1.0,3.0,
"H1 FRキャリー(横断) {'lookback': 1, 'top_n': 3} hold=12",test,2063,-1.7900913414125836,-1.2919797724999964,0.4981115689125868,-3.394855501871876,-2.4512157973404305,-156.81200150774234,-41.62086167886414,0.09193730812732265,-14.052834467491177,0.96925,H1 FRキャリー(横断),half-maker,12,1.0,3.0,
"H1 FRキャリー(横断) {'lookback': 1, 'top_n': 3} hold=12",full,5279,-1.0231602861591051,-0.6226405381007608,0.40051974805834434,-2.1199635014376494,-1.2907817811649984,-89.6288410675376,-59.880277491467496,0.07370398434046851,-8.447854531507172,0.9495,H1 FRキャリー(横断),half-maker,12,1.0,3.0,
"H1 FRキャリー(横断) {'lookback': 1, 'top_n': 3} hold=12",train,3168,-0.44464502154805935,-0.35306516043694836,0.09157986111111112,-0.9949132188608822,-0.7900568315842503,-38.950903887609996,-28.09159309990548,0.061053240740740734,-5.782906134929354,0.6805,H1 FRキャリー(横断),maker-only(理論上限),12,1.0,3.0,
"H1 FRキャリー(横断) {'lookback': 1, 'top_n': 3} hold=12",test,2063,-1.4298857346909806,-1.2919797724999964,0.13790596219098397,-2.7129236422628384,-2.4512157973404305,-125.2579903589299,-35.1052366788642,0.09193730812732265,-14.052834467491177,0.934,H1 FRキャリー(横断),maker-only(理論上限),12,1.0,3.0,
"H1 FRキャリー(横断) {'lookback': 1, 'top_n': 3} hold=12",full,5279,-0.7331965146114635,-0.6226405381007608,0.11055597651070277,-1.5199213139810384,-1.2907817811649984,-64.22801467996419,-45.61090249146752,0.07370398434046851,-8.447854531507172,0.88175,H1 FRキャリー(横断),maker-only(理論上限),12,1.0,3.0,
"H1 FRキャリー(横断) {'lookback': 1, 'top_n': 3} hold=24",train,3168,-0.7275228492835629,-0.416167104334068,0.31135574494949486,-1.6041666899332467,-0.9193108320856648,-63.73100159724011,-32.393509320928366,0.032354797979797977,-12.862608649076366,0.812,H1 FRキャリー(横断),taker,24,1.0,3.0,
"H1 FRキャリー(横断) {'lookback': 1, 'top_n': 3} hold=24",test,2063,-0.0024310685037655915,0.47935112571177796,0.48178219421554364,-0.0046204429859173545,0.9120517639586643,-0.21296160092986582,-18.877116668058402,0.050735175311035705,9.44810228353565,0.50375,H1 FRキャリー(横断),taker,24,1.0,3.0,
"H1 FRキャリー(横断) {'lookback': 1, 'top_n': 3} hold=24",full,5279,-0.42125151545390305,-0.041026409688922245,0.3802251057649807,-0.8683748419768783,-0.08468172294390211,-36.90163275376191,-32.393509320928366,0.039874976321272966,-1.0288760890632807,0.74175,H1 FRキャリー(横断),taker,24,1.0,3.0,
"H1 FRキャリー(横断) {'lookback': 1, 'top_n': 3} hold=24",train,3168,-0.5961110752936638,-0.416167104334068,0.17994397095959594,-1.3156933004809666,-0.9193108320856648,-52.21933019572494,-31.597884320928397,0.032354797979797977,-12.862608649076366,0.76975,H1 FRキャリー(横断),half-maker,24,1.0,3.0,
"H1 FRキャリー(横断) {'lookback': 1, 'top_n': 3} hold=24",test,2063,0.2004086471207296,0.47935112571177796,0.2789424785910486,0.38118522610785416,0.9120517639586643,17.555797487775912,-16.95253333472508,0.050735175311035705,9.44810228353565,0.4245,H1 FRキャリー(横断),half-maker,24,1.0,3.0,
"H1 FRキャリー(横断) {'lookback': 1, 'top_n': 3} hold=24",full,5279,-0.2610451948123673,-0.041026409688922245,0.22001878512344508,-0.5385530321423786,-0.08468172294390211,-22.867559065563377,-31.597884320928397,0.039874976321272966,-1.0288760890632807,0.658,H1 FRキャリー(横断),half-maker,24,1.0,3.0,
"H1 FRキャリー(横断) {'lookback': 1, 'top_n': 3} hold=24",train,3168,-0.4646993013037651,-0.416167104334068,0.04853219696969697,-1.0263241405561614,-0.9193108320856648,-40.70765879420982,-30.802259320928393,0.032354797979797977,-12.862608649076366,0.7235,H1 FRキャリー(横断),maker-only(理論上限),24,1.0,3.0,
"H1 FRキャリー(横断) {'lookback': 1, 'top_n': 3} hold=24",test,2063,0.4032483627452245,0.47935112571177796,0.07610276296655355,0.7672409639454402,0.9120517639586643,35.32455657648167,-15.027950001391735,0.050735175311035705,9.44810228353565,0.34,H1 FRキャリー(横断),maker-only(理論上限),24,1.0,3.0,
"H1 FRキャリー(横断) {'lookback': 1, 'top_n': 3} hold=24",full,5279,-0.10083887417083176,-0.041026409688922245,0.05981246448190945,-0.2081243189428489,-0.08468172294390211,-8.833485377364863,-30.802259320928393,0.039874976321272966,-1.0288760890632807,0.561,H1 FRキャリー(横断),maker-only(理論上限),24,1.0,3.0,
"H1 FRキャリー(横断) {'lookback': 1, 'top_n': 5} hold=1",train,3168,-2.9825203704807453,0.3335487094555223,3.3160690799362675,-6.197666857015588,0.6928474001687102,-261.2687844541133,-97.34689529131138,0.3636858415504249,0.9171341618182733,1.0,H1 FRキャリー(横断),taker,1,1.0,5.0,
"H1 FRキャリー(横断) {'lookback': 1, 'top_n': 5} hold=1",test,2063,-3.5536594143698457,1.5340829511173093,5.087742365487153,-7.038270425110701,3.04472587950929,-311.3005646987985,-74.03814865568867,0.5596623040878979,2.741086794504519,0.999,H1 FRキャリー(横断),taker,1,1.0,5.0,
"H1 FRキャリー(横断) {'lookback': 1, 'top_n': 5} hold=1",full,5279,-3.1635109634836702,0.8639024062021474,4.027413369685817,-6.454211436132297,1.7634217159784653,-277.1235604011695,-168.54598356163365,0.4429671173893565,1.9502630608194782,1.0,H1 FRキャリー(横断),taker,1,1.0,5.0,
"H1 FRキャリー(横断) {'lookback': 1, 'top_n': 5} hold=1",train,3168,-1.5972502116754304,0.3335487094555223,1.9307989211309526,-3.3201064589433744,0.6928474001687102,-139.91911854276768,-53.71278666035872,0.3636858415504249,0.9171341618182733,0.98875,H1 FRキャリー(横断),half-maker,1,1.0,5.0,
"H1 FRキャリー(横断) {'lookback': 1, 'top_n': 5} hold=1",test,2063,-1.4295349596921914,1.5340829511173093,2.9636179108095,-2.835199211240232,3.04472587950929,-125.22726246903598,-32.29696699354469,0.5596623040878979,2.741086794504519,0.88325,H1 FRキャリー(横断),half-maker,1,1.0,5.0,
"H1 FRキャリー(横断) {'lookback': 1, 'top_n': 5} hold=1",full,5279,-1.4820296166827787,0.8639024062021474,2.345932022884926,-3.025879139698119,1.7634217159784653,-129.8257944214114,-81.67540160187023,0.4429671173893565,1.9502630608194782,0.993,H1 FRキャリー(横断),half-maker,1,1.0,5.0,
"H1 FRキャリー(横断) {'lookback': 1, 'top_n': 5} hold=1",train,3168,-0.211980052870115,0.3335487094555223,0.5455287623256372,-0.4404269769280885,0.6928474001687102,-18.569452631422074,-23.905426453126523,0.3636858415504249,0.9171341618182733,0.606,H1 FRキャリー(横断),maker-only(理論上限),1,1.0,5.0,
"H1 FRキャリー(横断) {'lookback': 1, 'top_n': 5} hold=1",test,2063,0.6945894949854624,1.5340829511173093,0.8394934561318468,1.37854381662012,3.04472587950929,60.84603976072651,-20.85830348822395,0.5596623040878979,2.741086794504519,0.2675,H1 FRキャリー(横断),maker-only(理論上限),1,1.0,5.0,
"H1 FRキャリー(横断) {'lookback': 1, 'top_n': 5} hold=1",full,5279,0.19945173011811274,0.8639024062021474,0.6644506760840346,0.40720066874180894,1.7634217159784653,17.471971558346677,-23.905426453126523,0.4429671173893565,1.9502630608194782,0.383,H1 FRキャリー(横断),maker-only(理論上限),1,1.0,5.0,
"H1 FRキャリー(横断) {'lookback': 1, 'top_n': 5} hold=2",train,3168,-1.4508939178265943,0.7536880188516968,2.2045819366782906,-3.322484409204077,1.7207099152490475,-127.09830720160966,-49.552330891539434,0.2415708423520924,3.1199461471148386,0.97275,H1 FRキャリー(横断),taker,2,1.0,5.0,
"H1 FRキャリー(横断) {'lookback': 1, 'top_n': 5} hold=2",test,2063,-1.2554512515666538,2.0330222498067503,3.2884735013734048,-2.4758265114767393,4.017862945168886,-109.97752963723887,-28.920493483214436,0.36239295524317344,5.609993848921674,0.888,H1 FRキャリー(横断),taker,2,1.0,5.0,
"H1 FRキャリー(横断) {'lookback': 1, 'top_n': 5} hold=2",full,5279,-1.368363841033784,1.2711210188633226,2.639484859897107,-2.938003441852552,2.7271987139104668,-119.86867247455947,-75.05774746346339,0.29045521788939105,4.376306365229015,0.991,H1 FRキャリー(横断),taker,2,1.0,5.0,
"H1 FRキャリー(横断) {'lookback': 1, 'top_n': 5} hold=2",train,3168,-0.5297810812515177,0.7536880188516968,1.2834691001032148,-1.2126621436143137,1.7207099152490475,-46.40882271763295,-33.363024632235,0.2415708423520924,3.1199461471148386,0.77275,H1 FRキャリー(横断),half-maker,2,1.0,5.0,
"H1 FRキャリー(横断) {'lookback': 1, 'top_n': 5} hold=2",test,2063,0.11699078268766837,2.0330222498067503,1.9160314671190821,0.23112080719294953,4.017862945168886,10.248392563439749,-19.37445022993131,0.36239295524317344,5.609993848921674,0.449,H1 FRキャリー(横断),half-maker,2,1.0,5.0,
"H1 FRキャリー(横断) {'lookback': 1, 'top_n': 5} hold=2",full,5279,-0.2664628245022739,1.2711210188633226,1.5375838433655966,-0.5724441327116089,2.7271987139104668,-23.342143426399193,-34.73067106041684,0.29045521788939105,4.376306365229015,0.6775,H1 FRキャリー(横断),half-maker,2,1.0,5.0,
"H1 FRキャリー(横断) {'lookback': 1, 'top_n': 5} hold=2",train,3168,0.3913317553235581,0.7536880188516968,0.36235626352813854,0.8943302554161712,1.7207099152490475,34.28066176634369,-27.446370411229832,0.2415708423520924,3.1199461471148386,0.2925,H1 FRキャリー(横断),maker-only(理論上限),2,1.0,5.0,
"H1 FRキャリー(横断) {'lookback': 1, 'top_n': 5} hold=2",test,2063,1.4894328169419904,2.0330222498067503,0.5435894328647599,2.9440406273839534,4.017862945168886,130.47431476411836,-13.36928356326464,0.36239295524317344,5.609993848921674,0.08175,H1 FRキャリー(横断),maker-only(理論上限),2,1.0,5.0,
"H1 FRキャリー(横断) {'lookback': 1, 'top_n': 5} hold=2",full,5279,0.8354381920292361,1.2711210188633226,0.43568282683408655,1.7935992959595433,2.7271987139104668,73.18438562176108,-27.446370411229832,0.29045521788939105,4.376306365229015,0.09,H1 FRキャリー(横断),maker-only(理論上限),2,1.0,5.0,
"H1 FRキャリー(横断) {'lookback': 1, 'top_n': 5} hold=3",train,3168,-2.011111384457541,-0.32646698034699106,1.68464440411055,-4.209960124210833,-0.683941336098967,-176.1733572784806,-67.66897399839783,0.18373491863075195,-1.7768368842456377,0.99875,H1 FRキャリー(横断),taker,3,1.0,5.0,
"H1 FRキャリー(横断) {'lookback': 1, 'top_n': 5} hold=3",test,2063,-1.172769543125798,1.326050944836716,2.498820487962514,-2.4236080776190336,2.7526704979516934,-102.7346119778199,-28.486472687617947,0.27310550977540804,4.855452919742307,0.86775,H1 FRキャリー(横断),taker,3,1.0,5.0,
"H1 FRキャリー(横断) {'lookback': 1, 'top_n': 5} hold=3",full,5279,-1.6907856949881923,0.3213345245399171,2.0121202195281094,-3.5223554789347906,0.6709368475485239,-148.11282688096563,-94.41323493865642,0.2199637978573383,1.4608518659435252,0.99825,H1 FRキャリー(横断),taker,3,1.0,5.0,
"H1 FRキャリー(横断) {'lookback': 1, 'top_n': 5} hold=3",train,3168,-1.30659037137533,-0.32646698034699106,0.9801233910283389,-2.7377725266915136,-0.683941336098967,-114.4573165324789,-47.843527404707515,0.18373491863075195,-1.7768368842456377,0.97,H1 FRキャリー(横断),half-maker,3,1.0,5.0,
"H1 FRキャリー(横断) {'lookback': 1, 'top_n': 5} hold=3",test,2063,-0.12818843147609665,1.326050944836716,1.4542393763128132,-0.2656601877456175,2.7526704979516934,-11.229306597306065,-21.00600364433747,0.27310550977540804,4.855452919742307,0.54025,H1 FRキャリー(横断),half-maker,3,1.0,5.0,
"H1 FRキャリー(横断) {'lookback': 1, 'top_n': 5} hold=3",full,5279,-0.8496984336171411,0.3213345245399171,1.1710329581570584,-1.7731896897655468,0.6709368475485239,-74.43358278486156,-62.393623534264584,0.2199637978573383,1.4608518659435252,0.926,H1 FRキャリー(横断),half-maker,3,1.0,5.0,
"H1 FRキャリー(横断) {'lookback': 1, 'top_n': 5} hold=3",train,3168,-0.602069358293119,-0.32646698034699106,0.2756023779461279,-1.261593132598448,-0.683941336098967,-52.741275786477225,-33.811426710263056,0.18373491863075195,-1.7768368842456377,0.793,H1 FRキャリー(横断),maker-only(理論上限),3,1.0,5.0,
"H1 FRキャリー(横断) {'lookback': 1, 'top_n': 5} hold=3",test,2063,0.9163926801736043,1.326050944836716,0.4096582646631119,1.9019453250113154,2.7526704979516934,80.27599878320774,-17.767170311004136,0.27310550977540804,4.855452919742307,0.183,H1 FRキャリー(横断),maker-only(理論上限),3,1.0,5.0,
"H1 FRキャリー(横断) {'lookback': 1, 'top_n': 5} hold=3",full,5279,-0.008611172246090142,0.3213345245399171,0.32994569678600744,-0.01798101372850922,0.6709368475485239,-0.7543386887574964,-34.61564783982016,0.2199637978573383,1.4608518659435252,0.508,H1 FRキャリー(横断),maker-only(理論上限),3,1.0,5.0,
"H1 FRキャリー(横断) {'lookback': 1, 'top_n': 5} hold=6",train,3168,-1.3980429238474135,-0.41830741774472,0.9797355061026937,-3.358101018313737,-1.0041849993689622,-122.46856012903342,-46.69576385590319,0.10578440656565656,-3.9543391254465434,0.96,H1 FRキャリー(横断),taker,6,1.0,5.0,
"H1 FRキャリー(横断) {'lookback': 1, 'top_n': 5} hold=6",test,2063,-1.7577326174123389,-0.31759689273953234,1.4401357246728068,-3.58079352365136,-0.6485173184819767,-153.97737728532087,-37.896347822753896,0.15688317983519146,-2.0244164675472125,0.9695,H1 FRキャリー(横断),taker,6,1.0,5.0,
"H1 FRキャリー(横断) {'lookback': 1, 'top_n': 5} hold=6",full,5279,-1.4820046236758178,-0.3172476463442523,1.1647569773315654,-3.310626359246394,-0.7093785009458217,-129.82360503400164,-79.55425632463337,0.12652491002083727,-2.5073927836977323,0.993,H1 FRキャリー(横断),taker,6,1.0,5.0,
"H1 FRキャリー(横断) {'lookback': 1, 'top_n': 5} hold=6",train,3168,-0.9875134757203092,-0.41830741774472,0.5692060579755892,-2.3728317278177125,-1.0041849993689622,-86.50618047309908,-41.13434462328433,0.10578440656565656,-3.9543391254465434,0.8885,H1 FRキャリー(横断),half-maker,6,1.0,5.0,
"H1 FRキャリー(横断) {'lookback': 1, 'top_n': 5} hold=6",test,2063,-1.155327139952329,-0.31759689273953234,0.8377302472127969,-2.3575967944814984,-0.6485173184819767,-101.20665745982403,-27.33157780033622,0.15688317983519146,-2.0244164675472125,0.8995,H1 FRキャリー(横断),half-maker,6,1.0,5.0,
"H1 FRキャリー(横断) {'lookback': 1, 'top_n': 5} hold=6",full,5279,-0.9945198175256631,-0.3172476463442523,0.6772721711814106,-2.2239950083988433,-0.7093785009458217,-87.11993601524809,-54.080947706649354,0.12652491002083727,-2.5073927836977323,0.9555,H1 FRキャリー(横断),half-maker,6,1.0,5.0,
"H1 FRキャリー(横断) {'lookback': 1, 'top_n': 5} hold=6",train,3168,-0.5769840275932049,-0.41830741774472,0.1586766098484848,-1.385661265443727,-1.0041849993689622,-50.543800817164744,-38.35244878995098,0.10578440656565656,-3.9543391254465434,0.753,H1 FRキャリー(横断),maker-only(理論上限),6,1.0,5.0,
"H1 FRキャリー(横断) {'lookback': 1, 'top_n': 5} hold=6",test,2063,-0.5529216624923192,-0.31759689273953234,0.23532476975278716,-1.129059505357981,-0.6485173184819767,-48.43593763432716,-20.562371126418704,0.15688317983519146,-2.0244164675472125,0.7175,H1 FRキャリー(横断),maker-only(理論上限),6,1.0,5.0,
"H1 FRキャリー(横断) {'lookback': 1, 'top_n': 5} hold=6",full,5279,-0.5070350113755084,-0.3172476463442523,0.1897873650312559,-1.133970760856608,-0.7093785009458217,-44.416266996494535,-38.35244878995098,0.12652491002083727,-2.5073927836977323,0.8115,H1 FRキャリー(横断),maker-only(理論上限),6,1.0,5.0,
"H1 FRキャリー(横断) {'lookback': 1, 'top_n': 5} hold=12",train,3168,-0.7069554049667882,-0.14422721157453247,0.562728193392256,-1.7635036863506515,-0.36030445054491234,-61.92929347509065,-29.909502699815672,0.06033775252525253,-2.3903311863359606,0.8245,H1 FRキャリー(横断),taker,12,1.0,5.0,
"H1 FRキャリー(横断) {'lookback': 1, 'top_n': 5} hold=12",test,2063,-2.1122635451850065,-1.2801359801502679,0.8321275650347392,-4.331430097555732,-2.6267139138294784,-185.03428655820656,-47.289228135317124,0.09016804007109387,-14.19722530445302,0.98875,H1 FRキャリー(横断),taker,12,1.0,5.0,
"H1 FRキャリー(横断) {'lookback': 1, 'top_n': 5} hold=12",full,5279,-1.206898855712393,-0.5360777563880261,0.670821099324367,-2.758780746368593,-1.2268249926640376,-105.72433976040563,-68.36226472133865,0.0724695333712193,-7.397284506331943,0.98175,H1 FRキャリー(横断),taker,12,1.0,5.0,
"H1 FRキャリー(横断) {'lookback': 1, 'top_n': 5} hold=12",train,3168,-0.4708446226645998,-0.14422721157453247,0.32661741109006737,-1.1757632690920405,-0.36030445054491234,-41.245988945418944,-28.721315199815667,0.06033775252525253,-2.3903311863359606,0.72575,H1 FRキャリー(横断),half-maker,12,1.0,5.0,
"H1 FRキャリー(横断) {'lookback': 1, 'top_n': 5} hold=12",test,2063,-1.7638257927209575,-1.2801359801502679,0.48368981257069005,-3.6196585112218953,-2.6267139138294784,-154.51113944235587,-41.36029063531712,0.09016804007109387,-14.19722530445302,0.97275,H1 FRキャリー(横断),half-maker,12,1.0,5.0,
"H1 FRキャリー(横断) {'lookback': 1, 'top_n': 5} hold=12",full,5279,-0.925840456078624,-0.5360777563880261,0.38976269969059796,-2.1183535399928823,-1.2268249926640376,-81.10362395248745,-54.53394180467201,0.0724695333712193,-7.397284506331943,0.94875,H1 FRキャリー(横断),half-maker,12,1.0,5.0,
"H1 FRキャリー(横断) {'lookback': 1, 'top_n': 5} hold=12",train,3168,-0.2347338403624113,-0.14422721157453247,0.09050662878787878,-0.5864024646032941,-0.36030445054491234,-20.562684415747228,-27.53312769981567,0.06033775252525253,-2.3903311863359606,0.603,H1 FRキャリー(横断),maker-only(理論上限),12,1.0,5.0,
"H1 FRキャリー(横断) {'lookback': 1, 'top_n': 5} hold=12",test,2063,-1.4153880402569083,-1.2801359801502679,0.1352520601066408,-2.9047225459811914,-2.6267139138294784,-123.98799232650516,-35.43135313531715,0.09016804007109387,-14.19722530445302,0.93675,H1 FRキャリー(横断),maker-only(理論上限),12,1.0,5.0,
"H1 FRキャリー(横断) {'lookback': 1, 'top_n': 5} hold=12",full,5279,-0.6447820564448551,-0.5360777563880261,0.10870430005682893,-1.475688460810392,-1.2268249926640376,-56.4829081445693,-44.025576795059415,0.0724695333712193,-7.397284506331943,0.87925,H1 FRキャリー(横断),maker-only(理論上限),12,1.0,5.0,
"H1 FRキャリー(横断) {'lookback': 1, 'top_n': 5} hold=24",train,3168,-0.5601422953553554,-0.2613115398839751,0.2988307554713805,-1.3826604158786449,-0.6459190442681266,-49.06846507312914,-30.563082411477833,0.031518308080808084,-8.290785762167582,0.779,H1 FRキャリー(横断),taker,24,1.0,5.0,
"H1 FRキャリー(横断) {'lookback': 1, 'top_n': 5} hold=24",test,2063,0.24638172579253442,0.7202890613879455,0.47390733559541126,0.503710342592417,1.4730414375637253,21.583039179426017,-17.802797086070512,0.05028275973501374,14.324771853888155,0.3825,H1 FRキャリー(横断),taker,24,1.0,5.0,
"H1 FRキャリー(横断) {'lookback': 1, 'top_n': 5} hold=24",full,5279,-0.2495978220816014,0.11913047241861957,0.36872829450022104,-0.5669889818973708,0.2708257403847602,-21.864769214348282,-30.563082411477833,0.03909515691103113,3.0471925893461655,0.67125,H1 FRキャリー(横断),taker,24,1.0,5.0,
"H1 FRキャリー(横断) {'lookback': 1, 'top_n': 5} hold=24",train,3168,-0.43436564868027133,-0.2613115398839751,0.17305410879629632,-1.0730651409050083,-0.6459190442681266,-38.05043082439177,-29.87170741147784,0.031518308080808084,-8.290785762167582,0.7295,H1 FRキャリー(横断),half-maker,24,1.0,5.0,
"H1 FRキャリー(横断) {'lookback': 1, 'top_n': 5} hold=24",test,2063,0.4456233237889796,0.7202890613879455,0.2746657375989659,0.9114604935540798,1.4730414375637253,39.03660316391461,-15.958422086070511,0.05028275973501374,14.324771853888155,0.3045,H1 FRキャリー(横断),half-maker,24,1.0,5.0,
"H1 FRキャリー(横断) {'lookback': 1, 'top_n': 5} hold=24",full,5279,-0.09455504251476442,0.11913047241861957,0.21368551493338386,-0.21492120001861242,0.2708257403847602,-8.283021724293363,-29.87170741147784,0.03909515691103113,3.0471925893461655,0.569,H1 FRキャリー(横断),half-maker,24,1.0,5.0,
"H1 FRキャリー(横断) {'lookback': 1, 'top_n': 5} hold=24",train,3168,-0.30858900200518724,-0.2613115398839751,0.04727746212121212,-0.7626894301850305,-0.6459190442681266,-27.0323965756544,-29.18033241147784,0.031518308080808084,-8.290785762167582,0.673,H1 FRキャリー(横断),maker-only(理論上限),24,1.0,5.0,
"H1 FRキャリー(横断) {'lookback': 1, 'top_n': 5} hold=24",test,2063,0.6448649217854249,0.7202890613879455,0.0754241396025206,1.3189483679153222,1.4730414375637253,56.49016714840322,-14.11404708607053,0.05028275973501374,14.324771853888155,0.23425,H1 FRキャリー(横断),maker-only(理論上限),24,1.0,5.0,
"H1 FRキャリー(横断) {'lookback': 1, 'top_n': 5} hold=24",full,5279,0.06048773705207288,0.11913047241861957,0.05864273536654669,0.1375118395290857,0.2708257403847602,5.298725765761584,-29.18033241147784,0.03909515691103113,3.0471925893461655,0.45975,H1 FRキャリー(横断),maker-only(理論上限),24,1.0,5.0,
"H1 FRキャリー(横断) {'lookback': 8, 'top_n': 3} hold=1",train,3168,-0.5934462331207946,0.7810644992024379,1.3745107323232322,-1.2181695372196517,1.604821842571205,-51.9858900213816,-32.549894410173295,0.14646464646464646,5.332785201451127,0.756,H1 FRキャリー(横断),taker,1,8.0,3.0,
"H1 FRキャリー(横断) {'lookback': 8, 'top_n': 3} hold=1",test,2063,-1.4972399982575102,0.29939516089582624,1.7966351591533365,-3.015749417341621,0.6036977494696287,-131.1582238473579,-35.06518670324799,0.1932218452092422,1.5494891924440932,0.92575,H1 FRキャリー(横断),taker,1,8.0,3.0,
"H1 FRキャリー(横断) {'lookback': 8, 'top_n': 3} hold=1",full,5279,-0.8193029733607735,0.7258744592337831,1.545177432594557,-1.6583403065271185,1.4707259005217717,-71.77094046640376,-47.55742417177716,0.16558375955041987,4.3837297885047475,0.911,H1 FRキャリー(横断),taker,1,8.0,3.0,
"H1 FRキャリー(横断) {'lookback': 8, 'top_n': 3} hold=1",train,3168,-0.01603935180766341,0.7810644992024379,0.7971038510101008,-0.032944964000777566,1.604821842571205,-1.4050472183513147,-28.625311076839953,0.14646464646464646,5.332785201451127,0.47175,H1 FRキャリー(横断),half-maker,1,8.0,3.0,
"H1 FRキャリー(横断) {'lookback': 8, 'top_n': 3} hold=1",test,2063,-0.7438388025877738,0.29939516089582624,1.0432339634836,-1.4993152158149787,0.6036977494696287,-65.16027910668898,-29.865108331000894,0.1932218452092422,1.5494891924440932,0.7555,H1 FRキャリー(横断),half-maker,1,8.0,3.0,
"H1 FRキャリー(横断) {'lookback': 8, 'top_n': 3} hold=1",full,5279,-0.1709020767263101,0.7258744592337831,0.8967765359600934,-0.34615290315218566,1.4707259005217717,-14.971021921224766,-29.86510833100089,0.16558375955041987,4.3837297885047475,0.6045,H1 FRキャリー(横断),half-maker,1,8.0,3.0,
"H1 FRキャリー(横断) {'lookback': 8, 'top_n': 3} hold=1",train,3168,0.5613675295054681,0.7810644992024379,0.2196969696969697,1.1533555194886274,1.604821842571205,49.17579558467901,-24.700727743506633,0.14646464646464646,5.332785201451127,0.202,H1 FRキャリー(横断),maker-only(理論上限),1,8.0,3.0,
"H1 FRキャリー(横断) {'lookback': 8, 'top_n': 3} hold=1",test,2063,0.0095623930819631,0.29939516089582624,0.2898327678138633,0.019280945273666625,0.6036977494696287,0.8376656339799676,-26.017316664334224,0.1932218452092422,1.5494891924440932,0.47275,H1 FRキャリー(横断),maker-only(理論上限),1,8.0,3.0,
"H1 FRキャリー(横断) {'lookback': 8, 'top_n': 3} hold=1",full,5279,0.4774988199081535,0.7258744592337831,0.24837563932562987,0.9674376857769146,1.4707259005217717,41.82889662395425,-26.017316664334246,0.16558375955041987,4.3837297885047475,0.21625,H1 FRキャリー(横断),maker-only(理論上限),1,8.0,3.0,
"H1 FRキャリー(横断) {'lookback': 8, 'top_n': 3} hold=2",train,3168,-0.14526725592129852,1.0529203492975565,1.1981876052188551,-0.3010464781176483,2.1796306324440615,-12.72541161870575,-25.66743765071793,0.12810921717171717,8.218927353886063,0.54775,H1 FRキャリー(横断),taker,2,8.0,3.0,
"H1 FRキャリー(横断) {'lookback': 8, 'top_n': 3} hold=2",test,2063,-1.3440574037272348,0.24462816744742996,1.5886855711746644,-2.7167477133429294,0.49507559303379217,-117.73942856650577,-32.05751680452515,0.17171594764905476,1.4246094832577216,0.9125,H1 FRキャリー(横断),taker,2,8.0,3.0,
"H1 FRキャリー(横断) {'lookback': 8, 'top_n': 3} hold=2",full,5279,-0.4979801649075278,0.8573554415836004,1.3553356064911282,-1.015478794304362,1.7480287844910047,-43.623062445899436,-35.287587962054424,0.14584832986045335,5.87840424641072,0.80725,H1 FRキャリー(横断),taker,2,8.0,3.0,
"H1 FRキャリー(横断) {'lookback': 8, 'top_n': 3} hold=2",train,3168,0.3577446338093413,1.0529203492975565,0.6951757154882154,0.741280175974562,2.1796306324440615,31.338429921698296,-23.016312650717932,0.12810921717171717,8.218927353886063,0.2835,H1 FRキャリー(横断),half-maker,2,8.0,3.0,
"H1 FRキャリー(横断) {'lookback': 8, 'top_n': 3} hold=2",test,2063,-0.6785015788766933,0.24462816744742996,0.9231297463241235,-1.3726424518548799,0.49507559303379217,-59.436738309598326,-28.64980847119181,0.17171594764905476,1.4246094832577216,0.751,H1 FRキャリー(横断),half-maker,2,8.0,3.0,
"H1 FRキャリー(横断) {'lookback': 8, 'top_n': 3} hold=2",full,5279,0.07030139094269616,0.8573554415836004,0.7870540506409043,0.14339676398680293,1.7480287844910047,6.158401846580184,-28.64980847119183,0.14584832986045335,5.87840424641072,0.448,H1 FRキャリー(横断),half-maker,2,8.0,3.0,
"H1 FRキャリー(横断) {'lookback': 8, 'top_n': 3} hold=2",train,3168,0.860756523539981,1.0529203492975565,0.19216382575757576,1.78254493173865,2.1796306324440615,75.40227146210233,-20.365187650717935,0.12810921717171717,8.218927353886063,0.10675,H1 FRキャリー(横断),maker-only(理論上限),2,8.0,3.0,
"H1 FRキャリー(横断) {'lookback': 8, 'top_n': 3} hold=2",test,2063,-0.012945754026152181,0.24462816744742996,0.25757392147358216,-0.02619926871927101,0.49507559303379217,-1.1340480526909311,-25.242100137858497,0.17171594764905476,1.4246094832577216,0.48425,H1 FRキャリー(横断),maker-only(理論上限),2,8.0,3.0,
"H1 FRキャリー(横断) {'lookback': 8, 'top_n': 3} hold=2",full,5279,0.6385829467929202,0.8573554415836004,0.21877249479068003,1.3022870773371926,1.7480287844910047,55.939866139059816,-25.242100137858454,0.14584832986045335,5.87840424641072,0.1365,H1 FRキャリー(横断),maker-only(理論上限),2,8.0,3.0,
"H1 FRキャリー(横断) {'lookback': 8, 'top_n': 3} hold=3",train,3168,-0.45804479562295475,0.6385750486531394,1.0966198442760942,-0.9264515039023804,1.2952328316017003,-40.124724096570844,-29.345993205723207,0.11749789562289562,5.4347785998024865,0.69525,H1 FRキャリー(横断),taker,3,8.0,3.0,
"H1 FRキャリー(横断) {'lookback': 8, 'top_n': 3} hold=3",test,2063,-1.1065720891828903,0.30489179835952374,1.4114638875424137,-2.2442168746752027,0.6177350511403342,-96.9357150124212,-26.811759588175114,0.15253675876555176,1.998808686030499,0.85125,H1 FRキャリー(横断),taker,3,8.0,3.0,
"H1 FRキャリー(横断) {'lookback': 8, 'top_n': 3} hold=3",full,5279,-0.6092696334802963,0.6151462912529234,1.2244159247332196,-1.226589156048413,1.2400220944360558,-53.37201989287394,-37.22557046749339,0.1318905095662057,4.664067894469203,0.83725,H1 FRキャリー(横断),taker,3,8.0,3.0,
"H1 FRキャリー(横断) {'lookback': 8, 'top_n': 3} hold=3",train,3168,0.0021417047979203825,0.6385750486531394,0.6364333438552189,0.004338333944693956,1.2952328316017003,0.1876133402978255,-26.36683431759178,0.11749789562289562,5.4347785998024865,0.463,H1 FRキャリー(横断),half-maker,3,8.0,3.0,
"H1 FRキャリー(横断) {'lookback': 8, 'top_n': 3} hold=3",test,2063,-0.5152427144858471,0.30489179835952374,0.8201345128453708,-1.0449548586794326,0.6177350511403342,-45.13526178896021,-23.0936437258917,0.15253675876555176,1.998808686030499,0.68375,H1 FRキャリー(横断),half-maker,3,8.0,3.0,
"H1 FRキャリー(横断) {'lookback': 8, 'top_n': 3} hold=3",full,5279,-0.09597955328834061,0.6151462912529234,0.711125844541264,-0.19340039100340167,1.2400220944360558,-8.407808868058638,-26.36683431759178,0.1318905095662057,4.664067894469203,0.56625,H1 FRキャリー(横断),half-maker,3,8.0,3.0,
"H1 FRキャリー(横断) {'lookback': 8, 'top_n': 3} hold=3",train,3168,0.46232820521879586,0.6385750486531394,0.17624684343434344,0.9374773989901167,1.2952328316017003,40.49995077716652,-23.925000984258457,0.11749789562289562,5.4347785998024865,0.23175,H1 FRキャリー(横断),maker-only(理論上限),3,8.0,3.0,
"H1 FRキャリー(横断) {'lookback': 8, 'top_n': 3} hold=3",test,2063,0.07608666021119591,0.30489179835952374,0.22880513814832765,0.15422095690013904,0.6177350511403342,6.665191434500761,-19.762393725891698,0.15253675876555176,1.998808686030499,0.47025,H1 FRキャリー(横断),maker-only(理論上限),3,8.0,3.0,
"H1 FRキャリー(横断) {'lookback': 8, 'top_n': 3} hold=3",full,5279,0.41731052690361486,0.6151462912529234,0.19783576434930855,0.8412144333954885,1.2400220944360558,36.55640215675666,-23.925000984258457,0.1318905095662057,4.664067894469203,0.245,H1 FRキャリー(横断),maker-only(理論上限),3,8.0,3.0,
"H1 FRキャリー(横断) {'lookback': 8, 'top_n': 3} hold=6",train,3168,0.12928138940421266,0.9843700362897341,0.8550886468855219,0.2720042444969954,2.071263693234485,11.325049711809028,-24.381353677191008,0.09189288720538721,10.712146132590178,0.39225,H1 FRキャリー(横断),taker,6,8.0,3.0,
"H1 FRキャリー(横断) {'lookback': 8, 'top_n': 3} hold=6",test,2063,-2.017322424478187,-0.8578257368065112,1.1594966876716755,-3.950474555976563,-1.6794950112814007,-176.71744438428917,-42.748126379305326,0.1253029568589433,-6.8460135204326225,0.97975,H1 FRキャリー(横断),taker,6,8.0,3.0,
"H1 FRキャリー(横断) {'lookback': 8, 'top_n': 3} hold=6",full,5279,-0.5703526888787507,0.4081083517223731,0.9784610406011237,-1.157978142156304,0.8285907455316155,-49.962895545778565,-46.27135153309963,0.10556607943423628,3.8659042176195366,0.83925,H1 FRキャリー(横断),taker,6,8.0,3.0,
"H1 FRキャリー(横断) {'lookback': 8, 'top_n': 3} hold=6",train,3168,0.4879060474429329,0.9843700362897341,0.4964639888468013,1.026978440233621,2.071263693234485,42.74056975600092,-21.65904117719101,0.09189288720538721,10.712146132590178,0.2235,H1 FRキャリー(横断),half-maker,6,8.0,3.0,
"H1 FRキャリー(横断) {'lookback': 8, 'top_n': 3} hold=6",test,2063,-1.531551298286556,-0.8578257368065112,0.6737255614800453,-3.0003784316495534,-1.6794950112814007,-134.1638937299023,-32.99041804597196,0.1253029568589433,-6.8460135204326225,0.9395,H1 FRキャリー(横断),half-maker,6,8.0,3.0,
"H1 FRキャリー(横断) {'lookback': 8, 'top_n': 3} hold=6",full,5279,-0.16029672815386609,0.4081083517223731,0.5684050798762391,-0.3255898691037408,0.8285907455316155,-14.041993386278667,-34.27489319976626,0.10556607943423628,3.8659042176195366,0.625,H1 FRキャリー(横断),half-maker,6,8.0,3.0,
"H1 FRキャリー(横断) {'lookback': 8, 'top_n': 3} hold=6",train,3168,0.8465307054816533,0.9843700362897341,0.1378393308080808,1.78157698719612,2.071263693234485,74.15608980019283,-18.936728677191024,0.09189288720538721,10.712146132590178,0.1115,H1 FRキャリー(横断),maker-only(理論上限),6,8.0,3.0,
"H1 FRキャリー(横断) {'lookback': 8, 'top_n': 3} hold=6",test,2063,-1.045780172094926,-0.8578257368065112,0.18795443528841493,-2.048148639452748,-1.6794950112814007,-91.61034307551552,-27.52461838641167,0.1253029568589433,-6.8460135204326225,0.8625,H1 FRキャリー(横断),maker-only(理論上限),6,8.0,3.0,
"H1 FRキャリー(横断) {'lookback': 8, 'top_n': 3} hold=6",full,5279,0.24975923257101862,0.4081083517223731,0.15834911915135438,0.5072134326681496,0.8285907455316155,21.87890877322123,-27.72206580180635,0.10556607943423628,3.8659042176195366,0.34025,H1 FRキャリー(横断),maker-only(理論上限),6,8.0,3.0,
"H1 FRキャリー(横断) {'lookback': 8, 'top_n': 3} hold=12",train,3168,-0.5014773023684463,0.09601980411303476,0.5974971064814815,-1.0770688206444234,0.20653099300509659,-43.929411687475906,-33.021587487202574,0.06369949494949495,1.5073872122403078,0.72375,H1 FRキャリー(横断),taker,12,8.0,3.0,
"H1 FRキャリー(横断) {'lookback': 8, 'top_n': 3} hold=12",test,2063,-1.7570002239272295,-0.9840966853911169,0.7729035385361124,-3.557185949502575,-1.992262313871065,-153.91321961602532,-39.90282105650267,0.08410082404265633,-11.701391711595816,0.97275,H1 FRキャリー(横断),taker,12,8.0,3.0,
"H1 FRキャリー(横断) {'lookback': 8, 'top_n': 3} hold=12",full,5279,-0.8933636488743708,-0.22455879315674762,0.6688048557176234,-1.859048539372219,-0.4676474081460365,-78.25865564139488,-63.53664512338278,0.07210330239313001,-3.1144037194355128,0.9405,H1 FRキャリー(横断),taker,12,8.0,3.0,
"H1 FRキャリー(横断) {'lookback': 8, 'top_n': 3} hold=12",train,3168,-0.25050337033982706,0.09601980411303476,0.34652317445286196,-0.5385660264048975,0.20653099300509659,-21.94409524176885,-27.898879153869228,0.06369949494949495,1.5073872122403078,0.599,H1 FRキャリー(横断),half-maker,12,8.0,3.0,
"H1 FRキャリー(横断) {'lookback': 8, 'top_n': 3} hold=12",test,2063,-1.4336240726911653,-0.9840966853911169,0.4495273873000485,-2.9037138180095137,-1.992262313871065,-125.58546876774608,-33.839487723169334,0.08410082404265633,-11.701391711595816,0.93975,H1 FRキャリー(横断),half-maker,12,8.0,3.0,
"H1 FRキャリー(横断) {'lookback': 8, 'top_n': 3} hold=12",full,5279,-0.6130386978104065,-0.22455879315674762,0.38847990465365917,-1.2766293828456128,-0.4676474081460365,-53.702189928191615,-52.12893679004949,0.07210330239313001,-3.1144037194355128,0.85975,H1 FRキャリー(横断),half-maker,12,8.0,3.0,
"H1 FRキャリー(横断) {'lookback': 8, 'top_n': 3} hold=12",train,3168,0.0004705616887924491,0.09601980411303476,0.09554924242424243,0.0010121230474841394,0.20653099300509659,0.04122120393821854,-22.776170820535878,0.06369949494949495,1.5073872122403078,0.465,H1 FRキャリー(横断),maker-only(理論上限),12,8.0,3.0,
"H1 FRキャリー(横断) {'lookback': 8, 'top_n': 3} hold=12",test,2063,-1.1102479214551013,-0.9840966853911169,0.12615123606398448,-2.248278586858356,-1.992262313871065,-97.25771791946687,-27.809071115870104,0.08410082404265633,-11.701391711595816,0.88475,H1 FRキャリー(横断),maker-only(理論上限),12,8.0,3.0,
"H1 FRキャリー(横断) {'lookback': 8, 'top_n': 3} hold=12",full,5279,-0.3327137467464426,-0.22455879315674762,0.10815495358969501,-0.6929634652882721,-0.4676474081460365,-29.145724214988373,-40.72122845671613,0.07210330239313001,-3.1144037194355128,0.71925,H1 FRキャリー(横断),maker-only(理論上限),12,8.0,3.0,
"H1 FRキャリー(横断) {'lookback': 8, 'top_n': 3} hold=24",train,3168,-0.5784225043202837,-0.23379392687920633,0.3446285774410774,-1.2779440092105279,-0.516882225452981,-50.669811378456856,-27.989161859349426,0.03596380471380471,-6.500811822878809,0.788,H1 FRキャリー(横断),taker,24,8.0,3.0,
"H1 FRキャリー(横断) {'lookback': 8, 'top_n': 3} hold=24",test,2063,-0.2990887850204482,0.15920415406502597,0.4582929390854742,-0.593292661299084,0.31545915930627644,-26.200177567791265,-20.167479829174844,0.04928098238810793,3.230539375437527,0.61,H1 FRキャリー(横断),taker,24,8.0,3.0,
"H1 FRキャリー(横断) {'lookback': 8, 'top_n': 3} hold=24",full,5279,-0.41709760797826956,-0.025326754912663802,0.39177085306560583,-0.8742850635401698,-0.05307270723115233,-36.53775045889641,-38.34817248217907,0.04153564437709162,-0.6097595280508614,0.77,H1 FRキャリー(横断),taker,24,8.0,3.0,
"H1 FRキャリー(横断) {'lookback': 8, 'top_n': 3} hold=24",train,3168,-0.43308106913509853,-0.23379392687920633,0.19928714225589222,-0.9573404054544566,-0.516882225452981,-37.93790165623463,-25.145120192682768,0.03596380471380471,-6.500811822878809,0.71525,H1 FRキャリー(横断),half-maker,24,8.0,3.0,
"H1 FRキャリー(横断) {'lookback': 8, 'top_n': 3} hold=24",test,2063,-0.10690305226879207,0.15920415406502597,0.26610720633381807,-0.21202547350134035,0.31545915930627644,-9.364707378746186,-18.40518816250818,0.04928098238810793,3.230539375437527,0.52775,H1 FRキャリー(横断),half-maker,24,8.0,3.0,
"H1 FRキャリー(横断) {'lookback': 8, 'top_n': 3} hold=24",full,5279,-0.25236391472828557,-0.025326754912663802,0.22703715981562164,-0.5290648329076558,-0.05307270723115233,-22.107078930197815,-34.15579748217912,0.04153564437709162,-0.6097595280508614,0.6735,H1 FRキャリー(横断),half-maker,24,8.0,3.0,
"H1 FRキャリー(横断) {'lookback': 8, 'top_n': 3} hold=24",train,3168,-0.2877396339499133,-0.23379392687920633,0.05394570707070707,-0.6361485371639034,-0.516882225452981,-25.205991934012406,-22.301078526016095,0.03596380471380471,-6.500811822878809,0.645,H1 FRキャリー(横断),maker-only(理論上限),24,8.0,3.0,
"H1 FRキャリー(横断) {'lookback': 8, 'top_n': 3} hold=24",test,2063,0.08528268048286419,0.15920415406502597,0.0739214735821619,0.16904620341699841,0.31545915930627644,7.470762810298903,-16.6428964958415,0.04928098238810793,3.230539375437527,0.4455,H1 FRキャリー(横断),maker-only(理論上限),24,8.0,3.0,
"H1 FRキャリー(横断) {'lookback': 8, 'top_n': 3} hold=24",full,5279,-0.08763022147830118,-0.025326754912663802,0.06230346656563742,-0.18366547753034743,-0.05307270723115233,-7.676407401499184,-29.963422482179112,0.04153564437709162,-0.6097595280508614,0.56625,H1 FRキャリー(横断),maker-only(理論上限),24,8.0,3.0,
"H1 FRキャリー(横断) {'lookback': 8, 'top_n': 5} hold=1",train,3168,-0.7256492182679,0.7619065226732579,1.487555740941158,-1.764088091731294,1.8568747377700243,-63.56687152026803,-34.53760579680555,0.1622025062129229,4.6972549343541266,0.85575,H1 FRキャリー(横断),taker,1,8.0,5.0,
"H1 FRキャリー(横断) {'lookback': 8, 'top_n': 5} hold=1",test,2063,-2.3411984289841787,-0.5631356794054331,1.7780627495787455,-5.460495552439224,-1.3150529618150095,-205.08898237901408,-50.98107581649614,0.1936413683262932,-2.908137265672114,0.99675,H1 FRキャリー(横断),taker,1,8.0,5.0,
"H1 FRキャリー(横断) {'lookback': 8, 'top_n': 5} hold=1",full,5279,-1.2804168106724447,0.3248783916416058,1.6052952023140508,-3.0544810738073034,0.776488692256011,-112.16451261490616,-68.88583639887617,0.17511328203694182,1.8552470027548773,0.99425,H1 FRキャリー(横断),taker,1,8.0,5.0,
"H1 FRキャリー(横断) {'lookback': 8, 'top_n': 5} hold=1",train,3168,-0.10352322745701316,0.7619065226732579,0.8654297501302709,-0.25201131680874783,1.8568747377700243,-9.068634725234352,-29.818916312678567,0.1622025062129229,4.6972549343541266,0.55325,H1 FRキャリー(横断),half-maker,1,8.0,5.0,
"H1 FRキャリー(横断) {'lookback': 8, 'top_n': 5} hold=1",test,2063,-1.5973980804395258,-0.5631356794054331,1.0342624010340928,-3.7286936413077707,-1.3150529618150095,-139.93207184650245,-36.51704407046438,0.1936413683262932,-2.908137265672114,0.96775,H1 FRキャリー(横断),half-maker,1,8.0,5.0,
"H1 FRキャリー(横断) {'lookback': 8, 'top_n': 5} hold=1",full,5279,-0.6091041710431258,0.3248783916416058,0.9339825626847316,-1.4546395704886754,0.776488692256011,-53.357525383377826,-37.00339376271844,0.17511328203694182,1.8552470027548773,0.88875,H1 FRキャリー(横断),half-maker,1,8.0,5.0,
"H1 FRキャリー(横断) {'lookback': 8, 'top_n': 5} hold=1",train,3168,0.5186027633538732,0.7619065226732579,0.2433037593193843,1.2635660719633113,1.8568747377700243,45.429602069799294,-25.10022682855157,0.1622025062129229,4.6972549343541266,0.19125,H1 FRキャリー(横断),maker-only(理論上限),1,8.0,5.0,
"H1 FRキャリー(横断) {'lookback': 8, 'top_n': 5} hold=1",test,2063,-0.8535977318948726,-0.5631356794054331,0.29046205248943974,-1.9933150034430949,-1.3150529618150095,-74.77516131399085,-22.308286132857233,0.1936413683262932,-2.908137265672114,0.84325,H1 FRキャリー(横断),maker-only(理論上限),1,8.0,5.0,
"H1 FRキャリー(横断) {'lookback': 8, 'top_n': 5} hold=1",full,5279,0.062208468586193055,0.3248783916416058,0.26266992305541265,0.14866161516889081,0.776488692256011,5.449461848150512,-25.10022682855157,0.17511328203694182,1.8552470027548773,0.448,H1 FRキャリー(横断),maker-only(理論上限),1,8.0,5.0,
"H1 FRキャリー(横断) {'lookback': 8, 'top_n': 5} hold=2",train,3168,-0.4929687706969305,0.7807755236853847,1.2737442943823154,-1.2132721166650824,1.9176072698355788,-43.18406431305111,-31.567632951356607,0.1392199525012025,5.608215702261792,0.76725,H1 FRキャリー(横断),taker,2,8.0,5.0,
"H1 FRキャリー(横断) {'lookback': 8, 'top_n': 5} hold=2",test,2063,-1.8364611696486244,-0.27723632564736256,1.5592248440012624,-4.331851230586733,-0.6536236365465501,-160.87399846121951,-40.27002222383125,0.170368703306173,-1.6272726167853468,0.98775,H1 FRキャリー(横断),taker,2,8.0,5.0,
"H1 FRキャリー(横断) {'lookback': 8, 'top_n': 5} hold=2",full,5279,-0.9655625361703543,0.4217130421167792,1.3872755782871335,-2.3318585046711124,1.0171140454442444,-84.58327816852304,-52.56227732553732,0.15171802319462863,2.779584344938324,0.97775,H1 FRキャリー(横断),taker,2,8.0,5.0,
"H1 FRキャリー(横断) {'lookback': 8, 'top_n': 5} hold=2",train,3168,0.03948841211832529,0.7807755236853847,0.7412871115670596,0.09714428079545417,1.9176072698355788,3.4591849015652953,-27.812906264848657,0.1392199525012025,5.608215702261792,0.45675,H1 FRキャリー(横断),half-maker,2,8.0,5.0,
"H1 FRキャリー(横断) {'lookback': 8, 'top_n': 5} hold=2",test,2063,-1.184625275127623,-0.27723632564736256,0.9073889494802607,-2.7947705807593977,-0.6536236365465501,-103.77317410117979,-27.694613675924522,0.170368703306173,-1.6272726167853468,0.92525,H1 FRキャリー(横断),half-maker,2,8.0,5.0,
"H1 FRキャリー(横断) {'lookback': 8, 'top_n': 5} hold=2",full,5279,-0.38571326442275894,0.4217130421167792,0.8074263065395382,-0.9313776473736814,1.0171140454442444,-33.78848196343368,-30.151176170730377,0.15171802319462863,2.779584344938324,0.7875,H1 FRキャリー(横断),half-maker,2,8.0,5.0,
"H1 FRキャリー(横断) {'lookback': 8, 'top_n': 5} hold=2",train,3168,0.571945594933581,0.7807755236853847,0.20882992875180373,1.4055433967389057,1.9176072698355788,50.10243411618169,-24.058179578340734,0.1392199525012025,5.608215702261792,0.16075,H1 FRキャリー(横断),maker-only(理論上限),2,8.0,5.0,
"H1 FRキャリー(横断) {'lookback': 8, 'top_n': 5} hold=2",test,2063,-0.5327893806066218,-0.27723632564736256,0.25555305495925945,-1.2564372524696372,-0.6536236365465501,-46.672349741140074,-21.89476071435925,0.170368703306173,-1.6272726167853468,0.73775,H1 FRキャリー(横断),maker-only(理論上限),2,8.0,5.0,
"H1 FRキャリー(横断) {'lookback': 8, 'top_n': 5} hold=2",full,5279,0.19413600732483624,0.4217130421167792,0.22757703479194288,0.46843110617425904,1.0171140454442444,17.006314241655655,-24.058179578340734,0.15171802319462863,2.779584344938324,0.34675,H1 FRキャリー(横断),maker-only(理論上限),2,8.0,5.0,
"H1 FRキャリー(横断) {'lookback': 8, 'top_n': 5} hold=3",train,3168,-0.6326779765025076,0.529357087680994,1.1620350641835016,-1.557401032190109,1.3076157199225455,-55.42259074161966,-35.663581435689736,0.12685047398589067,4.17307930390448,0.82075,H1 FRキャリー(横断),taker,3,8.0,5.0,
"H1 FRキャリー(横断) {'lookback': 8, 'top_n': 5} hold=3",test,2063,-1.7526298961212072,-0.3502388932666802,1.402391002854527,-4.165607428404769,-0.8319298660250979,-153.53037890021776,-36.7852775276913,0.15300552439427864,-2.289060441792628,0.9785,H1 FRキャリー(横断),taker,3,8.0,5.0,
"H1 FRキャリー(横断) {'lookback': 8, 'top_n': 5} hold=3",full,5279,-1.0092468822063743,0.2490172566246333,1.2582641388310074,-2.4449413137170026,0.6043889063741104,-88.4100268812784,-54.55214036544176,0.1374463658040093,1.811741293907456,0.97825,H1 FRキャリー(横断),taker,3,8.0,5.0,
"H1 FRキャリー(横断) {'lookback': 8, 'top_n': 5} hold=3",train,3168,-0.14679829990017482,0.529357087680994,0.6761553875811689,-0.36205071538666306,1.3076157199225455,-12.859531071255315,-32.20131655473736,0.12685047398589067,4.17307930390448,0.57625,H1 FRキャリー(横断),half-maker,3,8.0,5.0,
"H1 FRキャリー(横断) {'lookback': 8, 'top_n': 5} hold=3",test,2063,-1.1661885379896526,-0.3502388932666802,0.8159496447229724,-2.7724763281128917,-0.8319298660250979,-102.15811592789356,-26.859347926963927,0.15300552439427864,-2.289060441792628,0.912,H1 FRキャリー(横断),half-maker,3,8.0,5.0,
"H1 FRキャリー(横断) {'lookback': 8, 'top_n': 5} hold=3",full,5279,-0.48319958714387745,0.2490172566246333,0.7322168437685108,-1.1720513324973818,0.6043889063741104,-42.32828383380367,-32.20131655473736,0.1374463658040093,1.811741293907456,0.83775,H1 FRキャリー(横断),half-maker,3,8.0,5.0,
"H1 FRキャリー(横断) {'lookback': 8, 'top_n': 5} hold=3",train,3168,0.33908137670215804,0.529357087680994,0.19027571097883597,0.8373094429250038,1.3076157199225455,29.703528599109045,-28.740934824486647,0.12685047398589067,4.17307930390448,0.28025,H1 FRキャリー(横断),maker-only(理論上限),3,8.0,5.0,
"H1 FRキャリー(横断) {'lookback': 8, 'top_n': 5} hold=3",test,2063,-0.5797471798580981,-0.3502388932666802,0.22950828659141792,-1.3776528377053834,-0.8319298660250979,-50.785852955569396,-20.587326999651356,0.15300552439427864,-2.289060441792628,0.76125,H1 FRキャリー(横断),maker-only(理論上限),3,8.0,5.0,
"H1 FRキャリー(横断) {'lookback': 8, 'top_n': 5} hold=3",full,5279,0.0428477079186194,0.2490172566246333,0.20616954870601395,0.10399081890250342,0.6043889063741104,3.75345921367106,-28.740934824486647,0.1374463658040093,1.811741293907456,0.477,H1 FRキャリー(横断),maker-only(理論上限),3,8.0,5.0,
"H1 FRキャリー(横断) {'lookback': 8, 'top_n': 5} hold=6",train,3168,-0.6323647691497476,0.2728996182760982,0.9052643874258459,-1.6253692975042002,0.7025083170013953,-55.39515377751789,-29.02190019675724,0.09835921216129549,2.7745201723309925,0.841,H1 FRキャリー(横断),taker,6,8.0,5.0,
"H1 FRキャリー(横断) {'lookback': 8, 'top_n': 5} hold=6",test,2063,-2.20093336193819,-1.0665615598161453,1.1343718021220444,-4.947932215807825,-2.3987061903753473,-192.80176250578543,-45.99413313553956,0.12378624902861451,-8.61615541456142,0.992,H1 FRキャリー(横断),taker,6,8.0,5.0,
"H1 FRキャリー(横断) {'lookback': 8, 'top_n': 5} hold=6",full,5279,-1.1721578651061395,-0.17582586905710423,0.9963319960490354,-2.8399793489897096,-0.4264976758860562,-102.68102898329781,-62.97525359482237,0.10857605907804808,-1.6193797283682472,0.9905,H1 FRキャリー(横断),taker,6,8.0,5.0,
"H1 FRキャリー(横断) {'lookback': 8, 'top_n': 5} hold=6",train,3168,-0.2535019845577965,0.2728996182760982,0.5264016028338945,-0.6523876164155383,0.7025083170013953,-22.206773847262976,-26.334830407547454,0.09835921216129549,2.7745201723309925,0.632,H1 FRキャリー(横断),half-maker,6,8.0,5.0,
"H1 FRキャリー(横断) {'lookback': 8, 'top_n': 5} hold=6",test,2063,-1.7265871476486288,-1.0665615598161453,0.6600255878324832,-3.8843597072833806,-2.3987061903753473,-151.24903413401987,-36.46954087363476,0.12378624902861451,-8.61615541456142,0.9735,H1 FRキャリー(横断),half-maker,6,8.0,5.0,
"H1 FRキャリー(横断) {'lookback': 8, 'top_n': 5} hold=6",full,5279,-0.7554239113901577,-0.17582586905710423,0.5795980423330538,-1.8322404038875395,-0.4264976758860562,-66.17513463777782,-41.208311781803104,0.10857605907804808,-1.6193797283682472,0.941,H1 FRキャリー(横断),half-maker,6,8.0,5.0,
"H1 FRキャリー(横断) {'lookback': 8, 'top_n': 5} hold=6",train,3168,0.12536080003415484,0.2728996182760982,0.14753881824194323,0.3227361014480179,0.7025083170013953,10.981606082991965,-23.673070486912547,0.09835921216129549,2.7745201723309925,0.383,H1 FRキャリー(横断),maker-only(理論上限),6,8.0,5.0,
"H1 FRキャリー(横断) {'lookback': 8, 'top_n': 5} hold=6",test,2063,-1.2522409333590672,-1.0665615598161453,0.18567937354292174,-2.8169969398406294,-2.3987061903753473,-109.69630576225428,-27.36948252623178,0.12378624902861451,-8.61615541456142,0.923,H1 FRキャリー(横断),maker-only(理論上限),6,8.0,5.0,
"H1 FRキャリー(横断) {'lookback': 8, 'top_n': 5} hold=6",full,5279,-0.33868995767417615,-0.17582586905710423,0.16286408861707213,-0.8216635156710558,-0.4264976758860562,-29.669240292257832,-29.476219518760754,0.10857605907804808,-1.6193797283682472,0.75725,H1 FRキャリー(横断),maker-only(理論上限),6,8.0,5.0,
"H1 FRキャリー(横断) {'lookback': 8, 'top_n': 5} hold=12",train,3168,-0.5561579568399669,0.06466566880136693,0.620823625641334,-1.4337137128234794,0.16702049951786355,-48.71943701918111,-26.630012473447323,0.0667869167869168,0.9682385699534882,0.8105,H1 FRキャリー(横断),taker,12,8.0,5.0,
"H1 FRキャリー(横断) {'lookback': 8, 'top_n': 5} hold=12",test,2063,-1.5376504950513916,-0.761269733100465,0.7763807619509266,-3.5275391136205654,-1.7494061751367231,-134.6981833665019,-34.9948350796254,0.08440070324461986,-9.019708412784963,0.967,H1 FRキャリー(横断),taker,12,8.0,5.0,
"H1 FRキャリー(横断) {'lookback': 8, 'top_n': 5} hold=12",full,5279,-0.8920520943861101,-0.2094715378533372,0.6825805565327729,-2.1849537339371468,-0.5140039175319108,-78.14376346822326,-56.542377262800244,0.07389649614976382,-2.8346613001624257,0.97225,H1 FRキャリー(横断),taker,12,8.0,5.0,
"H1 FRキャリー(横断) {'lookback': 8, 'top_n': 5} hold=12",train,3168,-0.29583633160948747,0.06466566880136693,0.36050200041085456,-0.7636659207093163,0.16702049951786355,-25.9152626489911,-21.611786779002866,0.0667869167869168,0.9682385699534882,0.67275,H1 FRキャリー(横断),half-maker,12,8.0,5.0,
"H1 FRキャリー(横断) {'lookback': 8, 'top_n': 5} hold=12",test,2063,-1.212760641509393,-0.761269733100465,0.45149090840892825,-2.7856956139402955,-1.7494061751367231,-106.23783219622283,-28.962690307586254,0.08440070324461986,-9.019708412784963,0.92875,H1 FRキャリー(横断),half-maker,12,8.0,5.0,
"H1 FRキャリー(横断) {'lookback': 8, 'top_n': 5} hold=12",full,5279,-0.6061841882320463,-0.2094715378533372,0.3967126503787093,-1.486702453794713,-0.5140039175319108,-53.10173488912726,-45.2985067963166,0.07389649614976382,-2.8346613001624257,0.89925,H1 FRキャリー(横断),half-maker,12,8.0,5.0,
"H1 FRキャリー(横断) {'lookback': 8, 'top_n': 5} hold=12",train,3168,-0.03551470637900815,0.06466566880136693,0.10018037518037516,-0.09172665556391259,0.16702049951786355,-3.1110882788011143,-17.079533927908777,0.0667869167869168,0.9682385699534882,0.49925,H1 FRキャリー(横断),maker-only(理論上限),12,8.0,5.0,
"H1 FRキャリー(横断) {'lookback': 8, 'top_n': 5} hold=12",test,2063,-0.8878707879673947,-0.761269733100465,0.1266010548669298,-2.040402656767034,-1.7494061751367231,-77.77748102594377,-23.021618879014824,0.08440070324461986,-9.019708412784963,0.8495,H1 FRキャリー(横断),maker-only(理論上限),12,8.0,5.0,
"H1 FRキャリー(横断) {'lookback': 8, 'top_n': 5} hold=12",full,5279,-0.32031628207798285,-0.2094715378533372,0.11084474422464571,-0.7859992561218795,-0.5140039175319108,-28.059706310031302,-34.63168251665106,0.07389649614976382,-2.8346613001624257,0.74225,H1 FRキャリー(横断),maker-only(理論上限),12,8.0,5.0,
"H1 FRキャリー(横断) {'lookback': 8, 'top_n': 5} hold=24",train,3168,-0.8052988650097784,-0.4549786364343413,0.35032022857543693,-2.1560314419390485,-1.2193703418685673,-70.54418057485658,-32.41185928211065,0.03726187970979638,-12.210297493787584,0.916,H1 FRキャリー(横断),taker,24,8.0,5.0,
"H1 FRキャリー(横断) {'lookback': 8, 'top_n': 5} hold=24",test,2063,-0.38858569926342007,0.07121952352047468,0.45980522278389463,-0.8686968175849538,0.1592570395425481,-34.0401072554756,-22.62308655843975,0.049077279966761304,1.4511709607523016,0.67875,H1 FRキャリー(横断),taker,24,8.0,5.0,
"H1 FRキャリー(横断) {'lookback': 8, 'top_n': 5} hold=24",full,5279,-0.6376376562688656,-0.24335982737510567,0.39427782889375995,-1.5739559398330585,-0.6010429934203068,-55.85705868915263,-45.05805504048376,0.04207085877856857,-5.784522456648216,0.915,H1 FRキャリー(横断),taker,24,8.0,5.0,
"H1 FRキャリー(横断) {'lookback': 8, 'top_n': 5} hold=24",train,3168,-0.658085160504407,-0.4549786364343413,0.2031065240700657,-1.7633222744971944,-1.2193703418685673,-57.64826006018606,-29.615334480523327,0.03726187970979638,-12.210297493787584,0.8705,H1 FRキャリー(横断),half-maker,24,8.0,5.0,
"H1 FRキャリー(横断) {'lookback': 8, 'top_n': 5} hold=24",test,2063,-0.19549104784654367,0.07121952352047468,0.2667105713670183,-0.4372408416596125,0.1592570395425481,-17.125015791357225,-20.77541989177308,0.049077279966761304,1.4511709607523016,0.5815,H1 FRキャリー(横断),half-maker,24,8.0,5.0,
"H1 FRキャリー(横断) {'lookback': 8, 'top_n': 5} hold=24",full,5279,-0.47205188590591207,-0.24335982737510567,0.22869205853080637,-1.1659280497160842,-0.6010429934203068,-41.3517452053579,-40.775706980862104,0.04207085877856857,-5.784522456648216,0.84475,H1 FRキャリー(横断),half-maker,24,8.0,5.0,
"H1 FRキャリー(横断) {'lookback': 8, 'top_n': 5} hold=24",train,3168,-0.5108714559990357,-0.4549786364343413,0.055892819564694565,-1.3692078578756803,-1.2193703418685673,-44.75233954551553,-26.818809678936002,0.03726187970979638,-12.210297493787584,0.8135,H1 FRキャリー(横断),maker-only(理論上限),24,8.0,5.0,
"H1 FRキャリー(横断) {'lookback': 8, 'top_n': 5} hold=24",test,2063,-0.0023963964296674647,0.07121952352047468,0.07361591995014195,-0.005359569103507077,0.1592570395425481,-0.2099243272388699,-18.92775322510641,0.049077279966761304,1.4511709607523016,0.48125,H1 FRキャリー(横断),maker-only(理論上限),24,8.0,5.0,
"H1 FRキャリー(横断) {'lookback': 8, 'top_n': 5} hold=24",full,5279,-0.3064661155429585,-0.24335982737510567,0.06310628816785285,-0.756988068427754,-0.6010429934203068,-26.846431721563164,-36.660771464989075,0.04207085877856857,-5.784522456648216,0.7455,H1 FRキャリー(横断),maker-only(理論上限),24,8.0,5.0,
"H1 FRキャリー(横断) {'lookback': 24, 'top_n': 3} hold=1",train,3168,-0.9954542634521103,-0.1636124073915043,0.831841856060606,-2.3154772522665055,-0.38103381925310326,-87.20179347840487,-39.26897646452132,0.08602167508417508,-1.9019904835775874,0.88475,H1 FRキャリー(横断),taker,1,24.0,3.0,
"H1 FRキャリー(横断) {'lookback': 24, 'top_n': 3} hold=1",test,2063,-1.4505697103999287,-0.4232026074753852,1.0273671029245435,-3.282011308008238,-0.9577034306848797,-127.06990663103375,-33.97267022229218,0.10744869930521891,-3.9386480265641497,0.9425,H1 FRキャリー(横断),taker,1,24.0,3.0,
"H1 FRキャリー(横断) {'lookback': 24, 'top_n': 3} hold=1",full,5279,-1.086625658019851,-0.17362445829768164,0.9130011997221695,-2.4832420799764807,-0.39712154789498505,-95.18840764253895,-62.94353374316195,0.09512849655869167,-1.8251571776976432,0.96925,H1 FRキャリー(横断),taker,1,24.0,3.0,
"H1 FRキャリー(横断) {'lookback': 24, 'top_n': 3} hold=1",train,3168,-0.6440495917349387,-0.1636124073915043,0.4804371843434343,-1.4992113825806852,-0.38103381925310326,-56.41874423598063,-29.21984394118942,0.08602167508417508,-1.9019904835775874,0.7665,H1 FRキャリー(横断),half-maker,1,24.0,3.0,
"H1 FRキャリー(横断) {'lookback': 24, 'top_n': 3} hold=1",test,2063,-1.0174726834165713,-0.4232026074753852,0.594270075941186,-2.302881111383973,-0.9577034306848797,-89.13060706729166,-26.230274870699628,0.10744869930521891,-3.9386480265641497,0.858,H1 FRキャリー(横断),half-maker,1,24.0,3.0,
"H1 FRキャリー(横断) {'lookback': 24, 'top_n': 3} hold=1",full,5279,-0.7014714305777852,-0.17362445829768164,0.5278469722801036,-1.6040274982567266,-0.39712154789498505,-61.44889731861398,-44.83242253490408,0.09512849655869167,-1.8251571776976432,0.89125,H1 FRキャリー(横断),half-maker,1,24.0,3.0,
"H1 FRキャリー(横断) {'lookback': 24, 'top_n': 3} hold=1",train,3168,-0.292644920017767,-0.1636124073915043,0.1290325126262626,-0.6815025701107219,-0.38103381925310326,-25.635694993556392,-22.518614774522757,0.08602167508417508,-1.9019904835775874,0.60675,H1 FRキャリー(横断),maker-only(理論上限),1,24.0,3.0,
"H1 FRキャリー(横断) {'lookback': 24, 'top_n': 3} hold=1",test,2063,-0.5843756564332137,-0.4232026074753852,0.1611730489578284,-1.3226385697724032,-0.9577034306848797,-51.191307503549524,-21.823381071498215,0.10744869930521891,-3.9386480265641497,0.7285,H1 FRキャリー(横断),maker-only(理論上限),1,24.0,3.0,
"H1 FRキャリー(横断) {'lookback': 24, 'top_n': 3} hold=1",full,5279,-0.31631720313571926,-0.17362445829768164,0.14269274483803748,-0.7235113284671554,-0.39712154789498505,-27.709386994689012,-33.40471623570271,0.09512849655869167,-1.8251571776976432,0.71675,H1 FRキャリー(横断),maker-only(理論上限),1,24.0,3.0,
"H1 FRキャリー(横断) {'lookback': 24, 'top_n': 3} hold=2",train,3168,-0.7288547491353692,0.010039400696280653,0.7388941498316498,-1.7061547272078776,0.023492623456718393,-63.847676024258334,-29.961292951666547,0.07665193602693603,0.13097386989355023,0.79375,H1 FRキャリー(横断),taker,2,24.0,3.0,
"H1 FRキャリー(横断) {'lookback': 24, 'top_n': 3} hold=2",test,2063,-1.267702817043432,-0.35195309980316664,0.9157497172402648,-2.864138047793062,-0.7955404241757776,-111.05076677300463,-29.382113140733995,0.09547584423978024,-3.686305186464373,0.91375,H1 FRキャリー(横断),taker,2,24.0,3.0,
"H1 FRキャリー(横断) {'lookback': 24, 'top_n': 3} hold=2",full,5279,-0.8984531282478061,-0.08848122700388364,0.8099719012439224,-2.058908843285859,-0.20274888648782718,-78.7044940345078,-51.591406042071156,0.08438466881353793,-1.0485462376986718,0.9325,H1 FRキャリー(横断),taker,2,24.0,3.0,
"H1 FRキャリー(横断) {'lookback': 24, 'top_n': 3} hold=2",train,3168,-0.4168966262397463,0.010039400696280653,0.42693602693602695,-0.9759883860258795,0.023492623456718393,-36.52014445860178,-24.23926823528676,0.07665193602693603,0.13097386989355023,0.66725,H1 FRキャリー(横断),half-maker,2,24.0,3.0,
"H1 FRキャリー(横断) {'lookback': 24, 'top_n': 3} hold=2",test,2063,-0.8814348416031346,-0.35195309980316664,0.5294817417999677,-1.9923415619362341,-0.7955404241757776,-77.21369212443459,-22.5220714740673,0.09547584423978024,-3.686305186464373,0.82775,H1 FRキャリー(横断),half-maker,2,24.0,3.0,
"H1 FRキャリー(横断) {'lookback': 24, 'top_n': 3} hold=2",full,5279,-0.5567556792359982,-0.08848122700388364,0.4682744522321146,-1.2761393887880772,-0.20274888648782718,-48.77179750107344,-36.006436109499234,0.08438466881353793,-1.0485462376986718,0.83025,H1 FRキャリー(横断),half-maker,2,24.0,3.0,
"H1 FRキャリー(横断) {'lookback': 24, 'top_n': 3} hold=2",train,3168,-0.10493850334412354,0.010039400696280653,0.11497790404040405,-0.24561005507675943,0.023492623456718393,-9.192612892945222,-22.748455735286758,0.07665193602693603,0.13097386989355023,0.50925,H1 FRキャリー(横断),maker-only(理論上限),2,24.0,3.0,
"H1 FRキャリー(横断) {'lookback': 24, 'top_n': 3} hold=2",test,2063,-0.49516686616283717,-0.35195309980316664,0.1432137663596704,-1.1193525248283496,-0.7955404241757776,-43.376617475864535,-18.523275855366705,0.09547584423978024,-3.686305186464373,0.70225,H1 FRキャリー(横断),maker-only(理論上限),2,24.0,3.0,
"H1 FRキャリー(横断) {'lookback': 24, 'top_n': 3} hold=2",full,5279,-0.21505823022419054,-0.08848122700388364,0.12657700322030688,-0.49287242067211245,-0.20274888648782718,-18.83910096763909,-26.476583581321062,0.08438466881353793,-1.0485462376986718,0.63975,H1 FRキャリー(横断),maker-only(理論上限),2,24.0,3.0,
"H1 FRキャリー(横断) {'lookback': 24, 'top_n': 3} hold=3",train,3168,-0.9937824577206774,-0.30575504820889327,0.6880274095117844,-2.34962141127652,-0.7246236880451591,-87.05534329633134,-37.797769845776315,0.07112794612794614,-4.298662689611422,0.8845,H1 FRキャリー(横断),taker,3,24.0,3.0,
"H1 FRキャリー(横断) {'lookback': 24, 'top_n': 3} hold=3",test,2063,-1.2447206913547055,-0.4215182353844358,0.8232024559702696,-2.687010233085403,-0.9103415648242756,-109.03753256267221,-29.885813411486307,0.08646792696719986,-4.87485071249981,0.91825,H1 FRキャリー(横断),taker,3,24.0,3.0,
"H1 FRキャリー(横断) {'lookback': 24, 'top_n': 3} hold=3",full,5279,-1.0450964850559232,-0.30361688033280665,0.7414796047231168,-2.3613907223460235,-0.6870866717787684,-91.55045209089887,-60.2924945054202,0.07735997979415293,-3.9247280201041987,0.9635,H1 FRキャリー(横断),taker,3,24.0,3.0,
"H1 FRキャリー(横断) {'lookback': 24, 'top_n': 3} hold=3",train,3168,-0.703114712560745,-0.30575504820889327,0.39735966435185177,-1.6645052485452445,-0.7246236880451591,-61.592848820321265,-29.057332345776267,0.07112794612794614,-4.298662689611422,0.794,H1 FRキャリー(横断),half-maker,3,24.0,3.0,
"H1 FRキャリー(横断) {'lookback': 24, 'top_n': 3} hold=3",test,2063,-0.8979704085949708,-0.4215182353844358,0.47645217321053474,-1.9392749660960482,-0.9103415648242756,-78.66220779291945,-24.017833044927343,0.08646792696719986,-4.87485071249981,0.84375,H1 FRキャリー(横断),half-maker,3,24.0,3.0,
"H1 FRキャリー(横断) {'lookback': 24, 'top_n': 3} hold=3",full,5279,-0.7323766675399798,-0.30361688033280665,0.428759787207173,-1.6562958466490991,-0.6870866717787684,-64.15619607650223,-45.460326638861154,0.07735997979415293,-3.9247280201041987,0.89975,H1 FRキャリー(横断),half-maker,3,24.0,3.0,
"H1 FRキャリー(横断) {'lookback': 24, 'top_n': 3} hold=3",train,3168,-0.41244696740081227,-0.30575504820889327,0.10669191919191917,-0.9772815624383021,-0.7246236880451591,-36.13035434431116,-23.25076967646503,0.07112794612794614,-4.298662689611422,0.687,H1 FRキャリー(横断),maker-only(理論上限),3,24.0,3.0,
"H1 FRキャリー(横断) {'lookback': 24, 'top_n': 3} hold=3",test,2063,-0.5512201258352354,-0.4215182353844358,0.1297018904507998,-1.1905023938141304,-0.9103415648242756,-48.286883023166624,-21.796437211594018,0.08646792696719986,-4.87485071249981,0.73025,H1 FRキャリー(横断),maker-only(理論上限),3,24.0,3.0,
"H1 FRキャリー(横断) {'lookback': 24, 'top_n': 3} hold=3",full,5279,-0.419656850024036,-0.30361688033280665,0.11603996969122939,-0.9495891321630483,-0.6870866717787684,-36.76194006210556,-36.134215220123906,0.07735997979415293,-3.9247280201041987,0.7735,H1 FRキャリー(横断),maker-only(理論上限),3,24.0,3.0,
"H1 FRキャリー(横断) {'lookback': 24, 'top_n': 3} hold=6",train,3168,-1.112634757062825,-0.5319792435948115,0.5806555134680135,-2.650883774955172,-1.268757650560948,-97.46680471870346,-41.28975686418786,0.05997474747474747,-8.870053914254543,0.904,H1 FRキャリー(横断),taker,6,24.0,3.0,
"H1 FRキャリー(横断) {'lookback': 24, 'top_n': 3} hold=6",test,2063,-1.7036648623399318,-0.9997829751206719,0.7038818872192599,-3.897128620163911,-2.288900747052725,-149.24104194097802,-36.90019371725229,0.07374373889158184,-13.55753030898738,0.971,H1 FRキャリー(横断),taker,6,24.0,3.0,
"H1 FRキャリー(横断) {'lookback': 24, 'top_n': 3} hold=6",full,5279,-1.3104849211309146,-0.6808596764507352,0.6296252446801793,-3.0467471592839814,-1.5842975901004368,-114.79847909106813,-71.7083423332113,0.06556797373239881,-10.384028019982948,0.9855,H1 FRキャリー(横断),taker,6,24.0,3.0,
"H1 FRキャリー(横断) {'lookback': 24, 'top_n': 3} hold=6",train,3168,-0.8672880609348791,-0.5319792435948115,0.3353088173400673,-2.0678191583120964,-1.268757650560948,-75.97443413789541,-33.553840197521126,0.05997474747474747,-8.870053914254543,0.844,H1 FRキャリー(横断),half-maker,6,24.0,3.0,
"H1 FRキャリー(横断) {'lookback': 24, 'top_n': 3} hold=6",test,2063,-1.4070317228989881,-0.9997829751206719,0.4072487477783163,-3.2207011516220447,-2.288900747052725,-123.25597892595137,-31.62546455058569,0.07374373889158184,-13.55753030898738,0.9375,H1 FRキャリー(横断),half-maker,6,24.0,3.0,
"H1 FRキャリー(横断) {'lookback': 24, 'top_n': 3} hold=6",full,5279,-1.0448482790901241,-0.6808596764507352,0.36398860263938876,-2.4307554561041553,-1.5842975901004368,-91.52870924829487,-58.50352983321127,0.06556797373239881,-10.384028019982948,0.96375,H1 FRキャリー(横断),half-maker,6,24.0,3.0,
"H1 FRキャリー(横断) {'lookback': 24, 'top_n': 3} hold=6",train,3168,-0.6219413648069327,-0.5319792435948115,0.08996212121212122,-1.4833225646849155,-1.268757650560948,-54.482063557087315,-27.93814851508888,0.05997474747474747,-8.870053914254543,0.76175,H1 FRキャリー(横断),maker-only(理論上限),6,24.0,3.0,
"H1 FRキャリー(横断) {'lookback': 24, 'top_n': 3} hold=6",test,2063,-1.1103985834580445,-0.9997829751206719,0.11061560833737276,-2.5422265622793248,-2.288900747052725,-97.2709159109247,-26.35073538391896,0.07374373889158184,-13.55753030898738,0.88875,H1 FRキャリー(横断),maker-only(理論上限),6,24.0,3.0,
"H1 FRキャリー(横断) {'lookback': 24, 'top_n': 3} hold=6",full,5279,-0.7792116370493332,-0.6808596764507352,0.09835196059859821,-1.8132036972342005,-1.5842975901004368,-68.25893940552159,-45.2987173332113,0.06556797373239881,-10.384028019982948,0.9065,H1 FRキャリー(横断),maker-only(理論上限),6,24.0,3.0,
"H1 FRキャリー(横断) {'lookback': 24, 'top_n': 3} hold=12",train,3168,-1.3052054082640248,-0.847790109442476,0.45741529882154874,-3.1218542343988744,-2.0309745170367743,-114.33599376392858,-47.39039509424175,0.047537878787878775,-17.833991146837747,0.943,H1 FRキャリー(横断),taker,12,24.0,3.0,
"H1 FRキャリー(横断) {'lookback': 24, 'top_n': 3} hold=12",test,2063,-1.2008275512323021,-0.6517344020967393,0.549093149135563,-2.7757654999946437,-1.506196831361252,-105.19249348794966,-30.307285965691943,0.057723380190660846,-11.290648606232944,0.91725,H1 FRキャリー(横断),taker,12,24.0,3.0,
"H1 FRキャリー(横断) {'lookback': 24, 'top_n': 3} hold=12",full,5279,-1.2520498478468238,-0.757930854350581,0.49411899349624283,-2.9308903038318888,-1.7755234725363473,-109.67956667138176,-72.5929208636522,0.05171749700069457,-14.655211452719797,0.98575,H1 FRキャリー(横断),taker,12,24.0,3.0,
"H1 FRキャリー(横断) {'lookback': 24, 'top_n': 3} hold=12",train,3168,-1.1121511679441598,-0.847790109442476,0.26436105850168345,-2.662628195166105,-2.0309745170367743,-97.4244423119084,-41.31110342757508,0.047537878787878775,-17.833991146837747,0.9085,H1 FRキャリー(横断),half-maker,12,24.0,3.0,
"H1 FRキャリー(横断) {'lookback': 24, 'top_n': 3} hold=12",test,2063,-0.9695735118075164,-0.6517344020967393,0.3178391097107772,-2.241737579049683,-1.506196831361252,-84.93463963433842,-26.24403596569192,0.057723380190660846,-11.290648606232944,0.86825,H1 FRキャリー(横断),half-maker,12,24.0,3.0,
"H1 FRキャリー(横断) {'lookback': 24, 'top_n': 3} hold=12",full,5279,-1.0437784738492233,-0.757930854350581,0.2858476194986424,-2.4448400518594893,-1.7755234725363473,-91.43499430919196,-62.31329586365225,0.05171749700069457,-14.655211452719797,0.968,H1 FRキャリー(横断),half-maker,12,24.0,3.0,
"H1 FRキャリー(横断) {'lookback': 24, 'top_n': 3} hold=12",train,3168,-0.9190969276242943,-0.847790109442476,0.07130681818181818,-2.201564359675129,-2.0309745170367743,-80.51289085988817,-35.231811760908386,0.047537878787878775,-17.833991146837747,0.861,H1 FRキャリー(横断),maker-only(理論上限),12,24.0,3.0,
"H1 FRキャリー(横断) {'lookback': 24, 'top_n': 3} hold=12",test,2063,-0.7383194723827302,-0.6517344020967393,0.08658507028599127,-1.706624130263444,-1.506196831361252,-64.67678578072717,-23.981188081807243,0.057723380190660846,-11.290648606232944,0.80625,H1 FRキャリー(横断),maker-only(理論上限),12,24.0,3.0,
"H1 FRキャリー(横断) {'lookback': 24, 'top_n': 3} hold=12",full,5279,-0.8355070998516225,-0.757930854350581,0.07757624550104186,-1.9573146129664138,-1.7755234725363473,-73.19042194700214,-53.83407297976754,0.05171749700069457,-14.655211452719797,0.93125,H1 FRキャリー(横断),maker-only(理論上限),12,24.0,3.0,
"H1 FRキャリー(横断) {'lookback': 24, 'top_n': 3} hold=24",train,3168,-1.2241050641949067,-0.9119351883531559,0.3121698758417508,-2.905062023817781,-2.1665703998294155,-107.23160362347382,-40.871276831728686,0.03253893097643098,-28.02597261150653,0.9435,H1 FRキャリー(横断),taker,24,24.0,3.0,
"H1 FRキャリー(横断) {'lookback': 24, 'top_n': 3} hold=24",test,2063,-0.8488863152720346,-0.4508010026205562,0.39808531265147845,-1.9193376842140382,-1.017502321767396,-74.36244121783024,-25.669540820017765,0.042090806269187264,-10.710201171664577,0.8315,H1 FRキャリー(横断),taker,24,24.0,3.0,
"H1 FRキャリー(横断) {'lookback': 24, 'top_n': 3} hold=24",full,5279,-1.07994562503982,-0.734244892577864,0.3457007324619561,-2.4925121865858664,-1.6943241709599774,-94.60323675348823,-64.62576270566196,0.03629159563048557,-20.231816204881486,0.96975,H1 FRキャリー(横断),taker,24,24.0,3.0,
"H1 FRキャリー(横断) {'lookback': 24, 'top_n': 3} hold=24",train,3168,-1.0924243245063545,-0.9119351883531559,0.18048913615319861,-2.5943594646473875,-2.1665703998294155,-95.69637082675665,-36.88421433172868,0.03253893097643098,-28.02597261150653,0.9195,H1 FRキャリー(横断),half-maker,24,24.0,3.0,
"H1 FRキャリー(横断) {'lookback': 24, 'top_n': 3} hold=24",test,2063,-0.6814117636481859,-0.4508010026205562,0.23061076102762965,-1.540026588852942,-1.017502321767396,-59.691670495581086,-24.63995748668445,0.042090806269187264,-10.710201171664577,0.782,H1 FRキャリー(横断),half-maker,24,24.0,3.0,
"H1 FRキャリー(横断) {'lookback': 24, 'top_n': 3} hold=24",full,5279,-0.9343139555317062,-0.734244892577864,0.20006906295384227,-2.1567921737404965,-1.6943241709599774,-81.84590250457747,-59.47536687232859,0.03629159563048557,-20.231816204881486,0.952,H1 FRキャリー(横断),half-maker,24,24.0,3.0,
"H1 FRキャリー(横断) {'lookback': 24, 'top_n': 3} hold=24",train,3168,-0.9607435848178024,-0.9119351883531559,0.048808396464646464,-2.282386840050403,-2.1665703998294155,-84.1611380300395,-32.897151831728706,0.03253893097643098,-28.02597261150653,0.89025,H1 FRキャリー(横断),maker-only(理論上限),24,24.0,3.0,
"H1 FRキャリー(横断) {'lookback': 24, 'top_n': 3} hold=24",test,2063,-0.5139372120243371,-0.4508010026205562,0.0631362094037809,-1.1605270522167452,-1.017502321767396,-45.02089977333193,-23.61037415335112,0.042090806269187264,-10.710201171664577,0.7215,H1 FRキャリー(横断),maker-only(理論上限),24,24.0,3.0,
"H1 FRキャリー(横断) {'lookback': 24, 'top_n': 3} hold=24",full,5279,-0.7886822860235922,-0.734244892577864,0.05443739344572835,-1.8202400211326344,-1.6943241709599774,-69.08856825566669,-54.324971038995315,0.03629159563048557,-20.231816204881486,0.924,H1 FRキャリー(横断),maker-only(理論上限),24,24.0,3.0,
"H1 FRキャリー(横断) {'lookback': 24, 'top_n': 5} hold=1",train,3168,-0.780957110940756,0.07378616131553689,0.8547432722562931,-2.4518270773077995,0.23195297910696508,-68.41184291841024,-27.864772366257302,0.089797278338945,0.821697079025344,0.8915,H1 FRキャリー(横断),taker,1,24.0,5.0,
"H1 FRキャリー(横断) {'lookback': 24, 'top_n': 5} hold=1",test,2063,-1.9376655353405658,-0.9098941052303091,1.027771430110257,-5.453575744466212,-2.5663608101805333,-169.73950089583357,-43.98872858809283,0.10728038993913934,-8.48145784841476,0.9975,H1 FRキャリー(横断),taker,1,24.0,5.0,
"H1 FRキャリー(横断) {'lookback': 24, 'top_n': 5} hold=1",full,5279,-1.150119309910486,-0.22857751282289446,0.9215417970875918,-3.419978224025476,-0.6808106229684744,-100.75045154815858,-64.20190937760036,0.09664656605838648,-2.3650867500538544,0.9955,H1 FRキャリー(横断),taker,1,24.0,5.0,
"H1 FRキャリー(横断) {'lookback': 24, 'top_n': 5} hold=1",train,3168,-0.4209334335668181,0.07378616131553689,0.49471959488235534,-1.3226572391444062,0.23195297910696508,-36.87376878045326,-18.878712979071967,0.089797278338945,0.821697079025344,0.73975,H1 FRキャリー(横断),half-maker,1,24.0,5.0,
"H1 FRキャリー(横断) {'lookback': 24, 'top_n': 5} hold=1",test,2063,-1.504240112739792,-0.9098941052303091,0.594346007509483,-4.238480971819392,-2.5663608101805333,-131.77143387600577,-36.05258672301338,0.10728038993913934,-8.48145784841476,0.985,H1 FRキャリー(横断),half-maker,1,24.0,5.0,
"H1 FRキャリー(横断) {'lookback': 24, 'top_n': 5} hold=1",full,5279,-0.76183333591048,-0.22857751282289446,0.5332558230875858,-2.267555726587001,-0.6808106229684744,-66.73660022575805,-45.921450484445984,0.09664656605838648,-2.3650867500538544,0.95425,H1 FRキャリー(横断),half-maker,1,24.0,5.0,
"H1 FRキャリー(横断) {'lookback': 24, 'top_n': 5} hold=1",train,3168,-0.060909756192880644,0.07378616131553689,0.1346959175084175,-0.19147115451790797,0.23195297910696508,-5.335694642496344,-16.574410895738623,0.089797278338945,0.821697079025344,0.5205,H1 FRキャリー(横断),maker-only(理論上限),1,24.0,5.0,
"H1 FRキャリー(横断) {'lookback': 24, 'top_n': 5} hold=1",test,2063,-1.070814690139018,-0.9098941052303091,0.16092058490870897,-3.0195999564103078,-2.5663608101805333,-93.80336685617799,-28.116444857934077,0.10728038993913934,-8.48145784841476,0.938,H1 FRキャリー(横断),maker-only(理論上限),1,24.0,5.0,
"H1 FRキャリー(横断) {'lookback': 24, 'top_n': 5} hold=1",full,5279,-0.37354736191047416,-0.22857751282289446,0.1449698490875797,-1.1124835671694506,-0.6808106229684744,-32.722748903357534,-32.61428034555709,0.09664656605838648,-2.3650867500538544,0.795,H1 FRキャリー(横断),maker-only(理論上限),1,24.0,5.0,
"H1 FRキャリー(横断) {'lookback': 24, 'top_n': 5} hold=2",train,3168,-0.6558359941240902,0.08521426541575268,0.7410502595398429,-2.0491726616294934,0.2662233746120006,-57.4512330852703,-24.253114087474778,0.07789815315856982,1.0939189436531331,0.83975,H1 FRキャリー(横断),taker,2,24.0,5.0,
"H1 FRキャリー(横断) {'lookback': 24, 'top_n': 5} hold=2",test,2063,-1.913451632170541,-1.0284175086487781,0.885034123521763,-5.387138230436775,-2.8973287469000493,-167.6183629781394,-44.38780395694984,0.0926390139187037,-11.101343431302887,0.99725,H1 FRキャリー(横断),taker,2,24.0,5.0,
"H1 FRキャリー(横断) {'lookback': 24, 'top_n': 5} hold=2",full,5279,-1.093082347692386,-0.29700873165760305,0.7960736160347829,-3.241691485377656,-0.8809711021899793,-95.75401365785301,-62.50355220976987,0.08363243699955199,-3.551358089196828,0.99225,H1 FRキャリー(横断),taker,2,24.0,5.0,
"H1 FRキャリー(横断) {'lookback': 24, 'top_n': 5} hold=2",train,3168,-0.3437344792230962,0.08521426541575268,0.42894874463884874,-1.07429622854954,0.2662233746120006,-30.111140379943222,-21.26584802305108,0.07789815315856982,1.0939189436531331,0.6925,H1 FRキャリー(横断),half-maker,2,24.0,5.0,
"H1 FRキャリー(横断) {'lookback': 24, 'top_n': 5} hold=2",test,2063,-1.540413830848687,-1.0284175086487781,0.5119963221999091,-4.339197506212182,-2.8973287469000493,-134.94025158234498,-37.50756387758474,0.0926390139187037,-11.101343431302887,0.98725,H1 FRキャリー(横断),half-maker,2,24.0,5.0,
"H1 FRキャリー(横断) {'lookback': 24, 'top_n': 5} hold=2",full,5279,-0.7577698674246586,-0.29700873165760305,0.4607611357670554,-2.2480781186553997,-0.8809711021899793,-66.38064038640009,-47.9208429430752,0.08363243699955199,-3.551358089196828,0.951,H1 FRキャリー(横断),half-maker,2,24.0,5.0,
"H1 FRキャリー(横断) {'lookback': 24, 'top_n': 5} hold=2",train,3168,-0.03163296432210229,0.08521426541575268,0.11684722973785473,-0.09884643527509043,0.2662233746120006,-2.7710476746161605,-19.27764613813045,0.07789815315856982,1.0939189436531331,0.50125,H1 FRキャリー(横断),maker-only(理論上限),2,24.0,5.0,
"H1 FRキャリー(横断) {'lookback': 24, 'top_n': 5} hold=2",test,2063,-1.1673760295268332,-1.0284175086487781,0.13895852087805552,-3.2888841385282284,-2.8973287469000493,-102.2621401865506,-30.627323798219603,0.0926390139187037,-11.101343431302887,0.954,H1 FRキャリー(横断),maker-only(理論上限),2,24.0,5.0,
"H1 FRキャリー(横断) {'lookback': 24, 'top_n': 5} hold=2",full,5279,-0.422457387156931,-0.29700873165760305,0.12544865549932796,-1.253234863304828,-0.8809711021899793,-37.007267114947155,-36.39654582005926,0.08363243699955199,-3.551358089196828,0.822,H1 FRキャリー(横断),maker-only(理論上限),2,24.0,5.0,
"H1 FRキャリー(横断) {'lookback': 24, 'top_n': 5} hold=3",train,3168,-0.6109008842633422,0.07242443239530763,0.68332531665865,-1.9073446567992818,0.2264684945100492,-53.514917461468784,-23.00007280283858,0.0719293630751964,1.0068827151937056,0.832,H1 FRキャリー(横断),taker,3,24.0,5.0,
"H1 FRキャリー(横断) {'lookback': 24, 'top_n': 5} hold=3",test,2063,-1.4074269108989126,-0.6000641455471745,0.8073627653517377,-3.710014894370989,-1.5834664551412132,-123.29059739474472,-35.46085344007236,0.0847305896021359,-7.082024902279778,0.9775,H1 FRキャリー(横断),taker,3,24.0,5.0,
"H1 FRキャリー(横断) {'lookback': 24, 'top_n': 5} hold=3",full,5279,-0.8910248816545845,-0.1606566323469054,0.7303682493076791,-2.5693140503729692,-0.4639001806762021,-78.0537796329416,-53.578933376515245,0.07688415013666008,-2.0895936556668877,0.97375,H1 FRキャリー(横断),taker,3,24.0,5.0,
"H1 FRキャリー(横断) {'lookback': 24, 'top_n': 5} hold=3",train,3168,-0.32318524824041467,0.07242443239530763,0.3956096806357222,-1.0100430959583577,0.2264684945100492,-28.31102774586033,-19.31591014800226,0.0719293630751964,1.0068827151937056,0.683,H1 FRキャリー(横断),half-maker,3,24.0,5.0,
"H1 FRキャリー(横断) {'lookback': 24, 'top_n': 5} hold=3",test,2063,-1.067293470424645,-0.6000641455471745,0.46722932487747076,-2.815386092127605,-1.5834664551412132,-93.49490800919891,-29.25133706411555,0.0847305896021359,-7.082024902279778,0.93825,H1 FRキャリー(横断),half-maker,3,24.0,5.0,
"H1 FRキャリー(横断) {'lookback': 24, 'top_n': 5} hold=3",full,5279,-0.58350386960324,-0.1606566323469054,0.4228472372563346,-1.6840368548217473,-0.4639001806762021,-51.11493897724382,-40.536820104827086,0.07688415013666008,-2.0895936556668877,0.90225,H1 FRキャリー(横断),half-maker,3,24.0,5.0,
"H1 FRキャリー(横断) {'lookback': 24, 'top_n': 5} hold=3",train,3168,-0.035469612217486915,0.07242443239530763,0.10789404461279459,-0.11090455951919334,0.2264684945100492,-3.107138030251854,-17.462440901970513,0.0719293630751964,1.0068827151937056,0.5055,H1 FRキャリー(横断),maker-only(理論上限),3,24.0,5.0,
"H1 FRキャリー(横断) {'lookback': 24, 'top_n': 5} hold=3",test,2063,-0.7271600299503781,-0.6000641455471745,0.12709588440320385,-1.918780654929745,-1.5834664551412132,-63.69921862365312,-23.199166429194918,0.0847305896021359,-7.082024902279778,0.84975,H1 FRキャリー(横断),maker-only(理論上限),3,24.0,5.0,
"H1 FRキャリー(横断) {'lookback': 24, 'top_n': 5} hold=3",full,5279,-0.2759828575518953,-0.1606566323469054,0.11532622520499011,-0.7968524280693298,-0.4639001806762021,-24.17609832154603,-30.172309130947372,0.07688415013666008,-2.0895936556668877,0.73275,H1 FRキャリー(横断),maker-only(理論上限),3,24.0,5.0,
"H1 FRキャリー(横断) {'lookback': 24, 'top_n': 5} hold=6",train,3168,-0.7850471302811725,-0.22552090949193107,0.5595262207892416,-2.467740335949535,-0.7104712985696452,-68.7701286126307,-27.611719444407928,0.058741933221099885,-3.839180924520965,0.88475,H1 FRキャリー(横断),taker,6,24.0,5.0,
"H1 FRキャリー(横断) {'lookback': 24, 'top_n': 5} hold=6",test,2063,-1.4870266160777428,-0.813640222014543,0.6733863940631997,-4.080135910296939,-2.2372877225659122,-130.26353156841026,-36.53943807775508,0.07046641891527979,-11.54649596984295,0.9795,H1 FRキャリー(横断),taker,6,24.0,5.0,
"H1 FRキャリー(横断) {'lookback': 24, 'top_n': 5} hold=6",full,5279,-0.9895727857440659,-0.38674550815120784,0.6028272775928583,-2.915293040475096,-1.1418323675626654,-86.68657603118018,-57.62738270038076,0.063282187282945,-6.111443437029215,0.98425,H1 FRキャリー(横断),taker,6,24.0,5.0,
"H1 FRキャリー(横断) {'lookback': 24, 'top_n': 5} hold=6",train,3168,-0.5493404698023766,-0.22552090949193107,0.32381956031044573,-1.729096100507351,-0.7104712985696452,-48.122225154688195,-22.611758443461337,0.058741933221099885,-3.839180924520965,0.79925,H1 FRキャリー(横断),half-maker,6,24.0,5.0,
"H1 FRキャリー(横断) {'lookback': 24, 'top_n': 5} hold=6",test,2063,-1.2031832332326025,-0.813640222014543,0.38954301121805973,-3.3054025339816837,-2.2372877225659122,-105.39885123117598,-31.41148718489791,0.07046641891527979,-11.54649596984295,0.9525,H1 FRキャリー(横断),half-maker,6,24.0,5.0,
"H1 FRキャリー(横断) {'lookback': 24, 'top_n': 5} hold=6",full,5279,-0.7356207874098456,-0.38674550815120784,0.34887527925863787,-2.1699065986414787,-1.1418323675626654,-64.44038097710248,-47.35747080657724,0.063282187282945,-6.111443437029215,0.943,H1 FRキャリー(横断),half-maker,6,24.0,5.0,
"H1 FRキャリー(横断) {'lookback': 24, 'top_n': 5} hold=6",train,3168,-0.31363380932358065,-0.22552090949193107,0.08811289983164983,-0.9879148945046533,-0.7104712985696452,-27.474321696745662,-19.90759345964545,0.058741933221099885,-3.839180924520965,0.6855,H1 FRキャリー(横断),maker-only(理論上限),6,24.0,5.0,
"H1 FRキャリー(横断) {'lookback': 24, 'top_n': 5} hold=6",test,2063,-0.9193398503874625,-0.813640222014543,0.10569962837291969,-2.527483963639071,-2.2372877225659122,-80.53417089394172,-26.341811229613736,0.07046641891527979,-11.54649596984295,0.9035,H1 FRキャリー(横断),maker-only(理論上限),6,24.0,5.0,
"H1 FRキャリー(横断) {'lookback': 24, 'top_n': 5} hold=6",full,5279,-0.48166878907562544,-0.38674550815120784,0.0949232809244175,-1.421854188505907,-1.1418323675626654,-42.19418592302479,-37.95235685526116,0.063282187282945,-6.111443437029215,0.85175,H1 FRキャリー(横断),maker-only(理論上限),6,24.0,5.0,
"H1 FRキャリー(横断) {'lookback': 24, 'top_n': 5} hold=12",train,3168,-0.7145725120611972,-0.27309223308091823,0.44148027898027903,-2.355768641967882,-0.9022155926270966,-62.59655205656088,-28.416462300242934,0.04606393799102133,-5.92854725390931,0.89525,H1 FRキャリー(横断),taker,12,24.0,5.0,
"H1 FRキャリー(横断) {'lookback': 24, 'top_n': 5} hold=12",test,2063,-1.4776091980131567,-0.9275891932427887,0.5500200047703683,-4.085758158850948,-2.566860257258444,-129.43856574595253,-36.892469096977734,0.057324823611784356,-16.18128299050017,0.97675,H1 FRキャリー(横断),taker,12,24.0,5.0,
"H1 FRキャリー(横断) {'lookback': 24, 'top_n': 5} hold=12",full,5279,-0.9599296536038289,-0.47640989727672295,0.48351975632710625,-2.9082107896273373,-1.4454388228441308,-84.0898376556954,-59.10125017909086,0.05050041043126855,-9.433782680343171,0.99125,H1 FRキャリー(横断),taker,12,24.0,5.0,
"H1 FRキャリー(横断) {'lookback': 24, 'top_n': 5} hold=12",train,3168,-0.5283803260643237,-0.27309223308091823,0.2552880929834055,-1.7443423428643534,-0.9022155926270966,-46.28611656323476,-24.878596228814377,0.04606393799102133,-5.92854725390931,0.822,H1 FRキャリー(横断),half-maker,12,24.0,5.0,
"H1 FRキャリー(横断) {'lookback': 24, 'top_n': 5} hold=12",test,2063,-1.2455928133368113,-0.9275891932427887,0.31800362009402244,-3.446773125613819,-2.566860257258444,-109.11393044830466,-32.70479052554916,0.057324823611784356,-16.18128299050017,0.9555,H1 FRキャリー(横断),half-maker,12,24.0,5.0,
"H1 FRキャリー(横断) {'lookback': 24, 'top_n': 5} hold=12",full,5279,-0.7560450832637273,-0.47640989727672295,0.2796351859870045,-2.2929562941430253,-1.4454388228441308,-66.22954929390252,-51.24570553623396,0.05050041043126855,-9.433782680343171,0.96425,H1 FRキャリー(横断),half-maker,12,24.0,5.0,
"H1 FRキャリー(横断) {'lookback': 24, 'top_n': 5} hold=12",train,3168,-0.34218814006745013,-0.27309223308091823,0.06909590698653198,-1.1303980297967327,-0.9022155926270966,-29.97568106990863,-21.34073015738581,0.04606393799102133,-5.92854725390931,0.7125,H1 FRキャリー(横断),maker-only(理論上限),12,24.0,5.0,
"H1 FRキャリー(横断) {'lookback': 24, 'top_n': 5} hold=12",test,2063,-1.013576428660465,-0.9275891932427887,0.08598723541767651,-2.805045453520952,-2.566860257258444,-88.78929515065673,-28.517111954120484,0.057324823611784356,-16.18128299050017,0.921,H1 FRキャリー(横断),maker-only(理論上限),12,24.0,5.0,
"H1 FRキャリー(横断) {'lookback': 24, 'top_n': 5} hold=12",full,5279,-0.5521605129236256,-0.47640989727672295,0.07575061564690282,-1.6752619715702683,-1.4454388228441308,-48.3692609321096,-43.390160893376795,0.05050041043126855,-9.433782680343171,0.9065,H1 FRキャリー(横断),maker-only(理論上限),12,24.0,5.0,
"H1 FRキャリー(横断) {'lookback': 24, 'top_n': 5} hold=24",train,3168,-1.0506760397576829,-0.7259037634229066,0.32477227633477634,-3.5904162187709687,-2.4848769748238126,-92.03922108277301,-34.53376619885189,0.033739678531345206,-21.514839352974853,0.97625,H1 FRキャリー(横断),taker,24,24.0,5.0,
"H1 FRキャリー(横断) {'lookback': 24, 'top_n': 5} hold=24",test,2063,-0.8518037862981673,-0.43614264787285034,0.41566113842531677,-2.4026359844663308,-1.2306849569913139,-74.61801167971946,-23.929266172910445,0.04358039224738207,-10.007772426579066,0.872,H1 FRキャリー(横断),taker,24,24.0,5.0,
"H1 FRキャリー(横断) {'lookback': 24, 'top_n': 5} hold=24",full,5279,-0.928713828408078,-0.5685343436571781,0.3601794847508998,-2.8921967027362565,-1.7721193575098055,-81.35533136854764,-55.34657711345871,0.03761955877886925,-15.112732900432674,0.98725,H1 FRキャリー(横断),taker,24,24.0,5.0,
"H1 FRキャリー(横断) {'lookback': 24, 'top_n': 5} hold=24",train,3168,-0.9135946604888036,-0.7259037634229066,0.18769089706589706,-3.12595706344139,-2.4848769748238126,-80.0308922588192,-30.22677810361376,0.033739678531345206,-21.514839352974853,0.9585,H1 FRキャリー(横断),half-maker,24,24.0,5.0,
"H1 FRキャリー(横断) {'lookback': 24, 'top_n': 5} hold=24",test,2063,-0.6766585112710453,-0.43614264787285034,0.24051586339819495,-1.9098673179451564,-1.2306849569913139,-59.27528558734356,-22.821717065767576,0.04358039224738207,-10.007772426579066,0.81975,H1 FRキャリー(横断),half-maker,24,24.0,5.0,
"H1 FRキャリー(横断) {'lookback': 24, 'top_n': 5} hold=24",full,5279,-0.77683875511678,-0.5685343436571781,0.20830441145960185,-2.4213831425466803,-1.7721193575098055,-68.05107494822992,-49.83253991107774,0.03761955877886925,-15.112732900432674,0.9705,H1 FRキャリー(横断),half-maker,24,24.0,5.0,
"H1 FRキャリー(横断) {'lookback': 24, 'top_n': 5} hold=24",train,3168,-0.7765132812199241,-0.7259037634229066,0.050609517797017785,-2.658153812203517,-2.4848769748238126,-68.02256343486536,-26.293891374327877,0.033739678531345206,-21.514839352974853,0.93425,H1 FRキャリー(横断),maker-only(理論上限),24,24.0,5.0,
"H1 FRキャリー(横断) {'lookback': 24, 'top_n': 5} hold=24",test,2063,-0.5015132362439235,-0.43614264787285034,0.0653705883710731,-1.415444698448471,-1.2306849569913139,-43.9325594949677,-21.71416795862472,0.04358039224738207,-10.007772426579066,0.751,H1 FRキャリー(横断),maker-only(理論上限),24,24.0,5.0,
"H1 FRキャリー(横断) {'lookback': 24, 'top_n': 5} hold=24",full,5279,-0.6249636818254821,-0.5685343436571781,0.05642933816830387,-1.9482742232666506,-1.7721193575098055,-54.74681852791223,-44.69260407464901,0.03761955877886925,-15.112732900432674,0.93675,H1 FRキャリー(横断),maker-only(理論上限),24,24.0,5.0,
"H1 FRキャリー(横断) {'lookback': 72, 'top_n': 3} hold=1",train,3168,-0.59588685641554,-0.15772660809904182,0.43816024831649825,-1.4464420033470609,-0.3829422543678792,-52.199688622001304,-29.022145608159377,0.04339751683501684,-3.6344615914008807,0.76275,H1 FRキャリー(横断),taker,1,72.0,3.0,
"H1 FRキャリー(横断) {'lookback': 72, 'top_n': 3} hold=1",test,2063,-1.1124139178319965,-0.5202039485316251,0.5922099693003716,-2.6532222837073065,-1.2413346511017307,-97.4474592020829,-28.500931346744636,0.057626433995799,-9.027175767453324,0.92325,H1 FRキャリー(横断),taker,1,72.0,3.0,
"H1 FRキャリー(横断) {'lookback': 72, 'top_n': 3} hold=1",full,5279,-0.7464322703251959,-0.2515492432367323,0.4948830270884637,-1.7771217082256272,-0.5990851107880524,-65.38746688048715,-49.53427501362756,0.04862663383216518,-5.173075399480754,0.919,H1 FRキャリー(横断),taker,1,72.0,3.0,
"H1 FRキャリー(横断) {'lookback': 72, 'top_n': 3} hold=1",train,3168,-0.40935486988355324,-0.15772660809904182,0.25162826178451175,-0.9938725080125089,-0.3829422543678792,-35.85948660179926,-25.437374774826033,0.04339751683501684,-3.6344615914008807,0.6845,H1 FRキャリー(横断),half-maker,1,72.0,3.0,
"H1 FRキャリー(横断) {'lookback': 72, 'top_n': 3} hold=1",test,2063,-0.8595287586786602,-0.5202039485316251,0.339324810147035,-2.0508172857316254,-1.2413346511017307,-75.29471926025063,-24.12370218007797,0.057626433995799,-9.027175767453324,0.86475,H1 FRキャリー(横断),half-maker,1,72.0,3.0,
"H1 FRキャリー(横断) {'lookback': 72, 'top_n': 3} hold=1",full,5279,-0.5354607321550878,-0.2515492432367323,0.2839114889183557,-1.2751845603923593,-0.5990851107880524,-46.90636013678569,-41.433108346961006,0.04862663383216518,-5.173075399480754,0.84725,H1 FRキャリー(横断),half-maker,1,72.0,3.0,
"H1 FRキャリー(横断) {'lookback': 72, 'top_n': 3} hold=1",train,3168,-0.2228228833515669,-0.15772660809904182,0.06509627525252526,-0.5410070005569817,-0.3829422543678792,-19.51928458159726,-23.215257924745927,0.04339751683501684,-3.6344615914008807,0.58525,H1 FRキャリー(横断),maker-only(理論上限),1,72.0,3.0,
"H1 FRキャリー(横断) {'lookback': 72, 'top_n': 3} hold=1",test,2063,-0.6066435995253237,-0.5202039485316251,0.08643965099369849,-1.4476078786717916,-1.2413346511017307,-53.14197931841835,-19.74647301341132,0.057626433995799,-9.027175767453324,0.7955,H1 FRキャリー(横断),maker-only(理論上限),1,72.0,3.0,
"H1 FRキャリー(横断) {'lookback': 72, 'top_n': 3} hold=1",full,5279,-0.3244891939849797,-0.2515492432367323,0.07293995074824777,-0.7728136315266277,-0.5990851107880524,-28.425253393084223,-33.33194168029431,0.04862663383216518,-5.173075399480754,0.7315,H1 FRキャリー(横断),maker-only(理論上限),1,72.0,3.0,
"H1 FRキャリー(横断) {'lookback': 72, 'top_n': 3} hold=2",train,3168,-0.6261410391069603,-0.22683285308002435,0.3993081860269361,-1.5228055472123172,-0.5518749315556084,-54.84995502576972,-30.021325430674484,0.039767466329966326,-5.703980515074882,0.77025,H1 FRキャリー(横断),taker,2,72.0,3.0,
"H1 FRキャリー(横断) {'lookback': 72, 'top_n': 3} hold=2",test,2063,-1.0801074725164375,-0.5464085712399793,0.5336989012764581,-2.5655654687904605,-1.3001271827402052,-94.61741459243991,-29.24447452737906,0.05245597026983357,-10.416518242427946,0.91825,H1 FRキャリー(横断),taker,2,72.0,3.0,
"H1 FRキャリー(横断) {'lookback': 72, 'top_n': 3} hold=2",full,5279,-0.7519630629147813,-0.30326144644701586,0.44870161646776535,-1.7893953809872816,-0.722301588836298,-65.87196431133484,-50.550421949642576,0.044427606238555274,-6.825968629024148,0.92325,H1 FRキャリー(横断),taker,2,72.0,3.0,
"H1 FRキャリー(横断) {'lookback': 72, 'top_n': 3} hold=2",train,3168,-0.4563125458409671,-0.22683285308002435,0.22947969276094274,-1.110083706416166,-0.5518749315556084,-39.97297901566871,-26.77842959734117,0.039767466329966326,-5.703980515074882,0.70275,H1 FRキャリー(横断),half-maker,2,72.0,3.0,
"H1 FRキャリー(横断) {'lookback': 72, 'top_n': 3} hold=2",test,2063,-0.8525999995805835,-0.5464085712399793,0.3061914283406043,-2.0269978197046163,-1.3001271827402052,-74.68775996325911,-25.229537027379052,0.05245597026983357,-10.416518242427946,0.8705,H1 FRキャリー(横断),half-maker,2,72.0,3.0,
"H1 FRキャリー(横断) {'lookback': 72, 'top_n': 3} hold=2",full,5279,-0.5609329593598151,-0.30326144644701586,0.2576715129127991,-1.3355057362646259,-0.722301588836298,-49.137727239919805,-43.153838616309294,0.044427606238555274,-6.825968629024148,0.85575,H1 FRキャリー(横断),half-maker,2,72.0,3.0,
"H1 FRキャリー(横断) {'lookback': 72, 'top_n': 3} hold=2",train,3168,-0.2864840525749739,-0.22683285308002435,0.059651199494949486,-0.6970004725404865,-0.5518749315556084,-25.096003005567713,-24.872210268603602,0.039767466329966326,-5.703980515074882,0.62125,H1 FRキャリー(横断),maker-only(理論上限),2,72.0,3.0,
"H1 FRキャリー(横断) {'lookback': 72, 'top_n': 3} hold=2",test,2063,-0.6250925266447298,-0.5464085712399793,0.07868395540475036,-1.4870860919198723,-1.3001271827402052,-54.75810533407833,-21.21459952737906,0.05245597026983357,-10.416518242427946,0.80375,H1 FRキャリー(横断),maker-only(理論上限),2,72.0,3.0,
"H1 FRキャリー(横断) {'lookback': 72, 'top_n': 3} hold=2",full,5279,-0.3699028558048488,-0.30326144644701586,0.06664140935783291,-0.880963202452577,-0.722301588836298,-32.40349016850475,-35.75725528297595,0.044427606238555274,-6.825968629024148,0.767,H1 FRキャリー(横断),maker-only(理論上限),2,72.0,3.0,
"H1 FRキャリー(横断) {'lookback': 72, 'top_n': 3} hold=3",train,3168,-0.6640833231144636,-0.27794590728954777,0.3861374158249158,-1.635720434724669,-0.6851929009462451,-58.173699104827016,-28.521513068763397,0.03845223063973064,-7.228342872841325,0.78775,H1 FRキャリー(横断),taker,3,72.0,3.0,
"H1 FRキャリー(横断) {'lookback': 72, 'top_n': 3} hold=3",test,2063,-0.6988852021703211,-0.21254855650866342,0.4863366456616577,-1.6721392482455941,-0.508431856844384,-61.22234371012013,-21.383188993443657,0.047972208757472934,-4.430660209606326,0.8305,H1 FRキャリー(横断),taker,3,72.0,3.0,
"H1 FRキャリー(横断) {'lookback': 72, 'top_n': 3} hold=3",full,5279,-0.625753480041459,-0.20346469428658104,0.4222887857548778,-1.504251168358954,-0.4893035979945494,-54.8160048516318,-40.05993672767708,0.04188608953715981,-4.857571965654005,0.88175,H1 FRキャリー(横断),taker,3,72.0,3.0,
"H1 FRキャリー(横断) {'lookback': 72, 'top_n': 3} hold=3",train,3168,-0.49985378818180365,-0.27794590728954777,0.22190788089225585,-1.2318222001053911,-0.6851929009462451,-43.787191844726,-27.829638068763394,0.03845223063973064,-7.228342872841325,0.7235,H1 FRキャリー(横断),half-maker,3,72.0,3.0,
"H1 FRキャリー(横断) {'lookback': 72, 'top_n': 3} hold=3",test,2063,-0.491696035907597,-0.21254855650866342,0.2791474793989336,-1.1765058221172253,-0.508431856844384,-43.0725727455055,-18.775780218723106,0.047972208757472934,-4.430660209606326,0.76,H1 FRキャリー(横断),half-maker,3,72.0,3.0,
"H1 FRキャリー(横断) {'lookback': 72, 'top_n': 3} hold=3",full,5279,-0.4460236543168899,-0.20346469428658104,0.2425589600303088,-1.0725364373148447,-0.4893035979945494,-39.071672118159555,-33.1834367276772,0.04188608953715981,-4.857571965654005,0.80325,H1 FRキャリー(横断),half-maker,3,72.0,3.0,
"H1 FRキャリー(横断) {'lookback': 72, 'top_n': 3} hold=3",train,3168,-0.33562425324914363,-0.27794590728954777,0.05767834595959594,-0.8273483154787321,-0.6851929009462451,-29.40068458462498,-27.137763068763416,0.03845223063973064,-7.228342872841325,0.64375,H1 FRキャリー(横断),maker-only(理論上限),3,72.0,3.0,
"H1 FRキャリー(横断) {'lookback': 72, 'top_n': 3} hold=3",test,2063,-0.28450686964487265,-0.21254855650866342,0.0719583131362094,-0.6806346942199608,-0.508431856844384,-24.922801780890843,-16.931821885389773,0.047972208757472934,-4.430660209606326,0.67925,H1 FRキャリー(横断),maker-only(理論上限),3,72.0,3.0,
"H1 FRキャリー(横断) {'lookback': 72, 'top_n': 3} hold=3",full,5279,-0.2662938285923208,-0.20346469428658104,0.06282913430573972,-0.640411797290947,-0.4893035979945494,-23.327339384687303,-27.137763068763416,0.04188608953715981,-4.857571965654005,0.6995,H1 FRキャリー(横断),maker-only(理論上限),3,72.0,3.0,
"H1 FRキャリー(横断) {'lookback': 72, 'top_n': 3} hold=6",train,3168,-0.5195972756435221,-0.18773043010480184,0.33186684553872053,-1.2815928356414594,-0.46340672035956065,-45.51672134637253,-27.543166417892053,0.03321759259259259,-5.651536293050482,0.72675,H1 FRキャリー(横断),taker,6,72.0,3.0,
"H1 FRキャリー(横断) {'lookback': 72, 'top_n': 3} hold=6",test,2063,-0.9341989756810362,-0.5091747391323205,0.42502423654871546,-2.239888468799628,-1.2208940281857519,-81.83583026965877,-24.44235247704116,0.04195346582646631,-12.136654960485005,0.9015,H1 FRキャリー(横断),taker,6,72.0,3.0,
"H1 FRキャリー(横断) {'lookback': 72, 'top_n': 3} hold=6",full,5279,-0.6310045723628575,-0.26524480094150216,0.365759771421355,-1.5193143428831872,-0.6389538604172514,-55.27600053898632,-43.010789079602084,0.036392624865820546,-7.288421814020247,0.883,H1 FRキャリー(横断),taker,6,72.0,3.0,
"H1 FRキャリー(横断) {'lookback': 72, 'top_n': 3} hold=6",train,3168,-0.3785770473186063,-0.18773043010480184,0.1908466172138047,-0.9342121799552056,-0.46340672035956065,-33.16334934510991,-26.99191641789205,0.03321759259259259,-5.651536293050482,0.653,H1 FRキャリー(横断),half-maker,6,72.0,3.0,
"H1 FRキャリー(横断) {'lookback': 72, 'top_n': 3} hold=6",test,2063,-0.753151956776528,-0.5091747391323205,0.2439772176442075,-1.8061315481057238,-1.2208940281857519,-65.97611141362385,-21.308394143707822,0.04195346582646631,-12.136654960485005,0.856,H1 FRキャリー(横断),half-maker,6,72.0,3.0,
"H1 FRキャリー(横断) {'lookback': 72, 'top_n': 3} hold=6",full,5279,-0.475419155301545,-0.26524480094150216,0.21017435436004292,-1.1450987164531405,-0.6389538604172514,-41.64671800441534,-37.01678907960216,0.036392624865820546,-7.288421814020247,0.8175,H1 FRキャリー(横断),half-maker,6,72.0,3.0,
"H1 FRキャリー(横断) {'lookback': 72, 'top_n': 3} hold=6",train,3168,-0.2375568189936906,-0.18773043010480184,0.04982638888888889,-0.5863767052390978,-0.46340672035956065,-20.809977343847297,-26.44066641789204,0.03321759259259259,-5.651536293050482,0.58375,H1 FRキャリー(横断),maker-only(理論上限),6,72.0,3.0,
"H1 FRキャリー(横断) {'lookback': 72, 'top_n': 3} hold=6",test,2063,-0.57210493787202,-0.5091747391323205,0.06293019873969946,-1.3718763998989818,-1.2208940281857519,-50.11639255758895,-18.174435810374483,0.04195346582646631,-12.136654960485005,0.80125,H1 FRキャリー(横断),maker-only(理論上限),6,72.0,3.0,
"H1 FRキャリー(横断) {'lookback': 72, 'top_n': 3} hold=6",full,5279,-0.3198337382402331,-0.26524480094150216,0.054588937298730815,-0.7704556557717507,-0.6389538604172514,-28.017435469844415,-31.02278907960216,0.036392624865820546,-7.288421814020247,0.73875,H1 FRキャリー(横断),maker-only(理論上限),6,72.0,3.0,
"H1 FRキャリー(横断) {'lookback': 72, 'top_n': 3} hold=12",train,3168,-0.6526229275994787,-0.38680064224594357,0.26582228535353536,-1.6261297020489673,-0.964609342728426,-57.16976845771434,-28.821482045854967,0.026957070707070704,-14.348763871605964,0.79125,H1 FRキャリー(横断),taker,12,72.0,3.0,
"H1 FRキャリー(横断) {'lookback': 72, 'top_n': 3} hold=12",test,2063,-0.5820890651589402,-0.2535485093340897,0.32854055582485053,-1.419217284100449,-0.6178773387962396,-50.99100210792316,-20.0618416369121,0.032808208111164965,-7.728203517698504,0.79225,H1 FRキャリー(横断),taker,12,72.0,3.0,
"H1 FRキャリー(横断) {'lookback': 72, 'top_n': 3} hold=12",full,5279,-0.5732327443631201,-0.28481243117249044,0.28842031319062955,-1.3974384192484726,-0.6945214277492315,-50.21518840620932,-38.30674004390221,0.029061690976826416,-9.800270445363894,0.8615,H1 FRキャリー(横断),taker,12,72.0,3.0,
"H1 FRキャリー(横断) {'lookback': 72, 'top_n': 3} hold=12",train,3168,-0.5399295879530142,-0.38680064224594357,0.15312894570707067,-1.3459960291482342,-0.964609342728426,-47.297831904684045,-28.18273204585497,0.026957070707070704,-14.348763871605964,0.73725,H1 FRキャリー(横断),half-maker,12,72.0,3.0,
"H1 FRキャリー(横断) {'lookback': 72, 'top_n': 3} hold=12",test,2063,-0.4424249433298889,-0.2535485093340897,0.188876433995799,-1.0786568774653305,-0.6178773387962396,-38.756425035698264,-17.67973747024544,0.032808208111164965,-7.728203517698504,0.73875,H1 FRキャリー(横断),half-maker,12,72.0,3.0,
"H1 FRキャリー(横断) {'lookback': 72, 'top_n': 3} hold=12",full,5279,-0.45081885600042515,-0.28481243117249044,0.16600642482793454,-1.099307971731329,-0.6945214277492315,-39.49173178563725,-32.30076087723571,0.029061690976826416,-9.800270445363894,0.8055,H1 FRキャリー(横断),half-maker,12,72.0,3.0,
"H1 FRキャリー(横断) {'lookback': 72, 'top_n': 3} hold=12",train,3168,-0.42723624830654966,-0.38680064224594357,0.040435606060606054,-1.065369960062688,-0.964609342728426,-37.42589535165375,-27.543982045854964,0.026957070707070704,-14.348763871605964,0.69025,H1 FRキャリー(横断),maker-only(理論上限),12,72.0,3.0,
"H1 FRキャリー(横断) {'lookback': 72, 'top_n': 3} hold=12",test,2063,-0.3027608215008373,-0.2535485093340897,0.04921231216674746,-0.7379245042217198,-0.6178773387962396,-26.521847963473345,-15.491249782454869,0.032808208111164965,-7.728203517698504,0.68475,H1 FRキャリー(横断),maker-only(理論上限),12,72.0,3.0,
"H1 FRキャリー(横断) {'lookback': 72, 'top_n': 3} hold=12",full,5279,-0.3284049676377302,-0.28481243117249044,0.043592536465239626,-0.8008416131135543,-0.6945214277492315,-28.768275165065166,-27.543982045854964,0.029061690976826416,-9.800270445363894,0.734,H1 FRキャリー(横断),maker-only(理論上限),12,72.0,3.0,
"H1 FRキャリー(横断) {'lookback': 72, 'top_n': 3} hold=24",train,3168,-0.19389849648219826,0.002859447541370663,0.196757944023569,-0.4913224213308567,0.007245462080740847,-16.985508291840567,-28.31382625496709,0.0201651936026936,0.14180114496836307,0.621,H1 FRキャリー(横断),taker,24,72.0,3.0,
"H1 FRキャリー(横断) {'lookback': 72, 'top_n': 3} hold=24",test,2063,-0.23229947061872439,0.018223634891051037,0.2505231055097754,-0.5710911643719471,0.04469756097041912,-20.349433626200256,-18.691411291877245,0.025311035708515107,0.7199877200173307,0.645,H1 FRキャリー(横断),taker,24,72.0,3.0,
"H1 FRキャリー(横断) {'lookback': 72, 'top_n': 3} hold=24",full,5279,-0.16188180706767083,0.055234755412596856,0.21711656248026767,-0.3997783553468484,0.13627047305916415,-14.180846299127966,-28.31382625496709,0.0221190882111511,2.4971533584621652,0.6305,H1 FRキャリー(横断),taker,24,72.0,3.0,
"H1 FRキャリー(横断) {'lookback': 72, 'top_n': 3} hold=24",train,3168,-0.11064341967243398,0.002859447541370663,0.1135028672138047,-0.280394563599451,0.007245462080740847,-9.692363563305216,-27.85090958830042,0.0201651936026936,0.14180114496836307,0.577,H1 FRキャリー(横断),half-maker,24,72.0,3.0,
"H1 FRキャリー(横断) {'lookback': 72, 'top_n': 3} hold=24",test,2063,-0.12602119464522293,0.018223634891051037,0.14424482953627402,-0.3095645987292452,0.04469756097041912,-11.03945665092153,-18.12557795854392,0.025311035708515107,0.7199877200173307,0.60025,H1 FRキャリー(横断),half-maker,24,72.0,3.0,
"H1 FRキャリー(横断) {'lookback': 72, 'top_n': 3} hold=24",full,5279,-0.06991284198590039,0.055234755412596856,0.12514759739849718,-0.1726067341798456,0.13627047305916415,-6.1243649579648745,-27.85090958830042,0.0221190882111511,2.4971533584621652,0.56425,H1 FRキャリー(横断),half-maker,24,72.0,3.0,
"H1 FRキャリー(横断) {'lookback': 72, 'top_n': 3} hold=24",train,3168,-0.02738834286266968,0.002859447541370663,0.030247790404040405,-0.0694028593940019,0.007245462080740847,-2.3992188347698638,-27.387992921633764,0.0201651936026936,0.14180114496836307,0.5295,H1 FRキャリー(横断),maker-only(理論上限),24,72.0,3.0,
"H1 FRキャリー(横断) {'lookback': 72, 'top_n': 3} hold=24",test,2063,-0.01974291867172157,0.018223634891051037,0.03796655356277266,-0.048446538599831834,0.04469756097041912,-1.7294796756428095,-17.559744625210588,0.025311035708515107,0.7199877200173307,0.5525,H1 FRキャリー(横断),maker-only(理論上限),24,72.0,3.0,
"H1 FRキャリー(横断) {'lookback': 72, 'top_n': 3} hold=24",full,5279,0.022056123095870118,0.055234755412596856,0.03317863231672665,0.054427576480237806,0.13627047305916415,1.9321163831982224,-27.387992921633764,0.0221190882111511,2.4971533584621652,0.4915,H1 FRキャリー(横断),maker-only(理論上限),24,72.0,3.0,
"H1 FRキャリー(横断) {'lookback': 72, 'top_n': 5} hold=1",train,3168,-0.3490689925078571,0.10751864728290772,0.4565876397907648,-1.1569699443647032,0.35667116130612203,-30.578443743688283,-18.08846413933735,0.045901725589225596,2.342366129001157,0.70925,H1 FRキャリー(横断),taker,1,72.0,5.0,
"H1 FRキャリー(横断) {'lookback': 72, 'top_n': 5} hold=1",test,2063,-0.9465846177178253,-0.31989498403594746,0.626689633681878,-2.9104619109174226,-0.9849152034898323,-82.9208125120815,-28.177806770762466,0.06160469034923712,-5.1927050070775795,0.933,H1 FRキャリー(横断),taker,1,72.0,5.0,
"H1 FRキャリー(横断) {'lookback': 72, 'top_n': 5} hold=1",full,5279,-0.5368680648533631,-0.016261821787847488,0.5206062430655156,-1.7096247619654104,-0.05184208668777326,-47.02964248115461,-35.03145304734935,0.05181040781533299,-0.31387171947785547,0.91125,H1 FRキャリー(横断),taker,1,72.0,5.0,
"H1 FRキャリー(横断) {'lookback': 72, 'top_n': 5} hold=1",train,3168,-0.15520146680439395,0.10751864728290772,0.2627201140873016,-0.5146735786085724,0.35667116130612203,-13.59564849206491,-17.145401639337347,0.045901725589225596,2.342366129001157,0.58425,H1 FRキャリー(横断),half-maker,1,72.0,5.0,
"H1 FRキャリー(横断) {'lookback': 72, 'top_n': 5} hold=1",test,2063,-0.6794433186388141,-0.31989498403594746,0.35954833460286684,-2.0906583783097643,-0.9849152034898323,-59.51923471276012,-23.525181770762547,0.06160469034923712,-5.1927050070775795,0.86775,H1 FRキャリー(横断),half-maker,1,72.0,5.0,
"H1 FRキャリー(横断) {'lookback': 72, 'top_n': 5} hold=1",full,5279,-0.315422749182105,-0.016261821787847488,0.2991609273942576,-1.005078781500828,-0.05184208668777326,-27.631032828352396,-29.117402452111175,0.05181040781533299,-0.31387171947785547,0.78875,H1 FRキャリー(横断),half-maker,1,72.0,5.0,
"H1 FRキャリー(横断) {'lookback': 72, 'top_n': 5} hold=1",train,3168,0.03866605889906928,0.10751864728290772,0.06885258838383838,0.12826128760589897,0.35667116130612203,3.3871467595584694,-16.202339139337347,0.045901725589225596,2.342366129001157,0.44325,H1 FRキャリー(横断),maker-only(理論上限),1,72.0,5.0,
"H1 FRキャリー(横断) {'lookback': 72, 'top_n': 5} hold=1",test,2063,-0.4123020195598031,-0.31989498403594746,0.09240703552385568,-1.2693048836109009,-0.9849152034898323,-36.11765691343875,-20.9346882129367,0.06160469034923712,-5.1927050070775795,0.7665,H1 FRキャリー(横断),maker-only(理論上限),1,72.0,5.0,
"H1 FRキャリー(横断) {'lookback': 72, 'top_n': 5} hold=1",full,5279,-0.093977433510847,-0.016261821787847488,0.07771561172299947,-0.29957522049751306,-0.05184208668777326,-8.232423175550197,-25.265483299047286,0.05181040781533299,-0.31387171947785547,0.59975,H1 FRキャリー(横断),maker-only(理論上限),1,72.0,5.0,
"H1 FRキャリー(横断) {'lookback': 72, 'top_n': 5} hold=2",train,3168,-0.20023337747485026,0.21200996367474084,0.4122433411495912,-0.6707585490729503,0.7100909220663336,-17.540443866796885,-17.635621921094867,0.04146449615199615,5.1130481098233345,0.61175,H1 FRキャリー(横断),taker,2,72.0,5.0,
"H1 FRキャリー(横断) {'lookback': 72, 'top_n': 5} hold=2",test,2063,-0.8158198844218608,-0.2548040845003412,0.5610157999215198,-2.4998756648438576,-0.7816106267116218,-71.465821875355,-26.207524754728475,0.055303187683216765,-4.607403210821938,0.90575,H1 FRキャリー(横断),taker,2,72.0,5.0,
"H1 FRキャリー(横断) {'lookback': 72, 'top_n': 5} hold=2",full,5279,-0.3951756224831925,0.07315408011199588,0.4683297025951886,-1.2636400866011965,0.23402404193328563,-34.61738452952766,-33.39079341496503,0.04668497821557113,1.5669725660832876,0.83575,H1 FRキャリー(横断),taker,2,72.0,5.0,
"H1 FRキャリー(横断) {'lookback': 72, 'top_n': 5} hold=2",train,3168,-0.025210079014051784,0.21200996367474084,0.23722004268879268,-0.08445925708076812,0.7100909220663336,-2.2084029216309364,-16.77518442109487,0.04146449615199615,5.1130481098233345,0.49475,H1 FRキャリー(横断),half-maker,2,72.0,5.0,
"H1 FRキャリー(横断) {'lookback': 72, 'top_n': 5} hold=2",test,2063,-0.5767893752235135,-0.2548040845003412,0.32198529072317245,-1.768511523557895,-0.7816106267116218,-50.526749269579774,-21.982075349966603,0.055303187683216765,-4.607403210821938,0.83175,H1 FRキャリー(横断),half-maker,2,72.0,5.0,
"H1 FRキャリー(横断) {'lookback': 72, 'top_n': 5} hold=2",full,5279,-0.19602450484727657,0.07315408011199588,0.26917858495927266,-0.6270395922935401,0.23402404193328563,-17.171746624621427,-28.03846603401267,0.04668497821557113,1.5669725660832876,0.69375,H1 FRキャリー(横断),half-maker,2,72.0,5.0,
"H1 FRキャリー(横断) {'lookback': 72, 'top_n': 5} hold=2",train,3168,0.14981321944674655,0.21200996367474084,0.06219674422799421,0.5018376381790671,0.7100909220663336,13.123638023534998,-15.914746921094865,0.04146449615199615,5.1130481098233345,0.3595,H1 FRキャリー(横断),maker-only(理論上限),2,72.0,5.0,
"H1 FRキャリー(横断) {'lookback': 72, 'top_n': 5} hold=2",test,2063,-0.3377588660251662,-0.2548040845003412,0.08295478152482513,-1.0359713487710596,-0.7816106267116218,-29.587676663804558,-20.45121180881375,0.055303187683216765,-4.607403210821938,0.7255,H1 FRキャリー(横断),maker-only(理論上限),2,72.0,5.0,
"H1 FRキャリー(横断) {'lookback': 72, 'top_n': 5} hold=2",full,5279,0.0031266127886391873,0.07315408011199588,0.0700274673233567,0.010002379286985382,0.23402404193328563,0.2738912802847928,-25.380724516669375,0.04668497821557113,1.5669725660832876,0.50775,H1 FRキャリー(横断),maker-only(理論上限),2,72.0,5.0,
"H1 FRキャリー(横断) {'lookback': 72, 'top_n': 5} hold=3",train,3168,-0.16429608229538328,0.21704372951317846,0.3813398118085619,-0.5498775334653848,0.7275251476399274,-14.392336809075573,-17.38662567717256,0.038445090788840786,5.645551227991335,0.5925,H1 FRキャリー(横断),taker,3,72.0,5.0,
"H1 FRキャリー(横断) {'lookback': 72, 'top_n': 5} hold=3",test,2063,-0.4886877855011031,0.02213469909137683,0.5108224845924798,-1.5079149587122551,0.06824731749165874,-42.80905000989662,-21.270722539823574,0.05063361263070425,0.4371542527059256,0.79025,H1 FRキャリー(横断),taker,3,72.0,5.0,
"H1 FRキャリー(横断) {'lookback': 72, 'top_n': 5} hold=3",full,5279,-0.24909231719685637,0.18101969445758762,0.43011201165444396,-0.7987541900951464,0.5808001164421126,-21.820486986444617,-26.467016842390056,0.04304815125519804,4.2050515336760155,0.74075,H1 FRキャリー(横断),taker,3,72.0,5.0,
"H1 FRキャリー(横断) {'lookback': 72, 'top_n': 5} hold=3",train,3168,-0.002459994482732955,0.21704372951317846,0.21950372399591153,-0.008239988775460833,0.7275251476399274,-0.21549551668740685,-16.5926465105059,0.038445090788840786,5.645551227991335,0.476,H1 FRキャリー(横断),half-maker,3,72.0,5.0,
"H1 FRキャリー(横断) {'lookback': 72, 'top_n': 5} hold=3",test,2063,-0.27125175267789126,0.02213469909137683,0.29338645176926803,-0.8368657096751576,0.06824731749165874,-23.761653534583278,-19.52968433469501,0.05063361263070425,0.4371542527059256,0.6895,H1 FRキャリー(横断),half-maker,3,72.0,5.0,
"H1 FRキャリー(横断) {'lookback': 72, 'top_n': 5} hold=3",full,5279,-0.06632242481103295,0.18101969445758762,0.24734211926862054,-0.21276131340927376,0.5808001164421126,-5.809844413446486,-23.61583280392817,0.04304815125519804,4.2050515336760155,0.56925,H1 FRキャリー(横断),half-maker,3,72.0,5.0,
"H1 FRキャリー(横断) {'lookback': 72, 'top_n': 5} hold=3",train,3168,0.15937609332991734,0.21704372951317846,0.057667636183261185,0.5341504627119978,0.7275251476399274,13.961345775700758,-15.798667343839234,0.038445090788840786,5.645551227991335,0.3565,H1 FRキャリー(横断),maker-only(理論上限),3,72.0,5.0,
"H1 FRキャリー(横断) {'lookback': 72, 'top_n': 5} hold=3",test,2063,-0.0538157198546797,0.02213469909137683,0.07595041894605636,-0.16596119381498178,0.06824731749165874,-4.714257059269942,-18.399434334695016,0.05063361263070425,0.4371542527059256,0.554,H1 FRキャリー(横断),maker-only(理論上限),3,72.0,5.0,
"H1 FRキャリー(横断) {'lookback': 72, 'top_n': 5} hold=3",full,5279,0.11644746757479044,0.18101969445758762,0.06457222688279707,0.3736202998027032,0.5808001164421126,10.200798159551642,-21.37543697059484,0.04304815125519804,4.2050515336760155,0.4045,H1 FRキャリー(横断),maker-only(理論上限),3,72.0,5.0,
"H1 FRキャリー(横断) {'lookback': 72, 'top_n': 5} hold=6",train,3168,-0.11278157632097956,0.2033789124957592,0.31616048881673886,-0.37630817041067266,0.6794999327552508,-9.87966608571781,-16.465936512286476,0.031984277296777296,6.358715271526596,0.56025,H1 FRキャリー(横断),taker,6,72.0,5.0,
"H1 FRキャリー(横断) {'lookback': 72, 'top_n': 5} hold=6",test,2063,-0.4057861611300645,0.018082511399538936,0.42386867252960325,-1.258286768524512,0.056072224514334384,-35.546867714993645,-20.742706540818602,0.042005401287999455,0.4304806249929801,0.746,H1 FRキャリー(横断),taker,6,72.0,5.0,
"H1 FRキャリー(横断) {'lookback': 72, 'top_n': 5} hold=6",full,5279,-0.18899777997888076,0.16801822684059273,0.35701600681947343,-0.6064973292333531,0.5396156294226656,-16.556205526149956,-26.30657146650874,0.03579907810822757,4.693367419480495,0.691,H1 FRキャリー(横断),taker,6,72.0,5.0,
"H1 FRキャリー(横断) {'lookback': 72, 'top_n': 5} hold=6",train,3168,0.02131046011480699,0.2033789124957592,0.18206845238095237,0.07115863879534841,0.6794999327552508,1.8667963060570922,-15.810228178953146,0.031984277296777296,6.358715271526596,0.45525,H1 FRキャリー(横断),half-maker,6,72.0,5.0,
"H1 FRキャリー(横断) {'lookback': 72, 'top_n': 5} hold=6",test,2063,-0.22535587583126251,0.018082511399538936,0.24343838723080122,-0.6989495322083065,0.056072224514334384,-19.741174722818595,-19.8123940408186,0.042005401287999455,0.4304806249929801,0.648,H1 FRキャリー(横断),half-maker,6,72.0,5.0,
"H1 FRキャリー(横断) {'lookback': 72, 'top_n': 5} hold=6",full,5279,-0.03733908515031473,0.16801822684059273,0.2053573119909074,-0.11988695673266607,0.5396156294226656,-3.2709038591675696,-24.431253014127776,0.03579907810822757,4.693367419480495,0.5485,H1 FRキャリー(横断),half-maker,6,72.0,5.0,
"H1 FRキャリー(横断) {'lookback': 72, 'top_n': 5} hold=6",train,3168,0.15540249655059352,0.2033789124957592,0.04797641594516594,0.51916622050283,0.6794999327552508,13.613258697831993,-15.15451984561981,0.031984277296777296,6.358715271526596,0.359,H1 FRキャリー(横断),maker-only(理論上限),6,72.0,5.0,
"H1 FRキャリー(横断) {'lookback': 72, 'top_n': 5} hold=6",test,2063,-0.0449255905324605,0.018082511399538936,0.06300810193199916,-0.13932357037544893,0.056072224514334384,-3.9354817306435397,-18.8820815408186,0.042005401287999455,0.4304806249929801,0.541,H1 FRキャリー(横断),maker-only(理論上限),6,72.0,5.0,
"H1 FRキャリー(横断) {'lookback': 72, 'top_n': 5} hold=6",full,5279,0.11431960967825121,0.16801822684059273,0.053698617162341346,0.3671482215788024,0.5396156294226656,10.014397807814806,-22.555934561746835,0.03579907810822757,4.693367419480495,0.41075,H1 FRキャリー(横断),maker-only(理論上限),6,72.0,5.0,
"H1 FRキャリー(横断) {'lookback': 72, 'top_n': 5} hold=12",train,3168,-0.09347109502708625,0.15755741928267822,0.25102851430976425,-0.32005765448758167,0.5404529192112169,-8.188067924372755,-13.944630401474544,0.025523088023088024,6.17313309189518,0.53575,H1 FRキャリー(横断),taker,12,72.0,5.0,
"H1 FRキャリー(横断) {'lookback': 72, 'top_n': 5} hold=12",test,2063,-0.3616867320093172,-0.021209098881417657,0.34047763312789975,-1.1140747607401928,-0.0652906710915551,-31.683757724016186,-21.045622815984153,0.03376959121021167,-0.628053172139205,0.72075,H1 FRキャリー(横断),taker,12,72.0,5.0,
"H1 FRキャリー(横断) {'lookback': 72, 'top_n': 5} hold=12",full,5279,-0.15109096698827504,0.13419292967324997,0.28528389666152504,-0.49115065649030426,0.4365302008172426,-13.235568708172893,-24.590688878648123,0.028703127396061668,4.675202385495543,0.66075,H1 FRキャリー(横断),taker,12,72.0,5.0,
"H1 FRキャリー(横断) {'lookback': 72, 'top_n': 5} hold=12",train,3168,0.012900846110479973,0.15755741928267822,0.14465657317219818,0.044215904727794214,0.5404529192112169,1.1301141192780455,-13.205505401474541,0.025523088023088024,6.17313309189518,0.45175,H1 FRキャリー(横断),half-maker,12,72.0,5.0,
"H1 FRキャリー(横断) {'lookback': 72, 'top_n': 5} hold=12",test,2063,-0.2167751088530264,-0.021209098881417657,0.1955660099716086,-0.6677151238766431,-0.0652906710915551,-18.989499535525113,-20.340289482650824,0.03376959121021167,-0.628053172139205,0.6405,H1 FRキャリー(横断),half-maker,12,72.0,5.0,
"H1 FRキャリー(横断) {'lookback': 72, 'top_n': 5} hold=12",full,5279,-0.029976364204558743,0.13419292967324997,0.16416929387780874,-0.09749410349284904,0.4365302008172426,-2.6259295043193456,-23.11590911674336,0.028703127396061668,4.675202385495543,0.54225,H1 FRキャリー(横断),half-maker,12,72.0,5.0,
"H1 FRキャリー(横断) {'lookback': 72, 'top_n': 5} hold=12",train,3168,0.119272787248046,0.15755741928267822,0.038284632034632025,0.409053043515696,0.5404529192112169,10.44829616292883,-12.585039495674064,0.025523088023088024,6.17313309189518,0.3675,H1 FRキャリー(横断),maker-only(理論上限),12,72.0,5.0,
"H1 FRキャリー(横断) {'lookback': 72, 'top_n': 5} hold=12",test,2063,-0.07186348569673523,-0.021209098881417657,0.0506543868153175,-0.2212719656301254,-0.0652906710915551,-6.295241347034006,-19.634956149317485,0.03376959121021167,-0.628053172139205,0.5555,H1 FRキャリー(横断),maker-only(理論上限),12,72.0,5.0,
"H1 FRキャリー(横断) {'lookback': 72, 'top_n': 5} hold=12",full,5279,0.0911382385791576,0.13419292967324997,0.04305469109409249,0.2964695535818383,0.4365302008172426,7.983709699534206,-21.6411293548386,0.028703127396061668,4.675202385495543,0.42325,H1 FRキャリー(横断),maker-only(理論上限),12,72.0,5.0,
"H1 FRキャリー(横断) {'lookback': 72, 'top_n': 5} hold=24",train,3168,0.07062011647966553,0.268947794299531,0.1983276778198653,0.248415120269877,0.9471208343415902,6.1863222036187,-14.87240054624337,0.020346696127946127,13.218253843685806,0.44225,H1 FRキャリー(横断),taker,24,72.0,5.0,
"H1 FRキャリー(横断) {'lookback': 72, 'top_n': 5} hold=24",test,2063,0.3516628276025976,0.607262335946895,0.2555995083442975,1.0928510904748618,1.8848717554589607,30.80566369798755,-20.14463327829989,0.025609953142672486,23.71196591277813,0.3385,H1 FRキャリー(横断),taker,24,72.0,5.0,
"H1 FRキャリー(横断) {'lookback': 72, 'top_n': 5} hold=24",full,5279,0.22267926863786386,0.44322366512348976,0.22054439648562588,0.736678023055048,1.4662650330304787,19.506703932676874,-22.918794207343314,0.022407968680937047,19.77973422912492,0.312,H1 FRキャリー(横断),taker,24,72.0,5.0,
"H1 FRキャリー(横断) {'lookback': 72, 'top_n': 5} hold=24",train,3168,0.15452393329363853,0.268947794299531,0.11442386100589226,0.5439467805047271,0.9471208343415902,13.536296556522737,-14.362275546243364,0.020346696127946127,13.218253843685806,0.3815,H1 FRキャリー(横断),half-maker,24,72.0,5.0,
"H1 FRキャリー(横断) {'lookback': 72, 'top_n': 5} hold=24",test,2063,0.46025511691774185,0.607262335946895,0.1470072190291531,1.4299394212438186,1.8848717554589607,40.31834824199419,-19.590299944966553,0.025609953142672486,23.71196591277813,0.286,H1 FRキャリー(横断),half-maker,24,72.0,5.0,
"H1 FRキャリー(横断) {'lookback': 72, 'top_n': 5} hold=24",full,5279,0.31614549036997397,0.44322366512348976,0.1270781747535157,1.0461306778270318,1.4662650330304787,27.694344956409722,-22.00496087400997,0.022407968680937047,19.77973422912492,0.23225,H1 FRキャリー(横断),half-maker,24,72.0,5.0,
"H1 FRキャリー(横断) {'lookback': 72, 'top_n': 5} hold=24",train,3168,0.23842775010761166,0.268947794299531,0.03052004419191919,0.8396004880332132,0.9471208343415902,20.88627090942678,-13.929176452122935,0.020346696127946127,13.218253843685806,0.32025,H1 FRキャリー(横断),maker-only(理論上限),24,72.0,5.0,
"H1 FRキャリー(横断) {'lookback': 72, 'top_n': 5} hold=24",test,2063,0.5688474062328864,0.607262335946895,0.03841492971400872,1.7661907771714307,1.8848717554589607,49.83103278600085,-19.035966611633214,0.025609953142672486,23.71196591277813,0.23475,H1 FRキャリー(横断),maker-only(理論上限),24,72.0,5.0,
"H1 FRキャリー(横断) {'lookback': 72, 'top_n': 5} hold=24",full,5279,0.4096117121020842,0.44322366512348976,0.03361195302140557,1.3552427797794473,1.4662650330304787,35.88198598014258,-21.091127540676645,0.022407968680937047,19.77973422912492,0.1695,H1 FRキャリー(横断),maker-only(理論上限),24,72.0,5.0,
"H2 FR順張り(横断) {'lookback': 1, 'top_n': 3} hold=1",train,3168,-4.089208763095441,-0.6014536073715356,3.4877551557239057,-7.747758732558261,-1.143008323181094,-358.21468764716064,-131.7633289866907,0.3770517676767677,-1.5951486213085182,1.0,H2 FR順張り(横断),taker,1,1.0,3.0,
"H2 FR順張り(横断) {'lookback': 1, 'top_n': 3} hold=1",test,2063,-6.827499213085939,-1.6576414008384037,5.169857812247536,-12.466269401636605,-3.034297515670494,-598.0889310663282,-142.63333408148756,0.5629342381644854,-2.9446448420748794,1.0,H2 FR順張り(横断),taker,1,1.0,3.0,
"H2 FR順張り(横断) {'lookback': 1, 'top_n': 3} hold=1",full,5279,-5.308655483377954,-1.1416099570787814,4.167045526299172,-9.889253445311425,-2.1334331613529107,-465.03822034390873,-281.3709695625026,0.4529266906611101,-2.5205181779250885,1.0,H2 FR順張り(横断),taker,1,1.0,3.0,
"H2 FR順張り(横断) {'lookback': 1, 'top_n': 3} hold=1",train,3168,-2.628120010991064,-0.6014536073715356,2.026666403619529,-4.988766282977856,-1.143008323181094,-230.2233129628172,-86.73403432560407,0.3770517676767677,-1.5951486213085182,0.99975,H2 FR順張り(横断),half-maker,1,1.0,3.0,
"H2 FR順張り(横断) {'lookback': 1, 'top_n': 3} hold=1",test,2063,-4.664770985585536,-1.6576414008384037,3.007129584747132,-8.530306154784983,-3.034297515670494,-408.63393833729293,-99.33083408148747,0.5629342381644854,-2.9446448420748794,1.0,H2 FR順張り(横断),half-maker,1,1.0,3.0,
"H2 FR順張り(横断) {'lookback': 1, 'top_n': 3} hold=1",full,5279,-3.5648277382242,-1.1416099570787814,2.4232177811454187,-6.6534305124417195,-2.1334331613529107,-312.27890986843994,-189.92209156808147,0.4529266906611101,-2.5205181779250885,1.0,H2 FR順張り(横断),half-maker,1,1.0,3.0,
"H2 FR順張り(横断) {'lookback': 1, 'top_n': 3} hold=1",train,3168,-1.1670312588866871,-0.6014536073715356,0.5655776515151515,-2.2176345762585163,-1.143008323181094,-102.23193827847379,-48.32782095470246,0.3770517676767677,-1.5951486213085182,0.94525,H2 FR順張り(横断),maker-only(理論上限),1,1.0,3.0,
"H2 FR順張り(横断) {'lookback': 1, 'top_n': 3} hold=1",test,2063,-2.5020427580851314,-1.6576414008384037,0.8444013572467279,-4.578982918175632,-3.034297515670494,-219.17894560825752,-58.67678877072732,0.5629342381644854,-2.9446448420748794,0.9785,H2 FR順張り(横断),maker-only(理論上限),1,1.0,3.0,
"H2 FR順張り(横断) {'lookback': 1, 'top_n': 3} hold=1",full,5279,-1.8209999930704466,-1.1416099570787814,0.6793900359916651,-3.4024235228252593,-2.1334331613529107,-159.51959939297112,-106.26979834879577,0.4529266906611101,-2.5205181779250885,0.99425,H2 FR順張り(横断),maker-only(理論上限),1,1.0,3.0,
"H2 FR順張り(横断) {'lookback': 1, 'top_n': 3} hold=2",train,3168,-3.1698347895795917,-0.8585053493439021,2.31132944023569,-6.438352571094202,-1.7583852353470495,-277.67752756717226,-104.10999982190631,0.24936868686868688,-3.442715122432255,1.0,H2 FR順張り(横断),taker,2,1.0,3.0,
"H2 FR順張り(横断) {'lookback': 1, 'top_n': 3} hold=2",test,2063,-5.829597020534557,-2.4801665794293712,3.3494304411051865,-10.685866760044275,-4.57171813300709,-510.6726989988272,-123.2880273343015,0.3654871546291808,-6.785919964672139,1.0,H2 FR順張り(横断),taker,2,1.0,3.0,
"H2 FR順張り(横断) {'lookback': 1, 'top_n': 3} hold=2",full,5279,-4.325950873388213,-1.5946254961071622,2.731325377281051,-8.386295080905223,-3.1142166753561873,-378.9532965088074,-229.302680412673,0.2968365220685735,-5.372066364996625,1.0,H2 FR順張り(横断),taker,2,1.0,3.0,
"H2 FR順張り(横断) {'lookback': 1, 'top_n': 3} hold=2",train,3168,-2.201196584613262,-0.8585053493439021,1.3426912352693603,-4.4896736422393175,-1.7583852353470495,-192.82482081212177,-80.78138402916495,0.24936868686868688,-3.442715122432255,0.9975,H2 FR順張り(横断),half-maker,2,1.0,3.0,
"H2 FR順張り(横断) {'lookback': 1, 'top_n': 3} hold=2",test,2063,-4.42899716595385,-2.4801665794293712,1.9488305865244788,-8.14432022362742,-4.57171813300709,-387.98015173755726,-95.26573566763476,0.3654871546291808,-6.785919964672139,1.0,H2 FR順張り(横断),half-maker,2,1.0,3.0,
"H2 FR順張り(横断) {'lookback': 1, 'top_n': 3} hold=2",full,5279,-3.1829155762991177,-1.5946254961071622,1.5882900801919555,-6.1941735444792885,-3.1142166753561873,-278.82340448380273,-175.93260628659857,0.2968365220685735,-5.372066364996625,1.0,H2 FR順張り(横断),half-maker,2,1.0,3.0,
"H2 FR順張り(横断) {'lookback': 1, 'top_n': 3} hold=2",train,3168,-1.2325583796469322,-0.8585053493439021,0.37405303030303033,-2.5219415413484407,-1.7583852353470495,-107.97211405707125,-57.8395090291649,0.24936868686868688,-3.442715122432255,0.94775,H2 FR順張り(横断),maker-only(理論上限),2,1.0,3.0,
"H2 FR順張り(横断) {'lookback': 1, 'top_n': 3} hold=2",test,2063,-3.0283973113731415,-2.4801665794293712,0.5482307319437713,-5.579743387902481,-4.57171813300709,-265.2876044762872,-68.66104859412087,0.3654871546291808,-6.785919964672139,0.99625,H2 FR順張り(横断),maker-only(理論上限),2,1.0,3.0,
"H2 FR順張り(横断) {'lookback': 1, 'top_n': 3} hold=2",full,5279,-2.0398802792100224,-1.5946254961071622,0.44525478310286043,-3.9805660660694326,-3.1142166753561873,-178.69351245879795,-124.36687754641768,0.2968365220685735,-5.372066364996625,0.99725,H2 FR順張り(横断),maker-only(理論上限),2,1.0,3.0,
"H2 FR順張り(横断) {'lookback': 1, 'top_n': 3} hold=3",train,3168,-1.3251471968955146,0.4278120834075157,1.75295928030303,-2.5192370240857667,0.8161876024615715,-116.08289444804709,-52.19926176836035,0.18849957912457913,2.2695651915741166,0.9585,H2 FR順張り(横断),taker,3,1.0,3.0,
"H2 FR順張り(横断) {'lookback': 1, 'top_n': 3} hold=3",test,2063,-4.030765464045546,-1.4312542344446417,2.5995112296009046,-7.620883073568015,-2.7098308158078344,-353.0950546503898,-89.0999209216107,0.28243658103086117,-5.067524288888952,0.99975,H2 FR順張り(横断),taker,3,1.0,3.0,
"H2 FR順張り(横断) {'lookback': 1, 'top_n': 3} hold=3",full,5279,-2.4434028169935464,-0.3501165253979167,2.0932862915956303,-4.62146204151255,-0.6640750209752031,-214.0420867686347,-137.18071875909007,0.22668434678285027,-1.544511257026966,0.99975,H2 FR順張り(横断),taker,3,1.0,3.0,
"H2 FR順張り(横断) {'lookback': 1, 'top_n': 3} hold=3",train,3168,-0.5900422410874341,0.4278120834075157,1.0178543244949494,-1.1240709236355764,0.8161876024615715,-51.68770031925922,-34.77113676836038,0.18849957912457913,2.2695651915741166,0.81025,H2 FR順張り(横断),half-maker,3,1.0,3.0,
"H2 FR順張り(横断) {'lookback': 1, 'top_n': 3} hold=3",test,2063,-2.9428372850182396,-1.4312542344446417,1.511583050573598,-5.572051420524473,-2.7098308158078344,-257.7925461675978,-67.23762925494403,0.28243658103086117,-5.067524288888952,0.9945,H2 FR順張り(横断),half-maker,3,1.0,3.0,
"H2 FR順張り(横断) {'lookback': 1, 'top_n': 3} hold=3",full,5279,-1.5667729312828695,-0.3501165253979167,1.216656405884953,-2.9690135118110415,-0.6640750209752031,-137.24930878037938,-96.50051042575632,0.22668434678285027,-1.544511257026966,0.986,H2 FR順張り(横断),half-maker,3,1.0,3.0,
"H2 FR順張り(横断) {'lookback': 1, 'top_n': 3} hold=3",train,3168,0.14506271472064694,0.4278120834075157,0.2827493686868686,0.27669265822331923,0.8161876024615715,12.707493809528673,-25.178667276661237,0.18849957912457913,2.2695651915741166,0.46875,H2 FR順張り(横断),maker-only(理論上限),3,1.0,3.0,
"H2 FR順張り(横断) {'lookback': 1, 'top_n': 3} hold=3",test,2063,-1.8549091059909335,-1.4312542344446417,0.42365487154629183,-3.512737150952047,-2.7098308158078344,-162.49003768480577,-50.38178219143832,0.28243658103086117,-5.067524288888952,0.9425,H2 FR順張り(横断),maker-only(理論上限),3,1.0,3.0,
"H2 FR順張り(横断) {'lookback': 1, 'top_n': 3} hold=3",full,5279,-0.690143045572192,-0.3501165253979167,0.3400265201742754,-1.3089313794065442,-0.6640750209752031,-60.456530792124006,-60.84934781308561,0.22668434678285027,-1.544511257026966,0.84575,H2 FR順張り(横断),maker-only(理論上限),3,1.0,3.0,
"H2 FR順張り(横断) {'lookback': 1, 'top_n': 3} hold=6",train,3168,-0.4364119208192659,0.5715057980359528,1.0079177188552189,-0.9334916967525739,1.22828317868062,-38.229684263767695,-50.92951464949944,0.10779671717171717,5.301699467578034,0.7145,H2 FR順張り(横断),taker,6,1.0,3.0,
"H2 FR順張り(横断) {'lookback': 1, 'top_n': 3} hold=6",test,2063,-1.1571194447858564,0.3924442973372651,1.5495637421231216,-2.1805060717641,0.7423858229345883,-101.363663363241,-34.260530656540766,0.1662627241880756,2.360386546375446,0.8745,H2 FR順張り(横断),taker,6,1.0,3.0,
"H2 FR順張り(横断) {'lookback': 1, 'top_n': 3} hold=6",full,5279,-0.8535681742831617,0.37420539394314384,1.2277735682263053,-1.7226889862312709,0.758475288484905,-74.77257206720496,-74.29333668321908,0.13181158047610025,2.8389417120371587,0.90625,H2 FR順張り(横断),taker,6,1.0,3.0,
"H2 FR順張り(横断) {'lookback': 1, 'top_n': 3} hold=6",train,3168,-0.013300599270444222,0.5715057980359528,0.5848063973063972,-0.02852251241701375,1.22828317868062,-1.1651324960909137,-43.359514649499445,0.10779671717171717,5.301699467578034,0.518,H2 FR順張り(横断),half-maker,6,1.0,3.0,
"H2 FR順張り(横断) {'lookback': 1, 'top_n': 3} hold=6",test,2063,-0.5070346168653526,0.3924442973372651,0.8994789142026174,-0.9576847466105598,0.7423858229345883,-44.41623243740489,-29.05336054446803,0.1662627241880756,2.360386546375446,0.692,H2 FR順張り(横断),half-maker,6,1.0,3.0,
"H2 FR順張り(横断) {'lookback': 1, 'top_n': 3} hold=6",full,5279,-0.3385400755270843,0.37420539394314384,0.7127454694702279,-0.6849029663036652,0.758475288484905,-29.656110616172583,-54.318666571146345,0.13181158047610025,2.8389417120371587,0.70825,H2 FR順張り(横断),half-maker,6,1.0,3.0,
"H2 FR順張り(横断) {'lookback': 1, 'top_n': 3} hold=6",train,3168,0.40981072227837706,0.5715057980359528,0.16169507575757575,0.8803702070313394,1.22828317868062,35.89941927158583,-35.78951464949944,0.10779671717171717,5.301699467578034,0.32625,H2 FR順張り(横断),maker-only(理論上限),6,1.0,3.0,
"H2 FR順張り(横断) {'lookback': 1, 'top_n': 3} hold=6",test,2063,0.14305021105515134,0.3924442973372651,0.2493940862821134,0.27054222511362647,0.7423858229345883,12.531198488431258,-26.198152211134683,0.1662627241880756,2.360386546375446,0.448,H2 FR順張り(横断),maker-only(理論上限),6,1.0,3.0,
"H2 FR順張り(横断) {'lookback': 1, 'top_n': 3} hold=6",full,5279,0.17648802322899332,0.37420539394314384,0.19771737071415038,0.35759939855942524,0.758475288484905,15.460350834859815,-36.695958237812974,0.13181158047610025,2.8389417120371587,0.38375,H2 FR順張り(横断),maker-only(理論上限),6,1.0,3.0,
"H2 FR順張り(横断) {'lookback': 1, 'top_n': 3} hold=12",train,3168,-0.22049919243321275,0.35531099275197253,0.5758101851851852,-0.4923017108967306,0.794560651069465,-19.315729257149435,-39.21274737542749,0.0609743265993266,5.827222907877044,0.65325,H2 FR順張り(横断),taker,12,1.0,3.0,
"H2 FR順張り(横断) {'lookback': 1, 'top_n': 3} hold=12",test,2063,0.4336625968658068,1.2919797724999964,0.8583171756341896,0.8208984111591112,2.4512157973404305,37.988843485444676,-20.003661099730564,0.09193730812732265,14.052834467491177,0.32275,H2 FR順張り(横断),taker,12,1.0,3.0,
"H2 FR順張り(横断) {'lookback': 1, 'top_n': 3} hold=12",full,5279,-0.06589141932034241,0.6239882927463368,0.6898797120666793,-0.13629550445417019,1.2931386806646121,-5.772088332461996,-39.21274737542749,0.07365662688640524,8.471583876745596,0.54225,H2 FR順張り(横断),taker,12,1.0,3.0,
"H2 FR順張り(横断) {'lookback': 1, 'top_n': 3} hold=12",train,3168,0.021675155209884996,0.35531099275197253,0.3336358375420875,0.04844531321523992,0.794560651069465,1.8987435963859256,-34.7552473754275,0.0609743265993266,5.827222907877044,0.52925,H2 FR順張り(横断),half-maker,12,1.0,3.0,
"H2 FR順張り(横断) {'lookback': 1, 'top_n': 3} hold=12",test,2063,0.7938682035874095,1.2919797724999964,0.4981115689125868,1.5048692581713399,2.4512157973404305,69.54285463425708,-18.98178609973057,0.09193730812732265,14.052834467491177,0.19825,H2 FR順張り(横断),half-maker,12,1.0,3.0,
"H2 FR順張り(横断) {'lookback': 1, 'top_n': 3} hold=12",full,5279,0.22380596654819332,0.6239882927463368,0.4001823261981436,0.46350233016893505,1.2931386806646121,19.605402669621736,-34.7552473754275,0.07365662688640524,8.471583876745596,0.362,H2 FR順張り(横断),half-maker,12,1.0,3.0,
"H2 FR順張り(横断) {'lookback': 1, 'top_n': 3} hold=12",train,3168,0.26384950285298264,0.35531099275197253,0.0914614898989899,0.5900180812150895,0.794560651069465,23.11321644992128,-30.29774737542752,0.0609743265993266,5.827222907877044,0.406,H2 FR順張り(横断),maker-only(理論上限),12,1.0,3.0,
"H2 FR順張り(横断) {'lookback': 1, 'top_n': 3} hold=12",test,2063,1.1540738103090125,1.2919797724999964,0.13790596219098397,2.1893062384390722,2.4512157973404305,101.09686578306949,-17.959911099730565,0.09193730812732265,14.052834467491177,0.115,H2 FR順張り(横断),maker-only(理論上限),12,1.0,3.0,
"H2 FR順張り(横断) {'lookback': 1, 'top_n': 3} hold=12",full,5279,0.5135033524167287,0.6239882927463368,0.11048494032960787,1.064105624927236,1.2931386806646121,44.98289367170544,-30.29774737542752,0.07365662688640524,8.471583876745596,0.202,H2 FR順張り(横断),maker-only(理論上限),12,1.0,3.0,
"H2 FR順張り(横断) {'lookback': 1, 'top_n': 3} hold=24",train,3168,0.10481135938457285,0.416167104334068,0.31135574494949486,0.23153086558808053,0.9193108320856648,9.181475082088582,-38.521010805472024,0.032354797979797977,12.862608649076366,0.44475,H2 FR順張り(横断),taker,24,1.0,3.0,
"H2 FR順張り(横断) {'lookback': 1, 'top_n': 3} hold=24",test,2063,-0.9611333199273215,-0.47935112571177796,0.48178219421554364,-1.826161690480436,-0.9120517639586643,-84.19527882563337,-28.720094187351553,0.050735175311035705,-9.44810228353565,0.83625,H2 FR順張り(横断),taker,24,1.0,3.0,
"H2 FR順張り(横断) {'lookback': 1, 'top_n': 3} hold=24",full,5279,-0.33919869607605846,0.041026409688922245,0.3802251057649807,-0.6995386127493189,0.08468172294390211,-29.71380577626272,-48.47704344482938,0.039874976321272966,1.0288760890632807,0.70875,H2 FR順張り(横断),taker,24,1.0,3.0,
"H2 FR順張り(横断) {'lookback': 1, 'top_n': 3} hold=24",train,3168,0.23622313337447215,0.416167104334068,0.17994397095959594,0.5219412671995638,0.9193108320856648,20.693146483603762,-35.95996913880535,0.032354797979797977,12.862608649076366,0.38025,H2 FR順張り(横断),half-maker,24,1.0,3.0,
"H2 FR順張り(横断) {'lookback': 1, 'top_n': 3} hold=24",test,2063,-0.7582936043028267,-0.47935112571177796,0.2789424785910486,-1.4420639907023305,-0.9120517639586643,-66.42651973692762,-25.739052520684886,0.050735175311035705,-9.44810228353565,0.78425,H2 FR順張り(横断),half-maker,24,1.0,3.0,
"H2 FR順張り(横断) {'lookback': 1, 'top_n': 3} hold=24",full,5279,-0.17899237543452268,0.041026409688922245,0.22001878512344508,-0.36937125411739674,0.08468172294390211,-15.679732088064185,-41.89308511149604,0.039874976321272966,1.0288760890632807,0.61175,H2 FR順張り(横断),half-maker,24,1.0,3.0,
"H2 FR順張り(横断) {'lookback': 1, 'top_n': 3} hold=24",train,3168,0.3676349073643708,0.416167104334068,0.04853219696969697,0.8122209261506925,0.9193108320856648,32.204817885118885,-33.493904856830845,0.032354797979797977,12.862608649076366,0.3215,H2 FR順張り(横断),maker-only(理論上限),24,1.0,3.0,
"H2 FR順張り(横断) {'lookback': 1, 'top_n': 3} hold=24",test,2063,-0.5554538886783316,-0.47935112571177796,0.07610276296655355,-1.056801167613248,-0.9120517639586643,-48.657760648221846,-22.93505077267203,0.050735175311035705,-9.44810228353565,0.715,H2 FR順張り(横断),maker-only(理論上限),24,1.0,3.0,
"H2 FR順張り(横断) {'lookback': 1, 'top_n': 3} hold=24",full,5279,-0.018786054792987086,0.041026409688922245,0.05981246448190945,-0.038776624311942884,0.08468172294390211,-1.6456583998656689,-35.58114408150872,0.039874976321272966,1.0288760890632807,0.51725,H2 FR順張り(横断),maker-only(理論上限),24,1.0,3.0,
"H2 FR順張り(横断) {'lookback': 1, 'top_n': 5} hold=1",train,3168,-3.680416370300036,-0.39010486612134415,3.290311504178692,-7.600334760387594,-0.8094489696062572,-322.4044740382832,-120.41795583991379,0.360829149631233,-1.0811345660959788,1.0,H2 FR順張り(横断),taker,1,1.0,5.0,
"H2 FR順張り(横断) {'lookback': 1, 'top_n': 5} hold=1",test,2063,-6.621825316604463,-1.5340829511173093,5.087742365487153,-13.119075312531134,-3.04472587950929,-580.071897734551,-137.5806809539298,0.5596623040878979,-2.741086794504519,1.0,H2 FR順張り(横断),taker,1,1.0,5.0,
"H2 FR順張り(横断) {'lookback': 1, 'top_n': 5} hold=1",full,5279,-4.909798424934625,-0.8978425282550596,4.0119558966795665,-9.975582605392358,-1.8315666319419714,-430.09834202427317,-261.11073454973535,0.4412527775522661,-2.03475779401459,1.0,H2 FR順張り(横断),taker,1,1.0,5.0,
"H2 FR順張り(横断) {'lookback': 1, 'top_n': 5} hold=1",train,3168,-2.3058824804341147,-0.39010486612134415,1.9157776143127703,-4.774119181506257,-0.8094489696062572,-201.99530528602844,-81.11789293557469,0.360829149631233,-1.0811345660959788,0.9995,H2 FR順張り(横断),half-maker,1,1.0,5.0,
"H2 FR順張り(横断) {'lookback': 1, 'top_n': 5} hold=1",test,2063,-4.497700861926809,-1.5340829511173093,2.9636179108095,-8.921354766814991,-3.04472587950929,-393.9985955047885,-94.98938928726334,0.5596623040878979,-2.741086794504519,1.0,H2 FR順張り(横断),half-maker,1,1.0,5.0,
"H2 FR順張り(横断) {'lookback': 1, 'top_n': 5} hold=1",full,5279,-3.234760059759042,-0.8978425282550596,2.3369175315039827,-6.587077245137457,-1.8315666319419714,-283.36498123489207,-176.32915081206275,0.4412527775522661,-2.03475779401459,1.0,H2 FR順張り(横断),half-maker,1,1.0,5.0,
"H2 FR順張り(横断) {'lookback': 1, 'top_n': 5} hold=1",train,3168,-0.9313485905681934,-0.39010486612134415,0.5412437244468493,-1.9318147032447779,-0.8094489696062572,-81.58613653377374,-46.91856033723285,0.360829149631233,-1.0811345660959788,0.922,H2 FR順張り(横断),maker-only(理論上限),1,1.0,5.0,
"H2 FR順張り(横断) {'lookback': 1, 'top_n': 5} hold=1",test,2063,-2.3735764072491565,-1.5340829511173093,0.8394934561318468,-4.710453514537312,-3.04472587950929,-207.9252932750261,-59.26542039398831,0.5596623040878979,-2.741086794504519,0.97825,H2 FR順張り(横断),maker-only(理論上限),1,1.0,5.0,
"H2 FR順張り(横断) {'lookback': 1, 'top_n': 5} hold=1",full,5279,-1.5597216945834584,-0.8978425282550596,0.6618791663283989,-3.1807931472217668,-1.8315666319419714,-136.63162044551095,-98.81328125714472,0.4412527775522661,-2.03475779401459,0.99275,H2 FR順張り(横断),maker-only(理論上限),1,1.0,5.0,
"H2 FR順張り(横断) {'lookback': 1, 'top_n': 5} hold=2",train,3168,-2.9492446379348403,-0.7618186355999836,2.187426002334856,-6.666541160657428,-1.7386932708760952,-258.353830283092,-103.95758002540983,0.2396137716450217,-3.1793608120679635,1.0,H2 FR順張り(横断),taker,2,1.0,5.0,
"H2 FR順張り(横断) {'lookback': 1, 'top_n': 5} hold=2",test,2063,-5.321495751180155,-2.0330222498067503,3.2884735013734048,-10.466046446627292,-4.017862945168886,-466.1630278033815,-111.3572169180458,0.36239295524317344,-5.609993848921674,1.0,H2 FR順張り(横断),taker,2,1.0,5.0,
"H2 FR順張り(横断) {'lookback': 1, 'top_n': 5} hold=2",full,5279,-3.905189662404788,-1.2760003130210367,2.629189349383752,-8.312902896324589,-2.737187603027069,-342.09461442665946,-213.31169176439442,0.289280753028622,-4.410940927323938,1.0,H2 FR順張り(横断),taker,2,1.0,5.0,
"H2 FR順張り(横断) {'lookback': 1, 'top_n': 5} hold=2",train,3168,-2.035241965501178,-0.7618186355999836,1.2734233299011946,-4.622502646605681,-1.7386932708760952,-178.2871961779032,-81.64045452937796,0.2396137716450217,-3.1793608120679635,0.99825,H2 FR順張り(横断),half-maker,2,1.0,5.0,
"H2 FR順張り(横断) {'lookback': 1, 'top_n': 5} hold=2",test,2063,-3.949053716925832,-2.0330222498067503,1.9160314671190821,-7.788982842537618,-4.017862945168886,-345.9371056027029,-84.046050651505,0.36239295524317344,-5.609993848921674,1.0,H2 FR順張り(横断),half-maker,2,1.0,5.0,
"H2 FR順張り(横断) {'lookback': 1, 'top_n': 5} hold=2",full,5279,-2.807555552484379,-1.2760003130210367,1.5315552394633425,-6.000454973513507,-2.737187603027069,-245.94186639763157,-161.79331666848822,0.289280753028622,-4.410940927323938,1.0,H2 FR順張り(横断),half-maker,2,1.0,5.0,
"H2 FR順張り(横断) {'lookback': 1, 'top_n': 5} hold=2",train,3168,-1.121239293067516,-0.7618186355999836,0.3594206574675324,-2.555936279061777,-1.7386932708760952,-98.2205620727144,-59.32332903334616,0.2396137716450217,-3.1793608120679635,0.941,H2 FR順張り(横断),maker-only(理論上限),2,1.0,5.0,
"H2 FR順張り(横断) {'lookback': 1, 'top_n': 5} hold=2",test,2063,-2.57661168267151,-2.0330222498067503,0.5435894328647599,-5.090363781696855,-4.017862945168886,-225.71118340202432,-59.80276146075584,0.36239295524317344,-5.609993848921674,0.9925,H2 FR順張り(横断),maker-only(理論上限),2,1.0,5.0,
"H2 FR順張り(横断) {'lookback': 1, 'top_n': 5} hold=2",full,5279,-1.7099214425639695,-1.2760003130210367,0.4339211295429328,-3.6649091576351456,-2.737187603027069,-149.7891183686037,-113.34281864837416,0.289280753028622,-4.410940927323938,0.996,H2 FR順張り(横断),maker-only(理論上限),2,1.0,5.0,
"H2 FR順張り(横断) {'lookback': 1, 'top_n': 5} hold=3",train,3168,-1.3408364643184798,0.33670566706479743,1.6775421313832772,-2.7950404149753987,0.704991852710779,-117.45727427429881,-53.66860624908183,0.18288264590347925,1.8411023386139223,0.971,H2 FR順張り(横断),taker,3,1.0,5.0,
"H2 FR順張り(横断) {'lookback': 1, 'top_n': 5} hold=3",test,2063,-3.8248714327992306,-1.326050944836716,2.498820487962514,-7.91348788807348,-2.7526704979516934,-335.05873751321263,-83.13727716592237,0.27310550977540804,-4.855452919742307,1.0,H2 FR順張り(横断),taker,3,1.0,5.0,
"H2 FR順張り(横断) {'lookback': 1, 'top_n': 5} hold=3",full,5279,-2.3230481974641224,-0.31519014880170704,2.007858048662415,-4.829023735079679,-0.6578841437601355,-203.4990220978571,-131.52722501333574,0.21945233735345498,-1.4362578799698749,0.99975,H2 FR順張り(横断),taker,3,1.0,5.0,
"H2 FR順張り(横断) {'lookback': 1, 'top_n': 5} hold=3",train,3168,-0.6392273830544505,0.33670566706479743,0.9759330501192479,-1.335824104901053,0.704991852710779,-55.99631875556986,-36.808151387970646,0.18288264590347925,1.8411023386139223,0.84475,H2 FR順張り(横断),half-maker,3,1.0,5.0,
"H2 FR順張り(横断) {'lookback': 1, 'top_n': 5} hold=3",test,2063,-2.7802903211495296,-1.326050944836716,1.4542393763128132,-5.765690978728732,-2.7526704979516934,-243.5534321326988,-62.18658966592226,0.27310550977540804,-4.855452919742307,0.997,H2 FR順張り(横断),half-maker,3,1.0,5.0,
"H2 FR順張り(横断) {'lookback': 1, 'top_n': 5} hold=3",full,5279,-1.483708426148006,-0.31519014880170704,1.1685182773462988,-3.091909786064028,-0.6578841437601355,-129.97285813056533,-92.31699931889126,0.21945233735345498,-1.4362578799698749,0.99275,H2 FR順張り(横断),half-maker,3,1.0,5.0,
"H2 FR順張り(横断) {'lookback': 1, 'top_n': 5} hold=3",train,3168,0.06238169820957859,0.33670566706479743,0.2743239688552188,0.1305686626251121,0.704991852710779,5.464636763159084,-22.216395356920053,0.18288264590347925,1.8411023386139223,0.4855,H2 FR順張り(横断),maker-only(理論上限),3,1.0,5.0,
"H2 FR順張り(横断) {'lookback': 1, 'top_n': 5} hold=3",test,2063,-1.7357092094998279,-1.326050944836716,0.4096582646631119,-3.6029373035124266,-2.7526704979516934,-152.0481267521849,-46.3144704296874,0.27310550977540804,-4.855452919742307,0.96025,H2 FR順張り(横断),maker-only(理論上限),3,1.0,5.0,
"H2 FR順張り(横断) {'lookback': 1, 'top_n': 5} hold=3",full,5279,-0.6443686548318895,-0.31519014880170704,0.3291785060301824,-1.3446522300192083,-0.6578841437601355,-56.44669416327353,-56.48124930013023,0.21945233735345498,-1.4362578799698749,0.8615,H2 FR順張り(横断),maker-only(理論上限),3,1.0,5.0,
"H2 FR順張り(横断) {'lookback': 1, 'top_n': 5} hold=6",train,3168,-0.531722281350804,0.4397430227316878,0.9714653040824917,-1.2678288942628508,1.0543250042112904,-46.57887184633043,-53.06890789197549,0.10483743686868686,4.194522833312719,0.76375,H2 FR順張り(横断),taker,6,1.0,5.0,
"H2 FR順張り(横断) {'lookback': 1, 'top_n': 5} hold=6",test,2063,-1.122538831933274,0.31759689273953234,1.4401357246728068,-2.284021218731053,0.6485173184819767,-98.33440167735482,-31.036655032553952,0.15688317983519146,2.0244164675472125,0.89,H2 FR順張り(横断),taker,6,1.0,5.0,
"H2 FR順張り(横断) {'lookback': 1, 'top_n': 5} hold=6",full,5279,-0.8296824704836733,0.33011144566206135,1.1597939161457347,-1.845715866347758,0.7376616534166921,-72.68018441436978,-77.59115878569267,0.12595662057207804,2.6208344123773686,0.9145,H2 FR順張り(横断),taker,6,1.0,5.0,
"H2 FR順張り(横断) {'lookback': 1, 'top_n': 5} hold=6",train,3168,-0.1246177069610731,0.4397430227316878,0.5643607296927609,-0.2980044504291648,1.0543250042112904,-10.916511129790003,-45.76731414197549,0.10483743686868686,4.194522833312719,0.576,H2 FR順張り(横断),half-maker,6,1.0,5.0,
"H2 FR順張り(横断) {'lookback': 1, 'top_n': 5} hold=6",test,2063,-0.5201333544732648,0.31759689273953234,0.8377302472127969,-1.0606503013597546,0.6485173184819767,-45.56368185185799,-27.001744776876084,0.15688317983519146,2.0244164675472125,0.723,H2 FR順張り(横断),half-maker,6,1.0,5.0,
"H2 FR順張り(横断) {'lookback': 1, 'top_n': 5} hold=6",full,5279,-0.3442529778398645,0.33011144566206135,0.6743644235019258,-0.7677723920552827,0.7376616534166921,-30.15656085877213,-59.964688077066455,0.12595662057207804,2.6208344123773686,0.72525,H2 FR順張り(横断),half-maker,6,1.0,5.0,
"H2 FR順張り(横断) {'lookback': 1, 'top_n': 5} hold=6",train,3168,0.2824868674286576,0.4397430227316878,0.1572561553030303,0.6769255181154519,1.0543250042112904,24.745849586750403,-38.4657203919755,0.10483743686868686,4.194522833312719,0.37775,H2 FR順張り(横断),maker-only(理論上限),6,1.0,5.0,
"H2 FR順張り(横断) {'lookback': 1, 'top_n': 5} hold=6",test,2063,0.08227212298674524,0.31759689273953234,0.23532476975278716,0.1679660326416999,0.6485173184819767,7.207037973638884,-24.527054945234493,0.15688317983519146,2.0244164675472125,0.4795,H2 FR順張り(横断),maker-only(理論上限),6,1.0,5.0,
"H2 FR順張り(横断) {'lookback': 1, 'top_n': 5} hold=6",full,5279,0.14117651480394436,0.33011144566206135,0.18893493085811705,0.31536310940606876,0.7376616534166921,12.367062696825526,-42.98686516039979,0.12595662057207804,2.6208344123773686,0.399,H2 FR順張り(横断),maker-only(理論上限),6,1.0,5.0,
"H2 FR順張り(横断) {'lookback': 1, 'top_n': 5} hold=12",train,3168,-0.4185009818177232,0.14422721157453247,0.562728193392256,-1.043192269416561,0.36030445054491234,-36.660686007232556,-43.13564404569536,0.06033775252525253,2.3903311863359606,0.73525,H2 FR順張り(横断),taker,12,1.0,5.0,
"H2 FR順張り(横断) {'lookback': 1, 'top_n': 5} hold=12",test,2063,0.44800841511552864,1.2801359801502679,0.8321275650347392,0.9161092228020087,2.6267139138294784,39.24553716412031,-13.277467699872386,0.09016804007109387,14.19722530445302,0.3125,H2 FR順張り(横断),taker,12,1.0,5.0,
"H2 FR順張り(横断) {'lookback': 1, 'top_n': 5} hold=12",full,5279,-0.13474334293634083,0.5360777563880261,0.670821099324367,-0.30752704422927085,1.2268249926640376,-11.803516841223455,-43.13564404569536,0.0724695333712193,7.397284506331943,0.59125,H2 FR順張り(横断),taker,12,1.0,5.0,
"H2 FR順張り(横断) {'lookback': 1, 'top_n': 5} hold=12",train,3168,-0.18239019951553484,0.14422721157453247,0.32661741109006737,-0.45526743987513246,0.36030445054491234,-15.97738147756085,-38.66207519020314,0.06033775252525253,2.3903311863359606,0.62675,H2 FR順張り(横断),half-maker,12,1.0,5.0,
"H2 FR順張り(横断) {'lookback': 1, 'top_n': 5} hold=12",test,2063,0.7964461675795779,1.2801359801502679,0.48368981257069005,1.6317731591381452,2.6267139138294784,69.76868427997101,-12.267676033205724,0.09016804007109387,14.19722530445302,0.18975,H2 FR順張り(横断),half-maker,12,1.0,5.0,
"H2 FR順張り(横断) {'lookback': 1, 'top_n': 5} hold=12",full,5279,0.14631505669742825,0.5360777563880261,0.38976269969059796,0.3344768224183044,1.2268249926640376,12.817198966694715,-38.66207519020314,0.0724695333712193,7.397284506331943,0.3955,H2 FR順張り(横断),half-maker,12,1.0,5.0,
"H2 FR順張り(横断) {'lookback': 1, 'top_n': 5} hold=12",train,3168,0.0537205827866536,0.14422721157453247,0.09050662878787878,0.13419107672731395,0.36030445054491234,4.7059230521108555,-34.2025856068698,0.06033775252525253,2.3903311863359606,0.49575,H2 FR順張り(横断),maker-only(理論上限),12,1.0,5.0,
"H2 FR順張り(横断) {'lookback': 1, 'top_n': 5} hold=12",test,2063,1.1448839200436272,1.2801359801502679,0.1352520601066408,2.3485438023041216,2.6267139138294784,100.29183139582175,-11.257884366539063,0.09016804007109387,14.19722530445302,0.10775,H2 FR順張り(横断),maker-only(理論上限),12,1.0,5.0,
"H2 FR順張り(横断) {'lookback': 1, 'top_n': 5} hold=12",full,5279,0.427373456331197,0.5360777563880261,0.10870430005682893,0.9778914411902836,1.2268249926640376,37.43791477461286,-34.2025856068698,0.0724695333712193,7.397284506331943,0.22025,H2 FR順張り(横断),maker-only(理論上限),12,1.0,5.0,
"H2 FR順張り(横断) {'lookback': 1, 'top_n': 5} hold=24",train,3168,-0.037519215587405313,0.2613115398839751,0.2988307554713805,-0.0926806032778562,0.6459190442681266,-3.2866832854567054,-37.412446688479015,0.031518308080808084,8.290785762167582,0.529,H2 FR順張り(横断),taker,24,1.0,5.0,
"H2 FR順張り(横断) {'lookback': 1, 'top_n': 5} hold=24",test,2063,-1.194196396983357,-0.7202890613879455,0.47390733559541126,-2.43638262314678,-1.4730414375637253,-104.61160437574206,-30.830845496854387,0.05028275973501374,-14.324771853888155,0.90975,H2 FR順張り(横断),taker,24,1.0,5.0,
"H2 FR順張り(横断) {'lookback': 1, 'top_n': 5} hold=24",full,5279,-0.48785876691884056,-0.11913047241861957,0.36872829450022104,-1.1072954400660588,-0.2708257403847602,-42.73642798209043,-54.56737414882936,0.03909515691103113,-3.0471925893461655,0.80625,H2 FR順張り(横断),taker,24,1.0,5.0,
"H2 FR順張り(横断) {'lookback': 1, 'top_n': 5} hold=24",train,3168,0.08825743108767892,0.2613115398839751,0.17305410879629632,0.2181333301525228,0.6459190442681266,7.731350963280674,-34.954592521812344,0.031518308080808084,8.290785762167582,0.44875,H2 FR順張り(横断),half-maker,24,1.0,5.0,
"H2 FR順張り(横断) {'lookback': 1, 'top_n': 5} hold=24",test,2063,-0.9949547989869117,-0.7202890613879455,0.2746657375989659,-2.032616501463342,-1.4730414375637253,-87.15804039125346,-27.864366330187746,0.05028275973501374,-14.324771853888155,0.8635,H2 FR順張り(横断),half-maker,24,1.0,5.0,
"H2 FR順張り(横断) {'lookback': 1, 'top_n': 5} hold=24",full,5279,-0.33281598735200346,-0.11913047241861957,0.21368551493338386,-0.7561317073044549,-0.2708257403847602,-29.1546804920355,-48.19174914882941,0.03909515691103113,-3.0471925893461655,0.718,H2 FR順張り(横断),half-maker,24,1.0,5.0,
"H2 FR順張り(横断) {'lookback': 1, 'top_n': 5} hold=24",train,3168,0.21403407776276312,0.2613115398839751,0.04727746212121212,0.5290931711934809,0.6459190442681266,18.749385212018048,-32.49673835514565,0.031518308080808084,8.290785762167582,0.37825,H2 FR順張り(横断),maker-only(理論上限),24,1.0,5.0,
"H2 FR順張り(横断) {'lookback': 1, 'top_n': 5} hold=24",test,2063,-0.7957132009904662,-0.7202890613879455,0.0754241396025206,-1.6269869734721063,-1.4730414375637253,-69.70447640676484,-25.097202892521636,0.05028275973501374,-14.324771853888155,0.811,H2 FR順張り(横断),maker-only(理論上限),24,1.0,5.0,
"H2 FR順張り(横断) {'lookback': 1, 'top_n': 5} hold=24",full,5279,-0.1777732077851662,-0.11913047241861957,0.05864273536654669,-0.40411172902213305,-0.2708257403847602,-15.57293300198056,-42.015439877829955,0.03909515691103113,-3.0471925893461655,0.6185,H2 FR順張り(横断),maker-only(理論上限),24,1.0,5.0,
"H2 FR順張り(横断) {'lookback': 8, 'top_n': 3} hold=1",train,3168,-2.1669174355331764,-0.823254241088732,1.3436631944444444,-4.440296366632532,-1.6892038095942086,-189.82196735270625,-83.90151701825343,0.14310816498316498,-5.752671353067649,0.99825,H2 FR順張り(横断),taker,1,8.0,3.0,
"H2 FR順張り(横断) {'lookback': 8, 'top_n': 3} hold=1",test,2063,-2.06334409723837,-0.27123309384525346,1.7921110033931167,-4.1552196575818625,-0.5467753223156595,-180.7489429180812,-53.314589882280494,0.19273711423493295,-1.4072696632504287,0.981,H2 FR順張り(横断),taker,1,8.0,3.0,
"H2 FR順張り(横断) {'lookback': 8, 'top_n': 3} hold=1",full,5279,-2.265084933055299,-0.7401875408724361,1.5248973921828628,-4.579855618129238,-1.4983812831549668,-198.4214401356442,-132.65865536815159,0.16338005935467573,-4.530464389571497,0.99975,H2 FR順張り(横断),taker,1,8.0,3.0,
"H2 FR順張り(横断) {'lookback': 8, 'top_n': 3} hold=1",train,3168,-1.6024169620483277,-0.823254241088732,0.7791627209595959,-3.2862880347231562,-1.6892038095942086,-140.37172587543353,-70.11189201825353,0.14310816498316498,-5.752671353067649,0.9865,H2 FR順張り(横断),half-maker,1,8.0,3.0,
"H2 FR順張り(横断) {'lookback': 8, 'top_n': 3} hold=1",test,2063,-1.3118414312180116,-0.27123309384525346,1.0406083373727582,-2.6436328720823035,-0.5467753223156595,-114.91730937469782,-43.35068217735719,0.19273711423493295,-1.4072696632504287,0.91225,H2 FR順張り(横断),half-maker,1,8.0,3.0,
"H2 FR順張り(横断) {'lookback': 8, 'top_n': 3} hold=1",full,5279,-1.6251712814798744,-0.7401875408724361,0.8849837406074382,-3.2884855868206304,-1.4983812831549668,-142.365004257637,-103.49011370148506,0.16338005935467573,-4.530464389571497,0.99425,H2 FR順張り(横断),half-maker,1,8.0,3.0,
"H2 FR順張り(横断) {'lookback': 8, 'top_n': 3} hold=1",train,3168,-1.037916488563479,-0.823254241088732,0.21466224747474752,-2.129578219058603,-1.6892038095942086,-90.92148439816077,-56.47735910580939,0.14310816498316498,-5.752671353067649,0.9255,H2 FR順張り(横断),maker-only(理論上限),1,8.0,3.0,
"H2 FR順張り(横断) {'lookback': 8, 'top_n': 3} hold=1",test,2063,-0.5603387651976526,-0.27123309384525346,0.28910567135239945,-1.1295514339272015,-0.5467753223156595,-49.08567583131437,-35.8022374759215,0.19273711423493295,-1.4072696632504287,0.7165,H2 FR順張り(横断),maker-only(理論上限),1,8.0,3.0,
"H2 FR順張り(横断) {'lookback': 8, 'top_n': 3} hold=1",full,5279,-0.9852576299044496,-0.7401875408724361,0.24507008903201366,-1.994418798625639,-1.4983812831549668,-86.30856837962979,-76.73383566671619,0.16338005935467573,-4.530464389571497,0.94625,H2 FR順張り(横断),maker-only(理論上限),1,8.0,3.0,
"H2 FR順張り(横断) {'lookback': 8, 'top_n': 3} hold=2",train,3168,-2.3511610243802132,-1.1766739662994048,1.174487058080808,-4.8373480848728425,-2.4298772686364365,-205.9617057357067,-85.26037274533516,0.1254313973063973,-9.381016169540763,0.99875,H2 FR順張り(横断),taker,2,8.0,3.0,
"H2 FR順張り(横断) {'lookback': 8, 'top_n': 3} hold=2",test,2063,-1.8262552850287685,-0.24209386961432366,1.5841614154144448,-3.6898021962736824,-0.48994038491212866,-159.97996296852014,-50.75788634208808,0.17123121667474553,-1.4138419052069346,0.97325,H2 FR順張り(横断),taker,2,8.0,3.0,
"H2 FR順張り(横断) {'lookback': 8, 'top_n': 3} hold=2",full,5279,-2.2699758625406297,-0.9306312897048654,1.3393445728357642,-4.608352939181826,-1.8947086788993963,-198.84988555855912,-128.83846750029016,0.14405190376965332,-6.460388688739542,0.99975,H2 FR順張り(横断),taker,2,8.0,3.0,
"H2 FR順張り(横断) {'lookback': 8, 'top_n': 3} hold=2",train,3168,-1.8579910433196072,-1.1766739662994048,0.6813170770202019,-3.8296244932669925,-2.4298772686364365,-162.7600153947976,-73.31345607866847,0.1254313973063973,-9.381016169540763,0.996,H2 FR順張り(横断),half-maker,2,8.0,3.0,
"H2 FR順張り(横断) {'lookback': 8, 'top_n': 3} hold=2",test,2063,-1.1625979898276053,-0.24209386961432366,0.9205041202132817,-2.3513886252660394,-0.48994038491212866,-101.84358390889822,-41.971815070016994,0.17123121667474553,-1.4138419052069346,0.889,H2 FR順張り(横断),half-maker,2,8.0,3.0,
"H2 FR順張り(横断) {'lookback': 8, 'top_n': 3} hold=2",full,5279,-1.7083425039499873,-0.9306312897048654,0.7777112142451222,-3.473354616153389,-1.8947086788993963,-149.65080334601888,-103.28693789488621,0.14405190376965332,-6.460388688739542,0.996,H2 FR順張り(横断),half-maker,2,8.0,3.0,
"H2 FR順張り(横断) {'lookback': 8, 'top_n': 3} hold=2",train,3168,-1.364821062259001,-1.1766739662994048,0.18814709595959597,-2.8170478341349625,-2.4298772686364365,-119.55832505388848,-61.366539412001686,0.1254313973063973,-9.381016169540763,0.9715,H2 FR順張り(横断),maker-only(理論上限),2,8.0,3.0,
"H2 FR順張り(横断) {'lookback': 8, 'top_n': 3} hold=2",test,2063,-0.4989406946264419,-0.24209386961432366,0.25684682501211825,-1.0096661067148585,-0.48994038491212866,-43.707204849276316,-34.064999193458924,0.17123121667474553,-1.4138419052069346,0.7055,H2 FR順張り(横断),maker-only(理論上限),2,8.0,3.0,
"H2 FR順張り(横断) {'lookback': 8, 'top_n': 3} hold=2",full,5279,-1.1467091453593454,-0.9306312897048654,0.21607785565448004,-2.333893754962969,-1.8947086788993963,-100.45172113347867,-78.6146636849947,0.14405190376965332,-6.460388688739542,0.97125,H2 FR順張り(横断),maker-only(理論上限),2,8.0,3.0,
"H2 FR順張り(横断) {'lookback': 8, 'top_n': 3} hold=3",train,3168,-1.7860676706816079,-0.7153027296041665,1.070764941077441,-3.616411934742766,-1.4482985180316859,-156.45952795170885,-71.50472712924835,0.11455702861952861,-6.244075446298966,0.9915,H2 FR順張り(横断),taker,3,8.0,3.0,
"H2 FR順張り(横断) {'lookback': 8, 'top_n': 3} hold=3",test,2063,-1.7284117876624914,-0.321472055880297,1.4069397317821941,-3.488212468456212,-0.6515097925453419,-151.40887259923426,-44.874303924918436,0.1520520277912425,-2.1142240623167297,0.949,H2 FR順張り(横断),taker,3,8.0,3.0,
"H2 FR順張り(横断) {'lookback': 8, 'top_n': 3} hold=3",full,5279,-1.8748031134764902,-0.6676710808945618,1.2071320325819286,-3.7695067833963276,-1.3446372463973184,-164.23275274054055,-112.1720956640655,0.1299362252951948,-5.138452185891327,0.998,H2 FR順張り(横断),taker,3,8.0,3.0,
"H2 FR順張り(横断) {'lookback': 8, 'top_n': 3} hold=3",train,3168,-1.3366029716075336,-0.7153027296041665,0.621300242003367,-2.707178665670403,-1.4482985180316859,-117.08642031281993,-61.64851879591503,0.11455702861952861,-6.244075446298966,0.9655,H2 FR順張り(横断),half-maker,3,8.0,3.0,
"H2 FR順張り(横断) {'lookback': 8, 'top_n': 3} hold=3",test,2063,-1.138980942614826,-0.321472055880297,0.8175088867345289,-2.3035601427033163,-0.6515097925453419,-99.77473057305876,-36.94184559158503,0.1520520277912425,-2.1142240623167297,0.86425,H2 FR順張り(横断),half-maker,3,8.0,3.0,
"H2 FR順張り(横断) {'lookback': 8, 'top_n': 3} hold=3",full,5279,-1.368689266156922,-0.6676710808945618,0.7010181852623604,-2.75474300346251,-1.3446372463973184,-119.8971797153464,-89.19634566406565,0.1299362252951948,-5.138452185891327,0.98375,H2 FR順張り(横断),half-maker,3,8.0,3.0,
"H2 FR順張り(横断) {'lookback': 8, 'top_n': 3} hold=3",train,3168,-0.8871382725334596,-0.7153027296041665,0.1718355429292929,-1.796565228590175,-1.4482985180316859,-77.71331267393106,-51.79231046258176,0.11455702861952861,-6.244075446298966,0.89275,H2 FR順張り(横断),maker-only(理論上限),3,8.0,3.0,
"H2 FR順張り(横断) {'lookback': 8, 'top_n': 3} hold=3",test,2063,-0.5495500975671609,-0.321472055880297,0.22807804168686377,-1.1131976958206495,-0.6515097925453419,-48.14058854688329,-33.37678719927729,0.1520520277912425,-2.1142240623167297,0.69775,H2 FR順張り(横断),maker-only(理論上限),3,8.0,3.0,
"H2 FR順張り(横断) {'lookback': 8, 'top_n': 3} hold=3",full,5279,-0.8625754188373542,-0.6676710808945618,0.1949043379427922,-1.7370201982888114,-1.3446372463973184,-75.56160669015223,-70.58799560509124,0.1299362252951948,-5.138452185891327,0.92,H2 FR順張り(横断),maker-only(理論上限),3,8.0,3.0,
"H2 FR順張り(横断) {'lookback': 8, 'top_n': 3} hold=6",train,3168,-1.8574091596603748,-1.0266050245593645,0.83080413510101,-3.8767357499543453,-2.1493835005675686,-162.70904238624883,-74.3809609805637,0.08921506734006734,-11.507081204637577,0.9945,H2 FR順張り(横断),taker,6,8.0,3.0,
"H2 FR順張り(横断) {'lookback': 8, 'top_n': 3} hold=6",test,2063,-0.3016709508651641,0.8578257368065112,1.1594966876716755,-0.5882530678516148,1.6794950112814007,-26.426375295788375,-33.98541899997278,0.1253029568589433,6.8460135204326225,0.615,H2 FR順張り(横断),taker,6,8.0,3.0,
"H2 FR順張り(横断) {'lookback': 8, 'top_n': 3} hold=6",full,5279,-1.3973417184278456,-0.43345414502379176,0.9638875734040535,-2.8194654424148027,-0.8775901418454017,-122.40713453427927,-93.27209766956788,0.10395908315968933,-4.169468716436948,0.9865,H2 FR順張り(横断),taker,6,8.0,3.0,
"H2 FR順張り(横断) {'lookback': 8, 'top_n': 3} hold=6",train,3168,-1.5089183926149203,-1.0266050245593645,0.4823133680555556,-3.1546820304031753,-2.1493835005675686,-132.18125119306703,-65.73923181389702,0.08921506734006734,-11.507081204637577,0.982,H2 FR順張り(横断),half-maker,6,8.0,3.0,
"H2 FR順張り(横断) {'lookback': 8, 'top_n': 3} hold=6",test,2063,0.18410017532646614,0.8578257368065112,0.6737255614800453,0.3597593640456168,1.6794950112814007,16.127175358598432,-31.85187733330611,0.1253029568589433,6.8460135204326225,0.4215,H2 FR順張り(横断),half-maker,6,8.0,3.0,
"H2 FR順張り(横断) {'lookback': 8, 'top_n': 3} hold=6",full,5279,-0.9933672440955859,-0.43345414502379176,0.5599130990717939,-2.0080395788612404,-0.8775901418454017,-87.01897058277332,-78.32495183623465,0.10395908315968933,-4.169468716436948,0.94825,H2 FR順張り(横断),half-maker,6,8.0,3.0,
"H2 FR順張り(横断) {'lookback': 8, 'top_n': 3} hold=6",train,3168,-1.1604276255694663,-1.0266050245593645,0.133822601010101,-2.4288823381712463,-2.1493835005675686,-101.65345999988524,-57.700660169626985,0.08921506734006734,-11.507081204637577,0.94325,H2 FR順張り(横断),maker-only(理論上限),6,8.0,3.0,
"H2 FR順張り(横断) {'lookback': 8, 'top_n': 3} hold=6",test,2063,0.6698713015180966,0.8578257368065112,0.18795443528841493,1.3109520370171324,1.6794950112814007,58.68072601298526,-29.718335666639444,0.1253029568589433,6.8460135204326225,0.248,H2 FR順張り(横断),maker-only(理論上限),6,8.0,3.0,
"H2 FR順張り(横断) {'lookback': 8, 'top_n': 3} hold=6",full,5279,-0.5893927697633258,-0.43345414502379176,0.155938624739534,-1.1929157353730966,-0.8775901418454017,-51.63080663126733,-63.98096352529799,0.10395908315968933,-4.169468716436948,0.834,H2 FR順張り(横断),maker-only(理論上限),6,8.0,3.0,
"H2 FR順張り(横断) {'lookback': 8, 'top_n': 3} hold=12",train,3168,-0.7230906074651511,-0.13437927539444397,0.588711332070707,-1.5480618366821783,-0.2881366130920164,-63.34273721394723,-45.219143638962564,0.06282617845117844,-2.138905766787466,0.86075,H2 FR順張り(横断),taker,12,8.0,3.0,
"H2 FR順張り(横断) {'lookback': 8, 'top_n': 3} hold=12",test,2063,0.2111931468550043,0.9840966853911169,0.7729035385361124,0.42601219624070463,1.992262313871065,18.500519664498373,-24.814331482768946,0.08410082404265633,11.701391711595816,0.40725,H2 FR順張り(横断),taker,12,8.0,3.0,
"H2 FR順張り(横断) {'lookback': 8, 'top_n': 3} hold=12",full,5279,-0.46199364196723486,0.20153875053134437,0.6635323924985793,-0.9580677202275748,0.4189675303625221,-40.470643036329776,-45.219143638962564,0.07157921323482982,2.815604439101006,0.787,H2 FR順張り(横断),taker,12,8.0,3.0,
"H2 FR順張り(横断) {'lookback': 8, 'top_n': 3} hold=12",train,3168,-0.4758545752681814,-0.13437927539444397,0.3414752998737373,-1.019794677027254,-0.2881366130920164,-41.68486079349269,-39.70899780562923,0.06282617845117844,-2.138905766787466,0.77025,H2 FR順張り(横断),half-maker,12,8.0,3.0,
"H2 FR順張り(横断) {'lookback': 8, 'top_n': 3} hold=12",test,2063,0.5345692980910681,0.9840966853911169,0.4495273873000485,1.0803954838617233,1.992262313871065,46.82827051277757,-23.664539816102266,0.08410082404265633,11.701391711595816,0.28125,H2 FR順張り(横断),half-maker,12,8.0,3.0,
"H2 FR順張り(横断) {'lookback': 8, 'top_n': 3} hold=12",full,5279,-0.18391185564406756,0.20153875053134437,0.38545060617541205,-0.3819285706291285,0.4189675303625221,-16.110678554420318,-39.70899780562923,0.07157921323482982,2.815604439101006,0.61275,H2 FR順張り(横断),half-maker,12,8.0,3.0,
"H2 FR順張り(横断) {'lookback': 8, 'top_n': 3} hold=12",train,3168,-0.22861854307121177,-0.13437927539444397,0.09423926767676767,-0.4901832230934021,-0.2881366130920164,-20.02698437303815,-34.1988519722959,0.06282617845117844,-2.138905766787466,0.65325,H2 FR順張り(横断),maker-only(理論上限),12,8.0,3.0,
"H2 FR順張り(横断) {'lookback': 8, 'top_n': 3} hold=12",test,2063,0.8579454493271323,0.9840966853911169,0.12615123606398448,1.7362259715375776,1.992262313871065,75.15602136105679,-22.514748149435594,0.08410082404265633,11.701391711595816,0.17275,H2 FR順張り(横断),maker-only(理論上限),12,8.0,3.0,
"H2 FR順張り(横断) {'lookback': 8, 'top_n': 3} hold=12",full,5279,0.09416993067909969,0.20153875053134437,0.10736881985224474,0.19572695331327764,0.4189675303625221,8.249285927489133,-34.1988519722959,0.07157921323482982,2.815604439101006,0.42425,H2 FR順張り(横断),maker-only(理論上限),12,8.0,3.0,
"H2 FR順張り(横断) {'lookback': 8, 'top_n': 3} hold=24",train,3168,-0.18586254919961745,0.15075887335930513,0.3366214225589226,-0.4065049173999609,0.3301213093137198,-16.28155930988649,-35.41461030242952,0.03513257575757576,4.291142055725774,0.61125,H2 FR順張り(横断),taker,24,8.0,3.0,
"H2 FR順張り(横断) {'lookback': 8, 'top_n': 3} hold=24",test,2063,-0.6174970931505003,-0.15920415406502597,0.4582929390854742,-1.2193162953674626,-0.31545915930627644,-54.092745359983816,-27.621346325319827,0.04928098238810793,-3.230539375437527,0.76075,H2 FR順張り(横断),taker,24,8.0,3.0,
"H2 FR順張り(横断) {'lookback': 8, 'top_n': 3} hold=24",full,5279,-0.41146936484822155,-0.024503714788235435,0.38696565005998607,-0.8557586710852351,-0.05108213837793079,-36.04471636070421,-41.40144370679176,0.04103681252762518,-0.5971154502250878,0.7625,H2 FR順張り(横断),taker,24,8.0,3.0,
"H2 FR順張り(横断) {'lookback': 8, 'top_n': 3} hold=24",train,3168,-0.04390126973833793,0.15075887335930513,0.1946601430976431,-0.0960917821369394,0.3301213093137198,-3.845751229078403,-33.31740836145145,0.03513257575757576,4.291142055725774,0.5345,H2 FR順張り(横断),half-maker,24,8.0,3.0,
"H2 FR順張り(横断) {'lookback': 8, 'top_n': 3} hold=24",test,2063,-0.425311360398844,-0.15920415406502597,0.26610720633381807,-0.841280148545628,-0.31545915930627644,-37.25727517093873,-26.951346325319825,0.04928098238810793,-3.230539375437527,0.69575,H2 FR順張り(横断),half-maker,24,8.0,3.0,
"H2 FR順張り(横断) {'lookback': 8, 'top_n': 3} hold=24",full,5279,-0.24876414921394738,-0.024503714788235435,0.22426043442571192,-0.5180231109088342,-0.05108213837793079,-21.791739471141792,-35.491741765813714,0.04103681252762518,-0.5971154502250878,0.66275,H2 FR順張り(横断),half-maker,24,8.0,3.0,
"H2 FR順張り(横断) {'lookback': 8, 'top_n': 3} hold=24",train,3168,0.09806000972294159,0.15075887335930513,0.052698863636363634,0.2147223930458018,0.3301213093137198,8.590056851729683,-31.47674169478477,0.03513257575757576,4.291142055725774,0.46175,H2 FR順張り(横断),maker-only(理論上限),24,8.0,3.0,
"H2 FR順張り(横断) {'lookback': 8, 'top_n': 3} hold=24",test,2063,-0.2331256276471877,-0.15920415406502597,0.0739214735821619,-0.46173872966352664,-0.31545915930627644,-20.421804981893644,-26.281346325319827,0.04928098238810793,-3.230539375437527,0.61825,H2 FR順張り(横断),maker-only(理論上限),24,8.0,3.0,
"H2 FR順張り(横断) {'lookback': 8, 'top_n': 3} hold=24",full,5279,-0.08605893357967316,-0.024503714788235435,0.061555218791437764,-0.17936483686380833,-0.05108213837793079,-7.538762581579368,-31.47674169478477,0.04103681252762518,-0.5971154502250878,0.55525,H2 FR順張り(横断),maker-only(理論上限),24,8.0,3.0,
"H2 FR順張り(横断) {'lookback': 8, 'top_n': 5} hold=1",train,3168,-2.2167402779026184,-0.8034537669598574,1.4132865109427606,-5.240366030886974,-1.9004751978635277,-194.18644834426937,-82.30851653515823,0.15364683541766874,-5.229224310255228,0.99975,H2 FR順張り(横断),taker,1,8.0,5.0,
"H2 FR順張り(横断) {'lookback': 8, 'top_n': 5} hold=1",test,2063,-1.3540866089422903,0.370091368113777,1.7241779770560675,-3.133809586135737,0.8571906344032467,-118.61798694334462,-34.93860701082247,0.18751433034031192,1.973669785355144,0.94275,H2 FR順張り(横断),taker,1,8.0,5.0,
"H2 FR順張り(横断) {'lookback': 8, 'top_n': 5} hold=1",full,5279,-1.9649193559835836,-0.42525196316928804,1.5396673928142957,-4.59677418780856,-0.9955790253406407,-172.1269355841619,-114.92717109818611,0.16758449922875004,-2.537537571352743,1.0,H2 FR順張り(横断),taker,1,8.0,5.0,
"H2 FR順張り(横断) {'lookback': 8, 'top_n': 5} hold=1",train,3168,-1.6253321489944896,-0.8034537669598574,0.821878382034632,-3.8444392569727897,-1.9004751978635277,-142.3790962519173,-68.70300729365727,0.15364683541766874,-5.229224310255228,0.99225,H2 FR順張り(横断),half-maker,1,8.0,5.0,
"H2 FR順張り(横断) {'lookback': 8, 'top_n': 5} hold=1",test,2063,-0.6326333681694906,0.370091368113777,1.0027247362832674,-1.4649438048718495,0.8571906344032467,-55.41868305164736,-25.238026485514876,0.18751433034031192,1.973669785355144,0.771,H2 FR順張り(横断),half-maker,1,8.0,5.0,
"H2 FR順張り(横断) {'lookback': 8, 'top_n': 5} hold=1",full,5279,-1.3207740339979983,-0.42525196316928804,0.8955220708287105,-3.0916658272645745,-0.9955790253406407,-115.69980537822467,-85.95079890621162,0.16758449922875004,-2.537537571352743,0.99425,H2 FR順張り(横断),half-maker,1,8.0,5.0,
"H2 FR順張り(横断) {'lookback': 8, 'top_n': 5} hold=1",train,3168,-1.0339240200863606,-0.8034537669598574,0.23047025312650307,-2.4458798470694303,-1.9004751978635277,-90.5717441595652,-55.65310253175244,0.15364683541766874,-5.229224310255228,0.94875,H2 FR順張り(横断),maker-only(理論上限),1,8.0,5.0,
"H2 FR順張り(横断) {'lookback': 8, 'top_n': 5} hold=1",test,2063,0.08881987260330919,0.370091368113777,0.2812714955104678,0.20571495519784783,0.8571906344032467,7.7806208400498855,-21.21682166434574,0.18751433034031192,1.973669785355144,0.467,H2 FR順張り(横断),maker-only(理論上限),1,8.0,5.0,
"H2 FR順張り(横断) {'lookback': 8, 'top_n': 5} hold=1",full,5279,-0.6766287120124129,-0.42525196316928804,0.25137674884312505,-1.5841439055639144,-0.9955790253406407,-59.27267517228737,-62.65380241837577,0.16758449922875004,-2.537537571352743,0.91025,H2 FR順張り(横断),maker-only(理論上限),1,8.0,5.0,
"H2 FR順張り(横断) {'lookback': 8, 'top_n': 5} hold=2",train,3168,-2.210635694208471,-0.992915805590145,1.2177198886183263,-5.2557880936279515,-2.3722256391818326,-193.65168681266206,-80.5235960090181,0.13295316758858425,-7.4681620874401755,0.99975,H2 FR順張り(横断),taker,2,8.0,5.0,
"H2 FR順張り(横断) {'lookback': 8, 'top_n': 5} hold=2",test,2063,-1.3933090920161006,0.12455271541490215,1.5178618074310029,-3.243420653487096,0.2909932317848408,-122.05387646061041,-37.896314298073975,0.1656398833568005,0.7519488235004758,0.9535,H2 FR順張り(横断),taker,2,8.0,5.0,
"H2 FR順張り(横断) {'lookback': 8, 'top_n': 5} hold=2",full,5279,-1.9461792699737335,-0.6086891173173561,1.3374901526563772,-4.5823754070531715,-1.4393190059221672,-170.48530404969907,-112.70360874951683,0.14610924688117338,-4.16598627609371,1.0,H2 FR順張り(横断),taker,2,8.0,5.0,
"H2 FR順張り(横断) {'lookback': 8, 'top_n': 5} hold=2",train,3168,-1.7014906255907463,-0.992915805590145,0.7085748200006012,-4.05502267784519,-2.3722256391818326,-149.05057880174937,-69.04536702301367,0.13295316758858425,-7.4681620874401755,0.9955,H2 FR順張り(横断),half-maker,2,8.0,5.0,
"H2 FR順張り(横断) {'lookback': 8, 'top_n': 5} hold=2",test,2063,-0.7586081008181995,0.12455271541490215,0.8831608162331018,-1.7693306013534928,0.2909932317848408,-66.45406963167427,-29.50036638140734,0.1656398833568005,0.7519488235004758,0.8135,H2 FR順張り(横断),half-maker,2,8.0,5.0,
"H2 FR順張り(横断) {'lookback': 8, 'top_n': 5} hold=2",full,5279,-1.3870161288064247,-0.6086891173173561,0.7783270114890688,-3.272870398252427,-1.4393190059221672,-121.50261288344282,-87.49777194396123,0.14610924688117338,-4.16598627609371,0.99625,H2 FR順張り(横断),half-maker,2,8.0,5.0,
"H2 FR順張り(横断) {'lookback': 8, 'top_n': 5} hold=2",train,3168,-1.1923455569730212,-0.992915805590145,0.19942975138287633,-2.8469495044267834,-2.3722256391818326,-104.44947079083666,-57.76581741983908,0.13295316758858425,-7.4681620874401755,0.97525,H2 FR順張り(横断),maker-only(理論上限),2,8.0,5.0,
"H2 FR順張り(横断) {'lookback': 8, 'top_n': 5} hold=2",test,2063,-0.12390710962029874,0.12455271541490215,0.24845982503520067,-0.28939124411188877,0.2909932317848408,-10.85426280273817,-21.104418464740647,0.1656398833568005,0.7519488235004758,0.55875,H2 FR順張り(横断),maker-only(理論上限),2,8.0,5.0,
"H2 FR順張り(横断) {'lookback': 8, 'top_n': 5} hold=2",full,5279,-0.8278529876391162,-0.6086891173173561,0.21916387032176005,-1.956621566126294,-1.4393190059221672,-72.51992171718658,-62.291935138405755,0.14610924688117338,-4.16598627609371,0.953,H2 FR順張り(横断),maker-only(理論上限),2,8.0,5.0,
"H2 FR順張り(横断) {'lookback': 8, 'top_n': 5} hold=3",train,3168,-1.7270292125124969,-0.6029505351135073,1.12407867739899,-4.064959401773406,-1.4184383650127694,-151.28775901609472,-74.10846127839518,0.12270409952701619,-4.913858114257653,0.995,H2 FR順張り(横断),taker,3,8.0,5.0,
"H2 FR順張り(横断) {'lookback': 8, 'top_n': 5} hold=3",test,2063,-1.1753915397195864,0.189136011080989,1.3645275508005754,-2.7487702671124254,0.44422991605727535,-102.96429887943577,-34.38203951536781,0.1485292646708061,1.2733922267788909,0.90275,H2 FR順張り(横断),taker,3,8.0,5.0,
"H2 FR順張り(横断) {'lookback': 8, 'top_n': 5} hold=3",full,5279,-1.5768288765116454,-0.3561396827309571,1.2206891937806885,-3.6972071152809987,-0.8361526635682023,-138.13020958242012,-102.27091077470043,0.13320877571209075,-2.6735451987089465,0.99775,H2 FR順張り(横断),taker,3,8.0,5.0,
"H2 FR順張り(横断) {'lookback': 8, 'top_n': 5} hold=3",train,3168,-1.2570179484582646,-0.6029505351135073,0.654067413344757,-2.959301731882788,-1.4184383650127694,-110.11477228494397,-63.042581131624786,0.12270409952701619,-4.913858114257653,0.9725,H2 FR順張り(横断),half-maker,3,8.0,5.0,
"H2 FR順張り(横断) {'lookback': 8, 'top_n': 5} hold=3",test,2063,-0.6045247128224032,0.189136011080989,0.7936607239033924,-1.416924844403498,0.44422991605727535,-52.95636484324252,-26.688222551082085,0.1485292646708061,1.2733922267788909,0.74325,H2 FR順張り(横断),half-maker,3,8.0,5.0,
"H2 FR順張り(横断) {'lookback': 8, 'top_n': 5} hold=3",full,5279,-1.0663908614053692,-0.3561396827309571,0.7102511786744122,-2.502853126664696,-0.8361526635682023,-93.41583945911034,-79.12821335406545,0.13320877571209075,-2.6735451987089465,0.978,H2 FR順張り(横断),half-maker,3,8.0,5.0,
"H2 FR順張り(横断) {'lookback': 8, 'top_n': 5} hold=3",train,3168,-0.7870066844040315,-0.6029505351135073,0.18405614929052425,-1.8520764771323581,-1.4184383650127694,-68.94178555379317,-52.620144127656545,0.12270409952701619,-4.913858114257653,0.89575,H2 FR順張り(横断),maker-only(理論上限),3,8.0,5.0,
"H2 FR順張り(横断) {'lookback': 8, 'top_n': 5} hold=3",test,2063,-0.03365788592522017,0.189136011080989,0.22279389700620916,-0.07901557785158693,0.44422991605727535,-2.948430807049287,-21.841227716595856,0.1485292646708061,1.2733922267788909,0.50625,H2 FR順張り(横断),maker-only(理論上限),3,8.0,5.0,
"H2 FR順張り(横断) {'lookback': 8, 'top_n': 5} hold=3",full,5279,-0.5559528462990929,-0.3561396827309571,0.1998131635681361,-1.305321299283164,-0.8361526635682023,-48.70146933580054,-58.832338063230274,0.13320877571209075,-2.6735451987089465,0.8605,H2 FR順張り(横断),maker-only(理論上限),3,8.0,5.0,
"H2 FR順張り(横断) {'lookback': 8, 'top_n': 5} hold=6",train,3168,-1.3850337910548782,-0.5066706081344039,0.8783631829204746,-3.403306045604555,-1.2489111480307493,-121.32896009640734,-59.84607251109614,0.09555074555074554,-5.302633749365344,0.989,H2 FR順張り(横断),taker,6,8.0,5.0,
"H2 FR順張り(横断) {'lookback': 8, 'top_n': 5} hold=6",test,2063,-0.1526470181076693,0.9608939512773379,1.1135409693850074,-0.33849687602758205,2.1391889502258317,-13.371878786231834,-24.938537650744397,0.12157745308496642,7.903553881868221,0.5485,H2 FR順張り(横断),taker,6,8.0,5.0,
"H2 FR順張り(横断) {'lookback': 8, 'top_n': 5} hold=6",full,5279,-0.9778051890258674,-0.00575753164126156,0.9720476573846056,-2.2985852852115074,-0.01357982522237056,-85.65573455866598,-70.18430996856979,0.10602747634382413,-0.05430226050642885,0.9735,H2 FR順張り(横断),taker,6,8.0,5.0,
"H2 FR順張り(横断) {'lookback': 8, 'top_n': 5} hold=6",train,3168,-1.0175152587577003,-0.5066706081344039,0.5108446506232965,-2.5048494934011423,-1.2489111480307493,-89.13433666717454,-51.57108838411202,0.09555074555074554,-5.302633749365344,0.96225,H2 FR順張り(横断),half-maker,6,8.0,5.0,
"H2 FR順張り(横断) {'lookback': 8, 'top_n': 5} hold=6",test,2063,0.31294037677110953,0.9608939512773379,0.6479535745062285,0.6954444448091647,2.1391889502258317,27.413577005149193,-22.788204317411058,0.12157745308496642,7.903553881868221,0.3585,H2 FR順張り(横断),half-maker,6,8.0,5.0,
"H2 FR順張り(横断) {'lookback': 8, 'top_n': 5} hold=6",full,5279,-0.5713019675914326,-0.00575753164126156,0.5655444359501709,-1.345567774050041,-0.01357982522237056,-50.046052361009494,-55.804025246347635,0.10602747634382413,-0.05430226050642885,0.87725,H2 FR順張り(横断),half-maker,6,8.0,5.0,
"H2 FR順張り(横断) {'lookback': 8, 'top_n': 5} hold=6",train,3168,-0.6499967264605221,-0.5066706081344039,0.1433261183261183,-1.6018511010077225,-1.2489111480307493,-56.93971323794174,-43.35375900350789,0.09555074555074554,-5.302633749365344,0.8855,H2 FR順張り(横断),maker-only(理論上限),6,8.0,5.0,
"H2 FR順張り(横断) {'lookback': 8, 'top_n': 5} hold=6",test,2063,0.7785277716498883,0.9608939512773379,0.1823661796274496,1.732558666436192,2.1391889502258317,68.19903279653022,-20.637870984077743,0.12157745308496642,7.903553881868221,0.18725,H2 FR順張り(横断),maker-only(理論上限),6,8.0,5.0,
"H2 FR順張り(横断) {'lookback': 8, 'top_n': 5} hold=6",full,5279,-0.16479874615699758,-0.00575753164126156,0.1590412145157362,-0.38859704050742516,-0.01357982522237056,-14.436370163352988,-43.35375900350789,0.10602747634382413,-0.05430226050642885,0.61975,H2 FR順張り(横断),maker-only(理論上限),6,8.0,5.0,
"H2 FR順張り(横断) {'lookback': 8, 'top_n': 5} hold=12",train,3168,-0.6431561074496813,-0.042314356607930544,0.6008417508417508,-1.582792147514074,-0.10439227282771964,-56.34047501259209,-37.20685376575694,0.06471172538880873,-0.6538901003441395,0.87,H2 FR順張り(横断),taker,12,8.0,5.0,
"H2 FR順張り(横断) {'lookback': 8, 'top_n': 5} hold=12",test,2063,-0.21075731634848735,0.562260624468169,0.7730179408166563,-0.47925829118808516,1.2823968878983576,-18.46234091212749,-22.66346781709425,0.08399002839138564,6.694373549299059,0.60575,H2 FR順張り(横断),taker,12,8.0,5.0,
"H2 FR順張り(横断) {'lookback': 8, 'top_n': 5} hold=12",full,5279,-0.5241616337039746,0.1451133575010697,0.6692749912050444,-1.246668998676571,0.3460659016691378,-45.91655911246818,-40.113076031669834,0.07249065629914275,2.0018215437619893,0.86625,H2 FR順張り(横断),taker,12,8.0,5.0,
"H2 FR順張り(横断) {'lookback': 8, 'top_n': 5} hold=12",train,3168,-0.3912690260704123,-0.042314356607930544,0.34895466946248194,-0.9643747439477107,-0.10439227282771964,-34.27516668376811,-31.514931146709348,0.06471172538880873,-0.6538901003441395,0.75675,H2 FR順張り(横断),half-maker,12,8.0,5.0,
"H2 FR順張り(横断) {'lookback': 8, 'top_n': 5} hold=12",test,2063,0.11275913276630163,0.562260624468169,0.4495014917018674,0.2568679634733542,1.2823968878983576,9.877700030328022,-21.527738650427583,0.08399002839138564,6.694373549299059,0.45375,H2 FR順張り(横断),half-maker,12,8.0,5.0,
"H2 FR順張り(横断) {'lookback': 8, 'top_n': 5} hold=12",full,5279,-0.24389213032580942,0.1451133575010697,0.38900548782687916,-0.5810191456997762,0.3460659016691378,-21.364950616540902,-31.514931146709348,0.07249065629914275,2.0018215437619893,0.6945,H2 FR順張り(横断),half-maker,12,8.0,5.0,
"H2 FR順張り(横断) {'lookback': 8, 'top_n': 5} hold=12",train,3168,-0.13938194469114362,-0.042314356607930544,0.09706758808321307,-0.34382378972476696,-0.10439227282771964,-12.209858354944181,-27.142419255937313,0.06471172538880873,-0.6538901003441395,0.61175,H2 FR順張り(横断),maker-only(理論上限),12,8.0,5.0,
"H2 FR順張り(横断) {'lookback': 8, 'top_n': 5} hold=12",test,2063,0.43627558188109056,0.562260624468169,0.12598504258707843,0.9948583836172951,1.2823968878983576,38.21774097278353,-20.39200948376093,0.08399002839138564,6.694373549299059,0.3115,H2 FR順張り(横断),maker-only(理論上限),12,8.0,5.0,
"H2 FR順張り(横断) {'lookback': 8, 'top_n': 5} hold=12",full,5279,0.03637737305235555,0.1451133575010697,0.10873598444871413,0.08673949688873815,0.3460659016691378,3.1866578793863463,-27.142419255937313,0.07249065629914275,2.0018215437619893,0.46275,H2 FR順張り(横断),maker-only(理論上限),12,8.0,5.0,
"H2 FR順張り(横断) {'lookback': 8, 'top_n': 5} hold=24",train,3168,0.048310562737494386,0.3893286616331974,0.341018098895703,0.1199878872226873,0.9686486159385397,4.232005295804509,-29.598773730516804,0.036216204705788034,10.750123178174308,0.476,H2 FR順張り(横断),taker,24,8.0,5.0,
"H2 FR順張り(横断) {'lookback': 8, 'top_n': 5} hold=24",test,2063,-0.6108071755719133,-0.15272544069667382,0.45808173487523945,-1.353735687270839,-0.3394429288697437,-53.50670858009961,-27.296276984575275,0.0489964914710431,-3.1170689188415563,0.7895,H2 FR順張り(横断),taker,24,8.0,5.0,
"H2 FR順張り(横断) {'lookback': 8, 'top_n': 5} hold=24",full,5279,-0.2159115845691507,0.17211038102077272,0.3880219655899235,-0.5101484417840189,0.407604408272563,-18.913854808257604,-34.01076350232394,0.04141176329090707,4.156074683701372,0.66525,H2 FR順張り(横断),taker,24,8.0,5.0,
"H2 FR順張り(横断) {'lookback': 8, 'top_n': 5} hold=24",train,3168,0.19165745865600486,0.3893286616331974,0.19767120297719257,0.4765170081825333,0.9686486159385397,16.789193378266027,-28.270482063850146,0.036216204705788034,10.750123178174308,0.38325,H2 FR順張り(横断),half-maker,24,8.0,5.0,
"H2 FR順張り(横断) {'lookback': 8, 'top_n': 5} hold=24",test,2063,-0.41851367673757595,-0.15272544069667382,0.26578823604090207,-0.9289864137175979,-0.3394429288697437,-36.66179808221165,-26.603214484575275,0.0489964914710431,-3.1170689188415563,0.71575,H2 FR順張り(横断),half-maker,24,8.0,5.0,
"H2 FR順張り(横断) {'lookback': 8, 'top_n': 5} hold=24",full,5279,-0.05295942424236925,0.17211038102077272,0.22506980526314208,-0.12529539551470195,0.407604408272563,-4.639245563631546,-28.270482063850146,0.04141176329090707,4.156074683701372,0.5385,H2 FR順張り(横断),half-maker,24,8.0,5.0,
"H2 FR順張り(横断) {'lookback': 8, 'top_n': 5} hold=24",train,3168,0.3350043545745154,0.3893286616331974,0.05432430705868206,0.8334151241117567,0.9686486159385397,29.34638146072755,-26.942190397183474,0.036216204705788034,10.750123178174308,0.3015,H2 FR順張り(横断),maker-only(理論上限),24,8.0,5.0,
"H2 FR順張り(横断) {'lookback': 8, 'top_n': 5} hold=24",test,2063,-0.22622017790323842,-0.15272544069667382,0.07349473720656464,-0.502658041907826,-0.3394429288697437,-19.816887584323688,-25.91015198457528,0.0489964914710431,-3.1170689188415563,0.623,H2 FR順張り(横断),maker-only(理論上限),24,8.0,5.0,
"H2 FR順張り(横断) {'lookback': 8, 'top_n': 5} hold=24",full,5279,0.10999273608441207,0.17211038102077272,0.06211764493636059,0.26044445605458844,0.407604408272563,9.635363680994498,-26.942190397183474,0.04141176329090707,4.156074683701372,0.406,H2 FR順張り(横断),maker-only(理論上限),24,8.0,5.0,
"H2 FR順張り(横断) {'lookback': 24, 'top_n': 3} hold=1",train,3168,-0.689522401096351,0.0879239372874874,0.7774463383838383,-1.57941147713136,0.20152362307316193,-60.40216233604034,-38.175431460221134,0.07981376262626262,1.1016137367085628,0.85925,H2 FR順張り(横断),taker,1,24.0,3.0,
"H2 FR順張り(横断) {'lookback': 24, 'top_n': 3} hold=1",test,2063,-0.5173666019515238,0.48067629673970247,0.9980428986912264,-1.1672434641071336,1.0857058977301155,-45.32131433095349,-25.6518566685454,0.10462918080465342,4.594094047597897,0.7215,H2 FR順張り(横断),taker,1,24.0,3.0,
"H2 FR順張り(横断) {'lookback': 24, 'top_n': 3} hold=1",full,5279,-0.7182348620920207,0.15066312995192702,0.8688979920439478,-1.625134995329276,0.3411596677517242,-62.91737391926101,-49.186631755464354,0.09030119340784239,1.6684511496039915,0.89225,H2 FR順張り(横断),taker,1,24.0,3.0,
"H2 FR順張り(横断) {'lookback': 24, 'top_n': 3} hold=1",train,3168,-0.3606595538741286,0.0879239372874874,0.44858349116161617,-0.8264945514503963,0.20152362307316193,-31.593776919373667,-31.28643146022113,0.07981376262626262,1.1016137367085628,0.725,H2 FR順張り(横断),half-maker,1,24.0,3.0,
"H2 FR順張り(横断) {'lookback': 24, 'top_n': 3} hold=1",test,2063,-0.09681703820940067,0.48067629673970247,0.5774933349491033,-0.2185785657964635,1.0857058977301155,-8.4811725471435,-21.77837921276114,0.10462918080465342,4.594094047597897,0.55425,H2 FR順張り(横断),half-maker,1,24.0,3.0,
"H2 FR順張り(横断) {'lookback': 24, 'top_n': 3} hold=1",full,5279,-0.3515117611259287,0.15066312995192702,0.5021748910778556,-0.7957599533310868,0.3411596677517242,-30.792430274631354,-33.987050133013355,0.09030119340784239,1.6684511496039915,0.72675,H2 FR順張り(横断),half-maker,1,24.0,3.0,
"H2 FR順張り(横断) {'lookback': 24, 'top_n': 3} hold=1",train,3168,-0.03179670665190613,0.0879239372874874,0.11972064393939393,-0.07287744002610297,0.20152362307316193,-2.785391502706977,-24.72224771714243,0.07981376262626262,1.1016137367085628,0.567,H2 FR順張り(横断),maker-only(理論上限),1,24.0,3.0,
"H2 FR順張り(横断) {'lookback': 24, 'top_n': 3} hold=1",test,2063,0.32373252553272225,0.48067629673970247,0.15694377120698014,0.7311307851443752,1.0857058977301155,28.35896923666647,-20.240198981922582,0.10462918080465342,4.594094047597897,0.36575,H2 FR順張り(横断),maker-only(理論上限),1,24.0,3.0,
"H2 FR順張り(横断) {'lookback': 24, 'top_n': 3} hold=1",full,5279,0.015211339840163377,0.15066312995192702,0.1354517901117636,0.03444275743071182,0.3411596677517242,1.332513369998312,-24.72224771714243,0.09030119340784239,1.6684511496039915,0.48725,H2 FR順張り(横断),maker-only(理論上限),1,24.0,3.0,
"H2 FR順張り(横断) {'lookback': 24, 'top_n': 3} hold=2",train,3168,-0.8171432862118323,-0.12111266752496368,0.6960306186868687,-1.882253463626572,-0.2795075832317294,-71.5817518721565,-48.41523893842372,0.071690867003367,-1.6893737317931383,0.883,H2 FR順張り(横断),taker,2,24.0,3.0,
"H2 FR順張り(横断) {'lookback': 24, 'top_n': 3} hold=2",test,2063,-0.6307335912411958,0.26099164708486644,0.8917252383260623,-1.4167144619369703,0.5869025599417341,-55.25226259272874,-26.136649349926987,0.09309258361609306,2.803570778110281,0.755,H2 FR順張り(横断),taker,2,24.0,3.0,
"H2 FR順張り(横断) {'lookback': 24, 'top_n': 3} hold=2",full,5279,-0.7885828166163323,-0.013722521105819308,0.7748602955105133,-1.7859581898781025,-0.03112941860523883,-69.07985473559071,-58.67557423300589,0.08047610027151607,-0.1705167255809026,0.9065,H2 FR順張り(横断),taker,2,24.0,3.0,
"H2 FR順張り(横断) {'lookback': 24, 'top_n': 3} hold=2",train,3168,-0.5228961271209234,-0.12111266752496368,0.4017834595959595,-1.2056699179816437,-0.2795075832317294,-45.80570073579288,-42.26890560509039,0.071690867003367,-1.6893737317931383,0.789,H2 FR順張り(横断),half-maker,2,24.0,3.0,
"H2 FR順張り(横断) {'lookback': 24, 'top_n': 3} hold=2",test,2063,-0.2546904097902342,0.26099164708486644,0.5156820568751009,-0.5724763009301433,0.5869025599417341,-22.310879897624517,-22.00042357237886,0.09309258361609306,2.803570778110281,0.61775,H2 FR順張り(横断),half-maker,2,24.0,3.0,
"H2 FR順張り(横断) {'lookback': 24, 'top_n': 3} hold=2",full,5279,-0.4615097440647129,-0.013722521105819308,0.44778722295889367,-1.0461507236059073,-0.03112941860523883,-40.428253580068855,-44.97874428879102,0.08047610027151607,-0.1705167255809026,0.777,H2 FR順張り(横断),half-maker,2,24.0,3.0,
"H2 FR順張り(横断) {'lookback': 24, 'top_n': 3} hold=2",train,3168,-0.22864896803001414,-0.12111266752496368,0.10753630050505052,-0.5275749791053832,-0.2795075832317294,-20.029649599429238,-36.122572271757036,0.071690867003367,-1.6893737317931383,0.65575,H2 FR順張り(横断),maker-only(理論上限),2,24.0,3.0,
"H2 FR順張り(横断) {'lookback': 24, 'top_n': 3} hold=2",test,2063,0.12135277166072732,0.26099164708486644,0.1396388754241396,0.27286970222380175,0.5869025599417341,10.630502797479712,-19.411156696845712,0.09309258361609306,2.803570778110281,0.4505,H2 FR順張り(横断),maker-only(理論上限),2,24.0,3.0,
"H2 FR順張り(横断) {'lookback': 24, 'top_n': 3} hold=2",full,5279,-0.13443667151309324,-0.013722521105819308,0.12071415040727411,-0.30491873140821385,-0.03112941860523883,-11.776652424546969,-36.122572271757036,0.08047610027151607,-0.1705167255809026,0.59125,H2 FR順張り(横断),maker-only(理論上限),2,24.0,3.0,
"H2 FR順張り(横断) {'lookback': 24, 'top_n': 3} hold=3",train,3168,-0.48975370164703286,0.16214549868966752,0.6518992003367002,-1.1445225581571452,0.37898462771552593,-42.90242426428008,-40.56838743181562,0.06697180134680134,2.421101051919247,0.77175,H2 FR順張り(横断),taker,3,24.0,3.0,
"H2 FR順張り(横断) {'lookback': 24, 'top_n': 3} hold=3",test,2063,-0.4780767952529168,0.325900018448812,0.8039768137017287,-1.0280556612595724,0.7018039359084732,-41.879527264155506,-24.303917928601294,0.08444821457424462,3.859170026173726,0.7135,H2 FR順張り(横断),taker,3,24.0,3.0,
"H2 FR順張り(横断) {'lookback': 24, 'top_n': 3} hold=3",full,5279,-0.5322174824407803,0.1800678304341329,0.712285312874913,-1.1930267435382984,0.4039016267766996,-46.62225146181235,-44.236577383651486,0.07407652964576623,2.430835128146753,0.821,H2 FR順張り(横断),taker,3,24.0,3.0,
"H2 FR順張り(横断) {'lookback': 24, 'top_n': 3} hold=3",train,3168,-0.21403295248878368,0.16214549868966752,0.3761784511784511,-0.5003184897976177,0.37898462771552593,-18.74928663801745,-34.81147076514895,0.06697180134680134,2.421101051919247,0.63875,H2 FR順張り(横断),half-maker,3,24.0,3.0,
"H2 FR順張り(横断) {'lookback': 24, 'top_n': 3} hold=3",test,2063,-0.1394245493327357,0.325900018448812,0.46532456778154785,-0.3000689882496796,0.7018039359084732,-12.21359052154765,-20.013271546015858,0.08444821457424462,3.859170026173726,0.571,H2 FR順張り(横断),half-maker,3,24.0,3.0,
"H2 FR順張り(横断) {'lookback': 24, 'top_n': 3} hold=3",full,5279,-0.2316322232376483,0.1800678304341329,0.41170005367178125,-0.519484030991079,0.4039016267766996,-20.29098275561799,-34.81147076514895,0.07407652964576623,2.430835128146753,0.6545,H2 FR順張り(横断),half-maker,3,24.0,3.0,
"H2 FR順張り(横断) {'lookback': 24, 'top_n': 3} hold=3",train,3168,0.06168779666946511,0.16214549868966752,0.100457702020202,0.1441907745902123,0.37898462771552593,5.403850988245144,-29.05455409848229,0.06697180134680134,2.421101051919247,0.49675,H2 FR順張り(横断),maker-only(理論上限),3,24.0,3.0,
"H2 FR順張り(横断) {'lookback': 24, 'top_n': 3} hold=3",test,2063,0.19922769658744527,0.325900018448812,0.12667232186136693,0.428992502799142,0.7018039359084732,17.452346221060207,-18.17200049175351,0.08444821457424462,3.859170026173726,0.4245,H2 FR順張り(横断),maker-only(理論上限),3,24.0,3.0,
"H2 FR順張り(横断) {'lookback': 24, 'top_n': 3} hold=3",full,5279,0.06895303596548373,0.1800678304341329,0.11111479446864936,0.15466603973291052,0.4039016267766996,6.040285950576375,-29.05455409848229,0.07407652964576623,2.430835128146753,0.4525,H2 FR順張り(横断),maker-only(理論上限),3,24.0,3.0,
"H2 FR順張り(横断) {'lookback': 24, 'top_n': 3} hold=6",train,3168,-0.03650034880457359,0.5228983254378506,0.5593986742424242,-0.08573039196245615,1.2294252491549804,-3.197430555280646,-34.112450355016094,0.05758101851851852,9.081088506096542,0.5485,H2 FR順張り(横断),taker,6,24.0,3.0,
"H2 FR順張り(横断) {'lookback': 24, 'top_n': 3} hold=6",test,2063,0.2606559255941455,0.946429071498169,0.6857731459040232,0.5914157313889753,2.150591914197709,22.833459082047145,-17.713315668996245,0.07176442074648569,13.187998476870805,0.4,H2 FR順張り(横断),taker,6,24.0,3.0,
"H2 FR順張り(横断) {'lookback': 24, 'top_n': 3} hold=6",full,5279,0.044767780530837124,0.6545597234493191,0.6097919429184819,0.1028816720476398,1.5061590187552938,3.921657574501332,-34.112450355016094,0.06335795920944624,10.331136476247623,0.46725,H2 FR順張り(横断),taker,6,24.0,3.0,
"H2 FR順張り(横断) {'lookback': 24, 'top_n': 3} hold=6",train,3168,0.20001322442774955,0.5228983254378506,0.322885101010101,0.4701044017088812,1.2294252491549804,17.52115845987086,-29.296783688349425,0.05758101851851852,9.081088506096542,0.43225,H2 FR順張り(横断),half-maker,6,24.0,3.0,
"H2 FR順張り(横断) {'lookback': 24, 'top_n': 3} hold=6",test,2063,0.5497191829862929,0.946429071498169,0.3967098885118759,1.2484312648607057,2.150591914197709,48.15540042959925,-16.70928049015899,0.07176442074648569,13.187998476870805,0.2745,H2 FR順張り(横断),half-maker,6,24.0,3.0,
"H2 FR順張り(横断) {'lookback': 24, 'top_n': 3} hold=6",full,5279,0.3021452825829934,0.6545597234493191,0.3524144408663256,0.6949187684709468,1.5061590187552938,26.46792675427022,-29.296783688349425,0.06335795920944624,10.331136476247623,0.299,H2 FR順張り(横断),half-maker,6,24.0,3.0,
"H2 FR順張り(横断) {'lookback': 24, 'top_n': 3} hold=6",train,3168,0.43652679766007274,0.5228983254378506,0.08637152777777776,1.0263152868415633,1.2294252491549804,38.23974747502237,-24.481117021682735,0.05758101851851852,9.081088506096542,0.3165,H2 FR順張り(横断),maker-only(理論上限),6,24.0,3.0,
"H2 FR順張り(横断) {'lookback': 24, 'top_n': 3} hold=6",test,2063,0.8387824403784405,0.946429071498169,0.10764663111972854,1.905847885098129,2.150591914197709,73.47734177715138,-16.415947156825666,0.07176442074648569,13.187998476870805,0.17775,H2 FR順張り(横断),maker-only(理論上限),6,24.0,3.0,
"H2 FR順張り(横断) {'lookback': 24, 'top_n': 3} hold=6",full,5279,0.5595227846351497,0.6545597234493191,0.09503693881416934,1.2873983760769527,1.5061590187552938,49.014195934039115,-24.481117021682735,0.06335795920944624,10.331136476247623,0.167,H2 FR順張り(横断),maker-only(理論上限),6,24.0,3.0,
"H2 FR順張り(横断) {'lookback': 24, 'top_n': 3} hold=12",train,3168,0.3215536221685645,0.762065511899204,0.44051188973063965,0.7611349799311384,1.805333513890574,28.16809730196625,-26.391142295645558,0.045638678451178444,16.697799712023137,0.37675,H2 FR順張り(横断),taker,12,24.0,3.0,
"H2 FR順張り(横断) {'lookback': 24, 'top_n': 3} hold=12",test,2063,0.19131157331349896,0.7328469586746235,0.5415353853611246,0.4368314849364324,1.677866785171991,16.75889382226251,-18.831808492342514,0.05707707222491516,12.839603191046697,0.417,H2 FR順張り(横断),taker,12,24.0,3.0,
"H2 FR順張り(横断) {'lookback': 24, 'top_n': 3} hold=12",full,5279,0.2571631292517155,0.7381846295358602,0.48102150028414464,0.5953467837517511,1.7117712996747898,22.52749012245028,-26.391142295645558,0.050325187851234444,14.668293573349333,0.3305,H2 FR順張り(横断),taker,12,24.0,3.0,
"H2 FR順張り(横断) {'lookback': 24, 'top_n': 3} hold=12",train,3168,0.5075805581955004,0.762065511899204,0.2544849537037037,1.2022319286691998,1.805333513890574,44.464056897925836,-25.20590715793291,0.045638678451178444,16.697799712023137,0.28625,H2 FR順張り(横断),half-maker,12,24.0,3.0,
"H2 FR順張り(横断) {'lookback': 24, 'top_n': 3} hold=12",test,2063,0.4192714618253746,0.7328469586746235,0.3135754968492487,0.9587484315541057,1.677866785171991,36.72818005590282,-18.213891825675844,0.05707707222491516,12.839603191046697,0.3115,H2 FR順張り(横断),half-maker,12,24.0,3.0,
"H2 FR順張り(横断) {'lookback': 24, 'top_n': 3} hold=12",full,5279,0.4599299885053619,0.7381846295358602,0.2782546410304982,1.065825246669562,1.7117712996747898,40.2898669930697,-25.20590715793291,0.050325187851234444,14.668293573349333,0.20825,H2 FR順張り(横断),half-maker,12,24.0,3.0,
"H2 FR順張り(横断) {'lookback': 24, 'top_n': 3} hold=12",train,3168,0.6936074942224362,0.762065511899204,0.06845801767676768,1.6432216664217216,1.805333513890574,60.760016493885416,-24.15194882459958,0.045638678451178444,16.697799712023137,0.21375,H2 FR順張り(横断),maker-only(理論上限),12,24.0,3.0,
"H2 FR順張り(横断) {'lookback': 24, 'top_n': 3} hold=12",test,2063,0.6472313503372505,0.7328469586746235,0.08561560833737275,1.4815079437259178,1.677866785171991,56.69746628954315,-17.59597515900919,0.05707707222491516,12.839603191046697,0.234,H2 FR順張り(横断),maker-only(理論上限),12,24.0,3.0,
"H2 FR順張り(横断) {'lookback': 24, 'top_n': 3} hold=12",full,5279,0.6626968477590083,0.7381846295358602,0.07548778177685167,1.5365918739125926,1.7117712996747898,58.05224386368912,-24.15194882459958,0.050325187851234444,14.668293573349333,0.12525,H2 FR順張り(横断),maker-only(理論上限),12,24.0,3.0,
"H2 FR順張り(横断) {'lookback': 24, 'top_n': 3} hold=24",train,3168,0.49866149029180884,0.8051114061167247,0.30644991582491576,1.1730160628345268,1.8957270893283924,43.68274654956245,-30.32125385889645,0.031907617845117836,25.232576434405125,0.25775,H2 FR順張り(横断),taker,24,24.0,3.0,
"H2 FR順張り(横断) {'lookback': 24, 'top_n': 3} hold=24",test,2063,0.2179418320222236,0.6083522375804722,0.39041040555824846,0.4902889808144545,1.37405448632286,19.091704485146792,-19.244336380820204,0.04136370980772338,14.707390618693525,0.39575,H2 FR順張り(横断),taker,24,24.0,3.0,
"H2 FR順張り(横断) {'lookback': 24, 'top_n': 3} hold=24",full,5279,0.3924397127326835,0.7317085136419467,0.3392688009092631,0.8992000158499023,1.6803880723227649,34.37771883538308,-30.32125385889645,0.0356285912735998,20.537116048821463,0.22975,H2 FR順張り(横断),taker,24,24.0,3.0,
"H2 FR順張り(横断) {'lookback': 24, 'top_n': 3} hold=24",train,3168,0.6279557348204283,0.8051114061167247,0.17715567129629628,1.4781402305598077,1.8957270893283924,55.00892237026952,-29.639170525563124,0.031907617845117836,25.232576434405125,0.2085,H2 FR順張り(横断),half-maker,24,24.0,3.0,
"H2 FR順張り(横断) {'lookback': 24, 'top_n': 3} hold=24",test,2063,0.38212425244555526,0.6083522375804722,0.2262279851349168,0.861327421251941,1.37405448632286,33.47408451423064,-17.92596482204928,0.04136370980772338,14.707390618693525,0.33025,H2 FR順張り(横断),half-maker,24,24.0,3.0,
"H2 FR順張り(横断) {'lookback': 24, 'top_n': 3} hold=24",full,5279,0.5353526697321153,0.7317085136419467,0.19635584390983143,1.2281524686576077,1.6803880723227649,46.896893868533304,-29.639170525563124,0.0356285912735998,20.537116048821463,0.16125,H2 FR順張り(横断),half-maker,24,24.0,3.0,
"H2 FR順張り(横断) {'lookback': 24, 'top_n': 3} hold=24",train,3168,0.7572499793490477,0.8051114061167247,0.04786142676767677,1.7830429017374434,1.8957270893283924,66.33509819097657,-28.957087192229785,0.031907617845117836,25.232576434405125,0.167,H2 FR順張り(横断),maker-only(理論上限),24,24.0,3.0,
"H2 FR順張り(横断) {'lookback': 24, 'top_n': 3} hold=24",test,2063,0.5463066728688869,0.6083522375804722,0.06204556471158506,1.2333133063422719,1.37405448632286,47.85646454331449,-16.748464822049243,0.04136370980772338,14.707390618693525,0.2685,H2 FR順張り(横断),maker-only(理論上限),24,24.0,3.0,
"H2 FR順張り(横断) {'lookback': 24, 'top_n': 3} hold=24",full,5279,0.678265626731547,0.7317085136419467,0.053442886910399695,1.5573293988477794,1.6803880723227649,59.416068901683516,-28.957087192229785,0.0356285912735998,20.537116048821463,0.10925,H2 FR順張り(横断),maker-only(理論上限),24,24.0,3.0,
"H2 FR順張り(横断) {'lookback': 24, 'top_n': 5} hold=1",train,3168,-0.7313154282033472,0.11674701041898737,0.8480624386223345,-2.2560345864809803,0.36027508642859296,-64.06323151061322,-36.57930871329454,0.08943552589385925,1.3053762389404517,0.91525,H2 FR順張り(横断),taker,1,24.0,5.0,
"H2 FR順張り(横断) {'lookback': 24, 'top_n': 5} hold=1",test,2063,-0.08678331829572333,0.9246228150899304,1.0114061333856537,-0.2429998488645873,2.588422270059735,-7.602218682705364,-15.197859140641981,0.10547130469573512,8.766581751854623,0.5585,H2 FR順張り(横断),taker,1,24.0,5.0,
"H2 FR順張り(横断) {'lookback': 24, 'top_n': 5} hold=1",full,5279,-0.5624621238951937,0.3486749586450903,0.9111370825402839,-1.6530769555596654,1.0248559090758764,-49.27168205321896,-42.318437607922675,0.09572249433965667,3.6425603098877715,0.89225,H2 FR順張り(横断),taker,1,24.0,5.0,
"H2 FR順張り(横断) {'lookback': 24, 'top_n': 5} hold=1",train,3168,-0.37436085331257435,0.11674701041898737,0.4911078637315617,-1.1553557908116001,0.36027508642859296,-32.79401075018151,-29.217087907951466,0.08943552589385925,1.3053762389404517,0.7675,H2 FR順張り(横断),half-maker,1,24.0,5.0,
"H2 FR順張り(横断) {'lookback': 24, 'top_n': 5} hold=1",test,2063,0.33981626987530217,0.9246228150899304,0.584806545214628,0.9516211075386973,2.588422270059735,29.76790524107647,-13.215638446740533,0.10547130469573512,8.766581751854623,0.323,H2 FR順張り(横断),half-maker,1,24.0,5.0,
"H2 FR順張り(横断) {'lookback': 24, 'top_n': 5} hold=1",full,5279,-0.17868545337979413,0.3486749586450903,0.5273604120248844,-0.5253074817322935,1.0248559090758764,-15.652845716069965,-33.28247573115106,0.09572249433965667,3.6425603098877715,0.64675,H2 FR順張り(横断),half-maker,1,24.0,5.0,
"H2 FR順張り(横断) {'lookback': 24, 'top_n': 5} hold=1",train,3168,-0.017406278421801664,0.11674701041898737,0.13415328884078884,-0.05372017003902972,0.36027508642859296,-1.5247899897498256,-24.28111024622453,0.08943552589385925,1.3053762389404517,0.5295,H2 FR順張り(横断),maker-only(理論上限),1,24.0,5.0,
"H2 FR順張り(横断) {'lookback': 24, 'top_n': 5} hold=1",test,2063,0.7664158580463277,0.9246228150899304,0.15820695704360271,2.145829948550383,2.588422270059735,67.13802916485831,-11.590495093565947,0.10547130469573512,8.766581751854623,0.144,H2 FR順張り(横断),maker-only(理論上限),1,24.0,5.0,
"H2 FR順張り(横断) {'lookback': 24, 'top_n': 5} hold=1",full,5279,0.20509121713560532,0.3486749586450903,0.14358374150948502,0.6028897363943654,1.0248559090758764,17.965990621079026,-24.42581997718275,0.09572249433965667,3.6425603098877715,0.32025,H2 FR順張り(横断),maker-only(理論上限),1,24.0,5.0,
"H2 FR順張り(横断) {'lookback': 24, 'top_n': 5} hold=2",train,3168,-0.6554971245623726,0.08466820056388989,0.7401653251262627,-1.9995543725954124,0.2586892588535847,-57.421548111663846,-38.46563240619473,0.07813827761744428,1.0835688109023254,0.88325,H2 FR順張り(横断),taker,2,24.0,5.0,
"H2 FR順張り(横断) {'lookback': 24, 'top_n': 5} hold=2",test,2063,0.14036441032107133,1.019659328724691,0.8792949184036194,0.3933599422730406,2.8591625888152365,12.295922344125849,-13.035809047135954,0.0919203810139341,11.09285359217693,0.422,H2 FR順張り(横断),taker,2,24.0,5.0,
"H2 FR順張り(横断) {'lookback': 24, 'top_n': 5} hold=2",full,5279,-0.3977648314464985,0.39553487809445,0.7932997095409485,-1.161873740070891,1.1567509748132156,-34.84419923471327,-41.63323443717444,0.08349570174726455,4.7371884997350575,0.80725,H2 FR順張り(横断),taker,2,24.0,5.0,
"H2 FR順張り(横断) {'lookback': 24, 'top_n': 5} hold=2",train,3168,-0.3440181702123248,0.08466820056388989,0.42868637077621463,-1.0504261647752844,0.2586892588535847,-30.13599171059965,-32.098001013108636,0.07813827761744428,1.0835688109023254,0.7355,H2 FR順張り(横断),half-maker,2,24.0,5.0,
"H2 FR順張り(横断) {'lookback': 24, 'top_n': 5} hold=2",test,2063,0.5110715837624303,1.019659328724691,0.5085877449622601,1.4329612118836859,2.8591625888152365,44.769870737588896,-11.67595339237408,0.0919203810139341,11.09285359217693,0.2345,H2 FR順張り(横断),half-maker,2,24.0,5.0,
"H2 FR順張り(横断) {'lookback': 24, 'top_n': 5} hold=2",full,5279,-0.06373675298647265,0.39553487809445,0.4592716310809226,-0.18632100978750174,1.1567509748132156,-5.583339561615004,-33.72117000837404,0.08349570174726455,4.7371884997350575,0.545,H2 FR順張り(横断),half-maker,2,24.0,5.0,
"H2 FR順張り(横断) {'lookback': 24, 'top_n': 5} hold=2",train,3168,-0.03253921586227654,0.08466820056388989,0.11720741642616642,-0.0994090551203051,0.2586892588535847,-2.850435309535425,-27.5942988651115,0.07813827761744428,1.0835688109023254,0.542,H2 FR順張り(横断),maker-only(理論上限),2,24.0,5.0,
"H2 FR順張り(横断) {'lookback': 24, 'top_n': 5} hold=2",test,2063,0.8817787572037896,1.019659328724691,0.13788057152090114,2.472690129366764,2.8591625888152365,77.24381913105198,-10.31609773761216,0.0919203810139341,11.09285359217693,0.0995,H2 FR順張り(横断),maker-only(理論上限),2,24.0,5.0,
"H2 FR順張り(横断) {'lookback': 24, 'top_n': 5} hold=2",full,5279,0.2702913254735533,0.39553487809445,0.1252435526208968,0.7904427455612512,1.1567509748132156,23.677520111483265,-27.5942988651115,0.08349570174726455,4.7371884997350575,0.272,H2 FR順張り(横断),maker-only(理論上限),2,24.0,5.0,
"H2 FR順張り(横断) {'lookback': 24, 'top_n': 5} hold=3",train,3168,-0.6303336160095822,0.04020009410746136,0.6705337101170434,-1.925375997626292,0.12288818513149999,-55.2172247624394,-36.616273279185805,0.07074089105339104,0.5682723741367733,0.88,H2 FR順張り(横断),taker,3,24.0,5.0,
"H2 FR順張り(横断) {'lookback': 24, 'top_n': 5} hold=3",test,2063,-0.14226500676124956,0.6567344661899929,0.7989994729512422,-0.3704240629344939,1.7117398986298034,-12.462414592285462,-16.568720882181545,0.08374670113642484,7.841914454876985,0.593,H2 FR順張り(横断),taker,3,24.0,5.0,
"H2 FR順張り(横断) {'lookback': 24, 'top_n': 5} hold=3",full,5279,-0.4690329556247371,0.25039055381818887,0.7194235094429261,-1.3299262555494649,0.7105401608336351,-41.087286912726974,-36.94351000056636,0.0757864344196983,3.303896742674936,0.85375,H2 FR順張り(横断),taker,3,24.0,5.0,
"H2 FR順張り(横断) {'lookback': 24, 'top_n': 5} hold=3",train,3168,-0.3481224292411038,0.04020009410746136,0.388322523348565,-1.0640727909118173,0.12288818513149999,-30.495524801520695,-30.962203834741388,0.07074089105339104,0.5682723741367733,0.744,H2 FR順張り(横断),half-maker,3,24.0,5.0,
"H2 FR順張り(横断) {'lookback': 24, 'top_n': 5} hold=3",test,2063,0.19442470386205318,0.6567344661899929,0.4623097623279398,0.5065839701113791,1.7117398986298034,17.03160405831586,-13.15689836731023,0.08374670113642484,7.841914454876985,0.39725,H2 FR順張り(横断),half-maker,3,24.0,5.0,
"H2 FR順張り(横断) {'lookback': 24, 'top_n': 5} hold=3",full,5279,-0.166161026718048,0.25039055381818887,0.4165515805362367,-0.4714442030729889,0.7105401608336351,-14.555705940501005,-30.962203834741388,0.0757864344196983,3.303896742674936,0.6395,H2 FR順張り(横断),half-maker,3,24.0,5.0,
"H2 FR順張り(横断) {'lookback': 24, 'top_n': 5} hold=3",train,3168,-0.06591124247262552,0.04020009410746136,0.10611133658008658,-0.2015036048704693,0.12288818513149999,-5.773824840601996,-26.778298163402468,0.07074089105339104,0.5682723741367733,0.5665,H2 FR順張り(横断),maker-only(理論上限),3,24.0,5.0,
"H2 FR順張り(横断) {'lookback': 24, 'top_n': 5} hold=3",test,2063,0.5311144144853553,0.6567344661899929,0.12562005170463725,1.3842902161732178,1.7117398986298034,46.52562270891713,-12.09429568873881,0.08374670113642484,7.841914454876985,0.22375,H2 FR順張り(横断),maker-only(理論上限),3,24.0,5.0,
"H2 FR順張り(横断) {'lookback': 24, 'top_n': 5} hold=3",full,5279,0.13671090218864132,0.25039055381818887,0.11367965162954743,0.38796938814825865,0.7105401608336351,11.97587503172498,-26.778298163402468,0.0757864344196983,3.303896742674936,0.374,H2 FR順張り(横断),maker-only(理論上限),3,24.0,5.0,
"H2 FR順張り(横断) {'lookback': 24, 'top_n': 5} hold=6",train,3168,-0.3167945547524997,0.2386286317253742,0.5554231864778739,-0.9786327196249693,0.7380635106852093,-27.751202996318973,-31.383982560356504,0.058435044893378224,4.083656171750717,0.73275,H2 FR順張り(横断),taker,6,24.0,5.0,
"H2 FR順張り(横断) {'lookback': 24, 'top_n': 5} hold=6",test,2063,0.22873721075859782,0.898688795367235,0.6699515846086374,0.6221119619880396,2.4464503449157267,20.037379662453166,-11.530970220758636,0.0700463187375451,12.829921851204068,0.3835,H2 FR順張り(横断),taker,6,24.0,5.0,
"H2 FR順張り(横断) {'lookback': 24, 'top_n': 5} hold=6",full,5279,-0.17117460985359825,0.4278480788771318,0.59902268873073,-0.4977150810953856,1.245308151038374,-14.994895823175206,-31.383982560356504,0.06293384689861295,6.798377978806846,0.6425,H2 FR順張り(横断),taker,6,24.0,5.0,
"H2 FR順張り(横断) {'lookback': 24, 'top_n': 5} hold=6",train,3168,-0.08290924518359644,0.2386286317253742,0.3215378769089707,-0.2563530798625959,0.7380635106852093,-7.262849878083047,-28.066241248762292,0.058435044893378224,4.083656171750717,0.57075,H2 FR順張り(横断),half-maker,6,24.0,5.0,
"H2 FR順張り(横断) {'lookback': 24, 'top_n': 5} hold=6",test,2063,0.5111782640097577,0.898688795367235,0.3875105313574776,1.391309604221169,2.4464503449157267,44.77921592725478,-10.677264863615765,0.0700463187375451,12.829921851204068,0.24025,H2 FR順張り(横断),half-maker,6,24.0,5.0,
"H2 FR順張り(横断) {'lookback': 24, 'top_n': 5} hold=6",full,5279,0.08113634933780708,0.4278480788771318,0.3467117295393247,0.23610467902132945,1.245308151038374,7.1075442019918995,-28.066241248762292,0.06293384689861295,6.798377978806846,0.425,H2 FR順張り(横断),half-maker,6,24.0,5.0,
"H2 FR順張り(横断) {'lookback': 24, 'top_n': 5} hold=6",train,3168,0.15097606438530695,0.2386286317253742,0.08765256734006735,0.4669733228693935,0.7380635106852093,13.22550324015289,-26.334095415428937,0.058435044893378224,4.083656171750717,0.41625,H2 FR順張り(横断),maker-only(理論上限),6,24.0,5.0,
"H2 FR順張り(横断) {'lookback': 24, 'top_n': 5} hold=6",test,2063,0.7936193172609175,0.898688795367235,0.10506947810631766,2.160562981079792,2.4464503449157267,69.52105219205637,-9.823559506472913,0.0700463187375451,12.829921851204068,0.13425,H2 FR順張り(横断),maker-only(理論上限),6,24.0,5.0,
"H2 FR順張り(横断) {'lookback': 24, 'top_n': 5} hold=6",full,5279,0.3334473085292124,0.4278480788771318,0.09440077034791942,0.9705903327255837,1.245308151038374,29.209984227159,-26.334095415428937,0.06293384689861295,6.798377978806846,0.23375,H2 FR順張り(横断),maker-only(理論上限),6,24.0,5.0,
"H2 FR順張り(横断) {'lookback': 24, 'top_n': 5} hold=12",train,3168,-0.12376567562558465,0.31169721218105295,0.43546288780663783,-0.39383499153485374,0.9933478424157125,-10.841873184801216,-23.306849912708124,0.04553496272246273,6.845228227831412,0.6455,H2 FR順張り(横断),taker,12,24.0,5.0,
"H2 FR順張り(横断) {'lookback': 24, 'top_n': 5} hold=12",test,2063,0.384376380975848,0.9329732098350377,0.5485968288591895,1.0289814434022093,2.504697370712729,33.67137097348428,-12.47547058544042,0.057218067385299574,16.305570119181212,0.3075,H2 FR順張り(横断),taker,12,24.0,5.0,
"H2 FR順張り(横断) {'lookback': 24, 'top_n': 5} hold=12",full,5279,0.02232884281775349,0.5016813123210566,0.479352469503303,0.06544424769416703,1.4734721765921812,1.956006630835206,-23.306849912708124,0.05014124548600775,10.005362002047876,0.47225,H2 FR順張り(横断),taker,12,24.0,5.0,
"H2 FR順張り(横断) {'lookback': 24, 'top_n': 5} hold=12",train,3168,0.05981454623588708,0.31169721218105295,0.25188266594516595,0.19054544526311612,0.9933478424157125,5.239754250263708,-22.191052293660483,0.04553496272246273,6.845228227831412,0.5,H2 FR順張り(横断),half-maker,12,24.0,5.0,
"H2 FR順張り(横断) {'lookback': 24, 'top_n': 5} hold=12",test,2063,0.6157612448664683,0.9329732098350377,0.3172119649685694,1.6510979742816012,2.504697370712729,53.94068505030262,-11.612774170170754,0.057218067385299574,16.305570119181212,0.20075,H2 FR順張り(横断),half-maker,12,24.0,5.0,
"H2 FR順張り(横断) {'lookback': 24, 'top_n': 5} hold=12",full,5279,0.22439914345489934,0.5016813123210566,0.2772821688661573,0.6585698761517197,1.4734721765921812,19.657364966649183,-22.191052293660483,0.05014124548600775,10.005362002047876,0.29225,H2 FR順張り(横断),half-maker,12,24.0,5.0,
"H2 FR順張り(横断) {'lookback': 24, 'top_n': 5} hold=12",train,3168,0.24339476809735888,0.31169721218105295,0.06830244408369407,0.7756984158001862,0.9933478424157125,21.32138168532864,-21.07525467461287,0.04553496272246273,6.845228227831412,0.3535,H2 FR順張り(横断),maker-only(理論上限),12,24.0,5.0,
"H2 FR順張り(横断) {'lookback': 24, 'top_n': 5} hold=12",test,2063,0.8471461087570881,0.9329732098350377,0.08582710107794934,2.273863021652025,2.504697370712729,74.20999912712092,-10.850995896361239,0.057218067385299574,16.305570119181212,0.1225,H2 FR順張り(横断),maker-only(理論上限),12,24.0,5.0,
"H2 FR順張り(横断) {'lookback': 24, 'top_n': 5} hold=12",full,5279,0.42646944409204496,0.5016813123210566,0.07521186822901163,1.2524839381258444,1.4734721765921812,37.35872330246314,-21.07525467461287,0.05014124548600775,10.005362002047876,0.1545,H2 FR順張り(横断),maker-only(理論上限),12,24.0,5.0,
"H2 FR順張り(横断) {'lookback': 24, 'top_n': 5} hold=24",train,3168,0.46330666829204875,0.7830466649851705,0.31973999669312164,1.5265446517956816,2.5864281023349136,40.58566414238347,-19.147817233815505,0.03333897005772006,23.487428184778192,0.187,H2 FR順張り(横断),taker,24,24.0,5.0,
"H2 FR順張り(横断) {'lookback': 24, 'top_n': 5} hold=24",test,2063,0.15777823449955275,0.5694501524184414,0.4116719179188883,0.41656142572847793,1.5085406159258108,13.82137334216082,-16.61911566071963,0.043332256153390425,13.14148403449531,0.41975,H2 FR順張り(横断),taker,24,24.0,5.0,
"H2 FR順張り(横断) {'lookback': 24, 'top_n': 5} hold=24",full,5279,0.29932173101014853,0.6549223137323452,0.35560058272219663,0.8864873854302621,1.945509433285906,26.22058363648901,-19.147817233815505,0.037282118126027955,17.566660550735204,0.2315,H2 FR順張り(横断),taker,24,24.0,5.0,
"H2 FR順張り(横断) {'lookback': 24, 'top_n': 5} hold=24",train,3168,0.5981724390953196,0.7830466649851705,0.18487422588985086,1.9739781241515444,2.5864281023349136,52.399905664749994,-18.343204138577416,0.03333897005772006,23.487428184778192,0.12575,H2 FR順張り(横断),half-maker,24,24.0,5.0,
"H2 FR順張り(横断) {'lookback': 24, 'top_n': 5} hold=24",test,2063,0.33111500134395433,0.5694501524184414,0.238335151074487,0.8758126795058894,1.5085406159258108,29.0056741177304,-14.648549369251818,0.043332256153390425,13.14148403449531,0.33425,H2 FR順張り(横断),half-maker,24,24.0,5.0,
"H2 FR順張り(横断) {'lookback': 24, 'top_n': 5} hold=24",full,5279,0.4491604337767259,0.6549223137323452,0.2057618799556193,1.3325552796705702,1.945509433285906,39.34645399884119,-18.343204138577416,0.037282118126027955,17.566660550735204,0.14075,H2 FR順張り(横断),half-maker,24,24.0,5.0,
"H2 FR順張り(横断) {'lookback': 24, 'top_n': 5} hold=24",train,3168,0.7330382098985904,0.7830466649851705,0.050008455086580084,2.421021956508044,2.5864281023349136,64.21414718711651,-17.53859104333932,0.03333897005772006,23.487428184778192,0.08275,H2 FR順張り(横断),maker-only(理論上限),24,24.0,5.0,
"H2 FR順張り(横断) {'lookback': 24, 'top_n': 5} hold=24",test,2063,0.5044517681883556,0.5694501524184414,0.06499838423008562,1.335937053324133,1.5085406159258108,44.18997489329995,-14.471924369251818,0.043332256153390425,13.14148403449531,0.25775,H2 FR順張り(横断),maker-only(理論上限),24,24.0,5.0,
"H2 FR順張り(横断) {'lookback': 24, 'top_n': 5} hold=24",full,5279,0.5989991365433034,0.6549223137323452,0.05592317718904193,1.7789847483010406,1.945509433285906,52.47232436119338,-17.53859104333932,0.037282118126027955,17.566660550735204,0.0785,H2 FR順張り(横断),maker-only(理論上限),24,24.0,5.0,
"H2 FR順張り(横断) {'lookback': 72, 'top_n': 3} hold=1",train,3168,-0.22628555804311495,0.21464720710840027,0.44093276515151514,-0.5419431317413437,0.5146073806451781,-19.82261488457687,-34.6089206254946,0.043823653198653195,4.897976125710051,0.669,H2 FR順張り(横断),taker,1,72.0,3.0,
"H2 FR順張り(横断) {'lookback': 72, 'top_n': 3} hold=1",test,2063,-0.0795087665708063,0.5172960484235384,0.5968048149943447,-0.18793194896975665,1.2239688824061397,-6.964967951602631,-16.034586326449652,0.05824850541282921,8.88084672314363,0.50525,H2 FR順張り(横断),taker,1,72.0,3.0,
"H2 FR順張り(横断) {'lookback': 72, 'top_n': 3} hold=1",full,5279,-0.21377080606452464,0.28457168304326086,0.4983424891077855,-0.5032473527179068,0.6705920996377371,-18.726322611252357,-34.6089206254946,0.04912546568163162,5.792752884776507,0.6455,H2 FR順張り(横断),taker,1,72.0,3.0,
"H2 FR順張り(横断) {'lookback': 72, 'top_n': 3} hold=1",train,3168,-0.03868691536634729,0.21464720710840027,0.25333412247474746,-0.09270593203342017,0.5146073806451781,-3.3889737860920226,-32.9094981671853,0.043823653198653195,4.897976125710051,0.575,H2 FR順張り(横断),half-maker,1,72.0,3.0,
"H2 FR順張り(横断) {'lookback': 72, 'top_n': 3} hold=1",test,2063,0.1752072618667442,0.5172960484235384,0.34208878655679426,0.41438325247220625,1.2239688824061397,15.348156139526791,-15.28062799311631,0.05824850541282921,8.88084672314363,0.38025,H2 FR順張り(横断),half-maker,1,72.0,3.0,
"H2 FR順張り(横断) {'lookback': 72, 'top_n': 3} hold=1",full,5279,-0.0014436607718556409,0.28457168304326086,0.2860153438151165,-0.003400501105110028,0.6705920996377371,-0.12646468361455415,-32.9094981671853,0.04912546568163162,5.792752884776507,0.499,H2 FR順張り(横断),half-maker,1,72.0,3.0,
"H2 FR順張り(横断) {'lookback': 72, 'top_n': 3} hold=1",train,3168,0.14891172731042054,0.21464720710840027,0.06573547979797978,0.3569761253585075,0.5146073806451781,13.044667312392837,-31.633977333851966,0.043823653198653195,4.897976125710051,0.4625,H2 FR順張り(横断),maker-only(理論上限),1,72.0,3.0,
"H2 FR順張り(横断) {'lookback': 72, 'top_n': 3} hold=1",test,2063,0.42992329030429466,0.5172960484235384,0.08737275811924382,1.0171768502497798,1.2239688824061397,37.66128023065621,-14.52666965978299,0.05824850541282921,8.88084672314363,0.267,H2 FR順張り(横断),maker-only(理論上限),1,72.0,3.0,
"H2 FR順張り(横断) {'lookback': 72, 'top_n': 3} hold=1",full,5279,0.2108834845208133,0.28457168304326086,0.07368819852244743,0.49690808920417795,0.6705920996377371,18.473393244023246,-31.633977333851966,0.04912546568163162,5.792752884776507,0.341,H2 FR順張り(横断),maker-only(理論上限),1,72.0,3.0,
"H2 FR順張り(横断) {'lookback': 72, 'top_n': 3} hold=2",train,3168,-0.12501554570522685,0.2769665144799583,0.4019820601851852,-0.30007170672954475,0.6651752881516488,-10.951361803777871,-35.24376447697991,0.04019360269360269,6.890810873344304,0.614,H2 FR順張り(横断),taker,2,72.0,3.0,
"H2 FR順張り(横断) {'lookback': 72, 'top_n': 3} hold=2",test,2063,0.04287151433652981,0.5811652613069609,0.5382937469704313,0.10111647662039273,1.370590379109584,3.755544655880011,-13.307815999356688,0.05307804168686379,10.949259671929317,0.44325,H2 FR順張り(横断),taker,2,72.0,3.0,
"H2 FR順張り(横断) {'lookback': 72, 'top_n': 3} hold=2",full,5279,-0.10517184440544854,0.34693003726405947,0.45210188166950815,-0.24770038415601733,0.8173219761056923,-9.213053569917292,-35.24376447697991,0.044926438088021714,7.722179901828405,0.56425,H2 FR順張り(横断),taker,2,72.0,3.0,
"H2 FR順張り(横断) {'lookback': 72, 'top_n': 3} hold=2",train,3168,0.04583028236716361,0.2769665144799583,0.23113623211279458,0.1100466245608062,0.6651752881516488,4.014732735363532,-34.09053531031324,0.04019360269360269,6.890810873344304,0.5185,H2 FR順張り(横断),half-maker,2,72.0,3.0,
"H2 FR順張り(横断) {'lookback': 72, 'top_n': 3} hold=2",test,2063,0.27220985655659763,0.5811652613069609,0.3089554047503636,0.6421128898559378,1.370590379109584,23.845583434357952,-12.623649332690015,0.05307804168686379,10.949259671929317,0.3325,H2 FR順張り(横断),half-maker,2,72.0,3.0,
"H2 FR順張り(横断) {'lookback': 72, 'top_n': 3} hold=2",full,5279,0.08718426786328923,0.34693003726405947,0.2597457694007703,0.20539045370956865,0.8173219761056923,7.637341864824136,-34.09053531031324,0.044926438088021714,7.722179901828405,0.4245,H2 FR順張り(横断),half-maker,2,72.0,3.0,
"H2 FR順張り(横断) {'lookback': 72, 'top_n': 3} hold=2",train,3168,0.21667611043955431,0.2769665144799583,0.06029040404040403,0.5203768254343251,0.6651752881516488,18.980827274504957,-32.93730614364657,0.04019360269360269,6.890810873344304,0.42575,H2 FR順張り(横断),maker-only(理論上限),2,72.0,3.0,
"H2 FR順張り(横断) {'lookback': 72, 'top_n': 3} hold=2",test,2063,0.5015481987766655,0.5811652613069609,0.07961706253029568,1.1829479377899565,1.370590379109584,43.935622212835895,-12.315183498958323,0.05307804168686379,10.949259671929317,0.24225,H2 FR順張り(横断),maker-only(理論上限),2,72.0,3.0,
"H2 FR順張り(横断) {'lookback': 72, 'top_n': 3} hold=2",full,5279,0.2795403801320269,0.34693003726405947,0.06738965713203257,0.6585857096066594,0.8173219761056923,24.48773729956556,-32.93730614364657,0.044926438088021714,7.722179901828405,0.29075,H2 FR順張り(横断),maker-only(理論上限),2,72.0,3.0,
"H2 FR順張り(横断) {'lookback': 72, 'top_n': 3} hold=3",train,3168,-0.03808817358104918,0.3508730532708025,0.3889612268518518,-0.09263644041880348,0.8537468321041912,-3.3365240056999075,-34.0702317915911,0.038878367003367,9.024891740962671,0.5645,H2 FR順張り(横断),taker,3,72.0,3.0,
"H2 FR順張り(横断) {'lookback': 72, 'top_n': 3} hold=3",test,2063,-0.2285489476075139,0.26593723755971826,0.49448618516723214,-0.5415383217411821,0.631142143316521,-20.020887810418216,-16.23004432673926,0.04887703990951688,5.440944010767262,0.583,H2 FR順張り(横断),taker,3,72.0,3.0,
"H2 FR順張り(横断) {'lookback': 72, 'top_n': 3} hold=3",full,5279,-0.1590749506947395,0.2680932314104571,0.42716818210519664,-0.3781892682139806,0.6379359600244382,-13.934965680859179,-34.421297828625114,0.04249542211277388,6.308755580753952,0.6005,H2 FR順張り(横断),taker,3,72.0,3.0,
"H2 FR順張り(横断) {'lookback': 72, 'top_n': 3} hold=3",train,3168,0.12723366459235141,0.3508730532708025,0.22363938867845115,0.30954915981007375,0.8537468321041912,11.145669018289984,-32.831862859303925,0.038878367003367,9.024891740962671,0.4765,H2 FR順張り(横断),half-maker,3,72.0,3.0,
"H2 FR順張り(横断) {'lookback': 72, 'top_n': 3} hold=3",test,2063,-0.017963634956035587,0.26593723755971826,0.2839008725157538,-0.04260068335978464,0.631142143316521,-1.5736144221487174,-15.588585993405927,0.04887703990951688,5.440944010767262,0.472,H2 FR順張り(横断),half-maker,3,72.0,3.0,
"H2 FR順張り(横断) {'lookback': 72, 'top_n': 3} hold=3",full,5279,0.022637573773278196,0.2680932314104571,0.2454556576371787,0.05384712449484695,0.6379359600244382,1.98305146253917,-32.831862859303925,0.04249542211277388,6.308755580753952,0.4785,H2 FR順張り(横断),half-maker,3,72.0,3.0,
"H2 FR順張り(横断) {'lookback': 72, 'top_n': 3} hold=3",train,3168,0.29255550276575215,0.3508730532708025,0.058317550505050504,0.7118436404106969,0.8537468321041912,25.627862042279887,-31.761133692637273,0.038878367003367,9.024891740962671,0.38725,H2 FR順張り(横断),maker-only(理論上限),3,72.0,3.0,
"H2 FR順張り(横断) {'lookback': 72, 'top_n': 3} hold=3",test,2063,0.19262167769544306,0.26593723755971826,0.07331555986427532,0.45707901622887637,0.631142143316521,16.87365896612081,-14.94712766007259,0.04887703990951688,5.440944010767262,0.36575,H2 FR順張り(横断),maker-only(理論上限),3,72.0,3.0,
"H2 FR順張り(横断) {'lookback': 72, 'top_n': 3} hold=3",full,5279,0.20435009824129624,0.2680932314104571,0.06374313316916083,0.48622774634802746,0.6379359600244382,17.90106860593755,-31.761133692637273,0.04249542211277388,6.308755580753952,0.343,H2 FR順張り(横断),maker-only(理論上限),3,72.0,3.0,
"H2 FR順張り(横断) {'lookback': 72, 'top_n': 3} hold=6",train,3168,-0.1256359612760454,0.21053170496974596,0.3361676662457912,-0.30595338490185364,0.5128691439351987,-11.00571020778158,-38.56567369882226,0.033801557239057235,6.228461709050477,0.611,H2 FR順張り(横断),taker,6,72.0,3.0,
"H2 FR順張り(横断) {'lookback': 72, 'top_n': 3} hold=6",test,2063,0.06729847802830294,0.5006984618706036,0.4333999838423008,0.15969634413192524,1.1896388040752337,5.895346675279337,-13.823053711614957,0.04289869122636936,11.671648890836783,0.4155,H2 FR順張り(横断),taker,6,72.0,3.0,
"H2 FR順張り(横断) {'lookback': 72, 'top_n': 3} hold=6",full,5279,-0.09599826047520124,0.2756156815592749,0.37161394203447623,-0.22852652142588936,0.6565652526537203,-8.40944761762763,-38.56567369882226,0.037112458167582234,7.426500295796235,0.562,H2 FR順張り(横断),taker,6,72.0,3.0,
"H2 FR順張り(横断) {'lookback': 72, 'top_n': 3} hold=6",train,3168,0.017096703917557337,0.21053170496974596,0.19343500105218853,0.04164637883672878,0.5128691439351987,1.497671263178023,-35.55848619882226,0.033801557239057235,6.228461709050477,0.53825,H2 FR順張り(横断),half-maker,6,72.0,3.0,
"H2 FR順張り(横断) {'lookback': 72, 'top_n': 3} hold=6",test,2063,0.2518244515296762,0.5006984618706036,0.24887401034092746,0.5979958445967678,1.1896388040752337,22.059821953999634,-12.657324544948295,0.04289869122636936,11.671648890836783,0.32175,H2 FR順張り(横断),half-maker,6,72.0,3.0,
"H2 FR順張り(横断) {'lookback': 72, 'top_n': 3} hold=6",full,5279,0.061974366916350054,0.2756156815592749,0.2136413146429248,0.14759728300911373,0.6565652526537203,5.4289545418722644,-35.55848619882226,0.037112458167582234,7.426500295796235,0.44525,H2 FR順張り(横断),half-maker,6,72.0,3.0,
"H2 FR順張り(横断) {'lookback': 72, 'top_n': 3} hold=6",train,3168,0.15982936911116005,0.21053170496974596,0.050702335858585856,0.3893642021261798,0.5128691439351987,14.00105273413762,-33.48477697425891,0.033801557239057235,6.228461709050477,0.46175,H2 FR順張り(横断),maker-only(理論上限),6,72.0,3.0,
"H2 FR順張り(横断) {'lookback': 72, 'top_n': 3} hold=6",test,2063,0.43635042503104965,0.5006984618706036,0.06434803683955403,1.0366601676061917,1.1896388040752337,38.22429723271995,-11.491595378281632,0.04289869122636936,11.671648890836783,0.2445,H2 FR順張り(横断),maker-only(理論上限),6,72.0,3.0,
"H2 FR順張り(横断) {'lookback': 72, 'top_n': 3} hold=6",full,5279,0.21994699430790143,0.2756156815592749,0.05566868725137336,0.523941585287049,0.6565652526537203,19.267356701372165,-33.48477697425891,0.037112458167582234,7.426500295796235,0.33075,H2 FR順張り(横断),maker-only(理論上限),6,72.0,3.0,
"H2 FR順張り(横断) {'lookback': 72, 'top_n': 3} hold=12",train,3168,0.12194104419957583,0.39204442172482845,0.27010337752525254,0.30083879617016224,0.9675624592223288,10.682035471882843,-33.809429787386726,0.027541035353535352,14.234919518902654,0.47825,H2 FR順張り(横断),taker,12,72.0,3.0,
"H2 FR順張り(横断) {'lookback': 72, 'top_n': 3} hold=12",test,2063,-0.12784925891288076,0.2062111708819163,0.33406042979479716,-0.30973662802346147,0.5005346512205986,-11.199595080768354,-14.556005243834155,0.033406042979479716,6.172870309979106,0.54225,H2 FR順張り(横断),taker,12,72.0,3.0,
"H2 FR順張り(横断) {'lookback': 72, 'top_n': 3} hold=12",full,5279,-0.02368642640869145,0.2694601606974523,0.29314658710614383,-0.05727128956027441,0.6521533373496584,-2.074930953401371,-33.809429787386726,0.029645766243606743,9.089330276816938,0.50775,H2 FR順張り(横断),taker,12,72.0,3.0,
"H2 FR順張り(横断) {'lookback': 72, 'top_n': 3} hold=12",train,3168,0.23633695644705052,0.39204442172482845,0.1557074652777778,0.583241188905526,0.9675624592223288,20.703117384761626,-31.463700620720047,0.027541035353535352,14.234919518902654,0.41075,H2 FR順張り(横断),half-maker,12,72.0,3.0,
"H2 FR順張り(横断) {'lookback': 72, 'top_n': 3} hold=12",test,2063,0.014126423749907958,0.2062111708819163,0.19208474713200838,0.034257791102812234,0.5005346512205986,1.2374747204919372,-13.74396653553483,0.033406042979479716,6.172870309979106,0.4635,H2 FR順張り(横断),half-maker,12,72.0,3.0,
"H2 FR順張り(横断) {'lookback': 72, 'top_n': 3} hold=12",full,5279,0.10065254246167527,0.2694601606974523,0.16880761823577697,0.24350538219813378,0.6521533373496584,8.817162719642752,-31.463700620720047,0.029645766243606743,9.089330276816938,0.41575,H2 FR順張り(横断),half-maker,12,72.0,3.0,
"H2 FR順張り(横断) {'lookback': 72, 'top_n': 3} hold=12",train,3168,0.35073286869452547,0.39204442172482845,0.041311553030303025,0.8656388748602413,0.9675624592223288,30.724199297640432,-29.117971454053386,0.027541035353535352,14.234919518902654,0.3545,H2 FR順張り(横断),maker-only(理論上限),12,72.0,3.0,
"H2 FR順張り(横断) {'lookback': 72, 'top_n': 3} hold=12",test,2063,0.1561021064126968,0.2062111708819163,0.050109064469219575,0.37883558331553774,0.5005346512205986,13.67454452175224,-13.070424868868164,0.033406042979479716,6.172870309979106,0.38325,H2 FR順張り(横断),maker-only(理論上限),12,72.0,3.0,
"H2 FR順張り(横断) {'lookback': 72, 'top_n': 3} hold=12",full,5279,0.22499151133204223,0.2694601606974523,0.04446864936541011,0.5445014204471808,0.6521533373496584,19.7092563926869,-29.117971454053386,0.029645766243606743,9.089330276816938,0.33275,H2 FR順張り(横断),maker-only(理論上限),12,72.0,3.0,
"H2 FR順張り(横断) {'lookback': 72, 'top_n': 3} hold=24",train,3168,-0.17683312011728256,0.024371635774973362,0.20120475589225592,-0.4425113837793426,0.061058372845184,-15.490581322273952,-42.24425537086637,0.020780723905723903,1.1728001336979588,0.591,H2 FR順張り(横断),taker,24,72.0,3.0,
"H2 FR順張り(横断) {'lookback': 72, 'top_n': 3} hold=24",test,2063,-0.24054375759884644,0.013344188757592367,0.2538879463564388,-0.5811702996855622,0.0323564226826828,-21.071633165658948,-19.992367899784163,0.025771530134108902,0.5177879888447596,0.5835,H2 FR順張り(横断),taker,24,72.0,3.0,
"H2 FR順張り(横断) {'lookback': 72, 'top_n': 3} hold=24",full,5279,-0.24765661710357445,-0.026556503445684748,0.22110011365788973,-0.6030261983831499,-0.0648020281583977,-21.694719658273122,-42.24425537086637,0.022668434678285027,-1.17151906704543,0.65875,H2 FR順張り(横断),taker,24,72.0,3.0,
"H2 FR順張り(横断) {'lookback': 72, 'top_n': 3} hold=24",train,3168,-0.09181628510044755,0.024371635774973362,0.11618792087542087,-0.22990745862910206,0.061058372845184,-8.043106574799205,-40.48967203753303,0.020780723905723903,1.1728001336979588,0.54175,H2 FR順張り(横断),half-maker,24,72.0,3.0,
"H2 FR順張り(横断) {'lookback': 72, 'top_n': 3} hold=24",test,2063,-0.13292843202120877,0.013344188757592367,0.1462726207788011,-0.32170232710836333,0.0323564226826828,-11.64453064505789,-18.413513733117505,0.025771530134108902,0.5177879888447596,0.53,H2 FR順張り(横断),half-maker,24,72.0,3.0,
"H2 FR順張り(横断) {'lookback': 72, 'top_n': 3} hold=24",full,5279,-0.15410788628334326,-0.026556503445684748,0.12755138283765866,-0.3756356930135237,-0.0648020281583977,-13.49985083842087,-40.48967203753303,0.022668434678285027,-1.17151906704543,0.59475,H2 FR順張り(横断),half-maker,24,72.0,3.0,
"H2 FR順張り(横断) {'lookback': 72, 'top_n': 3} hold=24",train,3168,-0.006799450083612502,0.024371635774973362,0.031171085858585856,-0.017033155102530798,0.061058372845184,-0.5956318273244552,-38.735088704199704,0.020780723905723903,1.1728001336979588,0.498,H2 FR順張り(横断),maker-only(理論上限),24,72.0,3.0,
"H2 FR順張り(横断) {'lookback': 72, 'top_n': 3} hold=24",test,2063,-0.025313106443571036,0.013344188757592367,0.03865729520116335,-0.06134849598978136,0.0323564226826828,-2.2174281244568226,-17.341813607383163,0.025771530134108902,0.5177879888447596,0.471,H2 FR順張り(横断),maker-only(理論上限),24,72.0,3.0,
"H2 FR順張り(横断) {'lookback': 72, 'top_n': 3} hold=24",full,5279,-0.06055915546311212,-0.026556503445684748,0.03400265201742755,-0.14773640325180137,-0.0648020281583977,-5.304982018568621,-38.735088704199704,0.022668434678285027,-1.17151906704543,0.5375,H2 FR順張り(横断),maker-only(理論上限),24,72.0,3.0,
"H2 FR順張り(横断) {'lookback': 72, 'top_n': 5} hold=1",train,3168,-0.5359790553341842,-0.08055878116391028,0.45542027417027414,-1.7591109740735573,-0.2643533675187904,-46.951765247274544,-36.128901886696205,0.04585663179413179,-1.756753124075268,0.8655,H2 FR順張り(横断),taker,1,72.0,5.0,
"H2 FR順張り(横断) {'lookback': 72, 'top_n': 5} hold=1",test,2063,-0.24428169247256595,0.3775545723290409,0.6218362648016066,-0.7493964446126836,1.1582184917042375,-21.39907626059678,-19.492976903421987,0.0611684324723588,6.172376127173975,0.6195,H2 FR順張り(横断),taker,1,72.0,5.0,
"H2 FR順張り(横断) {'lookback': 72, 'top_n': 5} hold=1",full,5279,-0.4630352148371777,0.05497381014049668,0.5180090249776744,-1.4652501380190943,0.17393507884952703,-40.56188481973677,-36.94549675985946,0.05161285957838335,1.0651184722096076,0.8605,H2 FR順張り(横断),taker,1,72.0,5.0,
"H2 FR順張り(横断) {'lookback': 72, 'top_n': 5} hold=1",train,3168,-0.34266139209464613,-0.08055878116391028,0.26210261093073595,-1.1247157259393734,-0.2643533675187904,-30.017137947491,-32.324369148600965,0.04585663179413179,-1.756753124075268,0.7665,H2 FR順張り(横断),half-maker,1,72.0,5.0,
"H2 FR順張り(横断) {'lookback': 72, 'top_n': 5} hold=1",test,2063,0.0207601155739683,0.3775545723290409,0.3567944567550724,0.06369599832034215,1.1582184917042375,1.8185861242796229,-16.558150781991067,0.0611684324723588,6.172376127173975,0.4655,H2 FR順張り(横断),half-maker,1,72.0,5.0,
"H2 FR順張り(横断) {'lookback': 72, 'top_n': 5} hold=1",full,5279,-0.2427403470321279,0.05497381014049668,0.2977141571726246,-0.7682009596487624,0.17393507884952703,-21.264054400014405,-32.324369148600965,0.05161285957838335,1.0651184722096076,0.7045,H2 FR順張り(横断),half-maker,1,72.0,5.0,
"H2 FR順張り(横断) {'lookback': 72, 'top_n': 5} hold=1",train,3168,-0.1493437288551078,-0.08055878116391028,0.0687849476911977,-0.4901195322178846,-0.2643533675187904,-13.082510647707442,-28.51983641050573,0.04585663179413179,-1.756753124075268,0.63625,H2 FR順張り(横断),maker-only(理論上限),1,72.0,5.0,
"H2 FR順張り(横断) {'lookback': 72, 'top_n': 5} hold=1",test,2063,0.28580192362050244,0.3775545723290409,0.09175264870853818,0.8768071478915092,1.1582184917042375,25.03624850915601,-15.804796615324413,0.0611684324723588,6.172376127173975,0.30175,H2 FR順張り(横断),maker-only(理論上限),1,72.0,5.0,
"H2 FR順張り(横断) {'lookback': 72, 'top_n': 5} hold=1",full,5279,-0.022445479227078204,0.05497381014049668,0.07741928936757501,-0.07102306478621692,0.17393507884952703,-1.9662239802920505,-28.51983641050573,0.05161285957838335,1.0651184722096076,0.517,H2 FR順張り(横断),maker-only(理論上限),1,72.0,5.0,
"H2 FR順張り(横断) {'lookback': 72, 'top_n': 5} hold=2",train,3168,-0.5968608768086378,-0.18705034590435685,0.409810530904281,-1.9773523586264832,-0.6203638217540174,-52.28501280843667,-39.27803678091088,0.041290133477633474,-4.530146312209924,0.88625,H2 FR順張り(横断),taker,2,72.0,5.0,
"H2 FR順張り(横断) {'lookback': 72, 'top_n': 5} hold=2",test,2063,-0.216139078962431,0.3400767301920599,0.5562158091544908,-0.6594524329437114,1.037864144779637,-18.933783317108958,-19.025511236452925,0.054866929806338435,6.1982095843965554,0.6,H2 FR順張り(横断),taker,2,72.0,5.0,
"H2 FR順張り(横断) {'lookback': 72, 'top_n': 5} hold=2",full,5279,-0.48984539267723254,-0.024851458941586264,0.4649939337356461,-1.5542139999115536,-0.07890152271307813,-42.91045639852557,-39.27803678091088,0.04640985395863214,-0.5354780681649601,0.87,H2 FR順張り(横断),taker,2,72.0,5.0,
"H2 FR順張り(横断) {'lookback': 72, 'top_n': 5} hold=2",train,3168,-0.4229232114647223,-0.18705034590435685,0.23587286556036552,-1.4019765655757597,-0.6203638217540174,-37.04807332430967,-35.785399876149,0.041290133477633474,-4.530146312209924,0.8035,H2 FR順張り(横断),half-maker,2,72.0,5.0,
"H2 FR順張り(横断) {'lookback': 72, 'top_n': 5} hold=2",test,2063,0.020818628260060614,0.3400767301920599,0.3192581019319992,0.06353803761613896,1.037864144779637,1.8237118355813098,-16.440464888835184,0.054866929806338435,6.1982095843965554,0.4625,H2 FR順張り(横断),half-maker,2,72.0,5.0,
"H2 FR順張り(横断) {'lookback': 72, 'top_n': 5} hold=2",full,5279,-0.2921558162783834,-0.024851458941586264,0.2673043573367972,-0.9273804384998946,-0.07890152271307813,-25.592849505986383,-35.785399876149,0.04640985395863214,-0.5354780681649601,0.74325,H2 FR順張り(横断),half-maker,2,72.0,5.0,
"H2 FR順張り(横断) {'lookback': 72, 'top_n': 5} hold=2",train,3168,-0.24898554612080695,-0.18705034590435685,0.0619352002164502,-0.8256965911727879,-0.6203638217540174,-21.811133840182688,-32.2927629713871,0.041290133477633474,-4.530146312209924,0.70475,H2 FR順張り(横断),maker-only(理論上限),2,72.0,5.0,
"H2 FR順張り(横断) {'lookback': 72, 'top_n': 5} hold=2",test,2063,0.25777633548255213,0.3400767301920599,0.08230039470950763,0.7867622780630473,1.037864144779637,22.581206988271564,-15.731923222168517,0.054866929806338435,6.1982095843965554,0.3185,H2 FR順張り(横断),maker-only(理論上限),2,72.0,5.0,
"H2 FR順張り(横断) {'lookback': 72, 'top_n': 5} hold=2",full,5279,-0.09446623987953436,-0.024851458941586264,0.0696147809379482,-0.2999214488300285,-0.07890152271307813,-8.275242613447208,-32.2927629713871,0.04640985395863214,-0.5354780681649601,0.5825,H2 FR順張り(横断),maker-only(理論上限),2,72.0,5.0,
"H2 FR順張り(横断) {'lookback': 72, 'top_n': 5} hold=3",train,3168,-0.5462377890316735,-0.16731237416875883,0.3789254148629149,-1.8143958125437443,-0.5554494908262514,-47.850430319174606,-37.72006444728574,0.03828388047138047,-4.370308654939903,0.8635,H2 FR順張り(横断),taker,3,72.0,5.0,
"H2 FR順張り(横断) {'lookback': 72, 'top_n': 5} hold=3",test,2063,-0.43243108296162264,0.07884497132824636,0.5112760542898691,-1.3229143830435988,0.24174672074451162,-37.88096286743814,-20.590416151747153,0.050767490709322995,1.553060240453586,0.72,H2 FR順張り(横断),taker,3,72.0,5.0,
"H2 FR順張り(横断) {'lookback': 72, 'top_n': 5} hold=3",full,5279,-0.5405533600152519,-0.11171300875824977,0.4288403512570022,-1.7200781578198912,-0.35569109563782497,-47.35247433733606,-41.72614835545117,0.043003725453052984,-2.5977518826876165,0.897,H2 FR順張り(横断),taker,3,72.0,5.0,
"H2 FR順張り(横断) {'lookback': 72, 'top_n': 5} hold=3",train,3168,-0.38548799195375155,-0.16731237416875883,0.2181756177849928,-1.2803636132205531,-0.5554494908262514,-33.76874809514863,-34.55857337585716,0.03828388047138047,-4.370308654939903,0.78525,H2 FR順張り(横断),half-maker,3,72.0,5.0,
"H2 FR順張り(横断) {'lookback': 72, 'top_n': 5} hold=3",test,2063,-0.21486867384868044,0.07884497132824636,0.2937136451769268,-0.6580926663606568,0.24174672074451162,-18.822495829144405,-17.533359073141412,0.050767490709322995,1.553060240453586,0.602,H2 FR順張り(横断),half-maker,3,72.0,5.0,
"H2 FR順張り(横断) {'lookback': 72, 'top_n': 5} hold=3",full,5279,-0.3583859784765405,-0.11171300875824977,0.2466729697182908,-1.1408994313501475,-0.35569109563782497,-31.39461171454495,-34.55857337585716,0.043003725453052984,-2.5977518826876165,0.79225,H2 FR順張り(横断),half-maker,3,72.0,5.0,
"H2 FR順張り(横断) {'lookback': 72, 'top_n': 5} hold=3",train,3168,-0.22473819487582947,-0.16731237416875883,0.057425820707070696,-0.7462185190387743,-0.5554494908262514,-19.687065871122662,-31.397082304428586,0.03828388047138047,-4.370308654939903,0.686,H2 FR順張り(横断),maker-only(理論上限),3,72.0,5.0,
"H2 FR順張り(横断) {'lookback': 72, 'top_n': 5} hold=3",test,2063,0.0026937352642618655,0.07884497132824636,0.07615123606398448,0.008257476197660533,0.24174672074451162,0.23597120914933944,-16.895338239808076,0.050767490709322995,1.553060240453586,0.47775,H2 FR順張り(横断),maker-only(理論上限),3,72.0,5.0,
"H2 FR順張り(横断) {'lookback': 72, 'top_n': 5} hold=3",full,5279,-0.17621859693782918,-0.11171300875824977,0.06450558817957947,-0.5610799973095604,-0.35569109563782497,-15.436749091753835,-31.397082304428586,0.043003725453052984,-2.5977518826876165,0.64575,H2 FR順張り(横断),maker-only(理論上限),3,72.0,5.0,
"H2 FR順張り(横断) {'lookback': 72, 'top_n': 5} hold=6",train,3168,-0.4380488732269256,-0.1260045084481855,0.3120443647787398,-1.4500291378597046,-0.41715073381076667,-38.37308129467868,-36.048575575790395,0.03162878787878788,-3.9838551174037087,0.81625,H2 FR順張り(横断),taker,6,72.0,5.0,
"H2 FR順張り(横断) {'lookback': 72, 'top_n': 5} hold=6",test,2063,-0.3774470155520909,0.04520001951011628,0.42264703506220713,-1.162866071400159,0.13947843130463908,-33.06435856236317,-20.627877641933512,0.04197770237518178,1.0767625894846407,0.685,H2 FR順張り(横断),taker,6,72.0,5.0,
"H2 FR順張り(横断) {'lookback': 72, 'top_n': 5} hold=6",full,5279,-0.45092283143673756,-0.09685437510933066,0.3540684563274069,-1.4369539456532407,-0.30885189458907747,-39.50084003385822,-38.00312270768521,0.03557491949232809,-2.7225465718964665,0.84825,H2 FR順張り(横断),taker,6,72.0,5.0,
"H2 FR順張り(横断) {'lookback': 72, 'top_n': 5} hold=6",train,3168,-0.30574828174664637,-0.1260045084481855,0.1797437732984608,-1.0123049088899965,-0.41715073381076667,-26.783549481006226,-33.452230337695156,0.03162878787878788,-3.9838551174037087,0.7355,H2 FR順張り(横断),half-maker,6,72.0,5.0,
"H2 FR順張り(横断) {'lookback': 72, 'top_n': 5} hold=6",test,2063,-0.19760677480237346,0.04520001951011628,0.24280679431248992,-0.609349895552259,0.13947843130463908,-17.310353472687915,-18.02684561006986,0.04197770237518178,1.0767625894846407,0.5865,H2 FR順張り(横断),half-maker,6,72.0,5.0,
"H2 FR順張り(横断) {'lookback': 72, 'top_n': 5} hold=6",full,5279,-0.30056979289228,-0.09685437510933066,0.20371541778294955,-0.9582737853446753,-0.30885189458907747,-26.329913857363728,-33.452230337695156,0.03557491949232809,-2.7225465718964665,0.748,H2 FR順張り(横断),half-maker,6,72.0,5.0,
"H2 FR順張り(横断) {'lookback': 72, 'top_n': 5} hold=6",train,3168,-0.17344769026636753,-0.1260045084481855,0.047443181818181815,-0.5742448932940672,-0.41715073381076667,-15.194017667333796,-30.855885099599917,0.03162878787878788,-3.9838551174037087,0.64975,H2 FR順張り(横断),maker-only(理論上限),6,72.0,5.0,
"H2 FR順張り(横断) {'lookback': 72, 'top_n': 5} hold=6",test,2063,-0.01776653405265615,0.04520001951011628,0.06296655356277264,-0.05481788817351462,0.13947843130463908,-1.5563483830126787,-17.347806028811082,0.04197770237518178,1.0767625894846407,0.4925,H2 FR順張り(横断),maker-only(理論上限),6,72.0,5.0,
"H2 FR順張り(横断) {'lookback': 72, 'top_n': 5} hold=6",full,5279,-0.1502167543478228,-0.09685437510933066,0.05336237923849212,-0.4790120314290217,-0.30885189458907747,-13.158987680869277,-30.855885099599917,0.03557491949232809,-2.7225465718964665,0.62225,H2 FR順張り(横断),maker-only(理論上限),6,72.0,5.0,
"H2 FR順張り(横断) {'lookback': 72, 'top_n': 5} hold=12",train,3168,-0.3010513615346939,-0.05174580597913827,0.24930555555555553,-1.019854910058394,-0.17524581756938795,-26.372099270439186,-30.25506455576576,0.02541561447811448,-2.035984847964107,0.747,H2 FR順張り(横断),taker,12,72.0,5.0,
"H2 FR順張り(横断) {'lookback': 72, 'top_n': 5} hold=12",test,2063,-0.2773006653902552,0.06032859620289393,0.33762926159314915,-0.8475775473312281,0.18487344939434475,-24.29153828818636,-19.531205356709854,0.03354338342220068,1.7985244792856963,0.6305,H2 FR順張り(横断),taker,12,72.0,5.0,
"H2 FR順張り(横断) {'lookback': 72, 'top_n': 5} hold=12",full,5279,-0.3385430817374378,-0.05540628183846699,0.2831367998989708,-1.090474918129564,-0.1786401758206031,-29.65637396019955,-30.622709217744827,0.028550230472943115,-1.9406597046904823,0.77825,H2 FR順張り(横断),taker,12,72.0,5.0,
"H2 FR順張り(横断) {'lookback': 72, 'top_n': 5} hold=12",train,3168,-0.19546029461550188,-0.05174580597913827,0.14371448863636363,-0.6622114649657177,-0.17524581756938795,-17.122321808317967,-28.241106222432403,0.02541561447811448,-2.035984847964107,0.677,H2 FR順張り(横断),half-maker,12,72.0,5.0,
"H2 FR順張り(横断) {'lookback': 72, 'top_n': 5} hold=12",test,2063,-0.13364357216033096,0.06032859620289393,0.1939721683632251,-0.40903683019270337,0.18487344939434475,-11.707176921244992,-17.85334071080314,0.03354338342220068,1.7985244792856963,0.558,H2 FR順張り(横断),half-maker,12,72.0,5.0,
"H2 FR順張り(横断) {'lookback': 72, 'top_n': 5} hold=12",full,5279,-0.21838735464265976,-0.05540628183846699,0.16298107280419272,-0.7038912568237055,-0.1786401758206031,-19.130732266696995,-28.241106222432403,0.028550230472943115,-1.9406597046904823,0.686,H2 FR順張り(横断),half-maker,12,72.0,5.0,
"H2 FR順張り(横断) {'lookback': 72, 'top_n': 5} hold=12",train,3168,-0.08986922769630992,-0.05174580597913827,0.03812342171717171,-0.304411488015851,-0.17524581756938795,-7.87254434619675,-26.22714788909908,0.02541561447811448,-2.035984847964107,0.6045,H2 FR順張り(横断),maker-only(理論上限),12,72.0,5.0,
"H2 FR順張り(横断) {'lookback': 72, 'top_n': 5} hold=12",test,2063,0.010013521069592914,0.06032859620289393,0.05031507513330102,0.03067839565912801,0.18487344939434475,0.8771844456963394,-17.31170788322648,0.03354338342220068,1.7985244792856963,0.47725,H2 FR順張り(横断),maker-only(理論上限),12,72.0,5.0,
"H2 FR順張り(横断) {'lookback': 72, 'top_n': 5} hold=12",full,5279,-0.09823162754788163,-0.05540628183846699,0.04282534570941465,-0.31671476605461435,-0.1786401758206031,-8.605090573194431,-26.22714788909908,0.028550230472943115,-1.9406597046904823,0.58,H2 FR順張り(横断),maker-only(理論上限),12,72.0,5.0,
"H2 FR順張り(横断) {'lookback': 72, 'top_n': 5} hold=24",train,3168,-0.41651608444695454,-0.21864939673651687,0.19786668771043775,-1.4494891780064452,-0.7614320085828575,-36.48680899755322,-35.196893836586696,0.020333543771043773,-10.753137731352425,0.7875,H2 FR順張り(横断),taker,24,72.0,5.0,
"H2 FR順張り(横断) {'lookback': 72, 'top_n': 5} hold=24",test,2063,-0.7828167201500643,-0.5284763582176035,0.25434036193246085,-2.4034949126102068,-1.6279214471738293,-68.57474468514565,-30.980193961271464,0.025521085797382454,-20.70744020898226,0.844,H2 FR順張り(横断),taker,24,72.0,5.0,
"H2 FR順張り(横断) {'lookback': 72, 'top_n': 5} hold=24",full,5279,-0.6020255286957906,-0.38224984516987026,0.21977568352592033,-1.9694363190602542,-1.2528534099802244,-52.73743631375126,-46.81264631081594,0.0223653469722801,-17.091165437479493,0.92025,H2 FR順張り(横断),taker,24,72.0,5.0,
"H2 FR順張り(横断) {'lookback': 72, 'top_n': 5} hold=24",train,3168,-0.3328328984200184,-0.21864939673651687,0.11418350168350169,-1.1588927496980708,-0.7614320085828575,-29.156161901593613,-33.251727169920045,0.020333543771043773,-10.753137731352425,0.7305,H2 FR順張り(横断),half-maker,24,72.0,5.0,
"H2 FR順張り(横断) {'lookback': 72, 'top_n': 5} hold=24",test,2063,-0.6747873535318709,-0.5284763582176035,0.14631099531426725,-2.0752022211914785,-1.6279214471738293,-59.1113721693919,-29.40642312793813,0.025521085797382454,-20.70744020898226,0.803,H2 FR順張り(横断),half-maker,24,72.0,5.0,
"H2 FR順張り(横断) {'lookback': 72, 'top_n': 5} hold=24",full,5279,-0.5089116971620407,-0.38224984516987026,0.12666185199217025,-1.6665701436179052,-1.2528534099802244,-44.58066467139476,-42.39866714414923,0.0223653469722801,-17.091165437479493,0.88325,H2 FR順張り(横断),half-maker,24,72.0,5.0,
"H2 FR順張り(横断) {'lookback': 72, 'top_n': 5} hold=24",train,3168,-0.24914971239308253,-0.21864939673651687,0.030500315656565653,-0.867675509567202,-0.7614320085828575,-21.82551480563403,-31.306560503253365,0.020333543771043773,-10.753137731352425,0.6815,H2 FR順張り(横断),maker-only(理論上限),24,72.0,5.0,
"H2 FR順張り(横断) {'lookback': 72, 'top_n': 5} hold=24",test,2063,-0.5667579869136773,-0.5284763582176035,0.038281628696073676,-1.745204812603806,-1.6279214471738293,-49.647999653638124,-28.313554468777973,0.025521085797382454,-20.70744020898226,0.76175,H2 FR順張り(横断),maker-only(理論上限),24,72.0,5.0,
"H2 FR順張り(横断) {'lookback': 72, 'top_n': 5} hold=24",full,5279,-0.4157978656282904,-0.38224984516987026,0.03354802045842015,-1.362593249117377,-1.2528534099802244,-36.42389302903824,-38.465590151655704,0.0223653469722801,-17.091165437479493,0.829,H2 FR順張り(横断),maker-only(理論上限),24,72.0,5.0,
"H3 短期リバーサル(横断) {'lookback': 1, 'top_n': 3} hold=1",train,3168,-14.38848331082849,-1.5862947586399396,12.80218855218855,-16.450041184487258,-1.8221948760953168,-1260.4311380285758,-461.9905231071902,1.3492213804713806,-1.1757112521339768,1.0,H3 短期リバーサル(横断),taker,1,1.0,3.0,
"H3 短期リバーサル(横断) {'lookback': 1, 'top_n': 3} hold=1",test,2063,-10.235787729289676,5.9776554763978345,16.21344320568751,-11.653129092634076,6.81454494543614,-896.6550050857757,-213.72167205997482,1.7178865729520116,3.4796566726322613,1.0,H3 短期リバーサル(横断),taker,1,1.0,3.0,
"H3 短期リバーサル(横断) {'lookback': 1, 'top_n': 3} hold=1",full,5279,-12.905671600350031,1.2538914482071446,14.159563048557176,-14.609700159613512,1.4230769697135055,-1130.5368321906626,-681.7295905015105,1.4959904022226433,0.8381681101323885,1.0,H3 短期リバーサル(横断),taker,1,1.0,3.0,
"H3 短期リバーサル(横断) {'lookback': 1, 'top_n': 3} hold=1",train,3168,-8.99930507008775,-1.5862947586399396,7.4130103114478105,-10.318120602835334,-1.8221948760953168,-788.3391241396869,-294.9348042907253,1.3492213804713806,-1.1757112521339768,1.0,H3 短期リバーサル(横断),half-maker,1,1.0,3.0,
"H3 短期リバーサル(横断) {'lookback': 1, 'top_n': 3} hold=1",test,2063,-3.417481056159929,5.9776554763978345,9.395136532557764,-3.893510785498515,6.81454494543614,-299.37134051960976,-78.64417205997508,1.7178865729520116,3.4796566726322613,0.977,H3 短期リバーサル(横断),half-maker,1,1.0,3.0,
"H3 短期リバーサル(横断) {'lookback': 1, 'top_n': 3} hold=1",full,5279,-6.947882877738426,1.2538914482071446,8.201774325945571,-7.878591317961213,1.4230769697135055,-608.6345400898862,-368.69220501837697,1.4959904022226433,0.8381681101323885,1.0,H3 短期リバーサル(横断),half-maker,1,1.0,3.0,
"H3 短期リバーサル(横断) {'lookback': 1, 'top_n': 3} hold=1",train,3168,-3.61012682934701,-1.5862947586399396,2.023832070707071,-4.145826029321092,-1.8221948760953168,-316.2471102507981,-133.1085365818279,1.3492213804713806,-1.1757112521339768,0.989,H3 短期リバーサル(横断),maker-only(理論上限),1,1.0,3.0,
"H3 短期リバーサル(横断) {'lookback': 1, 'top_n': 3} hold=1",test,2063,3.4008256169698154,5.9776554763978345,2.5768298594280177,3.8764431932276695,6.81454494543614,297.9123240465558,-25.14002681753643,1.7178865729520116,3.4796566726322613,0.031,H3 短期リバーサル(横断),maker-only(理論上限),1,1.0,3.0,
"H3 短期リバーサル(横断) {'lookback': 1, 'top_n': 3} hold=1",full,5279,-0.990094155126821,1.2538914482071446,2.243985603333965,-1.123614767396496,1.4230769697135055,-86.73224798910951,-137.25009427003297,1.4959904022226433,0.8381681101323885,0.809,H3 短期リバーサル(横断),maker-only(理論上限),1,1.0,3.0,
"H3 短期リバーサル(横断) {'lookback': 1, 'top_n': 3} hold=2",train,3168,-6.423598287074033,0.055568379592632985,6.479166666666666,-7.645032926355825,0.06668082441532497,-562.7072099476852,-216.95820712232674,0.6808712121212122,0.08161364235023703,1.0,H3 短期リバーサル(横断),taker,2,1.0,3.0,
"H3 短期リバーサル(横断) {'lookback': 1, 'top_n': 3} hold=2",test,2063,-2.6682042523376426,5.460168667358593,8.128372919696233,-3.20967977496184,6.61136899418368,-233.73469250477746,-61.46364332235289,0.8615285183389886,6.337768920157975,0.95325,H3 短期リバーサル(横断),taker,2,1.0,3.0,
"H3 短期リバーサル(横断) {'lookback': 1, 'top_n': 3} hold=2",full,5279,-4.982340292697952,2.1533861706473787,7.13572646334533,-5.891779671673926,2.565097371803398,-436.4530096403406,-267.1127002637864,0.7529835196059859,2.8598051810937144,1.0,H3 短期リバーサル(横断),taker,2,1.0,3.0,
"H3 短期リバーサル(横断) {'lookback': 1, 'top_n': 3} hold=2",train,3168,-3.6946683628316097,0.055568379592632985,3.7502367424242427,-4.418427530991619,0.06668082441532497,-323.652948584049,-135.70747643300206,0.6808712121212122,0.08161364235023703,0.993,H3 短期リバーサル(横断),half-maker,2,1.0,3.0,
"H3 短期リバーサル(横断) {'lookback': 1, 'top_n': 3} hold=2",test,2063,0.7498358187562335,5.460168667358593,4.710332848602358,0.9057387682306117,6.61136899418368,65.68561772304605,-27.39158545066569,0.8615285183389886,6.337768920157975,0.33475,H3 短期リバーサル(横断),half-maker,2,1.0,3.0,
"H3 短期リバーサル(横断) {'lookback': 1, 'top_n': 3} hold=2",full,5279,-1.9792147007297758,2.1533861706473787,4.1326008713771545,-2.350849924594384,2.565097371803398,-173.37920778392836,-135.70747643300206,0.7529835196059859,2.8598051810937144,0.96375,H3 短期リバーサル(横断),half-maker,2,1.0,3.0,
"H3 短期リバーサル(横断) {'lookback': 1, 'top_n': 3} hold=2",train,3168,-0.9657384385891852,0.055568379592632985,1.0213068181818181,-1.1583178164239627,0.06668082441532497,-84.59868722041263,-57.98129003008721,0.6808712121212122,0.08161364235023703,0.7435,H3 短期リバーサル(横断),maker-only(理論上限),2,1.0,3.0,
"H3 短期リバーサル(横断) {'lookback': 1, 'top_n': 3} hold=2",test,2063,4.167875889850109,5.460168667358593,1.2922927775084825,5.044951619040955,6.61136899418368,365.10592795086956,-15.7480476562969,0.8615285183389886,6.337768920157975,0.0095,H3 短期リバーサル(横断),maker-only(理論上限),2,1.0,3.0,
"H3 短期リバーサル(横断) {'lookback': 1, 'top_n': 3} hold=2",full,5279,1.0239108912383987,2.1533861706473787,1.1294752794089788,1.2192109723551965,2.565097371803398,89.69459407248374,-57.98129003008721,0.7529835196059859,2.8598051810937144,0.18875,H3 短期リバーサル(横断),maker-only(理論上限),2,1.0,3.0,
"H3 短期リバーサル(横断) {'lookback': 1, 'top_n': 3} hold=3",train,3168,-6.382010056152291,-2.0433631706304056,4.338646885521885,-7.7186575821945995,-2.495902534345178,-559.0640809189407,-213.7418114768294,0.4548611111111111,-4.492279336958449,1.0,H3 短期リバーサル(横断),taker,3,1.0,3.0,
"H3 短期リバーサル(横断) {'lookback': 1, 'top_n': 3} hold=3",test,2063,-1.2238423006848589,4.255798998394152,5.479641299079011,-1.5043503133512184,5.251852595481187,-107.20858553999363,-48.140356723843844,0.5808692842139279,7.3266036164287645,0.7875,H3 短期リバーサル(横断),taker,3,1.0,3.0,
"H3 短期リバーサル(横断) {'lookback': 1, 'top_n': 3} hold=3",full,5279,-4.711517202024275,0.08107293499662598,4.7925901370209,-5.675619703430926,0.09837520074520485,-412.72890689732645,-259.0519053410813,0.5050198901307066,0.16053414247831527,1.0,H3 短期リバーサル(横断),taker,3,1.0,3.0,
"H3 短期リバーサル(横断) {'lookback': 1, 'top_n': 3} hold=3",train,3168,-4.553832446724682,-2.0433631706304056,2.5104692760942764,-5.536646895664238,-2.495902534345178,-398.9157223330821,-157.41972814349663,0.4548611111111111,-4.492279336958449,0.998,H3 短期リバーサル(横断),half-maker,3,1.0,3.0,
"H3 短期リバーサル(横断) {'lookback': 1, 'top_n': 3} hold=3",test,2063,1.0803263856942005,4.255798998394152,3.1754726126999513,1.3318897942854566,5.251852595481187,94.63659138681196,-32.23595981718801,0.5808692842139279,7.3266036164287645,0.23275,H3 短期リバーサル(横断),half-maker,3,1.0,3.0,
"H3 短期リバーサル(横断) {'lookback': 1, 'top_n': 3} hold=3",full,5279,-2.693987051111854,0.08107293499662598,2.77505998610848,-3.2589931102235004,0.09837520074520485,-235.99326567739843,-178.9331305628109,0.5050198901307066,0.16053414247831527,0.9915,H3 短期リバーサル(横断),half-maker,3,1.0,3.0,
"H3 短期リバーサル(横断) {'lookback': 1, 'top_n': 3} hold=3",train,3168,-2.725654837297072,-2.0433631706304056,0.6822916666666667,-3.326177473332686,-2.495902534345178,-238.76736374722353,-105.75291601276551,0.4548611111111111,-4.492279336958449,0.961,H3 短期リバーサル(横断),maker-only(理論上限),3,1.0,3.0,
"H3 短期リバーサル(横断) {'lookback': 1, 'top_n': 3} hold=3",test,2063,3.38449507207326,4.255798998394152,0.8713039263208917,4.177026133948551,5.251852595481187,296.4817683136176,-21.925385975299903,0.5808692842139279,7.3266036164287645,0.016,H3 短期リバーサル(横断),maker-only(理論上限),3,1.0,3.0,
"H3 短期リバーサル(横断) {'lookback': 1, 'top_n': 3} hold=3",full,5279,-0.6764569001994338,0.08107293499662598,0.7575298351960599,-0.8204171063557292,0.09837520074520485,-59.257624457470406,-123.91125924365821,0.5050198901307066,0.16053414247831527,0.74125,H3 短期リバーサル(横断),maker-only(理論上限),3,1.0,3.0,
"H3 短期リバーサル(横断) {'lookback': 1, 'top_n': 3} hold=6",train,3168,-5.155369051942572,-2.9365664425149633,2.2188026094276094,-6.610653894201791,-3.796265283842627,-451.6103289501694,-170.2070563160125,0.2319023569023569,-12.662943498031858,1.0,H3 短期リバーサル(横断),taker,6,1.0,3.0,
"H3 短期リバーサル(横断) {'lookback': 1, 'top_n': 3} hold=6",test,2063,-0.3250188284217218,2.383657856018414,2.7086766844401358,-0.40654339013642543,2.9863291996046817,-28.47164936974283,-42.7913604997025,0.2872838907739538,8.297220737287944,0.5635,H3 短期リバーサル(横断),taker,6,1.0,3.0,
"H3 短期リバーサル(横断) {'lookback': 1, 'top_n': 3} hold=6",full,5279,-3.431789494410772,-1.0158016179190128,2.4159878764917595,-4.308174246798673,-1.2821656207212198,-300.6247597103836,-191.79772859950816,0.254214813411631,-3.9958395983565342,0.9995,H3 短期リバーサル(横断),taker,6,1.0,3.0,
"H3 短期リバーサル(横断) {'lookback': 1, 'top_n': 3} hold=6",train,3168,-4.219894514905535,-2.9365664425149633,1.2833280723905722,-5.433884114144362,-3.796265283842627,-369.6627595057249,-140.7245563160123,0.2319023569023569,-12.662943498031858,0.9995,H3 短期リバーサル(横断),half-maker,6,1.0,3.0,
"H3 短期リバーサル(横断) {'lookback': 1, 'top_n': 3} hold=6",test,2063,0.8138565957178799,2.383657856018414,1.5698012603005331,1.0195136845322317,2.9863291996046817,71.29383778488628,-30.23842244919604,0.2872838907739538,8.297220737287944,0.3215,H3 短期リバーサル(横断),half-maker,6,1.0,3.0,
"H3 短期リバーサル(横断) {'lookback': 1, 'top_n': 3} hold=6",full,5279,-2.4144566662236158,-1.0158016179190128,1.3986550483046032,-3.0403590687446487,-1.2821656207212198,-211.50640396118874,-156.59031761291715,0.254214813411631,-3.9958395983565342,0.98575,H3 短期リバーサル(横断),half-maker,6,1.0,3.0,
"H3 短期リバーサル(横断) {'lookback': 1, 'top_n': 3} hold=6",train,3168,-3.284419977868499,-2.9365664425149633,0.3478535353535353,-4.242508449180782,-3.796265283842627,-287.7151900612805,-111.24205631601205,0.2319023569023569,-12.662943498031858,0.996,H3 短期リバーサル(横断),maker-only(理論上限),6,1.0,3.0,
"H3 短期リバーサル(横断) {'lookback': 1, 'top_n': 3} hold=6",test,2063,1.9527320198574825,2.383657856018414,0.4309258361609308,2.4468840663513425,2.9863291996046817,171.05932493951545,-25.87883911586273,0.2872838907739538,8.297220737287944,0.14625,H3 短期リバーサル(横断),maker-only(理論上限),6,1.0,3.0,
"H3 短期リバーサル(横断) {'lookback': 1, 'top_n': 3} hold=6",full,5279,-1.3971238380364595,-1.0158016179190128,0.3813222201174465,-1.7627510034792158,-1.2821656207212198,-122.38804821199385,-125.81823427958356,0.254214813411631,-3.9958395983565342,0.898,H3 短期リバーサル(横断),maker-only(理論上限),6,1.0,3.0,
"H3 短期リバーサル(横断) {'lookback': 1, 'top_n': 3} hold=12",train,3168,-3.031025830703621,-1.8631754519157429,1.1678503787878787,-4.034758465749334,-2.4993116027035636,-265.5178627696372,-115.67045309129549,0.1191077441077441,-15.64277340548341,0.99325,H3 短期リバーサル(横断),taker,12,1.0,3.0,
"H3 短期リバーサル(横断) {'lookback': 1, 'top_n': 3} hold=12",test,2063,-1.4179522333328705,-0.020594017142855692,1.3973582161900142,-1.8534116651260353,-0.02695155394579432,-124.21261563995944,-52.76994499934986,0.14606560025852316,-0.14099156205435168,0.812,H3 短期リバーサル(横断),taker,12,1.0,3.0,
"H3 短期リバーサル(横断) {'lookback': 1, 'top_n': 3} hold=12",full,5279,-2.468262911158579,-1.2081915592611234,1.2600713518974551,-3.2373865876606542,-1.592656636108625,-216.21983101749152,-136.64957957903772,0.12994885394961167,-9.297439127317013,0.9965,H3 短期リバーサル(横断),taker,12,1.0,3.0,
"H3 短期リバーサル(横断) {'lookback': 1, 'top_n': 3} hold=12",train,3168,-2.53643144939049,-1.8631754519157429,0.6732559974747474,-3.389000328515175,-2.4993116027035636,-222.1913949666069,-100.8642030912955,0.1191077441077441,-15.64277340548341,0.9815,H3 短期リバーサル(横断),half-maker,12,1.0,3.0,
"H3 短期リバーサル(横断) {'lookback': 1, 'top_n': 3} hold=12",test,2063,-0.828822325431755,-0.020594017142855692,0.8082283082888996,-1.0844778139632012,-0.02695155394579432,-72.60483570782175,-41.77036166601652,0.14606560025852316,-0.14099156205435168,0.6865,H3 短期リバーサル(横断),half-maker,12,1.0,3.0,
"H3 短期リバーサル(横断) {'lookback': 1, 'top_n': 3} hold=12",full,5279,-1.9356888756720596,-1.2081915592611234,0.7274973164109363,-2.5455120238544713,-1.592656636108625,-169.56634550887242,-108.69124624570424,0.12994885394961167,-9.297439127317013,0.98225,H3 短期リバーサル(横断),half-maker,12,1.0,3.0,
"H3 短期リバーサル(横断) {'lookback': 1, 'top_n': 3} hold=12",train,3168,-2.041837068077359,-1.8631754519157429,0.17866161616161613,-2.7364730390559124,-2.4993116027035636,-178.86492716357665,-86.05795309129542,0.1191077441077441,-15.64277340548341,0.95975,H3 短期リバーサル(横断),maker-only(理論上限),12,1.0,3.0,
"H3 短期リバーサル(横断) {'lookback': 1, 'top_n': 3} hold=12",test,2063,-0.23969241753064058,-0.020594017142855692,0.21909840038778478,-0.31371042876788957,-0.02695155394579432,-20.997055775684114,-32.499393801414655,0.14606560025852316,-0.14099156205435168,0.53625,H3 短期リバーサル(横断),maker-only(理論上限),12,1.0,3.0,
"H3 短期リバーサル(横断) {'lookback': 1, 'top_n': 3} hold=12",full,5279,-1.4031148401855411,-1.2081915592611234,0.1949232809244175,-1.848668191266756,-1.592656636108625,-122.9128600002534,-86.05795309129542,0.12994885394961167,-9.297439127317013,0.943,H3 短期リバーサル(横断),maker-only(理論上限),12,1.0,3.0,
"H3 短期リバーサル(横断) {'lookback': 1, 'top_n': 3} hold=24",train,3168,-1.3534937666968225,-0.7506686404341965,0.6028251262626262,-1.9200602383471637,-1.069652852068785,-118.56605396264166,-62.48265462650867,0.06039562289562289,-12.429189475063769,0.892,H3 短期リバーサル(横断),taker,24,1.0,3.0,
"H3 短期リバーサル(横断) {'lookback': 1, 'top_n': 3} hold=24",test,2063,-2.497116546697551,-1.7591136383117043,0.7380029083858458,-3.4000837241230744,-2.396195313440243,-218.74740949070545,-62.166950272760054,0.07626433995798998,-23.066004888794787,0.94775,H3 短期リバーサル(横断),taker,24,1.0,3.0,
"H3 短期リバーサル(横断) {'lookback': 1, 'top_n': 3} hold=24",full,5279,-1.7758770245862099,-1.1186660629141765,0.6572109616720336,-2.4597685655677464,-1.55391707126151,-155.566827353752,-109.73688535626873,0.06680558186525225,-16.745098713016837,0.9755,H3 短期リバーサル(横断),taker,24,1.0,3.0,
"H3 短期リバーサル(横断) {'lookback': 1, 'top_n': 3} hold=24",train,3168,-1.0973779207372265,-0.7506686404341965,0.3467092803030303,-1.5601511064802,-1.069652852068785,-96.13030585658106,-56.07557129317541,0.06039562289562289,-12.429189475063769,0.842,H3 短期リバーサル(横断),half-maker,24,1.0,3.0,
"H3 短期リバーサル(横断) {'lookback': 1, 'top_n': 3} hold=24",test,2063,-2.18531334747312,-1.7591136383117043,0.4261997091614155,-2.9770097356123197,-2.396195313440243,-191.43344923864532,-56.87820027276002,0.07626433995798998,-23.066004888794787,0.92375,H3 短期リバーサル(横断),half-maker,24,1.0,3.0,
"H3 短期リバーサル(横断) {'lookback': 1, 'top_n': 3} hold=24",full,5279,-1.4973757301491326,-1.1186660629141765,0.3787096672349561,-2.07717726803155,-1.55391707126151,-131.170113961064,-96.28855202293542,0.06680558186525225,-16.745098713016837,0.95325,H3 短期リバーサル(横断),half-maker,24,1.0,3.0,
"H3 短期リバーサル(横断) {'lookback': 1, 'top_n': 3} hold=24",train,3168,-0.8412620747776309,-0.7506686404341965,0.09059343434343432,-1.198125164851605,-1.069652852068785,-73.69455775052047,-49.6684879598421,0.06039562289562289,-12.429189475063769,0.781,H3 短期リバーサル(横断),maker-only(理論上限),24,1.0,3.0,
"H3 短期リバーサル(横断) {'lookback': 1, 'top_n': 3} hold=24",test,2063,-1.8735101482486891,-1.7591136383117043,0.11439650993698497,-2.5522729977110847,-2.396195313440243,-164.11948898658517,-51.58945027275998,0.07626433995798998,-23.066004888794787,0.8955,H3 短期リバーサル(横断),maker-only(理論上限),24,1.0,3.0,
"H3 短期リバーサル(横断) {'lookback': 1, 'top_n': 3} hold=24",full,5279,-1.2188744357120544,-1.1186660629141765,0.10020837279787839,-1.6926437935892968,-1.55391707126151,-106.77340056837596,-82.84021868960234,0.06680558186525225,-16.745098713016837,0.91625,H3 短期リバーサル(横断),maker-only(理論上限),24,1.0,3.0,
"H3 短期リバーサル(横断) {'lookback': 1, 'top_n': 5} hold=1",train,3168,-13.56026340342792,-1.1557021660541793,12.40456123737374,-23.24257535094176,-1.9979275327655615,-1187.8790741402859,-430.08156392918136,1.3042929292929293,-0.8860756200531558,1.0,H3 短期リバーサル(横断),taker,1,1.0,5.0,
"H3 短期リバーサル(横断) {'lookback': 1, 'top_n': 5} hold=1",test,2063,-12.249696392535462,3.363779128550339,15.6134755210858,-19.801076591119198,5.447753955187361,-1073.0734039861063,-251.93312630645903,1.6504120213281634,2.0381450723094887,1.0,H3 短期リバーサル(横断),taker,1,1.0,5.0,
"H3 短期リバーサル(横断) {'lookback': 1, 'top_n': 5} hold=1",full,5279,-13.143514596696136,0.5398724084184706,13.683387005114604,-21.880167716269185,0.9031451270165965,-1151.3718786705815,-694.338554868175,1.4422807349876872,0.3743185326697715,1.0,H3 短期リバーサル(横断),taker,1,1.0,5.0,
"H3 短期リバーサル(横断) {'lookback': 1, 'top_n': 5} hold=1",train,3168,-8.336202481710744,-1.1557021660541793,7.180500315656566,-14.364711161705186,-1.9979275327655615,-730.2513373978613,-265.9693223082208,1.3042929292929293,-0.8860756200531558,1.0,H3 短期リバーサル(横断),half-maker,1,1.0,5.0,
"H3 短期リバーサル(横断) {'lookback': 1, 'top_n': 5} hold=1",test,2063,-5.680767647988682,3.363779128550339,9.04454677653902,-9.192340855980026,5.447753955187361,-497.63524596380853,-120.46355045340546,1.6504120213281634,2.0381450723094887,1.0,H3 短期リバーサル(横断),half-maker,1,1.0,5.0,
"H3 短期リバーサル(横断) {'lookback': 1, 'top_n': 5} hold=1",full,5279,-7.383531645379597,0.5398724084184706,7.923404053798068,-12.33134686168184,0.9031451270165965,-646.7973721352527,-391.1575938442897,1.4422807349876872,0.3743185326697715,1.0,H3 短期リバーサル(横断),half-maker,1,1.0,5.0,
"H3 短期リバーサル(横断) {'lookback': 1, 'top_n': 5} hold=1",train,3168,-3.112141559993573,-1.1557021660541793,1.9564393939393934,-5.377974158469375,-1.9979275327655615,-272.62360065543703,-109.56228127508685,1.3042929292929293,-0.8860756200531558,0.9985,H3 短期リバーサル(横断),maker-only(理論上限),1,1.0,5.0,
"H3 短期リバーサル(横断) {'lookback': 1, 'top_n': 5} hold=1",test,2063,0.8881610965580955,3.363779128550339,2.4756180319922434,1.4382107082084505,5.447753955187361,77.80291205848917,-22.91025124288019,1.6504120213281634,2.0381450723094887,0.24475,H3 短期リバーサル(横断),maker-only(理論上限),1,1.0,5.0,
"H3 短期リバーサル(横断) {'lookback': 1, 'top_n': 5} hold=1",full,5279,-1.6235486940630592,0.5398724084184706,2.1634211024815295,-2.7157176965296,0.9031451270165965,-142.22286559992398,-121.09848033423832,1.4422807349876872,0.3743185326697715,0.9785,H3 短期リバーサル(横断),maker-only(理論上限),1,1.0,5.0,
"H3 短期リバーサル(横断) {'lookback': 1, 'top_n': 5} hold=2",train,3168,-5.936589116028577,0.32515330821384736,6.261742424242424,-10.525582656409625,0.5843091962619078,-520.0452065641033,-199.8545674707874,0.6567550505050507,0.49509068558178804,1.0,H3 短期リバーサル(横断),taker,2,1.0,5.0,
"H3 短期リバーサル(横断) {'lookback': 1, 'top_n': 5} hold=2",test,2063,-4.995348739927418,2.76284321353841,7.758191953465827,-8.454244054379458,4.732123229361902,-437.59254961764185,-104.901452555264,0.8205525933107126,3.367051955062464,1.0,H3 短期リバーサル(横断),taker,2,1.0,5.0,
"H3 短期リバーサル(横断) {'lookback': 1, 'top_n': 5} hold=2",full,5279,-5.523553904664645,1.3381528579797946,6.861706762644442,-9.52323644834622,2.33609772441016,-483.8633220486229,-293.6677725859683,0.7225610911157416,1.851958089679985,1.0,H3 短期リバーサル(横断),taker,2,1.0,5.0,
"H3 短期リバーサル(横断) {'lookback': 1, 'top_n': 5} hold=2",train,3168,-3.2982841917861525,0.32515330821384736,3.6234374999999996,-5.897007395787878,0.5843091962619078,-288.92969520046694,-120.61299715361046,0.6567550505050507,0.49509068558178804,0.999,H3 短期リバーサル(横断),half-maker,2,1.0,5.0,
"H3 短期リバーサル(横断) {'lookback': 1, 'top_n': 5} hold=2",test,2063,-1.7316672081775382,2.76284321353841,4.4945104217159475,-2.9527707492137245,4.732123229361902,-151.69404743635232,-45.22849405405422,0.8205525933107126,3.367051955062464,0.9325,H3 短期リバーサル(横断),half-maker,2,1.0,5.0,
"H3 短期リバーサル(横断) {'lookback': 1, 'top_n': 5} hold=2",full,5279,-2.6346213416792312,1.3381528579797946,3.972774199659027,-4.578124978506547,2.33609772441016,-230.79282953110067,-142.0677022687916,0.7225610911157416,1.851958089679985,0.9995,H3 短期リバーサル(横断),half-maker,2,1.0,5.0,
"H3 短期リバーサル(横断) {'lookback': 1, 'top_n': 5} hold=2",train,3168,-0.6599792675437282,0.32515330821384736,0.9851325757575755,-1.1853495927516695,0.5843091962619078,-57.81418383683058,-42.20821706534138,0.6567550505050507,0.49509068558178804,0.7365,H3 短期リバーサル(横断),maker-only(理論上限),2,1.0,5.0,
"H3 短期リバーサル(横断) {'lookback': 1, 'top_n': 5} hold=2",test,2063,1.5320143235723407,2.76284321353841,1.2308288899660689,2.6224428834498577,4.732123229361902,134.20445474493704,-14.987199139165625,0.8205525933107126,3.367051955062464,0.10475,H3 短期リバーサル(横断),maker-only(理論上限),2,1.0,5.0,
"H3 短期リバーサル(横断) {'lookback': 1, 'top_n': 5} hold=2",full,5279,0.2543112213061826,1.3381528579797946,1.0838416366736123,0.4437367156745046,2.33609772441016,22.277662986421596,-42.20821706534138,0.7225610911157416,1.851958089679985,0.3825,H3 短期リバーサル(横断),maker-only(理論上限),2,1.0,5.0,
"H3 短期リバーサル(横断) {'lookback': 1, 'top_n': 5} hold=3",train,3168,-5.592168254733039,-1.3967610577633414,4.195407196969698,-9.93279138617592,-2.521748343431587,-489.8739391146142,-184.76764755638226,0.438699494949495,-3.1838674852455497,1.0,H3 短期リバーサル(横断),taker,3,1.0,5.0,
"H3 短期リバーサル(横断) {'lookback': 1, 'top_n': 5} hold=3",test,2063,-2.5620302354428803,2.744659052002587,5.306689287445468,-4.5101659790296695,4.8746774937661295,-224.43384862479633,-60.649312352827714,0.5587978671837132,4.911720701146197,0.99025,H3 短期リバーサル(横断),taker,3,1.0,5.0,
"H3 短期リバーサル(横断) {'lookback': 1, 'top_n': 5} hold=3",full,5279,-4.591822863802102,0.049330763778878677,4.641153627580982,-8.064383898518427,0.08776491328312681,-402.2436828690641,-249.12890657710182,0.48687251373366175,0.10132172670947807,1.0,H3 短期リバーサル(横断),taker,3,1.0,5.0,
"H3 短期リバーサル(横断) {'lookback': 1, 'top_n': 5} hold=3",train,3168,-3.823489277460311,-1.3967610577633414,2.4267282196969697,-6.8528840954192525,-2.521748343431587,-334.9376607055233,-131.08996205017277,0.438699494949495,-3.1838674852455497,0.99975,H3 短期リバーサル(横断),half-maker,3,1.0,5.0,
"H3 短期リバーサル(横断) {'lookback': 1, 'top_n': 5} hold=3",test,2063,-0.3277839921079311,2.744659052002587,3.0724430441105186,-0.5806441668506319,4.8746774937661295,-28.71387770865476,-31.68668610657911,0.5587978671837132,4.911720701146197,0.63275,H3 短期リバーサル(横断),half-maker,3,1.0,5.0,
"H3 短期リバーサル(横断) {'lookback': 1, 'top_n': 5} hold=3",full,5279,-2.6364004353118577,0.049330763778878677,2.685731199090737,-4.666121502441053,0.08776491328312681,-230.9486781333187,-147.99312734017465,0.48687251373366175,0.10132172670947807,1.0,H3 短期リバーサル(横断),half-maker,3,1.0,5.0,
"H3 短期リバーサル(横断) {'lookback': 1, 'top_n': 5} hold=3",train,3168,-2.054810300187584,-1.3967610577633414,0.6580492424242423,-3.7047396937951746,-2.521748343431587,-180.00138229643235,-79.05405197968341,0.438699494949495,-3.1838674852455497,0.9665,H3 短期リバーサル(横断),maker-only(理論上限),3,1.0,5.0,
"H3 短期リバーサル(横断) {'lookback': 1, 'top_n': 5} hold=3",test,2063,1.9064622512270177,2.744659052002587,0.8381968007755694,3.3859640663974933,4.8746774937661295,167.00609320748677,-19.491499901995162,0.5587978671837132,4.911720701146197,0.03975,H3 短期リバーサル(横断),maker-only(理論上限),3,1.0,5.0,
"H3 短期リバーサル(横断) {'lookback': 1, 'top_n': 5} hold=3",full,5279,-0.6809780068216139,0.049330763778878677,0.7303087706004925,-1.2106070962799536,0.08776491328312681,-59.65367339757338,-87.43483974403115,0.48687251373366175,0.10132172670947807,0.81475,H3 短期リバーサル(横断),maker-only(理論上限),3,1.0,5.0,
"H3 短期リバーサル(横断) {'lookback': 1, 'top_n': 5} hold=6",train,3168,-3.8953697108582683,-1.7603476148986716,2.135022095959596,-7.354559746778007,-3.3576685846592347,-341.2343866711843,-128.4849363632623,0.22215909090909092,-7.923815350950542,1.0,H3 短期リバーサル(横断),taker,6,1.0,5.0,
"H3 短期リバーサル(横断) {'lookback': 1, 'top_n': 5} hold=6",test,2063,-0.8012328698792718,1.812727382180835,2.6139602520601066,-1.4299701029909981,3.2532512057218517,-70.18799940142421,-37.078622558537944,0.27387300048473096,6.618861220246127,0.74025,H3 短期リバーサル(横断),taker,6,1.0,5.0,
"H3 短期リバーサル(横断) {'lookback': 1, 'top_n': 5} hold=6",full,5279,-2.7762994864539134,-0.449646711307105,2.3266527751468082,-5.073825379764127,-0.8284655128598534,-243.20383501336283,-153.32578088912086,0.24288691039969695,-1.8512595453051057,0.99975,H3 短期リバーサル(横断),taker,6,1.0,5.0,
"H3 短期リバーサル(横断) {'lookback': 1, 'top_n': 5} hold=6",train,3168,-2.9944779810602884,-1.7603476148986716,1.234130366161616,-5.686649456795069,-3.3576685846592347,-262.31627114088127,-100.97644130983872,0.22215909090909092,-7.923815350950542,0.9995,H3 短期リバーサル(横断),half-maker,6,1.0,5.0,
"H3 短期リバーサル(横断) {'lookback': 1, 'top_n': 5} hold=6",test,2063,0.30034250578723337,1.812727382180835,1.5123848763936014,0.538118233853688,3.2532512057218517,26.310003506961642,-21.59042777949549,0.27387300048473096,6.618861220246127,0.373,H3 短期リバーサル(横断),half-maker,6,1.0,5.0,
"H3 短期リバーサル(横断) {'lookback': 1, 'top_n': 5} hold=6",full,5279,-1.795138281680282,-0.449646711307105,1.345491570373177,-3.2969400236095856,-0.8284655128598534,-157.25411347519272,-108.67697583529905,0.24288691039969695,-1.8512595453051057,0.9945,H3 短期リバーサル(横断),half-maker,6,1.0,5.0,
"H3 短期リバーサル(横断) {'lookback': 1, 'top_n': 5} hold=6",train,3168,-2.093586251262308,-1.7603476148986716,0.33323863636363626,-3.990356617314775,-3.3576685846592347,-183.3981556105782,-73.78144130983863,0.22215909090909092,-7.923815350950542,0.9905,H3 短期リバーサル(横断),maker-only(理論上限),6,1.0,5.0,
"H3 短期リバーサル(横断) {'lookback': 1, 'top_n': 5} hold=6",test,2063,1.4019178814537385,1.812727382180835,0.4108095007270964,2.5158922214515007,3.2532512057218517,122.80800641534748,-15.95247843788613,0.27387300048473096,6.618861220246127,0.1105,H3 短期リバーサル(横断),maker-only(理論上限),6,1.0,5.0,
"H3 短期リバーサル(横断) {'lookback': 1, 'top_n': 5} hold=6",full,5279,-0.8139770769066504,-0.449646711307105,0.36433036559954535,-1.4990800839701541,-0.8284655128598534,-71.30439193702259,-79.0457258352989,0.24288691039969695,-1.8512595453051057,0.8635,H3 短期リバーサル(横断),maker-only(理論上限),6,1.0,5.0,
"H3 短期リバーサル(横断) {'lookback': 1, 'top_n': 5} hold=12",train,3168,-2.2583077017264896,-1.1470545451608327,1.1112531565656567,-4.405463674245251,-2.2607959245483578,-197.82775467124048,-83.88296966969416,0.11344696969696971,-10.110931549998659,0.99825,H3 短期リバーサル(横断),taker,12,1.0,5.0,
"H3 短期リバーサル(横断) {'lookback': 1, 'top_n': 5} hold=12",test,2063,-2.4090550210259045,-1.0338974834592545,1.3751575375666507,-4.33273384709536,-1.8656169233118034,-211.03321984186923,-61.72827937588807,0.14241396025206013,-7.2598043171424145,0.98575,H3 短期リバーサル(横断),taker,12,1.0,5.0,
"H3 短期リバーサル(横断) {'lookback': 1, 'top_n': 5} hold=12",full,5279,-2.3717201854480257,-1.1553818637961975,1.2163383216518282,-4.4486059476719335,-2.1826341848065463,-207.76268824524706,-129.8457776073499,0.12502367872703163,-9.24130433178807,0.99975,H3 短期リバーサル(横断),taker,12,1.0,5.0,
"H3 短期リバーサル(横断) {'lookback': 1, 'top_n': 5} hold=12",train,3168,-1.7877663507163883,-1.1470545451608327,0.6407118055555556,-3.5060467725619793,-2.2607959245483578,-156.60833232275561,-69.72621966969399,0.11344696969696971,-10.110931549998659,0.988,H3 短期リバーサル(横断),half-maker,12,1.0,5.0,
"H3 短期リバーサル(横断) {'lookback': 1, 'top_n': 5} hold=12",test,2063,-1.8282867224316246,-1.0338974834592545,0.7943892389723703,-3.295890110348648,-1.8656169233118034,-160.1579168850103,-50.93052937588808,0.14241396025206013,-7.2598043171424145,0.95175,H3 短期リバーサル(横断),half-maker,12,1.0,5.0,
"H3 短期リバーサル(横断) {'lookback': 1, 'top_n': 5} hold=12",full,5279,-1.8573187836673855,-1.1553818637961975,0.7019369198711878,-3.497530290046528,-2.1826341848065463,-162.70112544926297,-102.8442776073501,0.12502367872703163,-9.24130433178807,0.99825,H3 短期リバーサル(横断),half-maker,12,1.0,5.0,
"H3 短期リバーサル(横断) {'lookback': 1, 'top_n': 5} hold=12",train,3168,-1.3172249997062875,-1.1470545451608327,0.17017045454545449,-2.5934801995982286,-2.2607959245483578,-115.38890997427077,-55.569469669694016,0.11344696969696971,-10.110931549998659,0.9565,H3 短期リバーサル(横断),maker-only(理論上限),12,1.0,5.0,
"H3 短期リバーサル(横断) {'lookback': 1, 'top_n': 5} hold=12",test,2063,-1.2475184238373445,-1.0338974834592545,0.21362094037809018,-2.2510196680456125,-1.8656169233118034,-109.28261392815138,-41.15490640104363,0.14241396025206013,-7.2598043171424145,0.8655,H3 短期リバーサル(横断),maker-only(理論上限),12,1.0,5.0,
"H3 短期リバーサル(横断) {'lookback': 1, 'top_n': 5} hold=12",full,5279,-1.342917381886745,-1.1553818637961975,0.1875355180905474,-2.5354141029241366,-2.1826341848065463,-117.63956265327886,-76.7246983273281,0.12502367872703163,-9.24130433178807,0.98375,H3 短期リバーサル(横断),maker-only(理論上限),12,1.0,5.0,
"H3 短期リバーサル(横断) {'lookback': 1, 'top_n': 5} hold=24",train,3168,-0.8935037714515107,-0.31119632195656116,0.5823074494949496,-1.8696691157220737,-0.6548405462733906,-78.27093037915235,-42.80229958390071,0.058585858585858595,-5.311799288568888,0.9075,H3 短期リバーサル(横断),taker,24,1.0,5.0,
"H3 短期リバーサル(横断) {'lookback': 1, 'top_n': 5} hold=24",test,2063,-2.6147210932335785,-1.896277079661111,0.7184440135724673,-4.835250701158283,-3.5112907467299928,-229.04956776726144,-57.914588479423216,0.07338826951042174,-25.838967076227682,0.995,H3 短期リバーサル(横断),taker,24,1.0,5.0,
"H3 短期リバーサル(横断) {'lookback': 1, 'top_n': 5} hold=24",full,5279,-1.5425659955441484,-0.9062049423143703,0.6363610532297783,-3.045575447807122,-1.7958280044549073,-135.1287812096674,-89.61989297529446,0.06448190945254782,-14.05363070058038,0.99625,H3 短期リバーサル(横断),taker,24,1.0,5.0,
"H3 短期リバーサル(横断) {'lookback': 1, 'top_n': 5} hold=24",train,3168,-0.64628944064343,-0.31119632195656116,0.33509311868686875,-1.3564141522720072,-0.6548405462733906,-56.61495500036446,-36.61804958390069,0.058585858585858595,-5.311799288568888,0.835,H3 短期リバーサル(横断),half-maker,24,1.0,5.0,
"H3 短期リバーサル(横断) {'lookback': 1, 'top_n': 5} hold=24",test,2063,-2.310540288580161,-1.896277079661111,0.41426320891904994,-4.277559885492229,-3.5112907467299928,-202.4033292796221,-52.75208847942322,0.07338826951042174,-25.838967076227682,0.9885,H3 短期リバーサル(横断),half-maker,24,1.0,5.0,
"H3 短期リバーサル(横断) {'lookback': 1, 'top_n': 5} hold=24",full,5279,-1.27274690101867,-0.9062049423143703,0.3665419587043,-2.518289633181813,-1.7958280044549073,-111.49262852923549,-76.59914297529433,0.06448190945254782,-14.05363070058038,0.98725,H3 短期リバーサル(横断),half-maker,24,1.0,5.0,
"H3 短期リバーサル(横断) {'lookback': 1, 'top_n': 5} hold=24",train,3168,-0.3990751098353489,-0.31119632195656116,0.08787878787878786,-0.839319755510093,-0.6548405462733906,-34.95897962157656,-30.43379958390069,0.058585858585858595,-5.311799288568888,0.73725,H3 短期リバーサル(横断),maker-only(理論上限),24,1.0,5.0,
"H3 短期リバーサル(横断) {'lookback': 1, 'top_n': 5} hold=24",test,2063,-2.006359483926744,-1.896277079661111,0.11008240426563255,-3.7154511563777235,-3.5112907467299928,-175.75709079198276,-47.58958847942328,0.07338826951042174,-25.838967076227682,0.97825,H3 短期リバーサル(横断),maker-only(理論上限),24,1.0,5.0,
"H3 短期リバーサル(横断) {'lookback': 1, 'top_n': 5} hold=24",full,5279,-1.0029278064931917,-0.9062049423143703,0.09672286417882174,-1.986986968156197,-1.7958280044549073,-87.8564758488036,-63.57839297529446,0.06448190945254782,-14.05363070058038,0.96175,H3 短期リバーサル(横断),maker-only(理論上限),24,1.0,5.0,
"H3 短期リバーサル(横断) {'lookback': 3, 'top_n': 3} hold=1",train,3168,-7.054908173011579,1.3027833253049188,8.357691498316496,-8.260092719830489,1.5283522415400956,-618.0099559558143,-229.57182685511012,0.8785774410774412,1.4828326615207126,1.0,H3 短期リバーサル(横断),taker,1,3.0,3.0,
"H3 短期リバーサル(横断) {'lookback': 3, 'top_n': 3} hold=1",test,2063,-6.850126169649758,3.6447033666242756,10.494829536274034,-7.6374945429932835,4.068778393043387,-600.0710524613188,-145.4178850989858,1.102924543544999,3.30458088720153,1.0,H3 短期リバーサル(横断),taker,1,3.0,3.0,
"H3 短期リバーサル(横断) {'lookback': 3, 'top_n': 3} hold=1",full,5279,-6.92342110154441,2.29415482824027,9.217575929784681,-7.894373492736198,2.6201691315105053,-606.4916884952903,-374.9606563370066,0.9690597966786638,2.367402750690113,1.0,H3 短期リバーサル(横断),taker,1,3.0,3.0,
"H3 短期リバーサル(横断) {'lookback': 3, 'top_n': 3} hold=1",train,3168,-3.5349955046614117,1.3027833253049188,4.837778829966329,-4.1445343830821555,1.5283522415400956,-309.6656062083396,-120.79940401706668,0.8785774410774412,1.4828326615207126,0.99375,H3 短期リバーサル(横断),half-maker,1,3.0,3.0,
"H3 短期リバーサル(横断) {'lookback': 3, 'top_n': 3} hold=1",test,2063,-2.4299048091714908,3.6447033666242756,6.074608175795767,-2.7112841578367846,4.068778393043387,-212.8596612834226,-72.60770210270108,1.102924543544999,3.30458088720153,0.91,H3 短期リバーサル(横断),half-maker,1,3.0,3.0,
"H3 短期リバーサル(横断) {'lookback': 3, 'top_n': 3} hold=1",full,5279,-3.041427984161068,2.29415482824027,5.335582812401338,-3.4718180805141334,2.6201691315105053,-266.42909141250954,-172.7923230036732,0.9690597966786638,2.367402750690113,0.99575,H3 短期リバーサル(横断),half-maker,1,3.0,3.0,
"H3 短期リバーサル(横断) {'lookback': 3, 'top_n': 3} hold=1",train,3168,-0.015082836311242742,1.3027833253049188,1.3178661616161613,-0.017694210603159205,1.5283522415400956,-1.321256460864864,-36.16514646421916,0.8785774410774412,1.4828326615207126,0.52825,H3 短期リバーサル(横断),maker-only(理論上限),1,3.0,3.0,
"H3 短期リバーサル(横断) {'lookback': 3, 'top_n': 3} hold=1",test,2063,1.990316551306777,3.6447033666242756,1.6543868153174992,2.2217224849413757,4.068778393043387,174.35172989447366,-39.770208296432926,1.102924543544999,3.30458088720153,0.1145,H3 短期リバーサル(横断),maker-only(理論上限),1,3.0,3.0,
"H3 短期リバーサル(横断) {'lookback': 3, 'top_n': 3} hold=1",full,5279,0.8405651332222734,2.29415482824027,1.453589695017996,0.9599938315270898,2.6201691315105053,73.63350567027115,-39.77020829643296,0.9690597966786638,2.367402750690113,0.218,H3 短期リバーサル(横断),maker-only(理論上限),1,3.0,3.0,
"H3 短期リバーサル(横断) {'lookback': 3, 'top_n': 3} hold=2",train,3168,-3.6431348514087496,1.9645434945508458,5.607678345959595,-4.421986801137462,2.3963907477229203,-319.13861298340646,-125.6880052774711,0.58822601010101,3.3397766518578367,0.99775,H3 短期リバーサル(横断),taker,2,3.0,3.0,
"H3 短期リバーサル(横断) {'lookback': 3, 'top_n': 3} hold=2",test,2063,-4.3087248782091265,2.6931332571923923,7.001858135401519,-5.198118655460116,3.26657305969027,-377.44429933111945,-94.0790689140925,0.7348521570528357,3.6648640564564015,0.99525,H3 短期リバーサル(横断),taker,2,3.0,3.0,
"H3 短期リバーサル(横断) {'lookback': 3, 'top_n': 3} hold=2",full,5279,-3.7236748389120944,2.446362099902075,6.170036938814169,-4.478770689750849,2.957070847395001,-326.1939158886995,-208.25919899712312,0.6475658268611479,3.7777813442688477,1.0,H3 短期リバーサル(横断),taker,2,3.0,3.0,
"H3 短期リバーサル(横断) {'lookback': 3, 'top_n': 3} hold=2",train,3168,-1.2804651860047098,1.9645434945508458,3.2450086805555545,-1.5591266866215798,2.3963907477229203,-112.16875029401258,-55.396878564480154,0.58822601010101,3.3397766518578367,0.844,H3 短期リバーサル(横断),half-maker,2,3.0,3.0,
"H3 短期リバーサル(横断) {'lookback': 3, 'top_n': 3} hold=2",test,2063,-1.358934928297993,2.6931332571923923,4.052068185490386,-1.644995850150555,3.26657305969027,-119.04269971890417,-59.332635805411236,0.7348521570528357,3.6648640564564015,0.76775,H3 短期リバーサル(横断),half-maker,2,3.0,3.0,
"H3 短期リバーサル(横断) {'lookback': 3, 'top_n': 3} hold=2",full,5279,-1.1243307396508706,2.446362099902075,3.5706928395529456,-1.356623719879426,2.957070847395001,-98.49137279341626,-75.09890561746563,0.6475658268611479,3.7777813442688477,0.85475,H3 短期リバーサル(横断),half-maker,2,3.0,3.0,
"H3 短期リバーサル(横断) {'lookback': 3, 'top_n': 3} hold=2",train,3168,1.0822044793993302,1.9645434945508458,0.8823390151515151,1.319865845912512,2.3963907477229203,94.80111239538132,-33.323454848972325,0.58822601010101,3.3397766518578367,0.20525,H3 短期リバーサル(横断),maker-only(理論上限),2,3.0,3.0,
"H3 短期リバーサル(横断) {'lookback': 3, 'top_n': 3} hold=2",test,2063,1.590855021613139,2.6931332571923923,1.1022782355792535,1.929127154400561,3.26657305969027,139.35889989331096,-37.723390154499896,0.7348521570528357,3.6648640564564015,0.14525,H3 短期リバーサル(横断),maker-only(理論上限),2,3.0,3.0,
"H3 短期リバーサル(横断) {'lookback': 3, 'top_n': 3} hold=2",full,5279,1.4750133596103525,2.446362099902075,0.9713487402917219,1.7826303702834214,2.957070847395001,129.21117030186687,-37.723390154500045,0.6475658268611479,3.7777813442688477,0.06975,H3 短期リバーサル(横断),maker-only(理論上限),2,3.0,3.0,
"H3 短期リバーサル(横断) {'lookback': 3, 'top_n': 3} hold=3",train,3168,-2.612040340272532,1.7968401311079392,4.408880471380471,-3.2057127456567183,2.219290120442425,-228.81473380787378,-94.37039669738397,0.46085858585858586,3.8988969420205146,0.961,H3 短期リバーサル(横断),taker,3,3.0,3.0,
"H3 短期リバーサル(横断) {'lookback': 3, 'top_n': 3} hold=3",test,2063,-1.2576692426482798,4.2486322600177395,5.50630150266602,-1.461620633489217,4.958447427290709,-110.17182565598931,-46.26432094173778,0.5802229762481823,7.3224129928292365,0.7855,H3 短期リバーサル(横断),taker,3,3.0,3.0,
"H3 短期リバーサル(横断) {'lookback': 3, 'top_n': 3} hold=3",full,5279,-2.0798864522459577,2.766375466046647,4.846261918292606,-2.479545190190858,3.3150377795736357,-182.1980532167459,-123.47277937498946,0.5085559133674307,5.439668271142383,0.96825,H3 短期リバーサル(横断),taker,3,3.0,3.0,
"H3 短期リバーサル(横断) {'lookback': 3, 'top_n': 3} hold=3",train,3168,-0.7532440439762355,1.7968401311079392,2.5500841750841747,-0.9280175621471287,2.219290120442425,-65.98417825231823,-50.51087138238355,0.46085858585858586,3.8988969420205146,0.72425,H3 短期リバーサル(横断),half-maker,3,3.0,3.0,
"H3 短期リバーサル(横断) {'lookback': 3, 'top_n': 3} hold=3",test,2063,1.060314276498593,4.2486322600177395,3.1883179835191475,1.2359144180077934,4.958447427290709,92.88353062127675,-29.26186063506285,0.5802229762481823,7.3224129928292365,0.26625,H3 短期リバーサル(横断),half-maker,3,3.0,3.0,
"H3 短期リバーサル(横断) {'lookback': 3, 'top_n': 3} hold=3",full,5279,-0.038172428125228385,2.766375466046647,2.8045478941718756,-0.04566019072232294,3.3150377795736357,-3.3439047037700065,-70.52096555555846,0.5085559133674307,5.439668271142383,0.51325,H3 短期リバーサル(横断),half-maker,3,3.0,3.0,
"H3 短期リバーサル(横断) {'lookback': 3, 'top_n': 3} hold=3",train,3168,1.1055522523200603,1.7968401311079392,0.6912878787878788,1.365041325190157,2.219290120442425,96.84637730323728,-32.73917404064463,0.46085858585858586,3.8988969420205146,0.2365,H3 短期リバーサル(横断),maker-only(理論上限),3,3.0,3.0,
"H3 短期リバーサル(横断) {'lookback': 3, 'top_n': 3} hold=3",test,2063,3.378297795645467,4.2486322600177395,0.8703344643722734,3.942603213561831,4.958447427290709,295.93888689854293,-19.366588890368593,0.5802229762481823,7.3224129928292365,0.0235,H3 短期リバーサル(横断),maker-only(理論上限),3,3.0,3.0,
"H3 短期リバーサル(横断) {'lookback': 3, 'top_n': 3} hold=3",full,5279,2.003541595995501,2.766375466046647,0.762833870051146,2.4005341503193853,3.3150377795736357,175.5102438092059,-44.71409094210981,0.5085559133674307,5.439668271142383,0.02925,H3 短期リバーサル(横断),maker-only(理論上限),3,3.0,3.0,
"H3 短期リバーサル(横断) {'lookback': 3, 'top_n': 3} hold=6",train,3168,-1.7664643563092381,0.4676475965527148,2.234111952861953,-2.2783216611678236,0.6070293616938021,-154.74227761268926,-75.85275647438085,0.2319023569023569,2.0165711241547193,0.91825,H3 短期リバーサル(横断),taker,6,3.0,3.0,
"H3 短期リバーサル(横断) {'lookback': 3, 'top_n': 3} hold=6",test,2063,-2.0764407703159953,0.6673385155137026,2.7437792858296977,-2.5635420093981414,0.8257599427439597,-181.89621147968117,-54.42598545565269,0.28776862174826295,2.3190107088794534,0.909,H3 短期リバーサル(横断),taker,6,3.0,3.0,
"H3 短期リバーサル(横断) {'lookback': 3, 'top_n': 3} hold=6",full,5279,-1.9054530350753034,0.5323824135576444,2.437835448632948,-2.393208535266136,0.6717340297032744,-166.91768587259656,-111.8674215874325,0.2543410999557997,2.093182791338733,0.97375,H3 短期リバーサル(横断),taker,6,3.0,3.0,
"H3 短期リバーサル(横断) {'lookback': 3, 'top_n': 3} hold=6",train,3168,-0.8233351475550293,0.4676475965527148,1.2909827441077442,-1.065614573573189,0.6070293616938021,-72.12415892582057,-54.61495673568102,0.2319023569023569,2.0165711241547193,0.74575,H3 短期リバーサル(横断),half-maker,6,3.0,3.0,
"H3 短期リバーサル(横断) {'lookback': 3, 'top_n': 3} hold=6",test,2063,-0.9203775937123431,0.6673385155137026,1.5877161092260461,-1.138312273157372,0.8257599427439597,-80.62507720920125,-35.8907833632054,0.28776862174826295,2.3190107088794534,0.717,H3 短期リバーサル(横断),half-maker,6,3.0,3.0,
"H3 短期リバーサル(横断) {'lookback': 3, 'top_n': 3} hold=6",full,5279,-0.8772911357256792,0.5323824135576444,1.409673549283324,-1.104865122781874,0.6717340297032744,-76.8507034895695,-68.36775308961896,0.2543410999557997,2.093182791338733,0.81825,H3 短期リバーサル(横断),half-maker,6,3.0,3.0,
"H3 短期リバーサル(横断) {'lookback': 3, 'top_n': 3} hold=6",train,3168,0.1197940611991791,0.4676475965527148,0.3478535353535353,0.15541222920603442,0.6070293616938021,10.493959761048089,-49.933527163669126,0.2319023569023569,2.0165711241547193,0.46775,H3 短期リバーサル(横断),maker-only(理論上限),6,3.0,3.0,
"H3 短期リバーサル(横断) {'lookback': 3, 'top_n': 3} hold=6",test,2063,0.23568558289130806,0.6673385155137026,0.4316529326223946,0.29166013285563847,0.8257599427439597,20.646057061278587,-24.44545691760702,0.28776862174826295,2.3190107088794534,0.436,H3 短期リバーサル(横断),maker-only(理論上限),6,3.0,3.0,
"H3 短期リバーサル(横断) {'lookback': 3, 'top_n': 3} hold=6",full,5279,0.15087076362394505,0.5323824135576444,0.3815116499336995,0.1903083534463987,0.6717340297032744,13.216278893457586,-52.09679852354746,0.2543410999557997,2.093182791338733,0.43275,H3 短期リバーサル(横断),maker-only(理論上限),6,3.0,3.0,
"H3 短期リバーサル(横断) {'lookback': 3, 'top_n': 3} hold=12",train,3168,0.6105696783219641,1.7486168163691025,1.1380471380471378,0.8231082705412155,2.371758637911407,53.48590382100406,-28.523116176917945,0.11637205387205386,15.02608880901623,0.272,H3 短期リバーサル(横断),taker,12,3.0,3.0,
"H3 短期リバーサル(横断) {'lookback': 3, 'top_n': 3} hold=12",test,2063,-3.5113315212622616,-2.0921200169804717,1.41921150428179,-4.246554471923512,-2.532515765609677,-307.5926412625741,-77.74279647550739,0.14735821619001455,-14.197511825758927,0.9785,H3 短期リバーサル(横断),taker,12,3.0,3.0,
"H3 短期リバーサル(横断) {'lookback': 3, 'top_n': 3} hold=12",full,5279,-1.105181815371725,0.1442498951795158,1.2494317105512405,-1.4132610391712122,0.18514754406215708,-96.81392702656312,-90.84799500413799,0.12874913178000882,1.120395090710148,0.87525,H3 短期リバーサル(横断),taker,12,3.0,3.0,
"H3 短期リバーサル(横断) {'lookback': 3, 'top_n': 3} hold=12",train,3168,1.0923142069414928,1.7486168163691025,0.6563026094276093,1.4770798891819124,2.371758637911407,95.68672452807478,-26.580616176917943,0.11637205387205386,15.02608880901623,0.15875,H3 短期リバーサル(横断),half-maker,12,3.0,3.0,
"H3 短期リバーサル(横断) {'lookback': 3, 'top_n': 3} hold=12",test,2063,-2.912244431263878,-2.0921200169804717,0.820124414283406,-3.5250895377878355,-2.532515765609677,-255.11261217871572,-66.61570868006893,0.14735821619001455,-14.197511825758927,0.955,H3 短期リバーサル(横断),half-maker,12,3.0,3.0,
"H3 短期リバーサル(横断) {'lookback': 3, 'top_n': 3} hold=12",full,5279,-0.5770278089311113,0.1442498951795158,0.721277704110627,-0.7393947222292582,0.18514754406215708,-50.54763606236534,-77.27507387536623,0.12874913178000882,1.120395090710148,0.7245,H3 短期リバーサル(横断),half-maker,12,3.0,3.0,
"H3 短期リバーサル(横断) {'lookback': 3, 'top_n': 3} hold=12",train,3168,1.5740587355610216,1.7486168163691025,0.1745580808080808,2.1336168697531073,2.371758637911407,137.88754523514547,-24.63811617691794,0.11637205387205386,15.02608880901623,0.07775,H3 短期リバーサル(横断),maker-only(理論上限),12,3.0,3.0,
"H3 短期リバーサル(横断) {'lookback': 3, 'top_n': 3} hold=12",test,2063,-2.3131573412654935,-2.0921200169804717,0.2210373242850218,-2.8004564569797425,-2.532515765609677,-202.6325830948572,-56.253625346735525,0.14735821619001455,-14.197511825758927,0.9105,H3 短期リバーサル(横断),maker-only(理論上限),12,3.0,3.0,
"H3 短期リバーサル(横断) {'lookback': 3, 'top_n': 3} hold=12",full,5279,-0.04887380249049742,0.1442498951795158,0.19312369767001325,-0.06271247408290326,0.18514754406215708,-4.281345098167574,-64.46715720869946,0.12874913178000882,1.120395090710148,0.523,H3 短期リバーサル(横断),maker-only(理論上限),12,3.0,3.0,
"H3 短期リバーサル(横断) {'lookback': 3, 'top_n': 3} hold=24",train,3168,-1.227698183299851,-0.6247941428958107,0.6029040404040403,-1.7915957820886619,-0.9140644344735657,-107.54636085706694,-51.12350996509518,0.06029040404040404,-10.363077720910619,0.9045,H3 短期リバーサル(横断),taker,24,3.0,3.0,
"H3 短期リバーサル(横断) {'lookback': 3, 'top_n': 3} hold=24",test,2063,-2.8739367874622888,-2.141629468024577,0.7323073194377121,-3.728238500257654,-2.778370952012112,-251.75686258169648,-62.598278941171635,0.07545645500080789,-28.382322864248625,0.96725,H3 短期リバーサル(横断),taker,24,3.0,3.0,
"H3 短期リバーサル(横断) {'lookback': 3, 'top_n': 3} hold=24",full,5279,-1.8904547606494846,-1.2367008931240693,0.6537538675254151,-2.607823880559075,-1.708256422282328,-165.60383703289486,-113.50412642276805,0.06630043568857738,-18.65298289943418,0.98025,H3 短期リバーサル(横断),taker,24,3.0,3.0,
"H3 短期リバーサル(横断) {'lookback': 3, 'top_n': 3} hold=24",train,3168,-0.9714639661281337,-0.6247941428958107,0.3466698232323232,-1.4196510165768184,-0.9140644344735657,-85.10024343282451,-43.56309329842849,0.06029040404040404,-10.363077720910619,0.8565,H3 短期リバーサル(横断),half-maker,24,3.0,3.0,
"H3 短期リバーサル(横断) {'lookback': 3, 'top_n': 3} hold=24",test,2063,-2.5643754689940383,-2.141629468024577,0.42274600096946197,-3.3277367571418335,-2.778370952012112,-224.63929108387774,-56.48522468881782,0.07545645500080789,-28.382322864248625,0.94975,H3 短期リバーサル(横断),half-maker,24,3.0,3.0,
"H3 短期リバーサル(横断) {'lookback': 3, 'top_n': 3} hold=24",full,5279,-1.6133031536532099,-1.2367008931240693,0.3766022605291406,-2.2274572177347016,-1.708256422282328,-141.32535626002118,-99.37107217041438,0.06630043568857738,-18.65298289943418,0.96325,H3 短期リバーサル(横断),half-maker,24,3.0,3.0,
"H3 短期リバーサル(横断) {'lookback': 3, 'top_n': 3} hold=24",train,3168,-0.7152297489564167,-0.6247941428958107,0.09043560606060605,-1.0461704277985857,-0.9140644344735657,-62.654126008582104,-38.19830924580112,0.06029040404040404,-10.363077720910619,0.7965,H3 短期リバーサル(横断),maker-only(理論上限),24,3.0,3.0,
"H3 短期リバーサル(横断) {'lookback': 3, 'top_n': 3} hold=24",test,2063,-2.254814150525789,-2.141629468024577,0.11318468250121183,-2.925704261879825,-2.778370952012112,-197.52171958605908,-50.752724688817764,0.07545645500080789,-28.382322864248625,0.9255,H3 短期リバーサル(横断),maker-only(理論上限),24,3.0,3.0,
"H3 短期リバーサル(横断) {'lookback': 3, 'top_n': 3} hold=24",full,5279,-1.3361515466569354,-1.2367008931240693,0.09945065353286607,-1.8455927969346873,-1.708256422282328,-117.04687548714755,-85.61857217041418,0.06630043568857738,-18.65298289943418,0.9365,H3 短期リバーサル(横断),maker-only(理論上限),24,3.0,3.0,
"H3 短期リバーサル(横断) {'lookback': 3, 'top_n': 5} hold=1",train,3168,-7.833481268388239,-0.07464288454985464,7.758838383838385,-13.790555566601613,-0.13194935346036576,-686.2129591108097,-253.8614561509372,0.8125631313131313,-0.09186102799080861,1.0,H3 短期リバーサル(横断),taker,1,3.0,5.0,
"H3 短期リバーサル(横断) {'lookback': 3, 'top_n': 5} hold=1",test,2063,-6.7979118013861966,3.03832183894342,9.836233640329617,-11.266306094768993,5.038726198700388,-595.4970738014308,-143.7138811208613,1.0330586524478913,2.9410932590748295,1.0,H3 短期リバーサル(横断),taker,1,3.0,5.0,
"H3 短期リバーサル(横断) {'lookback': 3, 'top_n': 5} hold=1",full,5279,-7.400953279346347,1.1921798898144786,8.593133169160826,-12.612924028612893,2.036482485233082,-648.3235072707399,-398.8696245437756,0.901344951695397,1.322667739550803,1.0,H3 短期リバーサル(横断),taker,1,3.0,5.0,
"H3 短期リバーサル(横断) {'lookback': 3, 'top_n': 5} hold=1",train,3168,-4.563484424953895,-0.07464288454985464,4.4888415404040405,-8.055312960557838,-0.13194935346036576,-399.7612356259612,-151.46951905380647,0.8125631313131313,-0.09186102799080861,1.0,H3 短期リバーサル(横断),half-maker,1,3.0,5.0,
"H3 短期リバーサル(横断) {'lookback': 3, 'top_n': 5} hold=1",test,2063,-2.6545889705573065,3.03832183894342,5.692910809500728,-4.402117652344859,5.038726198700388,-232.54199382082,-64.64904346281382,1.0330586524478913,2.9410932590748295,0.983,H3 短期リバーサル(横断),half-maker,1,3.0,5.0,
"H3 短期リバーサル(横断) {'lookback': 3, 'top_n': 5} hold=1",full,5279,-3.7803954085374825,1.1921798898144786,4.972575298351961,-6.4535163652119945,2.036482485233082,-331.16263778788345,-209.75668744664512,0.901344951695397,1.322667739550803,1.0,H3 短期リバーサル(横断),half-maker,1,3.0,5.0,
"H3 短期リバーサル(横断) {'lookback': 3, 'top_n': 5} hold=1",train,3168,-1.293487581519551,-0.07464288454985464,1.2188446969696967,-2.286317315530234,-0.13194935346036576,-113.30951214111266,-50.709536884082404,0.8125631313131313,-0.09186102799080861,0.90325,H3 短期リバーサル(横断),maker-only(理論上限),1,3.0,5.0,
"H3 短期リバーサル(横断) {'lookback': 3, 'top_n': 5} hold=1",test,2063,1.4887338602715843,3.03832183894342,1.5495879786718365,2.46913691018631,5.038726198700388,130.41308615979077,-27.27986536576914,1.0330586524478913,2.9410932590748295,0.08325,H3 短期リバーサル(横断),maker-only(理論上限),1,3.0,5.0,
"H3 短期リバーサル(横断) {'lookback': 3, 'top_n': 5} hold=1",full,5279,-0.1598375377286159,1.1921798898144786,1.3520174275430947,-0.2730481633433537,2.036482485233082,-14.00176830502675,-57.283096153348744,0.901344951695397,1.322667739550803,0.5525,H3 短期リバーサル(横断),maker-only(理論上限),1,3.0,5.0,
"H3 短期リバーサル(横断) {'lookback': 3, 'top_n': 5} hold=2",train,3168,-4.18405534337547,1.1296599344023075,5.313715277777778,-7.518914753268146,2.05271156825842,-366.5232480796912,-140.19280497378284,0.5557449494949495,2.0326949177476488,1.0,H3 短期リバーサル(横断),taker,2,3.0,5.0,
"H3 短期リバーサル(横断) {'lookback': 3, 'top_n': 5} hold=2",test,2063,-4.649857145014757,2.0177385893526685,6.667595734367427,-8.059479515552882,3.518373702218502,-407.3274859032927,-101.41109313281827,0.6991759573436743,2.8858809691032685,1.0,H3 短期リバーサル(横断),taker,2,3.0,5.0,
"H3 短期リバーサル(横断) {'lookback': 3, 'top_n': 5} hold=2",full,5279,-4.31226011751641,1.5429965598846136,5.855256677401023,-7.578108217616342,2.7354477338971432,-377.7539862944375,-237.8487681971984,0.6132979731009661,2.5159003087567564,1.0,H3 短期リバーサル(横断),taker,2,3.0,5.0,
"H3 短期リバーサル(横断) {'lookback': 3, 'top_n': 5} hold=2",train,3168,-1.9440064166077937,1.1296599344023075,3.073666351010101,-3.5169955623689946,2.05271156825842,-170.29496209484273,-70.63846288333224,0.5557449494949495,2.0326949177476488,0.99,H3 短期リバーサル(横断),half-maker,2,3.0,5.0,
"H3 短期リバーサル(横断) {'lookback': 3, 'top_n': 5} hold=2",test,2063,-1.8404412458388002,2.0177385893526685,3.8581798351914687,-3.204559582518541,3.518373702218502,-161.2226531354789,-44.782587167826726,0.6991759573436743,2.8858809691032685,0.92375,H3 短期リバーサル(横断),half-maker,2,3.0,5.0,
"H3 短期リバーサル(横断) {'lookback': 3, 'top_n': 5} hold=2",full,5279,-1.8446052586416228,1.5429965598846136,3.387601818526236,-3.260181037962764,2.7354477338971432,-161.58742065700616,-108.85676819719887,0.6132979731009661,2.5159003087567564,0.99675,H3 短期リバーサル(横断),half-maker,2,3.0,5.0,
"H3 短期リバーサル(横断) {'lookback': 3, 'top_n': 5} hold=2",train,3168,0.29604251015988303,1.1296599344023075,0.8336174242424241,0.5376285132350832,2.05271156825842,25.933323890005756,-20.680796333436547,0.5557449494949495,2.0326949177476488,0.35825,H3 短期リバーサル(横断),maker-only(理論上限),2,3.0,5.0,
"H3 短期リバーサル(横断) {'lookback': 3, 'top_n': 5} hold=2",test,2063,0.9689746533371573,2.0177385893526685,1.0487639360155112,1.6898722989724038,3.518373702218502,84.88217963233498,-23.374034708714973,0.6991759573436743,2.8858809691032685,0.16,H3 短期リバーサル(横断),maker-only(理論上限),2,3.0,5.0,
"H3 短期リバーサル(横断) {'lookback': 3, 'top_n': 5} hold=2",full,5279,0.6230496002331646,1.5429965598846136,0.9199469596514489,1.1042775789323944,2.7354477338971432,54.57914498042522,-23.374034708714948,0.6132979731009661,2.5159003087567564,0.1625,H3 短期リバーサル(横断),maker-only(理論上限),2,3.0,5.0,
"H3 短期リバーサル(横断) {'lookback': 3, 'top_n': 5} hold=3",train,3168,-3.145302027589438,1.0863267602893503,4.231628787878789,-5.698558146934942,1.9959586206806947,-275.52845761683477,-105.67921903271542,0.4424242424242424,2.4553961020238746,0.998,H3 短期リバーサル(横断),taker,3,3.0,5.0,
"H3 短期リバーサル(横断) {'lookback': 3, 'top_n': 5} hold=3",test,2063,-1.9615055107060846,3.349837194092753,5.311342704798837,-3.3157323495803936,5.711270430050663,-171.827882737853,-41.88061306828356,0.5568589432864761,6.015593777344488,0.94775,H3 短期リバーサル(横断),taker,3,3.0,5.0,
"H3 短期リバーサル(横断) {'lookback': 3, 'top_n': 5} hold=3",full,5279,-2.700705024446978,1.9619962447327912,4.662701269179768,-4.7252196920894365,3.471227242195142,-236.58176014155526,-148.68579963076476,0.48823640841068394,4.018537353900987,1.0,H3 短期リバーサル(横断),taker,3,3.0,5.0,
"H3 短期リバーサル(横断) {'lookback': 3, 'top_n': 5} hold=3",train,3168,-1.3613058154682256,1.0863267602893503,2.4476325757575754,-2.486738457874703,1.9959586206806947,-119.25038943501656,-51.050424801398485,0.4424242424242424,2.4553961020238746,0.91075,H3 短期リバーサル(横断),half-maker,3,3.0,5.0,
"H3 短期リバーサル(横断) {'lookback': 3, 'top_n': 5} hold=3",test,2063,0.2765216342284767,3.349837194092753,3.073315559864276,0.47022228804388344,5.711270430050663,24.223295158414558,-23.990712933606556,0.5568589432864761,6.015593777344488,0.41175,H3 短期リバーサル(横断),half-maker,3,3.0,5.0,
"H3 短期リバーサル(横断) {'lookback': 3, 'top_n': 5} hold=3",full,5279,-0.7355316961651059,1.9619962447327912,2.697527940897897,-1.2959576113786462,3.471227242195142,-64.43257658406328,-65.54569866328491,0.48823640841068394,4.018537353900987,0.8295,H3 短期リバーサル(横断),half-maker,3,3.0,5.0,
"H3 短期リバーサル(横断) {'lookback': 3, 'top_n': 5} hold=3",train,3168,0.4226903966529866,1.0863267602893503,0.6636363636363636,0.7759481722890856,1.9959586206806947,37.02767874680163,-22.763323450517017,0.4424242424242424,2.4553961020238746,0.35975,H3 短期リバーサル(横断),maker-only(理論上限),3,3.0,5.0,
"H3 短期リバーサル(横断) {'lookback': 3, 'top_n': 5} hold=3",test,2063,2.514548779163038,3.349837194092753,0.835288414929714,4.286952412397621,5.711270430050663,220.27447305468212,-11.738724005610859,0.5568589432864761,6.015593777344488,0.018,H3 短期リバーサル(横断),maker-only(理論上限),3,3.0,5.0,
"H3 短期リバーサル(横断) {'lookback': 3, 'top_n': 5} hold=3",full,5279,1.2296416321167658,1.9619962447327912,0.7323546126160256,2.1745560567065745,3.471227242195142,107.71660697342868,-29.65988055116159,0.48823640841068394,4.018537353900987,0.048,H3 短期リバーサル(横断),maker-only(理論上限),3,3.0,5.0,
"H3 短期リバーサル(横断) {'lookback': 3, 'top_n': 5} hold=6",train,3168,-2.163114643236775,-0.01365125939839135,2.149463383838384,-4.065447176037789,-0.025919048701218524,-189.4888427475415,-78.6679224336952,0.22348484848484848,-0.06108360137585282,0.99325,H3 短期リバーサル(横断),taker,6,3.0,5.0,
"H3 短期リバーサル(横断) {'lookback': 3, 'top_n': 5} hold=6",test,2063,-2.111621764338492,0.5668561804021766,2.678477944740669,-3.7381025617824237,1.0086006405973196,-184.97806655605189,-50.39198786648228,0.27862336403296173,2.0344890399611866,0.981,H3 短期リバーサル(横断),taker,6,3.0,5.0,
"H3 短期リバーサル(横断) {'lookback': 3, 'top_n': 5} hold=6",full,5279,-2.1482392675896342,0.21230250168485,2.360541769274484,-3.9110159013895007,0.3895446527769739,-188.18575984085194,-119.0146917968648,0.24553892782724007,0.8646388723918553,0.99925,H3 短期リバーサル(横断),taker,6,3.0,5.0,
"H3 短期リバーサル(横断) {'lookback': 3, 'top_n': 5} hold=6",train,3168,-1.2559965876812198,-0.01365125939839135,1.2423453282828283,-2.3743205791653548,-0.025919048701218524,-110.02530108087485,-51.67767243369514,0.22348484848484848,-0.06108360137585282,0.93225,H3 短期リバーサル(横断),half-maker,6,3.0,5.0,
"H3 短期リバーサル(横断) {'lookback': 3, 'top_n': 5} hold=6",test,2063,-0.9813503149928792,0.5668561804021766,1.5482064953950556,-1.7437880220660522,1.0086006405973196,-85.96628759337621,-30.453737866482278,0.27862336403296173,2.0344890399611866,0.8245,H3 短期リバーサル(横断),half-maker,6,3.0,5.0,
"H3 短期リバーサル(横断) {'lookback': 3, 'top_n': 5} hold=6",full,5279,-1.1521225788228218,0.21230250168485,1.3644250805076719,-2.107693778534182,0.3895446527769739,-100.92593790487918,-67.27094179686469,0.24553892782724007,0.8646388723918553,0.95475,H3 短期リバーサル(横断),half-maker,6,3.0,5.0,
"H3 短期リバーサル(横断) {'lookback': 3, 'top_n': 5} hold=6",train,3168,-0.34887853212566416,-0.01365125939839135,0.3352272727272727,-0.6619150785751282,-0.025919048701218524,-30.56175941420818,-31.008583889475037,0.22348484848484848,-0.06108360137585282,0.666,H3 短期リバーサル(横断),maker-only(理論上限),6,3.0,5.0,
"H3 短期リバーサル(横断) {'lookback': 3, 'top_n': 5} hold=6",test,2063,0.1489211343527342,0.5668561804021766,0.41793504604944254,0.2649962603116647,1.0086006405973196,13.045491369299517,-21.046848271484063,0.27862336403296173,2.0344890399611866,0.44275,H3 短期リバーサル(横断),maker-only(理論上限),6,3.0,5.0,
"H3 短期リバーサル(横断) {'lookback': 3, 'top_n': 5} hold=6",full,5279,-0.1560058900560099,0.21230250168485,0.36830839174085994,-0.28614456127162463,0.3895446527769739,-13.666115968906468,-33.21564002013887,0.24553892782724007,0.8646388723918553,0.58275,H3 短期リバーサル(横断),maker-only(理論上限),6,3.0,5.0,
"H3 短期リバーサル(横断) {'lookback': 3, 'top_n': 5} hold=12",train,3168,-0.28653282231458427,0.8128989958672339,1.0994318181818183,-0.5492689206781549,1.5725651441801816,-25.10027523475758,-26.386104547744093,0.11249999999999999,7.225768852153192,0.60725,H3 短期リバーサル(横断),taker,12,3.0,5.0,
"H3 短期リバーサル(横断) {'lookback': 3, 'top_n': 5} hold=12",test,2063,-3.348224201975961,-1.9807981234495433,1.3674260785264178,-5.837845858980435,-3.4596119046593987,-293.3044400930942,-74.5791858751069,0.14076587493940862,-14.071578955497273,0.99775,H3 短期リバーサル(横断),taker,12,3.0,5.0,
"H3 短期リバーサル(横断) {'lookback': 3, 'top_n': 5} hold=12",full,5279,-1.5776028602200525,-0.3716074065356427,1.2059954536844097,-2.8840320579198284,-0.6832366446196286,-138.1980105552766,-91.40717012125991,0.12377344193976134,-3.002319404808169,0.9885,H3 短期リバーサル(横断),taker,12,3.0,5.0,
"H3 短期リバーサル(横断) {'lookback': 3, 'top_n': 5} hold=12",train,3168,0.17880808677632498,0.8128989958672339,0.6340909090909091,0.3443965668173912,1.5725651441801816,15.663588401606068,-22.020934320054163,0.11249999999999999,7.225768852153192,0.375,H3 短期リバーサル(横断),half-maker,12,3.0,5.0,
"H3 短期リバーサル(横断) {'lookback': 3, 'top_n': 5} hold=12",test,2063,-2.7700855689173087,-1.9807981234495433,0.7892874454677653,-4.8376963503838155,-3.4596119046593987,-242.65949583715627,-63.91030119306943,0.14076587493940862,-14.071578955497273,0.989,H3 短期リバーサル(横断),half-maker,12,3.0,5.0,
"H3 短期リバーサル(横断) {'lookback': 3, 'top_n': 5} hold=12",full,5279,-1.0674352148326685,-0.3716074065356427,0.695827808297026,-1.9578452233754167,-0.6832366446196286,-93.50732481934175,-71.4111054255307,0.12377344193976134,-3.002319404808169,0.9395,H3 短期リバーサル(横断),half-maker,12,3.0,5.0,
"H3 短期リバーサル(横断) {'lookback': 3, 'top_n': 5} hold=12",train,3168,0.6441489958672338,0.8128989958672339,0.16874999999999996,1.2449972627919852,1.5725651441801816,56.42745203796969,-20.045905196276543,0.11249999999999999,7.225768852153192,0.191,H3 短期リバーサル(横断),maker-only(理論上限),12,3.0,5.0,
"H3 短期リバーサル(横断) {'lookback': 3, 'top_n': 5} hold=12",test,2063,-2.191946935858656,-1.9807981234495433,0.21114881240911293,-3.829246939607813,-3.4596119046593987,-192.01455158121829,-54.281302191241984,0.14076587493940862,-14.071578955497273,0.962,H3 短期リバーサル(横断),maker-only(理論上限),12,3.0,5.0,
"H3 短期リバーサル(横断) {'lookback': 3, 'top_n': 5} hold=12",full,5279,-0.5572675694452844,-0.3716074065356427,0.18566016290964193,-1.0241939710435608,-0.6832366446196286,-48.81663908340691,-58.12860642370331,0.12377344193976134,-3.002319404808169,0.793,H3 短期リバーサル(横断),maker-only(理論上限),12,3.0,5.0,
"H3 短期リバーサル(横断) {'lookback': 3, 'top_n': 5} hold=24",train,3168,-1.026246397326788,-0.44131899833688887,0.584927398989899,-2.1052068300491116,-0.9095901258493675,-89.89918440582662,-42.63611235487612,0.05820707070707072,-7.581879537588198,0.93725,H3 短期リバーサル(横断),taker,24,3.0,5.0,
"H3 短期リバーサル(横断) {'lookback': 3, 'top_n': 5} hold=24",test,2063,-2.4648403537286323,-1.7354414201367754,0.7293989335918565,-4.516319376798735,-3.183727598484245,-215.9200149866282,-58.325814045451985,0.07406689287445468,-23.43073069202989,0.98775,H3 短期リバーサル(横断),taker,24,3.0,5.0,
"H3 短期リバーサル(横断) {'lookback': 3, 'top_n': 5} hold=24",full,5279,-1.6261049516164408,-0.9835495433951866,0.6425554082212539,-3.158972057715463,-1.916613009672921,-142.44679376160022,-93.36560215074341,0.06455768137904906,-15.235205515208891,0.9945,H3 短期リバーサル(横断),taker,24,3.0,5.0,
"H3 短期リバーサル(横断) {'lookback': 3, 'top_n': 5} hold=24",train,3168,-0.7774380008621415,-0.44131899833688887,0.3361190025252525,-1.5989666619373377,-0.9095901258493675,-68.10356887552359,-38.74202422334639,0.05820707070707072,-7.581879537588198,0.88175,H3 短期リバーサル(横断),half-maker,24,3.0,5.0,
"H3 短期リバーサル(横断) {'lookback': 3, 'top_n': 5} hold=24",test,2063,-2.155691056588545,-1.7354414201367754,0.4202496364517692,-3.954270833952891,-3.183727598484245,-188.83853655715652,-52.548314045452,0.07406689287445468,-23.43073069202989,0.97125,H3 短期リバーサル(横断),half-maker,24,3.0,5.0,
"H3 短期リバーサル(横断) {'lookback': 3, 'top_n': 5} hold=24",full,5279,-1.3532455085401007,-0.9835495433951866,0.3696959651449139,-2.6339030739037126,-1.916613009672921,-118.54430654811281,-79.3183521507433,0.06455768137904906,-15.235205515208891,0.98225,H3 短期リバーサル(横断),half-maker,24,3.0,5.0,
"H3 短期リバーサル(横断) {'lookback': 3, 'top_n': 5} hold=24",train,3168,-0.5286296043974948,-0.44131899833688887,0.08731060606060602,-1.089126197452473,-0.9095901258493675,-46.307953345220554,-35.67927422334641,0.05820707070707072,-7.581879537588198,0.7935,H3 短期リバーサル(横断),maker-only(理論上限),24,3.0,5.0,
"H3 短期リバーサル(横断) {'lookback': 3, 'top_n': 5} hold=24",test,2063,-1.8465417594484577,-1.7354414201367754,0.111100339311682,-3.388052361789017,-3.183727598484245,-161.75705812768487,-46.770814045451935,0.07406689287445468,-23.43073069202989,0.94375,H3 短期リバーサル(横断),maker-only(理論上限),24,3.0,5.0,
"H3 短期リバーサル(横断) {'lookback': 3, 'top_n': 5} hold=24",full,5279,-1.0803860654637603,-0.9835495433951866,0.09683652206857357,-2.105024154595037,-1.916613009672921,-94.6418193346254,-65.2711021507431,0.06455768137904906,-15.235205515208891,0.95575,H3 短期リバーサル(横断),maker-only(理論上限),24,3.0,5.0,
"H3 短期リバーサル(横断) {'lookback': 6, 'top_n': 3} hold=1",train,3168,-5.335779072173286,0.9383686550994418,6.274147727272727,-6.226670907439293,1.0970364890913575,-467.4142467223798,-179.6917671849705,0.6538299663299664,1.4351875922216117,1.0,H3 短期リバーサル(横断),taker,1,6.0,3.0,
"H3 短期リバーサル(横断) {'lookback': 6, 'top_n': 3} hold=1",test,2063,-5.028792024396829,2.905890476814998,7.934682501211827,-5.5772731373355375,3.230960274583582,-440.5221813371622,-107.39827696852417,0.8306673129746324,3.498260291968104,0.998,H3 短期リバーサル(横断),taker,1,6.0,3.0,
"H3 短期リバーサル(横断) {'lookback': 6, 'top_n': 3} hold=1",full,5279,-5.243180844669364,1.6997849948204373,6.942965839489803,-5.954590389661056,1.9342103872139893,-459.30264199303633,-284.80511578490297,0.7250741933446991,2.344291122787709,1.0,H3 短期リバーサル(横断),taker,1,6.0,3.0,
"H3 短期リバーサル(横断) {'lookback': 6, 'top_n': 3} hold=1",train,3168,-2.689077683284396,0.9383686550994418,3.6274463383838387,-3.141652763292135,1.0970364890913575,-235.5632050557131,-98.6825149117713,0.6538299663299664,1.4351875922216117,0.9695,H3 短期リバーサル(横断),half-maker,1,6.0,3.0,
"H3 短期リバーサル(横断) {'lookback': 6, 'top_n': 3} hold=1",test,2063,-1.6844512585218898,2.905890476814998,4.590341735336888,-1.8705474153647486,3.230960274583582,-147.55793024651754,-44.20391894796409,0.8306673129746324,3.498260291968104,0.833,H3 短期リバーサル(横断),half-maker,1,6.0,3.0,
"H3 短期リバーサル(横断) {'lookback': 6, 'top_n': 3} hold=1",full,5279,-2.3155035699329876,1.6997849948204373,4.015288564753425,-2.6326838970245805,1.9342103872139893,-202.8381127261297,-135.89022453556302,0.7250741933446991,2.344291122787709,0.9805,H3 短期リバーサル(横断),half-maker,1,6.0,3.0,
"H3 短期リバーサル(横断) {'lookback': 6, 'top_n': 3} hold=1",train,3168,-0.04237629439550784,0.9383686550994418,0.9807449494949495,-0.04953865370987621,1.0970364890913575,-3.7121633890464865,-42.519836619552265,0.6538299663299664,1.4351875922216117,0.53175,H3 短期リバーサル(横断),maker-only(理論上限),1,6.0,3.0,
"H3 短期リバーサル(横断) {'lookback': 6, 'top_n': 3} hold=1",test,2063,1.6598895073530489,2.905890476814998,1.2460009694619485,1.8450528199018863,3.230960274583582,145.40632084412707,-26.60760894689458,0.8306673129746324,3.498260291968104,0.17375,H3 短期リバーサル(横断),maker-only(理論上限),1,6.0,3.0,
"H3 短期リバーサル(横断) {'lookback': 6, 'top_n': 3} hold=1",full,5279,0.6121737048033885,1.6997849948204373,1.0876112900170487,0.6965148774987912,1.9342103872139893,53.62641654077683,-55.64822205160817,0.7250741933446991,2.344291122787709,0.2905,H3 短期リバーサル(横断),maker-only(理論上限),1,6.0,3.0,
"H3 短期リバーサル(横断) {'lookback': 6, 'top_n': 3} hold=2",train,3168,-3.12793333186063,1.1621024425501436,4.290035774410774,-3.7590900905633595,1.4019111450551076,-274.0069598709912,-115.32181622000628,0.4460227272727273,2.605478087755736,0.988,H3 短期リバーサル(横断),taker,2,6.0,3.0,
"H3 短期リバーサル(横断) {'lookback': 6, 'top_n': 3} hold=2",test,2063,-2.075308520797264,3.291754009498422,5.367062530295685,-2.404623876496404,3.8238750523111023,-181.79702642184034,-52.195767999560736,0.5600258523186299,5.8778608092284275,0.88725,H3 短期リバーサル(横断),taker,2,6.0,3.0,
"H3 短期リバーサル(横断) {'lookback': 6, 'top_n': 3} hold=2",full,5279,-2.8147976385009,1.906993104695412,4.721790743196312,-3.3133891792410157,2.2514701747638903,-246.57627313267886,-160.99616252240742,0.4917598029929911,3.877895454424915,0.99725,H3 短期リバーサル(横断),taker,2,6.0,3.0,
"H3 短期リバーサル(横断) {'lookback': 6, 'top_n': 3} hold=2",train,3168,-1.3174324901097887,1.1621024425501436,2.4795349326599325,-1.5868938885580757,1.4019111450551076,-115.40708613361747,-61.369372582585726,0.4460227272727273,2.605478087755736,0.84725,H3 短期リバーサル(横断),half-maker,2,6.0,3.0,
"H3 短期リバーサル(横断) {'lookback': 6, 'top_n': 3} hold=2",test,2063,0.18820335511160574,3.291754009498422,3.1035506543868148,0.2184516694807136,3.8238750523111023,16.48661390777666,-39.52964266673468,0.5600258523186299,5.8778608092284275,0.45325,H3 短期リバーサル(横断),half-maker,2,6.0,3.0,
"H3 短期リバーサル(横断) {'lookback': 6, 'top_n': 3} hold=2",full,5279,-0.8227221191474874,1.906993104695412,2.7297152238428994,-0.9703301694934402,2.2514701747638903,-72.07045763731989,-78.75003327317461,0.4917598029929911,3.877895454424915,0.778,H3 短期リバーサル(横断),half-maker,2,6.0,3.0,
"H3 短期リバーサル(横断) {'lookback': 6, 'top_n': 3} hold=2",train,3168,0.49306835164105256,1.1621024425501436,0.6690340909090907,0.5947092748626152,1.4019111450551076,43.19278760375621,-35.80332277431315,0.4460227272727273,2.605478087755736,0.385,H3 短期リバーサル(横断),maker-only(理論上限),2,6.0,3.0,
"H3 短期リバーサル(横断) {'lookback': 6, 'top_n': 3} hold=2",test,2063,2.451715231020476,3.291754009498422,0.8400387784779448,2.84798378046709,3.8238750523111023,214.77025423739371,-27.10964266673463,0.5600258523186299,5.8778608092284275,0.0745,H3 短期リバーサル(横断),maker-only(理論上限),2,6.0,3.0,
"H3 短期リバーサル(横断) {'lookback': 6, 'top_n': 3} hold=2",full,5279,1.169353400205925,1.906993104695412,0.7376397044894867,1.3804951151133218,2.2514701747638903,102.43535785803903,-45.5305212755176,0.4917598029929911,3.877895454424915,0.12375,H3 短期リバーサル(横断),maker-only(理論上限),2,6.0,3.0,
"H3 短期リバーサル(横断) {'lookback': 6, 'top_n': 3} hold=3",train,3168,-2.612688617231336,0.7722808693006501,3.384969486531986,-3.1872660461050906,0.9466858672147662,-228.87152286946502,-104.23017950056077,0.3518518518518518,2.194903523275532,0.98375,H3 短期リバーサル(横断),taker,3,6.0,3.0,
"H3 短期リバーサル(横断) {'lookback': 6, 'top_n': 3} hold=3",test,2063,-1.7933223190945677,2.4493663220429336,4.2426886411375015,-2.0896541353776166,2.8635872035816825,-157.09503515268412,-48.00741745773592,0.4446598804330263,5.508404130495537,0.87175,H3 短期リバーサル(横断),taker,3,6.0,3.0,
"H3 短期リバーサル(横断) {'lookback': 6, 'top_n': 3} hold=3",full,5279,-2.3634246924392968,1.3644593765131565,3.7278840689524535,-2.804650476434112,1.6254641265232586,-207.03600305768242,-152.98549873282226,0.3888994127675696,3.5085148799868255,0.98925,H3 短期リバーサル(横断),taker,3,6.0,3.0,
"H3 短期リバーサル(横断) {'lookback': 6, 'top_n': 3} hold=3",train,3168,-1.1840927628542322,0.7722808693006501,1.956373632154882,-1.4485091833087709,0.9466858672147662,-103.72652602603074,-71.77782246948534,0.3518518518518518,2.194903523275532,0.8445,H3 短期リバーサル(横断),half-maker,3,6.0,3.0,
"H3 短期リバーサル(横断) {'lookback': 6, 'top_n': 3} hold=3",test,2063,-0.005472908850586468,2.4493663220429336,2.4548392308935205,-0.006391122803140107,2.8635872035816825,-0.47942681531137454,-33.438250791069116,0.4446598804330263,5.508404130495537,0.51575,H3 短期リバーサル(横断),half-maker,3,6.0,3.0,
"H3 短期リバーサル(横断) {'lookback': 6, 'top_n': 3} hold=3",full,5279,-0.7911572175387469,1.3644593765131565,2.155616594051904,-0.9410876621836473,1.6254641265232586,-69.30537225639422,-104.11314170174688,0.3888994127675696,3.5085148799868255,0.78525,H3 短期リバーサル(横断),half-maker,3,6.0,3.0,
"H3 短期リバーサル(横断) {'lookback': 6, 'top_n': 3} hold=3",train,3168,0.24450309152287247,0.7722808693006501,0.5277777777777778,0.29962150456274733,0.9466858672147662,21.41847081740363,-50.65694726801241,0.3518518518518518,2.194903523275532,0.44275,H3 短期リバーサル(横断),maker-only(理論上限),3,6.0,3.0,
"H3 短期リバーサル(横断) {'lookback': 6, 'top_n': 3} hold=3",test,2063,1.7823765013933948,2.4493663220429336,0.6669898206495395,2.0835968281642274,2.8635872035816825,156.13618152206138,-22.84901210993761,0.4446598804330263,5.508404130495537,0.137,H3 短期リバーサル(横断),maker-only(理論上限),3,6.0,3.0,
"H3 短期リバーサル(横断) {'lookback': 6, 'top_n': 3} hold=3",full,5279,0.781110257361802,1.3644593765131565,0.5833491191513543,0.930355020204902,1.6254641265232586,68.42525854489385,-70.55219448580911,0.3888994127675696,3.5085148799868255,0.207,H3 短期リバーサル(横断),maker-only(理論上限),3,6.0,3.0,
"H3 短期リバーサル(横断) {'lookback': 6, 'top_n': 3} hold=6",train,3168,-1.6032498957169854,0.6245489258318359,2.2277988215488214,-2.0893869805836878,0.8197583325317029,-140.4446908648079,-78.56363178782364,0.23284932659932658,2.682201984232159,0.90675,H3 短期リバーサル(横断),taker,6,6.0,3.0,
"H3 短期リバーサル(横断) {'lookback': 6, 'top_n': 3} hold=6",test,2063,-1.4461839186266905,1.2942830388785604,2.7404669575052507,-1.7278275659629094,1.5485857008087793,-126.6857112716981,-40.19591241013819,0.2867991597996445,4.512855057813753,0.81275,H3 短期リバーサル(横断),taker,6,6.0,3.0,
"H3 短期リバーサル(横断) {'lookback': 6, 'top_n': 3} hold=6",full,5279,-1.556763250078255,0.8744263691678139,2.431189619246069,-1.9385848443812073,1.0939114465083917,-136.37246070685512,-108.77665362391944,0.2542779566837154,3.4388602951355023,0.93875,H3 短期リバーサル(横断),taker,6,6.0,3.0,
"H3 短期リバーサル(横断) {'lookback': 6, 'top_n': 3} hold=6",train,3168,-0.6639874798920697,0.6245489258318359,1.2885364057239055,-0.8686161980260748,0.8197583325317029,-58.165303238545306,-65.34814814964334,0.23284932659932658,2.682201984232159,0.706,H3 短期リバーサル(横断),half-maker,6,6.0,3.0,
"H3 短期リバーサル(横断) {'lookback': 6, 'top_n': 3} hold=6",test,2063,-0.29104980972379796,1.2942830388785604,1.5853328486023588,-0.3482153162191019,1.5485857008087793,-25.495963331804706,-35.95257907680483,0.2867991597996445,4.512855057813753,0.556,H3 短期リバーサル(横断),half-maker,6,6.0,3.0,
"H3 短期リバーサル(横断) {'lookback': 6, 'top_n': 3} hold=6",full,5279,-0.5318769079680072,0.8744263691678139,1.4063032771358213,-0.6641268224132282,1.0939114465083917,-46.59241713799744,-81.867804591121,0.2542779566837154,3.4388602951355023,0.705,H3 短期リバーサル(横断),half-maker,6,6.0,3.0,
"H3 短期リバーサル(横断) {'lookback': 6, 'top_n': 3} hold=6",train,3168,0.2752749359328461,0.6245489258318359,0.3492739898989899,0.36107277385679504,0.8197583325317029,24.114084387717316,-60.55704839696495,0.23284932659932658,2.682201984232159,0.41975,H3 短期リバーサル(横断),maker-only(理論上限),6,6.0,3.0,
"H3 短期リバーサル(横断) {'lookback': 6, 'top_n': 3} hold=6",test,2063,0.8640842991790936,1.2942830388785604,0.43019873969946676,1.034058075304111,1.5485857008087793,75.6937846080886,-31.70924574347152,0.2867991597996445,4.512855057813753,0.278,H3 短期リバーサル(横断),maker-only(理論上限),6,6.0,3.0,
"H3 短期リバーサル(横断) {'lookback': 6, 'top_n': 3} hold=6",full,5279,0.493009434142241,0.8744263691678139,0.381416935025573,0.6165772657875822,1.0939114465083917,43.18762643086031,-70.72307275236686,0.2542779566837154,3.4388602951355023,0.31375,H3 短期リバーサル(横断),maker-only(理論上限),6,6.0,3.0,
"H3 短期リバーサル(横断) {'lookback': 6, 'top_n': 3} hold=12",train,3168,1.1071961282046994,2.24866287904645,1.1414667508417506,1.5024138701600864,3.071258511478943,96.99038083073165,-29.154454719874163,0.11731902356902356,19.16707802910983,0.1515,H3 短期リバーサル(横断),taker,12,6.0,3.0,
"H3 短期リバーサル(横断) {'lookback': 6, 'top_n': 3} hold=12",test,2063,-2.1514492697337397,-0.7475067911426907,1.4039424785910484,-2.536825835761881,-0.8826447509442185,-188.4669560286756,-59.697864937379066,0.14525771530134107,-5.146072892527379,0.87775,H3 短期リバーサル(横断),taker,12,6.0,3.0,
"H3 短期リバーサル(横断) {'lookback': 6, 'top_n': 3} hold=12",full,5279,-0.25599284199117645,0.9908815660406477,1.246874408031824,-0.32449826483185124,1.2611907317307811,-22.42497295842706,-65.5461894401941,0.1286228452358401,7.703775827877142,0.60475,H3 短期リバーサル(横断),taker,12,6.0,3.0,
"H3 短期リバーサル(横断) {'lookback': 6, 'top_n': 3} hold=12",train,3168,1.5899402359488066,2.24866287904645,0.6587226430976431,2.1644578439453017,3.071258511478943,139.27876466911547,-28.04153805320755,0.11731902356902356,19.16707802910983,0.0695,H3 短期リバーサル(横断),half-maker,12,6.0,3.0,
"H3 短期リバーサル(横断) {'lookback': 6, 'top_n': 3} hold=12",test,2063,-1.558421316914221,-0.7475067911426907,0.8109145257715301,-1.8394616812928968,-0.8826447509442185,-136.51770736168575,-52.97578160404578,0.14525771530134107,-5.146072892527379,0.79625,H3 短期リバーサル(横断),half-maker,12,6.0,3.0,
"H3 短期リバーサル(横断) {'lookback': 6, 'top_n': 3} hold=12",full,5279,0.2709772280978552,0.9908815660406477,0.7199043379427922,0.3442425923135205,1.2611907317307811,23.737605181372114,-52.9757816040458,0.1286228452358401,7.703775827877142,0.3975,H3 短期リバーサル(横断),half-maker,12,6.0,3.0,
"H3 短期リバーサル(横断) {'lookback': 6, 'top_n': 3} hold=12",train,3168,2.0726843436929143,2.24866287904645,0.17597853535353536,2.8288155857799824,3.071258511478943,181.5671485074993,-26.9286213865408,0.11731902356902356,19.16707802910983,0.028,H3 短期リバーサル(横断),maker-only(理論上限),12,6.0,3.0,
"H3 短期リバーサル(横断) {'lookback': 6, 'top_n': 3} hold=12",test,2063,-0.9653933640947028,-0.7475067911426907,0.21788657295201164,-1.1399370481823023,-0.8826447509442185,-84.56845869469596,-46.25369827071244,0.14525771530134107,-5.146072892527379,0.695,H3 短期リバーサル(横断),maker-only(理論上限),12,6.0,3.0,
"H3 短期リバーサル(横断) {'lookback': 6, 'top_n': 3} hold=12",full,5279,0.7979472981868875,0.9908815660406477,0.1929342678537602,1.0152370794056562,1.2611907317307811,69.90018332117134,-46.25369827071244,0.1286228452358401,7.703775827877142,0.21425,H3 短期リバーサル(横断),maker-only(理論上限),12,6.0,3.0,
"H3 短期リバーサル(横断) {'lookback': 6, 'top_n': 3} hold=24",train,3168,-0.08784160974036395,0.5121163027175485,0.5999579124579124,-0.12684913141518114,0.7421854992076855,-7.694925013255882,-22.23211639883529,0.059764309764309756,8.56893193842884,0.57775,H3 短期リバーサル(横断),taker,24,6.0,3.0,
"H3 短期リバーサル(横断) {'lookback': 6, 'top_n': 3} hold=24",test,2063,-1.9080837332640386,-1.150933951392977,0.7571497818710614,-2.399055501494005,-1.4483555620096973,-167.14813503392978,-49.238853203017754,0.07545645500080789,-15.252955514285086,0.876,H3 短期リバーサル(横断),taker,24,6.0,3.0,
"H3 短期リバーサル(横断) {'lookback': 6, 'top_n': 3} hold=24",full,5279,-0.826037975746835,-0.1654488490182881,0.660589126728547,-1.1179370426206596,-0.22444617037851874,-72.36092667542275,-70.2565652244802,0.06585843278398686,-2.51218928274461,0.829,H3 短期リバーサル(横断),taker,24,6.0,3.0,
"H3 短期リバーサル(横断) {'lookback': 6, 'top_n': 3} hold=24",train,3168,0.16731411416535985,0.5121163027175485,0.3448021885521885,0.24205640008104826,0.7421854992076855,14.656716400885522,-20.997949732168628,0.059764309764309756,8.56893193842884,0.47175,H3 短期リバーサル(横断),half-maker,24,6.0,3.0,
"H3 短期リバーサル(横断) {'lookback': 6, 'top_n': 3} hold=24",test,2063,-1.586101183579114,-1.150933951392977,0.4351672321861367,-1.995588084094947,-1.4483555620096973,-138.94246368153037,-43.37885320301776,0.07545645500080789,-15.252955514285086,0.83475,H3 短期リバーサル(横断),half-maker,24,6.0,3.0,
"H3 短期リバーサル(横断) {'lookback': 6, 'top_n': 3} hold=24",full,5279,-0.5451372369705517,-0.1654488490182881,0.3796883879522636,-0.7387447487845624,-0.22444617037851874,-47.75402195862033,-62.80573189114689,0.06585843278398686,-2.51218928274461,0.74175,H3 短期リバーサル(横断),half-maker,24,6.0,3.0,
"H3 短期リバーサル(横断) {'lookback': 6, 'top_n': 3} hold=24",train,3168,0.42246983807108374,0.5121163027175485,0.08964646464646464,0.612037623434387,0.7421854992076855,37.00835781502693,-19.763783065501926,0.059764309764309756,8.56893193842884,0.3745,H3 短期リバーサル(横断),maker-only(理論上限),24,6.0,3.0,
"H3 短期リバーサル(横断) {'lookback': 6, 'top_n': 3} hold=24",test,2063,-1.2641186338941888,-1.150933951392977,0.11318468250121182,-1.590865881515526,-1.4483555620096973,-110.73679232913094,-38.451205279024265,0.07545645500080789,-15.252955514285086,0.781,H3 短期リバーサル(横断),maker-only(理論上限),24,6.0,3.0,
"H3 短期リバーサル(横断) {'lookback': 6, 'top_n': 3} hold=24",full,5279,-0.26423649819426837,-0.1654488490182881,0.09878764917598029,-0.35839355759800257,-0.22444617037851874,-23.14711724181791,-55.354898557813456,0.06585843278398686,-2.51218928274461,0.62825,H3 短期リバーサル(横断),maker-only(理論上限),24,6.0,3.0,
"H3 短期リバーサル(横断) {'lookback': 6, 'top_n': 5} hold=1",train,3168,-5.447012848842554,0.323757353177647,5.770770202020202,-9.415483102676701,0.5614169817906823,-477.1583255586078,-175.45130903461558,0.6008207070707071,0.5388585136423167,1.0,H3 短期リバーサル(横断),taker,1,6.0,5.0,
"H3 短期リバーサル(横断) {'lookback': 6, 'top_n': 5} hold=1",test,2063,-4.991761745038133,2.2396972951945378,7.231459040232671,-8.107969058829644,3.6459633057963394,-437.2783288653404,-104.6368740357725,0.7573436742607853,2.9573064004008778,1.0,H3 短期リバーサル(横断),taker,1,6.0,5.0,
"H3 短期リバーサル(横断) {'lookback': 6, 'top_n': 5} hold=1",full,5279,-5.3375358729175515,1.0192741289767469,6.356810001894299,-8.94840013173221,1.7130881843992163,-467.56814246757756,-286.5712714715098,0.6637241901875354,1.535689287878374,1.0,H3 短期リバーサル(横断),taker,1,6.0,5.0,
"H3 短期リバーサル(横断) {'lookback': 6, 'top_n': 5} hold=1",train,3168,-3.0122432781354838,0.323757353177647,3.3360006313131314,-5.217002159042371,0.5614169817906823,-263.87251116466837,-101.26608343359268,0.6008207070707071,0.5388585136423167,0.998,H3 短期リバーサル(横断),half-maker,1,6.0,5.0,
"H3 短期リバーサル(横断) {'lookback': 6, 'top_n': 5} hold=1",test,2063,-1.9440399806173865,2.2396972951945378,4.183737275811925,-3.1614531352697472,3.6459633057963394,-170.29790230208306,-43.04318946653223,0.7573436742607853,2.9573064004008778,0.95575,H3 短期リバーサル(横断),half-maker,1,6.0,5.0,
"H3 短期リバーサル(横断) {'lookback': 6, 'top_n': 5} hold=1",full,5279,-2.6569240146110533,1.0192741289767469,3.6761981435878006,-4.461171803857377,1.7130881843992163,-232.74654367992827,-148.24669106235874,0.6637241901875354,1.535689287878374,0.99975,H3 短期リバーサル(横断),half-maker,1,6.0,5.0,
"H3 短期リバーサル(横断) {'lookback': 6, 'top_n': 5} hold=1",train,3168,-0.5774737074284133,0.323757353177647,0.9012310606060604,-1.0012635760511057,0.5614169817906823,-50.58669677072901,-32.59118674173821,0.6008207070707071,0.5388585136423167,0.7435,H3 短期リバーサル(横断),maker-only(理論上限),1,6.0,5.0,
"H3 短期リバーサル(横断) {'lookback': 6, 'top_n': 5} hold=1",test,2063,1.1036817838033608,2.2396972951945378,1.1360155113911776,1.7963383250010612,3.6459633057963394,96.68252426117441,-18.75920344402015,0.7573436742607853,2.9573064004008778,0.16575,H3 短期リバーサル(横断),maker-only(理論上限),1,6.0,5.0,
"H3 短期リバーサル(横断) {'lookback': 6, 'top_n': 5} hold=1",full,5279,0.023687843695443876,1.0192741289767469,0.995586285281303,0.0398084766721009,1.7130881843992163,2.0750551077208836,-44.15175800919844,0.6637241901875354,1.535689287878374,0.47225,H3 短期リバーサル(横断),maker-only(理論上限),1,6.0,5.0,
"H3 短期リバーサル(横断) {'lookback': 6, 'top_n': 5} hold=2",train,3168,-2.6668467963577367,1.3127460066725665,3.979592803030303,-4.709710146827296,2.3383772756700973,-233.61577936093772,-95.82103363608368,0.4127525252525253,3.1804675352850187,0.998,H3 短期リバーサル(横断),taker,2,6.0,5.0,
"H3 短期リバーサル(横断) {'lookback': 6, 'top_n': 5} hold=2",test,2063,-3.2350866882516014,1.7555095308467994,4.990596219098401,-5.440569789955802,2.9600908013969898,-283.3935938908403,-68.80314415702098,0.5208919049927291,3.370199294748694,0.9985,H3 短期リバーサル(横断),taker,2,6.0,5.0,
"H3 短期リバーサル(横断) {'lookback': 6, 'top_n': 5} hold=2",full,5279,-2.9788785201584274,1.4020458973448873,4.380924417503315,-5.136329956179556,2.431673219879623,-260.9497583658782,-167.73165223597312,0.4557681379049062,3.0762262228111634,1.0,H3 短期リバーサル(横断),taker,2,6.0,5.0,
"H3 短期リバーサル(横断) {'lookback': 6, 'top_n': 5} hold=2",train,3168,-0.9866147887819788,1.3127460066725665,2.2993607954545454,-1.7508026793701945,2.3383772756700973,-86.42745549730135,-45.32628153827272,0.4127525252525253,3.1804675352850187,0.8695,H3 短期リバーサル(横断),half-maker,2,6.0,5.0,
"H3 短期リバーサル(横断) {'lookback': 6, 'top_n': 5} hold=2",test,2063,-1.1304575074469476,1.7555095308467994,2.885967038293747,-1.9054576622746573,2.9600908013969898,-99.02807765235261,-30.321459579880177,0.5208919049927291,3.370199294748694,0.83875,H3 短期リバーサル(横断),half-maker,2,6.0,5.0,
"H3 短期リバーサル(横断) {'lookback': 6, 'top_n': 5} hold=2",full,5279,-1.1302424148354502,1.4020458973448873,2.5322883121803375,-1.9559455246462194,2.431673219879623,-99.00923553958543,-73.21124544010374,0.4557681379049062,3.0762262228111634,0.94325,H3 短期リバーサル(横断),half-maker,2,6.0,5.0,
"H3 短期リバーサル(横断) {'lookback': 6, 'top_n': 5} hold=2",train,3168,0.6936172187937789,1.3127460066725665,0.6191287878787878,1.2347355939014553,2.3383772756700973,60.76086836633503,-18.550752088490686,0.4127525252525253,3.1804675352850187,0.231,H3 短期リバーサル(横断),maker-only(理論上限),2,6.0,5.0,
"H3 短期リバーサル(横断) {'lookback': 6, 'top_n': 5} hold=2",test,2063,0.974171673357705,1.7555095308467994,0.7813378574890936,1.6429967490699187,2.9600908013969898,85.33743858613497,-17.01831141804753,0.5208919049927291,3.370199294748694,0.19025,H3 短期リバーサル(横断),maker-only(理論上限),2,6.0,5.0,
"H3 短期リバーサル(横断) {'lookback': 6, 'top_n': 5} hold=2",full,5279,0.7183936904875277,1.4020458973448873,0.6836522068573594,1.2456655925606324,2.431673219879623,62.93128728670743,-23.037311776076365,0.4557681379049062,3.0762262228111634,0.1385,H3 短期リバーサル(横断),maker-only(理論上限),2,6.0,5.0,
"H3 短期リバーサル(横断) {'lookback': 6, 'top_n': 5} hold=3",train,3168,-2.49935417909587,0.6883194320152416,3.187673611111111,-4.494998102417187,1.247139347529894,-218.94342608879822,-84.90669765102245,0.3300505050505051,2.0854972844532185,0.99875,H3 短期リバーサル(横断),taker,3,6.0,5.0,
"H3 短期リバーサル(横断) {'lookback': 6, 'top_n': 5} hold=3",test,2063,-1.7981554864999982,2.208339908555746,4.006495395055745,-3.0169095913126642,3.724918998820908,-157.51842061739984,-39.06209492738022,0.41715947649054774,5.293754626249713,0.948,H3 短期リバーサル(横断),taker,3,6.0,5.0,
"H3 短期リバーサル(横断) {'lookback': 6, 'top_n': 5} hold=3",full,5279,-2.3300320052610752,1.182650320937068,3.512682326198144,-4.043128404905957,2.064988032908168,-204.11080366087023,-127.86134825635271,0.3646523962871756,3.243226516481445,0.99925,H3 短期リバーサル(横断),taker,3,6.0,5.0,
"H3 短期リバーサル(横断) {'lookback': 6, 'top_n': 5} hold=3",train,3168,-1.1530552523281925,0.6883194320152416,1.8413746843434344,-2.0830858853191776,1.247139347529894,-101.00764010394967,-50.932998543586315,0.3300505050505051,2.0854972844532185,0.9075,H3 短期リバーサル(横断),half-maker,3,6.0,5.0,
"H3 短期リバーサル(横断) {'lookback': 6, 'top_n': 5} hold=3",test,2063,-0.10777739634003718,2.208339908555746,2.3161173048957826,-0.18148835327072166,3.724918998820908,-9.441299919387257,-22.315407303994157,0.41715947649054774,5.293754626249713,0.5415,H3 短期リバーサル(横断),half-maker,3,6.0,5.0,
"H3 短期リバーサル(横断) {'lookback': 6, 'top_n': 5} hold=3",full,5279,-0.8471801393773855,1.182650320937068,2.0298304603144532,-1.4759386529082492,2.064988032908168,-74.21298020945896,-71.21614351762287,0.3646523962871756,3.243226516481445,0.88825,H3 短期リバーサル(横断),half-maker,3,6.0,5.0,
"H3 短期リバーサル(横断) {'lookback': 6, 'top_n': 5} hold=3",train,3168,0.19324367443948423,0.6883194320152416,0.4950757575757575,0.34999931476335877,1.247139347529894,16.928145880898818,-34.93205773157585,0.3300505050505051,2.0854972844532185,0.40025,H3 短期リバーサル(横断),maker-only(理論上限),3,6.0,5.0,
"H3 短期リバーサル(横断) {'lookback': 6, 'top_n': 5} hold=3",test,2063,1.5826006938199244,2.208339908555746,0.6257392147358216,2.6693925505303535,3.724918998820908,138.63582077862537,-14.259909421546238,0.41715947649054774,5.293754626249713,0.07475,H3 短期リバーサル(横断),maker-only(理論上限),3,6.0,5.0,
"H3 短期リバーサル(横断) {'lookback': 6, 'top_n': 5} hold=3",full,5279,0.6356717265063047,1.182650320937068,0.5469785944307634,1.1097197360983568,2.064988032908168,55.68484324195229,-50.47444471843091,0.3646523962871756,3.243226516481445,0.1655,H3 短期リバーサル(横断),maker-only(理論上限),3,6.0,5.0,
"H3 短期リバーサル(横断) {'lookback': 6, 'top_n': 5} hold=6",train,3168,-1.7665138113093557,0.3707020977815533,2.1372159090909095,-3.3002804657020457,0.6999483877779223,-154.74660987069956,-63.86844207161403,0.22190656565656566,1.6705323552943967,0.98325,H3 短期リバーサル(横断),taker,6,6.0,5.0,
"H3 短期リバーサル(横断) {'lookback': 6, 'top_n': 5} hold=6",test,2063,-1.7897058769558387,0.8652383789821158,2.654944255937955,-3.1054889461588733,1.506146833879863,-156.7782348213315,-41.551926285224624,0.27736306349975764,3.119515511779281,0.938,H3 短期リバーサル(横断),taker,6,6.0,5.0,
"H3 短期リバーサル(横断) {'lookback': 6, 'top_n': 5} hold=6",full,5279,-1.8205723120121133,0.5237921509543578,2.3443644629664706,-3.27661199332794,0.9497437038095893,-159.48213453226114,-103.27176241543347,0.244061375260466,2.1461493052530694,0.99725,H3 短期リバーサル(横断),taker,6,6.0,5.0,
"H3 短期リバーサル(横断) {'lookback': 6, 'top_n': 5} hold=6",train,3168,-0.8643357810063252,0.3707020977815533,1.2350378787878786,-1.624430196214231,0.6999483877779223,-75.71581441615409,-41.419950327116936,0.22190656565656566,1.6705323552943967,0.8345,H3 短期リバーサル(横断),half-maker,6,6.0,5.0,
"H3 短期リバーサル(横断) {'lookback': 6, 'top_n': 5} hold=6",test,2063,-0.6702560466116793,0.8652383789821158,1.5354944255937955,-1.1663876014072507,1.506146833879863,-58.7144296831831,-25.87234409263675,0.27736306349975764,3.119515511779281,0.70325,H3 短期リバーサル(横断),half-maker,6,6.0,5.0,
"H3 短期リバーサル(横断) {'lookback': 6, 'top_n': 5} hold=6",full,5279,-0.8314361119742274,0.5237921509543578,1.355228262928585,-1.5033393258766086,0.9497437038095893,-72.83380340894232,-56.11452067093643,0.244061375260466,2.1461493052530694,0.88075,H3 短期リバーサル(横断),half-maker,6,6.0,5.0,
"H3 短期リバーサル(横断) {'lookback': 6, 'top_n': 5} hold=6",train,3168,0.037842249296705016,0.3707020977815533,0.33285984848484845,0.07139350263186238,0.6999483877779223,3.31498103839136,-36.851450327116936,0.22190656565656566,1.6705323552943967,0.47725,H3 短期リバーサル(横断),maker-only(理論上限),6,6.0,5.0,
"H3 短期リバーサル(横断) {'lookback': 6, 'top_n': 5} hold=6",test,2063,0.4491937837324796,0.8652383789821158,0.4160445952496364,0.7822121357933053,1.506146833879863,39.34937545496521,-21.56152163588071,0.27736306349975764,3.119515511779281,0.313,H3 短期リバーサル(横断),maker-only(理論上限),6,6.0,5.0,
"H3 短期リバーサル(横断) {'lookback': 6, 'top_n': 5} hold=6",full,5279,0.15770008806365868,0.5237921509543578,0.366092062890699,0.2858505523153643,0.9497437038095893,13.814527714376498,-43.78508152971858,0.244061375260466,2.1461493052530694,0.40375,H3 短期リバーサル(横断),maker-only(理論上限),6,6.0,5.0,
"H3 短期リバーサル(横断) {'lookback': 6, 'top_n': 5} hold=12",train,3168,0.3220837223274142,1.4241354900041818,1.1020517676767676,0.6254958979479546,2.7957432443225216,28.214534075881488,-18.77070331178214,0.11287878787878788,12.616502327553825,0.311,H3 短期リバーサル(横断),taker,12,6.0,5.0,
"H3 短期リバーサル(横断) {'lookback': 6, 'top_n': 5} hold=12",test,2063,-2.7316689023293255,-1.3774032697554042,1.3542656325739215,-4.650327670310247,-2.3505733601963197,-239.29419584404891,-61.72375623099209,0.1396025206010664,-9.866607449671523,0.979,H3 短期リバーサル(横断),taker,12,6.0,5.0,
"H3 短期リバーサル(横断) {'lookback': 6, 'top_n': 5} hold=12",full,5279,-0.9294982896958411,0.2742429491751573,1.2037412388709983,-1.694240336472479,0.5033658680579018,-81.4240501773557,-71.63517757159558,0.1236597840500095,2.2177213981244717,0.90575,H3 短期リバーサル(横断),taker,12,6.0,5.0,
"H3 短期リバーサル(横断) {'lookback': 6, 'top_n': 5} hold=12",train,3168,0.7884505152567071,1.4241354900041818,0.6356849747474749,1.5395914254069332,2.7957432443225216,69.06826513648754,-16.09212190617762,0.11287878787878788,12.616502327553825,0.1325,H3 短期リバーサル(横断),half-maker,12,6.0,5.0,
"H3 短期リバーサル(横断) {'lookback': 6, 'top_n': 5} hold=12",test,2063,-2.1592379764931646,-1.3774032697554042,0.7818347067377606,-3.682767514999177,-2.3505733601963197,-189.14924674080123,-55.360756230992095,0.1396025206010664,-9.866607449671523,0.94825,H3 短期リバーサル(横断),half-maker,12,6.0,5.0,
"H3 短期リバーサル(横断) {'lookback': 6, 'top_n': 5} hold=12",full,5279,-0.42037250829784883,0.2742429491751573,0.6946154574730062,-0.7691636902236032,0.5033658680579018,-36.82463172689156,-57.518427571595566,0.1236597840500095,2.2177213981244717,0.72175,H3 短期リバーサル(横断),half-maker,12,6.0,5.0,
"H3 短期リバーサル(横断) {'lookback': 6, 'top_n': 5} hold=12",train,3168,1.2548173081860001,1.4241354900041818,0.16931818181818178,2.4604976831561527,2.7957432443225216,109.92199619709362,-15.248371906177619,0.11287878787878788,12.616502327553825,0.0355,H3 短期リバーサル(横断),maker-only(理論上限),12,6.0,5.0,
"H3 短期リバーサル(横断) {'lookback': 6, 'top_n': 5} hold=12",test,2063,-1.5868070506570038,-1.3774032697554042,0.20940378090159958,-2.7082254780800956,-2.3505733601963197,-139.00429763755352,-48.99775623099205,0.1396025206010664,-9.866607449671523,0.87875,H3 短期リバーサル(横断),maker-only(理論上限),12,6.0,5.0,
"H3 短期リバーサル(横断) {'lookback': 6, 'top_n': 5} hold=12",full,5279,0.08875327310014287,0.2742429491751573,0.18548967607501415,0.1628102129115199,0.5033658680579018,7.774786723572516,-48.99775623099202,0.1236597840500095,2.2177213981244717,0.4425,H3 短期リバーサル(横断),maker-only(理論上限),12,6.0,5.0,
"H3 短期リバーサル(横断) {'lookback': 6, 'top_n': 5} hold=24",train,3168,0.1240784317585745,0.7018562095363522,0.5777777777777778,0.2525571917996995,1.4359737724645965,10.869270622051125,-15.030209784094964,0.057702020202020206,12.163459911439627,0.4595,H3 短期リバーサル(横断),taker,24,6.0,5.0,
"H3 短期リバーサル(横断) {'lookback': 6, 'top_n': 5} hold=24",test,2063,-2.668103016908697,-1.9413701036755409,0.7267329132331556,-4.764677851649375,-3.471640805932185,-233.72582428120182,-61.880413652126705,0.0726126999515269,-26.735958103355408,0.98675,H3 短期リバーサル(横断),taker,24,6.0,5.0,
"H3 短期リバーサル(横断) {'lookback': 6, 'top_n': 5} hold=24",full,5279,-1.0257365722264518,-0.38896824489172954,0.6367683273347224,-1.9606437894862345,-0.7461421533618897,-89.85452372703718,-73.02183127788365,0.06361053229778367,-6.114840276305659,0.943,H3 短期リバーサル(横断),taker,24,6.0,5.0,
"H3 短期リバーサル(横断) {'lookback': 6, 'top_n': 5} hold=24",train,3168,0.3696908054959483,0.7018562095363522,0.33216540404040407,0.7545762859677256,1.4359737724645965,32.38491456144507,-13.50520978409496,0.057702020202020206,12.163459911439627,0.3355,H3 短期リバーサル(横断),half-maker,24,6.0,5.0,
"H3 短期リバーサル(横断) {'lookback': 6, 'top_n': 5} hold=24",test,2063,-2.3591960852557636,-1.9413701036755409,0.41782598158022294,-4.217897577575722,-3.471640805932185,-206.6655770684049,-56.75801560564565,0.0726126999515269,-26.735958103355408,0.977,H3 短期リバーサル(横断),half-maker,24,6.0,5.0,
"H3 短期リバーサル(横断) {'lookback': 6, 'top_n': 5} hold=24",full,5279,-0.7550603077824285,-0.38896824489172954,0.366092062890699,-1.4462641046347051,-0.7461421533618897,-66.14328296174074,-65.77158127788361,0.06361053229778367,-6.114840276305659,0.8865,H3 短期リバーサル(横断),half-maker,24,6.0,5.0,
"H3 短期リバーサル(横断) {'lookback': 6, 'top_n': 5} hold=24",train,3168,0.6153031792333219,0.7018562095363522,0.08655303030303028,1.2583171794946024,1.4359737724645965,53.900558500839004,-11.980209784094953,0.057702020202020206,12.163459911439627,0.21975,H3 短期リバーサル(横断),maker-only(理論上限),24,6.0,5.0,
"H3 短期リバーサル(横断) {'lookback': 6, 'top_n': 5} hold=24",test,2063,-2.050289153602831,-1.9413701036755409,0.10891904992729033,-3.6668513160198937,-3.471640805932185,-179.605329855608,-51.709015605645625,0.0726126999515269,-26.735958103355408,0.9565,H3 短期リバーサル(横断),maker-only(理論上限),24,6.0,5.0,
"H3 短期リバーサル(横断) {'lookback': 6, 'top_n': 5} hold=24",full,5279,-0.48438404333840485,-0.38896824489172954,0.0954157984466755,-0.9289740914727519,-0.7461421533618897,-42.432042196444264,-58.867761299919486,0.06361053229778367,-6.114840276305659,0.7785,H3 短期リバーサル(横断),maker-only(理論上限),24,6.0,5.0,
"H3 短期リバーサル(横断) {'lookback': 12, 'top_n': 3} hold=1",train,3168,-0.9409656374949751,3.7317248086329706,4.672690446127946,-1.088602608491873,4.323560429374521,-82.42858984455982,-64.13996043068408,0.48474326599326595,7.698353067342686,0.75725,H3 短期リバーサル(横断),taker,1,12.0,3.0,
"H3 短期リバーサル(横断) {'lookback': 12, 'top_n': 3} hold=1",test,2063,-1.687774478515232,4.123220835752017,5.810995314267247,-1.8533933405281997,4.538610693709872,-147.84904431793433,-54.165701746109974,0.608660526740992,6.774253717140758,0.8255,H3 短期リバーサル(横断),taker,1,12.0,3.0,
"H3 短期リバーサル(横断) {'lookback': 12, 'top_n': 3} hold=1",full,5279,-1.2956419570209206,3.8312760198686413,5.126917976889563,-1.4550207475857717,4.310185467107968,-113.49823543503264,-96.04170339032892,0.5341920818336806,7.17209436485339,0.885,H3 短期リバーサル(横断),taker,1,12.0,3.0,
"H3 短期リバーサル(横断) {'lookback': 12, 'top_n': 3} hold=1",train,3168,1.0318221360740483,3.7317248086329706,2.699902672558922,1.1947504586508975,4.323560429374521,90.38761912008663,-51.215143698434,0.48474326599326595,7.698353067342686,0.25275,H3 短期リバーサル(横断),half-maker,1,12.0,3.0,
"H3 短期リバーサル(横断) {'lookback': 12, 'top_n': 3} hold=1",test,2063,0.7612277835626489,4.123220835752017,3.361993052189368,0.8369115451707081,4.538610693709872,66.68355384008804,-36.96832881648733,0.608660526740992,6.774253717140758,0.311,H3 短期リバーサル(横断),half-maker,1,12.0,3.0,
"H3 短期リバーサル(横断) {'lookback': 12, 'top_n': 3} hold=1",full,5279,0.8671729700485997,3.8312760198686413,2.9641030498200416,0.9747868859862222,4.310185467107968,75.96435217625734,-57.65252676204737,0.5341920818336806,7.17209436485339,0.22,H3 短期リバーサル(横断),half-maker,1,12.0,3.0,
"H3 短期リバーサル(横断) {'lookback': 12, 'top_n': 3} hold=1",train,3168,3.004609909643072,3.7317248086329706,0.7271148989898991,3.480785835250333,4.323560429374521,263.2038280847331,-41.502227031767305,0.48474326599326595,7.698353067342686,0.0175,H3 短期リバーサル(横断),maker-only(理論上限),1,12.0,3.0,
"H3 短期リバーサル(横断) {'lookback': 12, 'top_n': 3} hold=1",test,2063,3.2102300456405275,4.123220835752017,0.9129907901114881,3.5326043197049826,4.538610693709872,281.2161519981102,-28.481077599472314,0.608660526740992,6.774253717140758,0.029,H3 短期リバーサル(横断),maker-only(理論上限),1,12.0,3.0,
"H3 短期リバーサル(横断) {'lookback': 12, 'top_n': 3} hold=1",full,5279,3.02998789711812,3.8312760198686413,0.801288122750521,3.4081702315160163,4.310185467107968,265.4269397875473,-42.43461009538068,0.5341920818336806,7.17209436485339,0.00325,H3 短期リバーサル(横断),maker-only(理論上限),1,12.0,3.0,
"H3 短期リバーサル(横断) {'lookback': 12, 'top_n': 3} hold=2",train,3168,-0.058631336817287195,3.1129280066170564,3.1715593434343434,-0.06917661293625661,3.6777342241216155,-5.136105105194359,-56.60392681936697,0.3280723905723906,9.488540017603752,0.53725,H3 短期リバーサル(横断),taker,2,12.0,3.0,
"H3 短期リバーサル(横断) {'lookback': 12, 'top_n': 3} hold=2",test,2063,0.23077183923043437,4.218451593633406,3.987679754402973,0.26507254050670076,4.855874121955181,20.215613116586052,-39.96782476226626,0.41670706091452575,10.123302409072181,0.4265,H3 短期リバーサル(横断),taker,2,12.0,3.0,
"H3 短期リバーサル(横断) {'lookback': 12, 'top_n': 3} hold=2",full,5279,0.11912698740178997,3.620452996115561,3.5013260087137708,0.1379188417958334,4.198378036668795,10.435524096396803,-70.13647667871919,0.36389467702216327,9.949178223057807,0.473,H3 短期リバーサル(横断),taker,2,12.0,3.0,
"H3 短期リバーサル(横断) {'lookback': 12, 'top_n': 3} hold=2",train,3168,1.2810940419705916,3.1129280066170564,1.8318339646464648,1.5129419155085226,3.6777342241216155,112.22383807662382,-49.91142681936698,0.3280723905723906,9.488540017603752,0.20225,H3 短期リバーサル(横断),half-maker,2,12.0,3.0,
"H3 短期リバーサル(横断) {'lookback': 12, 'top_n': 3} hold=2",test,2063,1.912081420746026,4.218451593633406,2.3063701728873807,2.1992271042214333,4.855874121955181,167.4983324573519,-29.230324762266164,0.41670706091452575,10.123302409072181,0.1195,H3 短期リバーサル(横断),half-maker,2,12.0,3.0,
"H3 短期リバーサル(横断) {'lookback': 12, 'top_n': 3} hold=2",full,5279,1.5968689839920531,3.620452996115561,2.023584012123508,1.8507810338274167,4.198378036668795,139.88572299770385,-52.92147667871922,0.36389467702216327,9.949178223057807,0.07125,H3 短期リバーサル(横断),half-maker,2,12.0,3.0,
"H3 短期リバーサル(横断) {'lookback': 12, 'top_n': 3} hold=2",train,3168,2.62081942075847,3.1129280066170564,0.49210858585858586,3.0963257436613896,3.6777342241216155,229.58378125844195,-43.21892681936704,0.3280723905723906,9.488540017603752,0.032,H3 短期リバーサル(横断),maker-only(理論上限),2,12.0,3.0,
"H3 短期リバーサル(横断) {'lookback': 12, 'top_n': 3} hold=2",test,2063,3.5933910022616184,4.218451593633406,0.6250605913717886,4.136069480120081,4.855874121955181,314.7810517981178,-22.164184658235442,0.41670706091452575,10.123302409072181,0.01825,H3 短期リバーサル(横断),maker-only(理論上限),2,12.0,3.0,
"H3 短期リバーサル(横断) {'lookback': 12, 'top_n': 3} hold=2",full,5279,3.0746109805823165,3.620452996115561,0.545842015533245,3.565321276796865,4.198378036668795,269.33592189901094,-43.21892681936704,0.36389467702216327,9.949178223057807,0.0035,H3 短期リバーサル(横断),maker-only(理論上限),2,12.0,3.0,
"H3 短期リバーサル(横断) {'lookback': 12, 'top_n': 3} hold=3",train,3168,-1.0423656357273339,1.4997745157878175,2.5421401515151514,-1.2447630331335042,1.794036220785966,-91.31122968971445,-55.83909476639922,0.26115319865319864,5.742891618874867,0.79,H3 短期リバーサル(横断),taker,3,12.0,3.0,
"H3 短期リバーサル(横断) {'lookback': 12, 'top_n': 3} hold=3",test,2063,1.1331007259609598,4.351633606878717,3.218532880917757,1.3194762574929824,5.078460398071724,99.25962359418008,-38.21139430722344,0.33559541121344316,12.966904377935666,0.22125,H3 短期リバーサル(横断),taker,3,12.0,3.0,
"H3 短期リバーサル(横断) {'lookback': 12, 'top_n': 3} hold=3",full,5279,-0.2393470135008856,2.5741435465799376,2.813490560080823,-0.28012665504907003,3.0185233229353075,-20.96679838267758,-60.52460528039639,0.29109048430889684,8.843104413706392,0.60625,H3 短期リバーサル(横断),taker,3,12.0,3.0,
"H3 短期リバーサル(横断) {'lookback': 12, 'top_n': 3} hold=3",train,3168,0.032839541040342785,1.4997745157878175,1.4669349747474745,0.03926082222628734,1.794036220785966,2.876743795134028,-50.3707136500241,0.26115319865319864,5.742891618874867,0.5,H3 短期リバーサル(横断),half-maker,3,12.0,3.0,
"H3 短期リバーサル(横断) {'lookback': 12, 'top_n': 3} hold=3",test,2063,2.490670608009755,4.351633606878717,1.860962998868961,2.9043604111110444,5.078460398071724,218.1827452616546,-29.41389430722329,0.33559541121344316,12.966904377935666,0.056,H3 短期リバーサル(横断),half-maker,3,12.0,3.0,
"H3 短期リバーサル(横断) {'lookback': 12, 'top_n': 3} hold=3",full,5279,0.9490804033078534,2.5741435465799376,1.6250631432720841,1.1121698680215097,3.0185233229353075,83.13944332976796,-53.425582299735375,0.29109048430889684,8.843104413706392,0.19375,H3 短期リバーサル(横断),half-maker,3,12.0,3.0,
"H3 短期リバーサル(横断) {'lookback': 12, 'top_n': 3} hold=3",train,3168,1.1080447178080195,1.4997745157878175,0.39172979797979796,1.3253935522899158,1.794036220785966,97.0647172799825,-45.12113031669076,0.26115319865319864,5.742891618874867,0.22075,H3 短期リバーサル(横断),maker-only(理論上限),3,12.0,3.0,
"H3 短期リバーサル(横断) {'lookback': 12, 'top_n': 3} hold=3",test,2063,3.8482404900585516,4.351633606878717,0.5033931168201647,4.490478659998423,5.078460398071724,337.10586692912915,-20.61639430722334,0.33559541121344316,12.966904377935666,0.011,H3 短期リバーサル(横断),maker-only(理論上限),3,12.0,3.0,
"H3 短期リバーサル(横断) {'lookback': 12, 'top_n': 3} hold=3",full,5279,2.1375078201165922,2.5741435465799376,0.43663572646334536,2.506323964112169,3.0185233229353075,187.2456850422135,-46.67349896640203,0.29109048430889684,8.843104413706392,0.02325,H3 短期リバーサル(横断),maker-only(理論上限),3,12.0,3.0,
"H3 短期リバーサル(横断) {'lookback': 12, 'top_n': 3} hold=6",train,3168,-0.9315657500635616,0.8141728863000742,1.7457386363636365,-1.1452989686796973,1.003854212258255,-81.605159705568,-48.653681498417214,0.178766835016835,4.554384409297179,0.76775,H3 短期リバーサル(横断),taker,6,12.0,3.0,
"H3 短期リバーサル(横断) {'lookback': 12, 'top_n': 3} hold=6",test,2063,0.6997727656632616,2.8526649938099733,2.1528922281467118,0.8561020431912605,3.489722330926753,61.300094272101724,-22.102838307190623,0.22378413313944093,12.74739613479417,0.317,H3 短期リバーサル(横断),taker,6,12.0,3.0,
"H3 短期リバーサル(横断) {'lookback': 12, 'top_n': 3} hold=6",full,5279,-0.2748948157301589,1.6349365917333756,1.9098314074635347,-0.33333400863942714,1.9863410495092877,-24.08078585796192,-55.44477523000235,0.19700700890320136,8.29887525746201,0.609,H3 短期リバーサル(横断),taker,6,12.0,3.0,
"H3 短期リバーサル(横断) {'lookback': 12, 'top_n': 3} hold=6",train,3168,-0.19277155814437025,0.8141728863000742,1.0069444444444444,-0.23739576634067608,1.003854212258255,-16.886788493446833,-44.95889038409374,0.178766835016835,4.554384409297179,0.57675,H3 短期リバーサル(横断),half-maker,6,12.0,3.0,
"H3 短期リバーサル(横断) {'lookback': 12, 'top_n': 3} hold=6",test,2063,1.6083807798820362,2.8526649938099733,1.2442842139279366,1.9686887279868999,3.489722330926753,140.8941563176664,-20.428671640523966,0.22378413313944093,12.74739613479417,0.15175,H3 短期リバーサル(横断),half-maker,6,12.0,3.0,
"H3 短期リバーサル(横断) {'lookback': 12, 'top_n': 3} hold=6",full,5279,0.5322656313242069,1.6349365917333756,1.1026709604091682,0.6462532848139912,1.9863410495092877,46.62646930400052,-49.52935856333565,0.19700700890320136,8.29887525746201,0.3075,H3 短期リバーサル(横断),half-maker,6,12.0,3.0,
"H3 短期リバーサル(横断) {'lookback': 12, 'top_n': 3} hold=6",train,3168,0.5460226337748215,0.8141728863000742,0.26815025252525254,0.6730983213334041,1.003854212258255,47.83158271867436,-41.698473717427106,0.178766835016835,4.554384409297179,0.35725,H3 短期リバーサル(横断),maker-only(理論上限),6,12.0,3.0,
"H3 短期リバーサル(横断) {'lookback': 12, 'top_n': 3} hold=6",test,2063,2.5169887941008118,2.8526649938099733,0.33567619970916135,3.080017435714522,3.489722330926753,220.4882183632311,-18.75450497385731,0.22378413313944093,12.74739613479417,0.05575,H3 短期リバーサル(横断),maker-only(理論上限),6,12.0,3.0,
"H3 短期リバーサル(横断) {'lookback': 12, 'top_n': 3} hold=6",full,5279,1.3394260783785732,1.6349365917333756,0.295510513354802,1.6272488784837207,1.9863410495092877,117.33372446596302,-43.613941896669,0.19700700890320136,8.29887525746201,0.10475,H3 短期リバーサル(横断),maker-only(理論上限),6,12.0,3.0,
"H3 短期リバーサル(横断) {'lookback': 12, 'top_n': 3} hold=12",train,3168,-0.12458457145997141,1.01359409015619,1.1381786616161615,-0.16833138426526556,1.3760900972123,-10.913608459893496,-29.736489991880138,0.11616161616161616,8.725723036996765,0.546,H3 短期リバーサル(横断),taker,12,12.0,3.0,
"H3 短期リバーサル(横断) {'lookback': 12, 'top_n': 3} hold=12",test,2063,-1.3595293639378454,0.04748307749049514,1.4070124414283407,-1.620451636065631,0.056691863728921245,-119.09477228095527,-40.52103537801899,0.1460656002585232,0.3250804940140204,0.8135,H3 短期リバーサル(横断),taker,12,12.0,3.0,
"H3 短期リバーサル(横断) {'lookback': 12, 'top_n': 3} hold=12",full,5279,-0.673054813046481,0.5719726542768759,1.2450274673233568,-0.8530561719747974,0.7274664402577076,-58.95960162287173,-52.21631020001261,0.12811769905916523,4.46443121034149,0.76275,H3 短期リバーサル(横断),taker,12,12.0,3.0,
"H3 短期リバーサル(横断) {'lookback': 12, 'top_n': 3} hold=12",train,3168,0.3573835472268972,1.01359409015619,0.6562105429292929,0.48408915579642486,1.3760900972123,31.306798737076196,-28.43190665854682,0.11616161616161616,8.725723036996765,0.3845,H3 短期リバーサル(横断),half-maker,12,12.0,3.0,
"H3 短期リバーサル(横断) {'lookback': 12, 'top_n': 3} hold=12",test,2063,-0.7655723434175674,0.04748307749049514,0.8130554209080627,-0.9135643383938122,0.056691863728921245,-67.0641372833789,-34.57020204468566,0.1460656002585232,0.3250804940140204,0.69125,H3 短期リバーサル(横断),half-maker,12,12.0,3.0,
"H3 短期リバーサル(横断) {'lookback': 12, 'top_n': 3} hold=12",full,5279,-0.1466293536791762,0.5719726542768759,0.7186020079560522,-0.18620242960238453,0.7274664402577076,-12.844731382295835,-37.488393533346,0.12811769905916523,4.46443121034149,0.57725,H3 短期リバーサル(横断),half-maker,12,12.0,3.0,
"H3 短期リバーサル(横断) {'lookback': 12, 'top_n': 3} hold=12",train,3168,0.8393516659137659,1.01359409015619,0.17424242424242425,1.1390035967444099,1.3760900972123,73.5272059340459,-27.12732332521348,0.11616161616161616,8.725723036996765,0.24675,H3 短期リバーサル(横断),maker-only(理論上限),12,12.0,3.0,
"H3 短期リバーサル(横断) {'lookback': 12, 'top_n': 3} hold=12",test,2063,-0.1716153228972896,0.04748307749049514,0.21909840038778478,-0.2048949458843786,0.056691863728921245,-15.03350228580257,-30.512195109770847,0.1460656002585232,0.3250804940140204,0.55425,H3 短期リバーサル(横断),maker-only(理論上限),12,12.0,3.0,
"H3 短期リバーサル(横断) {'lookback': 12, 'top_n': 3} hold=12",full,5279,0.37979610568812805,0.5719726542768759,0.1921765485887479,0.4829096732379435,0.7274664402577076,33.27013885828002,-30.51219510977083,0.12811769905916523,4.46443121034149,0.37375,H3 短期リバーサル(横断),maker-only(理論上限),12,12.0,3.0,
"H3 短期リバーサル(横断) {'lookback': 12, 'top_n': 3} hold=24",train,3168,0.024379685274705055,0.6235747610322807,0.5991950757575757,0.03536450349896128,0.9063052011530142,2.135660430064163,-39.175568741522845,0.059238215488215486,10.526562218207452,0.4945,H3 短期リバーサル(横断),taker,24,12.0,3.0,
"H3 短期リバーサル(横断) {'lookback': 12, 'top_n': 3} hold=24",test,2063,-0.5029461686707745,0.25173956408088144,0.7546857327516561,-0.6321171712273141,0.3167097961885515,-44.058084375559844,-27.44783991744869,0.07658749394086282,3.2869539284737876,0.63325,H3 短期リバーサル(横断),taker,24,12.0,3.0,
"H3 短期リバーサル(横断) {'lookback': 12, 'top_n': 3} hold=24",full,5279,-0.2643619223086124,0.39668499314254635,0.6610469154511587,-0.35559041140051967,0.5344754785899893,-23.158104394234442,-52.81977527024851,0.06617414914440865,5.994561294273384,0.6315,H3 短期リバーサル(横断),taker,24,12.0,3.0,
"H3 短期リバーサル(横断) {'lookback': 12, 'top_n': 3} hold=24",train,3168,0.2795485615373313,0.6235747610322807,0.34402619949494945,0.40597593117084135,0.9063052011530142,24.488453990670223,-34.68598540818951,0.059238215488215486,10.526562218207452,0.3965,H3 短期リバーサル(横断),half-maker,24,12.0,3.0,
"H3 短期リバーサル(横断) {'lookback': 12, 'top_n': 3} hold=24",test,2063,-0.18304392275059386,0.25173956408088144,0.4347834868314751,-0.23022163684497304,0.3167097961885515,-16.034647632952023,-26.127423250782023,0.07658749394086282,3.2869539284737876,0.55775,H3 短期リバーサル(横断),half-maker,24,12.0,3.0,
"H3 短期リバーサル(横断) {'lookback': 12, 'top_n': 3} hold=24",full,5279,0.016530923558660714,0.39668499314254635,0.3801540695838858,0.022258315068867208,0.5344754785899893,1.4481089037386787,-45.767691936915185,0.06617414914440865,5.994561294273384,0.513,H3 短期リバーサル(横断),half-maker,24,12.0,3.0,
"H3 短期リバーサル(横断) {'lookback': 12, 'top_n': 3} hold=24",train,3168,0.5347174377999575,0.6235747610322807,0.08885732323232322,0.777084653592225,0.9063052011530142,46.841247551276275,-30.1964020748562,0.059238215488215486,10.526562218207452,0.3105,H3 短期リバーサル(横断),maker-only(理論上限),24,12.0,3.0,
"H3 短期リバーサル(横断) {'lookback': 12, 'top_n': 3} hold=24",test,2063,0.13685832316958707,0.25173956408088144,0.11488124091129422,0.17218203615322197,0.3167097961885515,11.988789109655826,-24.807006584115353,0.07658749394086282,3.2869539284737876,0.48025,H3 短期リバーサル(横断),maker-only(理論上限),24,12.0,3.0,
"H3 短期リバーサル(横断) {'lookback': 12, 'top_n': 3} hold=24",full,5279,0.2974237694259333,0.39668499314254635,0.09926122371661297,0.4007043370449459,0.5344754785899893,26.054322201711756,-38.715608603581856,0.06617414914440865,5.994561294273384,0.38675,H3 短期リバーサル(横断),maker-only(理論上限),24,12.0,3.0,
"H3 短期リバーサル(横断) {'lookback': 12, 'top_n': 5} hold=1",train,3168,-1.79342512352381,2.494611492637807,4.288036616161616,-3.066918683135201,4.271558912599902,-157.10404082068575,-64.05747485454418,0.4434343434343434,5.625661452645624,0.97125,H3 短期リバーサル(横断),taker,1,12.0,5.0,
"H3 短期リバーサル(横断) {'lookback': 12, 'top_n': 5} hold=1",test,2063,-2.3959212163506307,3.04734102310647,5.443262239457102,-3.820447225569564,4.867551202092221,-209.88269855231528,-55.21306307908721,0.564711585070286,5.396278567097551,0.978,H3 短期リバーサル(横断),taker,1,12.0,5.0,
"H3 短期リバーサル(横断) {'lookback': 12, 'top_n': 5} hold=1",full,5279,-2.04376836830806,2.7063074036184402,4.750075771926501,-3.3731697304560626,4.473302743407197,-179.03410906378608,-113.77193697791483,0.4920628906989961,5.49992176767083,0.9975,H3 短期リバーサル(横断),taker,1,12.0,5.0,
"H3 短期リバーサル(横断) {'lookback': 12, 'top_n': 5} hold=1",train,3168,0.01801742698124099,2.494611492637807,2.476594065656566,0.03083991354813227,4.271558912599902,1.578326603556711,-40.5844697872361,0.4434343434343434,5.625661452645624,0.519,H3 短期リバーサル(横断),half-maker,1,12.0,5.0,
"H3 短期リバーサル(横断) {'lookback': 12, 'top_n': 5} hold=1",test,2063,-0.09782378542479485,3.04734102310647,3.145164808531265,-0.15613134878897025,4.867551202092221,-8.569363603212029,-21.475073332925124,0.564711585070286,5.396278567097551,0.48375,H3 短期リバーサル(横断),half-maker,1,12.0,5.0,
"H3 短期リバーサル(横断) {'lookback': 12, 'top_n': 5} hold=1",full,5279,-0.037777650369057,2.7063074036184402,2.7440850539874977,-0.06240917456264903,4.473302743407197,-3.3093221723293933,-48.597555372254874,0.4920628906989961,5.49992176767083,0.5285,H3 短期リバーサル(横断),half-maker,1,12.0,5.0,
"H3 短期リバーサル(横断) {'lookback': 12, 'top_n': 5} hold=1",train,3168,1.8294599774862916,2.494611492637807,0.665151515151515,3.1326743869861895,4.271558912599902,160.26069402779913,-31.40871978723615,0.4434343434343434,5.625661452645624,0.0325,H3 短期リバーサル(横断),maker-only(理論上限),1,12.0,5.0,
"H3 短期リバーサル(横断) {'lookback': 12, 'top_n': 5} hold=1",test,2063,2.2002736455010417,3.04734102310647,0.8470673776054288,3.5139674786011392,4.867551202092221,192.74397134589125,-13.370613212448717,0.564711585070286,5.396278567097551,0.02075,H3 短期リバーサル(横断),maker-only(理論上限),1,12.0,5.0,
"H3 短期リバーサル(横断) {'lookback': 12, 'top_n': 5} hold=1",full,5279,1.9682130675699465,2.7063074036184402,0.738094336048494,3.253134320881875,4.473302743407197,172.41546471912733,-31.40871978723615,0.4920628906989961,5.49992176767083,0.003,H3 短期リバーサル(横断),maker-only(理論上限),1,12.0,5.0,
"H3 短期リバーサル(横断) {'lookback': 12, 'top_n': 5} hold=2",train,3168,-0.7888588906551277,2.1952793669206305,2.9841382575757573,-1.3550801729007682,3.7829417644366563,-69.10403882138918,-42.15207195526693,0.3071969696969697,7.146162180851373,0.795,H3 短期リバーサル(横断),taker,2,12.0,5.0,
"H3 短期リバーサル(横断) {'lookback': 12, 'top_n': 5} hold=2",test,2063,-1.6857280026120407,2.0528808194916914,3.738608822103733,-2.836577103561254,3.4638994595849053,-147.66977302881477,-39.53504771860951,0.3884634028114397,5.284618331184626,0.90125,H3 短期リバーサル(横断),taker,2,12.0,5.0,
"H3 短期リバーサル(横断) {'lookback': 12, 'top_n': 5} hold=2",full,5279,-1.2026767849267455,2.079412625946526,3.2820894108732714,-2.031512638374528,3.5222927964252966,-105.35448635958289,-75.70252920478289,0.33934457283576436,6.127732082377868,0.9375,H3 短期リバーサル(横断),taker,2,12.0,5.0,
"H3 短期リバーサル(横断) {'lookback': 12, 'top_n': 5} hold=2",train,3168,0.4728125108600242,2.1952793669206305,1.7224668560606062,0.813818132576212,3.7829417644366563,41.41837595133811,-35.652071955266976,0.3071969696969697,7.146162180851373,0.336,H3 短期リバーサル(横断),half-maker,2,12.0,5.0,
"H3 短期リバーサル(横断) {'lookback': 12, 'top_n': 5} hold=2",test,2063,-0.10777114366875455,2.0528808194916914,2.1606519631604457,-0.18168613812554432,3.4638994595849053,-9.440752185382898,-25.842739059631864,0.3884634028114397,5.284618331184626,0.50325,H3 短期リバーサル(横断),half-maker,2,12.0,5.0,
"H3 短期リバーサル(横断) {'lookback': 12, 'top_n': 5} hold=2",full,5279,0.18385949088306694,2.079412625946526,1.8955531350634591,0.31114687025086807,3.5222927964252966,16.106091401356665,-52.717720545805456,0.33934457283576436,6.127732082377868,0.403,H3 短期リバーサル(横断),half-maker,2,12.0,5.0,
"H3 短期リバーサル(横断) {'lookback': 12, 'top_n': 5} hold=2",train,3168,1.7344839123751756,2.1952793669206305,0.46079545454545445,2.988558931030512,3.7829417644366563,151.94079072406538,-29.15207195526702,0.3071969696969697,7.146162180851373,0.04275,H3 短期リバーサル(横断),maker-only(理論上限),2,12.0,5.0,
"H3 短期リバーサル(横断) {'lookback': 12, 'top_n': 5} hold=2",test,2063,1.4701857152745326,2.0528808194916914,0.5826951042171594,2.480614168217853,3.4638994595849053,128.78826865804905,-19.048739059631863,0.3884634028114397,5.284618331184626,0.10025,H3 短期リバーサル(横断),maker-only(理論上限),2,12.0,5.0,
"H3 短期リバーサル(横断) {'lookback': 12, 'top_n': 5} hold=2",full,5279,1.5703957666928798,2.079412625946526,0.5090168592536465,2.6599408099211876,3.5222927964252966,137.56666916229628,-36.631220545805434,0.33934457283576436,6.127732082377868,0.0215,H3 短期リバーサル(横断),maker-only(理論上限),2,12.0,5.0,
"H3 短期リバーサル(横断) {'lookback': 12, 'top_n': 5} hold=3",train,3168,-0.9209766641587498,1.4644557853361995,2.38543244949495,-1.6196631865389701,2.583298588707476,-80.67755578030649,-37.125907749889855,0.24431818181818182,5.994051586492351,0.85325,H3 短期リバーサル(横断),taker,3,12.0,5.0,
"H3 短期リバーサル(横断) {'lookback': 12, 'top_n': 5} hold=3",test,2063,-0.8347183303295623,2.1867310152836223,3.021449345613185,-1.4154719646773948,3.723214863024324,-73.12132573686966,-27.55583775860908,0.31206980126030054,7.007185592622108,0.72975,H3 短期リバーサル(横断),taker,3,12.0,5.0,
"H3 短期リバーサル(横断) {'lookback': 12, 'top_n': 5} hold=3",full,5279,-0.9106978929273647,1.7269323400713095,2.6376302329986743,-1.5621489150485048,2.972431017482514,-79.77713542043713,-55.86649358206041,0.27126349687440804,6.3662540665058955,0.89575,H3 短期リバーサル(横断),taker,3,12.0,5.0,
"H3 短期リバーサル(横断) {'lookback': 12, 'top_n': 5} hold=3",train,3168,0.08850092422508819,1.4644557853361995,1.375954861111111,0.15596161323742577,2.583298588707476,7.752680962117727,-31.035304231945517,0.24431818181818182,5.994051586492351,0.496,H3 短期リバーサル(横断),half-maker,3,12.0,5.0,
"H3 短期リバーサル(横断) {'lookback': 12, 'top_n': 5} hold=3",test,2063,0.4419539915318049,2.1867310152836223,1.7447770237518176,0.7513477105756354,3.723214863024324,38.71516965818611,-19.321298959070003,0.31206980126030054,7.007185592622108,0.3075,H3 短期リバーサル(横断),half-maker,3,12.0,5.0,
"H3 短期リバーサル(横断) {'lookback': 12, 'top_n': 5} hold=3",full,5279,0.20466960091616618,1.7269323400713095,1.522262739155143,0.3518600622367474,2.972431017482514,17.929057040256158,-37.13626988926834,0.27126349687440804,6.3662540665058955,0.3885,H3 短期リバーサル(横断),half-maker,3,12.0,5.0,
"H3 短期リバーサル(横断) {'lookback': 12, 'top_n': 5} hold=3",train,3168,1.0979785126089268,1.4644557853361995,0.36647727272727265,1.9367357177942703,2.583298588707476,96.18291770454198,-25.80555423194549,0.24431818181818182,5.994051586492351,0.134,H3 短期リバーサル(横断),maker-only(理論上限),3,12.0,5.0,
"H3 短期リバーサル(横断) {'lookback': 12, 'top_n': 5} hold=3",test,2063,1.7186263133931716,2.1867310152836223,0.4681047018904507,2.9255881312485172,3.723214863024324,150.55166505324183,-12.930437565310083,0.31206980126030054,7.007185592622108,0.0485,H3 短期リバーサル(横断),maker-only(理論上限),3,12.0,5.0,
"H3 短期リバーサル(横断) {'lookback': 12, 'top_n': 5} hold=3",full,5279,1.3200370947596973,1.7269323400713095,0.40689524531161203,2.271813998385175,2.972431017482514,115.63524950094947,-29.234519889268295,0.27126349687440804,6.3662540665058955,0.03275,H3 短期リバーサル(横断),maker-only(理論上限),3,12.0,5.0,
"H3 短期リバーサル(横断) {'lookback': 12, 'top_n': 5} hold=6",train,3168,-0.8844930365126136,0.7863087311641541,1.670801767676768,-1.589896318275987,1.4204301701061384,-77.48158999850496,-38.75027541194412,0.17045454545454544,4.613011222829704,0.83675,H3 短期リバーサル(横断),taker,6,12.0,5.0,
"H3 短期リバーサル(横断) {'lookback': 12, 'top_n': 5} hold=6",test,2063,-0.9209580905730603,1.092784032548607,2.0137421231216677,-1.6405589430831993,1.9507963800288015,-80.67592873420008,-23.107562268274222,0.2084343189529811,5.242821998018084,0.77525,H3 短期リバーサル(横断),taker,6,12.0,5.0,
"H3 短期リバーサル(横断) {'lookback': 12, 'top_n': 5} hold=6",full,5279,-0.8853711789470795,0.9232952351464989,1.8086664140935784,-1.5647579509149987,1.6384483418188907,-77.55851527576417,-54.16390179371169,0.18575487781776853,4.970503310563296,0.895,H3 短期リバーサル(横断),taker,6,12.0,5.0,
"H3 短期リバーサル(横断) {'lookback': 12, 'top_n': 5} hold=6",train,3168,-0.17693306176513868,0.7863087311641541,0.9632417929292929,-0.31898230865708765,1.4204301701061384,-15.499336210626149,-31.697323538428584,0.17045454545454544,4.613011222829704,0.59025,H3 短期リバーサル(横断),half-maker,6,12.0,5.0,
"H3 短期リバーサル(横断) {'lookback': 12, 'top_n': 5} hold=6",test,2063,-0.07041276822696263,1.092784032548607,1.1631968007755695,-0.12566260227352596,1.9507963800288015,-6.168158496681927,-14.916267527077462,0.2084343189529811,5.242821998018084,0.4945,H3 短期リバーサル(横断),half-maker,6,12.0,5.0,
"H3 短期リバーサル(横断) {'lookback': 12, 'top_n': 5} hold=6",full,5279,-0.12035413026361669,0.9232952351464989,1.0436493654101155,-0.21326040520591927,1.6384483418188907,-10.54302181109282,-35.97015517899939,0.18575487781776853,4.970503310563296,0.57425,H3 短期リバーサル(横断),half-maker,6,12.0,5.0,
"H3 短期リバーサル(横断) {'lookback': 12, 'top_n': 5} hold=6",train,3168,0.5306269129823358,0.7863087311641541,0.2556818181818181,0.9582582118093907,1.4204301701061384,46.482917577252614,-29.702315167090564,0.17045454545454544,4.613011222829704,0.298,H3 短期リバーサル(横断),maker-only(理論上限),6,12.0,5.0,
"H3 短期リバーサル(横断) {'lookback': 12, 'top_n': 5} hold=6",test,2063,0.7801325541191357,1.092784032548607,0.31265147842947166,1.392899675657172,1.9507963800288015,68.33961174083629,-12.128858216236154,0.2084343189529811,5.242821998018084,0.22025,H3 短期リバーサル(横断),maker-only(理論上限),6,12.0,5.0,
"H3 短期リバーサル(横断) {'lookback': 12, 'top_n': 5} hold=6",full,5279,0.6446629184198462,0.9232952351464989,0.2786323167266528,1.1438052043167701,1.6384483418188907,56.47247165357852,-29.702315167090564,0.18575487781776853,4.970503310563296,0.17325,H3 短期リバーサル(横断),maker-only(理論上限),6,12.0,5.0,
"H3 短期リバーサル(横断) {'lookback': 12, 'top_n': 5} hold=12",train,3168,-0.18164855368291713,0.917893744296881,1.0995422979797982,-0.3498519469115535,1.7811048659715283,-15.912413302623541,-24.934914612275534,0.11256313131313132,8.154479478217944,0.548,H3 短期リバーサル(横断),taker,12,12.0,5.0,
"H3 短期リバーサル(横断) {'lookback': 12, 'top_n': 5} hold=12",test,2063,-1.7779176517407929,-0.40915856303502457,1.3687590887057683,-3.124985856504619,-0.723233781073113,-155.74558629249347,-45.25848233526559,0.14125060591371788,-2.896685365618585,0.95,H3 短期リバーサル(横断),taker,12,12.0,5.0,
"H3 短期リバーサル(横断) {'lookback': 12, 'top_n': 5} hold=12",full,5279,-0.827507181426843,0.37910391916038966,1.2066111005872324,-1.5154253239043325,0.698950697755339,-72.48962909299145,-55.3538519860165,0.12403864368251565,3.0563371857784,0.895,H3 短期リバーサル(横断),taker,12,12.0,5.0,
"H3 短期リバーサル(横断) {'lookback': 12, 'top_n': 5} hold=12",train,3168,0.2837002468221335,0.917893744296881,0.6341934974747474,0.5486230556464633,1.7811048659715283,24.852141621618898,-20.06551252498665,0.11256313131313132,8.154479478217944,0.326,H3 短期リバーサル(横断),half-maker,12,12.0,5.0,
"H3 短期リバーサル(横断) {'lookback': 12, 'top_n': 5} hold=12",test,2063,-1.1994760618231974,-0.40915856303502457,0.7903174987881726,-2.1152590127153004,-0.723233781073113,-105.0741030157121,-35.37623233526556,0.14125060591371788,-2.896685365618585,0.8685,H3 短期リバーサル(横断),half-maker,12,12.0,5.0,
"H3 短期リバーサル(横断) {'lookback': 12, 'top_n': 5} hold=12",full,5279,-0.3172306138951132,0.37910391916038966,0.696334533055503,-0.5831217100907513,0.698950697755339,-27.78940177721192,-38.06089452592965,0.12403864368251565,3.0563371857784,0.695,H3 短期リバーサル(横断),half-maker,12,12.0,5.0,
"H3 短期リバーサル(横断) {'lookback': 12, 'top_n': 5} hold=12",train,3168,0.7490490473271839,0.917893744296881,0.16884469696969692,1.4525276476324545,1.7811048659715283,65.6166965458613,-18.87501252498665,0.11256313131313132,8.154479478217944,0.15975,H3 短期リバーサル(横断),maker-only(理論上限),12,12.0,5.0,
"H3 短期リバーサル(横断) {'lookback': 12, 'top_n': 5} hold=12",test,2063,-0.6210344719056013,-0.40915856303502457,0.21187590887057683,-1.0973609847492845,-0.723233781073113,-54.40261973893068,-25.493982335265535,0.14125060591371788,-2.896685365618585,0.7265,H3 短期リバーサル(横断),maker-only(理論上限),12,12.0,5.0,
"H3 短期リバーサル(横断) {'lookback': 12, 'top_n': 5} hold=12",full,5279,0.1930459536366162,0.37910391916038966,0.1860579655237734,0.35572342887098085,0.698950697755339,16.91082553856758,-26.1416069530712,0.12403864368251565,3.0563371857784,0.40025,H3 短期リバーサル(横断),maker-only(理論上限),12,12.0,5.0,
"H3 短期リバーサル(横断) {'lookback': 12, 'top_n': 5} hold=24",train,3168,-0.030395842278107342,0.54447789509563,0.5748737373737374,-0.06282179776080891,1.1305248998934898,-2.6626757835622032,-27.555839407723532,0.05732323232323233,9.49838090122773,0.54025,H3 短期リバーサル(横断),taker,24,12.0,5.0,
"H3 短期リバーサル(横断) {'lookback': 12, 'top_n': 5} hold=24",test,2063,-1.290784053943814,-0.5710555032894272,0.7197285506543868,-2.3387412153816274,-1.0388103506069473,-113.0726831254781,-34.92074344611553,0.0728065923412506,-7.843458743582479,0.874,H3 短期リバーサル(横断),taker,24,12.0,5.0,
"H3 短期リバーサル(横断) {'lookback': 12, 'top_n': 5} hold=24",full,5279,-0.6129871622779102,0.019528465681930635,0.6325156279598408,-1.1831944695571703,0.03786151373537398,-53.697675415544936,-55.28091215465085,0.06349687440803184,0.30755003083207577,0.8385,H3 短期リバーサル(横断),taker,24,12.0,5.0,
"H3 短期リバーサル(横断) {'lookback': 12, 'top_n': 5} hold=24",train,3168,0.21404860216633717,0.54447789509563,0.33042929292929296,0.4435303266109659,1.1305248998934898,18.750657549771134,-22.848422214951114,0.05732323232323233,9.49838090122773,0.39675,H3 短期リバーサル(横断),half-maker,24,12.0,5.0,
"H3 短期リバーサル(横断) {'lookback': 12, 'top_n': 5} hold=24",test,2063,-0.9855247228725583,-0.5710555032894272,0.4144692195831314,-1.789695780292091,-1.0388103506069473,-86.3319657236361,-29.693743446115512,0.0728065923412506,-7.843458743582479,0.81375,H3 短期リバーサル(横断),half-maker,24,12.0,5.0,
"H3 短期リバーサル(横断) {'lookback': 12, 'top_n': 5} hold=24",full,5279,-0.3443520041040135,0.019528465681930635,0.36388046978594435,-0.6663083685782895,0.03786151373537398,-30.165235559511583,-44.25424496187846,0.06349687440803184,0.30755003083207577,0.71425,H3 短期リバーサル(横断),half-maker,24,12.0,5.0,
"H3 短期リバーサル(横断) {'lookback': 12, 'top_n': 5} hold=24",train,3168,0.4584930466107816,0.54447789509563,0.08598484848484847,0.9516697283803073,1.1305248998934898,40.16399088310447,-18.572422214951125,0.05732323232323233,9.49838090122773,0.27075,H3 短期リバーサル(横断),maker-only(理論上限),24,12.0,5.0,
"H3 短期リバーサル(横断) {'lookback': 12, 'top_n': 5} hold=24",test,2063,-0.680265391801303,-0.5710555032894272,0.10920988851187588,-1.2371370738884433,-1.0388103506069473,-59.59124832179414,-26.98856231688522,0.0728065923412506,-7.843458743582479,0.737,H3 短期リバーサル(横断),maker-only(理論上限),24,12.0,5.0,
"H3 短期リバーサル(横断) {'lookback': 12, 'top_n': 5} hold=24",full,5279,-0.07571684593011693,0.019528465681930635,0.09524531161204773,-0.14674979343464645,0.03786151373537398,-6.632795703478243,-36.18081383264815,0.06349687440803184,0.30755003083207577,0.56375,H3 短期リバーサル(横断),maker-only(理論上限),24,12.0,5.0,
"H4 モメンタム(横断) {'lookback': 24, 'top_n': 3} hold=1",train,3168,-8.281098486343758,-4.767393730451503,3.5137047558922556,-9.226813636809206,-5.319379030303852,-725.4242274037132,-272.8779658413055,0.3600589225589225,-13.240593224491846,1.0,H4 モメンタム(横断),taker,1,24.0,3.0,
"H4 モメンタム(横断) {'lookback': 24, 'top_n': 3} hold=1",test,2063,-8.73843832371664,-4.356025979234493,4.382412344482145,-9.639583186163506,-4.813215387354462,-765.4871971575776,-189.2405330165601,0.45774761673937625,-9.51621771460723,1.0,H4 モメンタム(横断),taker,1,24.0,3.0,
"H4 モメンタム(横断) {'lookback': 24, 'top_n': 3} hold=1",full,5279,-8.25175934421574,-4.394589425670563,3.857169918545178,-9.059606689600445,-4.832288398076133,-722.8541185532988,-444.48888874374353,0.3986866199406453,-11.022665938287092,1.0,H4 モメンタム(横断),taker,1,24.0,3.0,
"H4 モメンタム(横断) {'lookback': 24, 'top_n': 3} hold=1",train,3168,-6.794290300316823,-4.767393730451503,2.02689656986532,-7.576164818434611,-5.319379030303852,-595.1798303077536,-229.27296584130463,0.3600589225589225,-13.240593224491846,1.0,H4 モメンタム(横断),half-maker,1,24.0,3.0,
"H4 モメンタム(横断) {'lookback': 24, 'top_n': 3} hold=1",test,2063,-6.890542864030097,-4.356025979234493,2.5345168847956057,-7.607540997362712,-4.813215387354462,-603.6115548890366,-152.63053301656043,0.45774761673937625,-9.51621771460723,1.0,H4 モメンタム(横断),half-maker,1,24.0,3.0,
"H4 モメンタム(横断) {'lookback': 24, 'top_n': 3} hold=1",full,5279,-6.622189349898637,-4.394589425670563,2.2275999242280733,-7.276481319572906,-4.832288398076133,-580.1037870511205,-361.66430541040984,0.3986866199406453,-11.022665938287092,1.0,H4 モメンタム(横断),half-maker,1,24.0,3.0,
"H4 モメンタム(横断) {'lookback': 24, 'top_n': 3} hold=1",train,3168,-5.307482114289887,-4.767393730451503,0.5400883838383839,-5.921356357766665,-5.319379030303852,-464.9354332117941,-185.66796584130464,0.3600589225589225,-13.240593224491846,1.0,H4 モメンタム(横断),maker-only(理論上限),1,24.0,3.0,
"H4 モメンタム(横断) {'lookback': 24, 'top_n': 3} hold=1",test,2063,-5.0426474043435565,-4.356025979234493,0.6866214251090645,-5.570804412860928,-4.813215387354462,-441.7359126204956,-116.02053301656032,0.45774761673937625,-9.51621771460723,0.99925,H4 モメンタム(横断),maker-only(理論上限),1,24.0,3.0,
"H4 モメンタム(横断) {'lookback': 24, 'top_n': 3} hold=1",full,5279,-4.992619355581532,-4.394589425670563,0.598029929910968,-5.489062894052846,-4.832288398076133,-437.3534555489422,-278.8397220770751,0.3986866199406453,-11.022665938287092,1.0,H4 モメンタム(横断),maker-only(理論上限),1,24.0,3.0,
"H4 モメンタム(横断) {'lookback': 24, 'top_n': 3} hold=2",train,3168,-6.730088054606067,-4.314526185919198,2.4155618686868685,-7.8103050738193085,-5.011717238860839,-589.5557135834914,-226.70846230078237,0.24705387205387208,-17.463908377758113,1.0,H4 モメンタム(横断),taker,2,24.0,3.0,
"H4 モメンタム(横断) {'lookback': 24, 'top_n': 3} hold=2",test,2063,-6.47501404403663,-3.452393265235532,3.022620778801098,-7.505953882644783,-4.0139790931722725,-567.2112302576088,-141.20680931091573,0.31329778639521727,-11.019526518072569,1.0,H4 モメンタム(横断),taker,2,24.0,3.0,
"H4 モメンタム(横断) {'lookback': 24, 'top_n': 3} hold=2",full,5279,-6.456109331340268,-3.8012030990993146,2.6549062322409545,-7.401684345838587,-4.36616412555603,-565.5551774254075,-351.488464131538,0.2731577950369388,-13.915777503568155,1.0,H4 モメンタム(横断),taker,2,24.0,3.0,
"H4 モメンタム(横断) {'lookback': 24, 'top_n': 3} hold=2",train,3168,-5.707597524303036,-4.314526185919198,1.3930713383838387,-6.62793431963495,-5.011717238860839,-499.98554312894595,-196.44471230078287,0.24705387205387208,-17.463908377758113,1.0,H4 モメンタム(横断),half-maker,2,24.0,3.0,
"H4 モメンタム(横断) {'lookback': 24, 'top_n': 3} hold=2",test,2063,-5.1986769944324935,-3.452393265235532,1.7462837291969624,-6.035663865864138,-4.0139790931722725,-455.4041047122864,-115.96889264424914,0.31329778639521727,-11.019526518072569,0.999,H4 モメンタム(横断),half-maker,2,24.0,3.0,
"H4 モメンタム(横断) {'lookback': 24, 'top_n': 3} hold=2",full,5279,-5.333524561497494,-3.8012030990993146,1.5323214623981813,-6.121125479933212,-4.36616412555603,-467.21675158718045,-294.3701307982048,0.2731577950369388,-13.915777503568155,1.0,H4 モメンタム(横断),half-maker,2,24.0,3.0,
"H4 モメンタム(横断) {'lookback': 24, 'top_n': 3} hold=2",train,3168,-4.685106994000006,-4.314526185919198,0.3705808080808081,-5.442034605109118,-5.011717238860839,-410.41537267440054,-166.18096230078274,0.24705387205387208,-17.463908377758113,0.99875,H4 モメンタム(横断),maker-only(理論上限),2,24.0,3.0,
"H4 モメンタム(横断) {'lookback': 24, 'top_n': 3} hold=2",test,2063,-3.922339944828358,-3.452393265235532,0.46994667959282593,-4.559007199113417,-4.0139790931722725,-343.59697916696416,-90.7309759775823,0.31329778639521727,-11.019526518072569,0.992,H4 モメンタム(横断),maker-only(理論上限),2,24.0,3.0,
"H4 モメンタム(横断) {'lookback': 24, 'top_n': 3} hold=2",full,5279,-4.210939791654722,-3.8012030990993146,0.4097366925554083,-4.83604374994051,-4.36616412555603,-368.8783257489536,-237.25179746487188,0.2731577950369388,-13.915777503568155,0.99975,H4 モメンタム(横断),maker-only(理論上限),2,24.0,3.0,
"H4 モメンタム(横断) {'lookback': 24, 'top_n': 3} hold=3",train,3168,-6.015485159043635,-4.095872364430841,1.9196127946127945,-7.007182380347717,-4.774979190601238,-526.9564999322225,-203.9585260924781,0.1956018518518519,-20.93984451401329,1.0,H4 モメンタム(横断),taker,3,24.0,3.0,
"H4 モメンタム(横断) {'lookback': 24, 'top_n': 3} hold=3",test,2063,-6.762017929907952,-4.334727576054341,2.4272903538536106,-7.865920267163291,-5.049594733841309,-592.3527706599366,-149.4059635909923,0.2517369526579415,-17.219274048909064,1.0,H4 モメンタム(横断),taker,3,24.0,3.0,
"H4 モメンタム(横断) {'lookback': 24, 'top_n': 3} hold=3",full,5279,-6.157711960483868,-4.037455598799206,2.120256361684662,-7.086581171901582,-4.651649022325666,-539.4155677383868,-336.2964838353794,0.21778114541895557,-18.539050251720216,1.0,H4 モメンタム(横断),taker,3,24.0,3.0,
"H4 モメンタム(横断) {'lookback': 24, 'top_n': 3} hold=3",train,3168,-5.202380150626127,-4.095872364430841,1.1065077861952861,-6.063610669321734,-4.774979190601238,-455.7285011948488,-180.27465294908654,0.1956018518518519,-20.93984451401329,1.0,H4 モメンタム(横断),half-maker,3,24.0,3.0,
"H4 モメンタム(横断) {'lookback': 24, 'top_n': 3} hold=3",test,2063,-5.737175467474602,-4.334727576054341,1.4024478914202614,-6.679865215178699,-5.049594733841309,-502.5765709507751,-129.15804692432596,0.2517369526579415,-17.219274048909064,0.9995,H4 モメンタム(横断),half-maker,3,24.0,3.0,
"H4 モメンタム(横断) {'lookback': 24, 'top_n': 3} hold=3",full,5279,-5.260919638705755,-4.037455598799206,1.2234640399065477,-6.058967057304093,-4.651649022325666,-460.8565603506241,-290.7698171687133,0.21778114541895557,-18.539050251720216,1.0,H4 モメンタム(横断),half-maker,3,24.0,3.0,
"H4 モメンタム(横断) {'lookback': 24, 'top_n': 3} hold=3",train,3168,-4.389275142208619,-4.095872364430841,0.2934027777777778,-5.11701908904623,-4.774979190601238,-384.500502457475,-157.08256961575293,0.1956018518518519,-20.93984451401329,0.9995,H4 モメンタム(横断),maker-only(理論上限),3,24.0,3.0,
"H4 モメンタム(横断) {'lookback': 24, 'top_n': 3} hold=3",test,2063,-4.712333005041253,-4.334727576054341,0.37760542898691224,-5.489222805866087,-5.049594733841309,-412.8003712416138,-108.91013025765926,0.2517369526579415,-17.219274048909064,0.99725,H4 モメンタム(横断),maker-only(理論上限),3,24.0,3.0,
"H4 モメンタム(横断) {'lookback': 24, 'top_n': 3} hold=3",full,5279,-4.364127316927639,-4.037455598799206,0.32667171812843343,-5.027868223355865,-4.651649022325666,-382.2975529628612,-245.2431505020463,0.21778114541895557,-18.539050251720216,1.0,H4 モメンタム(横断),maker-only(理論上限),3,24.0,3.0,
"H4 モメンタム(横断) {'lookback': 24, 'top_n': 3} hold=6",train,3168,-4.833316787355313,-3.509032275570801,1.3242845117845115,-5.935140935201943,-4.308076884826161,-423.3985505723254,-171.97520839833064,0.13510101010101008,-25.973397778056775,0.9995,H4 モメンタム(横断),taker,6,24.0,3.0,
"H4 モメンタム(横断) {'lookback': 24, 'top_n': 3} hold=6",test,2063,-5.760199810984972,-4.1098120262055255,1.6503877847794473,-6.804933973663561,-4.864917958903252,-504.5935034422835,-129.87711120073644,0.17062530295685893,-24.086767642221588,0.9995,H4 モメンタム(横断),taker,6,24.0,3.0,
"H4 モメンタム(横断) {'lookback': 24, 'top_n': 3} hold=6",full,5279,-5.023532503330974,-3.5710951730285174,1.452437330302456,-6.0052821299959644,-4.271530608350239,-440.06144729179323,-280.85315757758644,0.14908126539117256,-23.954017050085824,1.0,H4 モメンタム(横断),taker,6,24.0,3.0,
"H4 モメンタム(横断) {'lookback': 24, 'top_n': 3} hold=6",train,3168,-4.272500289038814,-3.509032275570801,0.7634680134680135,-5.247390729013088,-4.308076884826161,-374.2710253198001,-155.8639583983308,0.13510101010101008,-25.973397778056775,0.998,H4 モメンタム(横断),half-maker,6,24.0,3.0,
"H4 モメンタム(横断) {'lookback': 24, 'top_n': 3} hold=6",test,2063,-5.062974895812893,-4.1098120262055255,0.9531628696073678,-5.988155909135804,-4.864917958903252,-443.5166008732095,-116.03419453406998,0.17062530295685893,-24.086767642221588,0.997,H4 モメンタム(横断),half-maker,6,24.0,3.0,
"H4 モメンタム(横断) {'lookback': 24, 'top_n': 3} hold=6",full,5279,-4.409124787223125,-3.5710951730285174,0.8380296141946075,-5.273574560479659,-4.271530608350239,-386.23933136074584,-249.5494075775865,0.14908126539117256,-23.954017050085824,1.0,H4 モメンタム(横断),half-maker,6,24.0,3.0,
"H4 モメンタム(横断) {'lookback': 24, 'top_n': 3} hold=6",train,3168,-3.711683790722317,-3.509032275570801,0.20265151515151514,-4.557543585277401,-4.308076884826161,-325.14350006727494,-139.75270839833055,0.13510101010101008,-25.973397778056775,0.99475,H4 モメンタム(横断),maker-only(理論上限),6,24.0,3.0,
"H4 モメンタム(横断) {'lookback': 24, 'top_n': 3} hold=6",test,2063,-4.365749980640814,-4.1098120262055255,0.25593795443528844,-5.167123930269239,-4.864917958903252,-382.4396983041353,-102.67361634743186,0.17062530295685893,-24.086767642221588,0.99275,H4 モメンタム(横断),maker-only(理論上限),6,24.0,3.0,
"H4 モメンタム(横断) {'lookback': 24, 'top_n': 3} hold=6",full,5279,-3.7947170711152767,-3.5710951730285174,0.22362189808675886,-4.539193433034951,-4.271530608350239,-332.4172154296983,-218.727996057615,0.14908126539117256,-23.954017050085824,0.9995,H4 モメンタム(横断),maker-only(理論上限),6,24.0,3.0,
"H4 モメンタム(横断) {'lookback': 24, 'top_n': 3} hold=12",train,3168,-3.008344323012265,-2.097622521665463,0.9107218013468014,-3.8749020080023864,-2.7028628943313615,-263.5309626958744,-112.78226359088661,0.09227693602693603,-22.73181806831079,0.982,H4 モメンタム(横断),taker,12,24.0,3.0,
"H4 モメンタム(横断) {'lookback': 24, 'top_n': 3} hold=12",test,2063,-3.592543281380011,-2.4743093178964104,1.1182339634835998,-4.278779071322789,-2.9517125370703097,-314.7067914488889,-92.02612488722801,0.1147196639198578,-21.568310378113924,0.97875,H4 モメンタム(横断),taker,12,24.0,3.0,
"H4 モメンタム(横断) {'lookback': 24, 'top_n': 3} hold=12",full,5279,-3.0857363605285326,-2.09062996411507,0.9951063964134621,-3.810720100132909,-2.5837452228910536,-270.3105051822995,-176.19457966326516,0.1014080949674812,-20.6160066884747,0.998,H4 モメンタム(横断),taker,12,24.0,3.0,
"H4 モメンタム(横断) {'lookback': 24, 'top_n': 3} hold=12",train,3168,-2.6221911243590665,-2.097622521665463,0.5245686026936026,-3.379014445865416,-2.7028628943313615,-229.70394249385424,-101.74200730917136,0.09227693602693603,-22.73181806831079,0.96725,H4 モメンタム(横断),half-maker,12,24.0,3.0,
"H4 モメンタム(横断) {'lookback': 24, 'top_n': 3} hold=12",test,2063,-3.119466047578104,-2.4743093178964104,0.6451567296816932,-3.7189757943159067,-2.9517125370703097,-273.2652257678419,-82.66195822056133,0.1147196639198578,-21.568310378113924,0.96075,H4 モメンタム(横断),half-maker,12,24.0,3.0,
"H4 モメンタム(横断) {'lookback': 24, 'top_n': 3} hold=12",full,5279,-2.6642392335474114,-2.09062996411507,0.5736092694323419,-3.2921702984671906,-2.5837452228910536,-233.38735685875324,-154.58599004821642,0.1014080949674812,-20.6160066884747,0.991,H4 モメンタム(横断),half-maker,12,24.0,3.0,
"H4 モメンタム(横断) {'lookback': 24, 'top_n': 3} hold=12",train,3168,-2.2360379257058676,-2.097622521665463,0.13841540404040403,-2.881441556500702,-2.7028628943313615,-195.876922291834,-90.94706050719033,0.09227693602693603,-22.73181806831079,0.9435,H4 モメンタム(横断),maker-only(理論上限),12,24.0,3.0,
"H4 モメンタム(横断) {'lookback': 24, 'top_n': 3} hold=12",test,2063,-2.6463888137761975,-2.4743093178964104,0.1720794958797867,-3.1566915916359566,-2.9517125370703097,-231.8236600867949,-73.44111386207425,0.1147196639198578,-21.568310378113924,0.93225,H4 モメンタム(横断),maker-only(理論上限),12,24.0,3.0,
"H4 モメンタム(横断) {'lookback': 24, 'top_n': 3} hold=12",full,5279,-2.242742106566292,-2.09062996411507,0.15211214245122182,-2.7718105658614136,-2.5837452228910536,-196.46420853520718,-133.34972902306316,0.1014080949674812,-20.6160066884747,0.97725,H4 モメンタム(横断),maker-only(理論上限),12,24.0,3.0,
"H4 モメンタム(横断) {'lookback': 24, 'top_n': 3} hold=24",train,3168,-1.2730886431845738,-0.6872563620397927,0.5858322811447811,-1.7967607874147598,-0.9702552653745109,-111.52256514296866,-66.94341850696513,0.05892255892255892,-11.663722258618197,0.83,H4 モメンタム(横断),taker,24,24.0,3.0,
"H4 モメンタム(横断) {'lookback': 24, 'top_n': 3} hold=24",test,2063,-2.0501418719849354,-1.3080591445653198,0.7420827274196152,-2.639160501445012,-1.6873019074099516,-179.59242798588033,-69.179913564646,0.07545645500080789,-17.335284894464166,0.87875,H4 モメンタム(横断),taker,24,24.0,3.0,
"H4 モメンタム(横断) {'lookback': 24, 'top_n': 3} hold=24",full,5279,-1.4531542633194932,-0.8054463640961552,0.6477078992233377,-1.9497719900990584,-1.081642178310206,-127.29631346678761,-93.87810485162407,0.0654795731514807,-12.30072716315411,0.91675,H4 モメンタム(横断),taker,24,24.0,3.0,
"H4 モメンタム(横断) {'lookback': 24, 'top_n': 3} hold=24",train,3168,-1.0243644218041021,-0.6872563620397927,0.33710805976430974,-1.4462997541211484,-0.9702552653745109,-89.73432335003935,-59.61258517363183,0.05892255892255892,-11.663722258618197,0.7725,H4 モメンタム(横断),half-maker,24,24.0,3.0,
"H4 モメンタム(横断) {'lookback': 24, 'top_n': 3} hold=24",test,2063,-1.7356928495257335,-1.3080591445653198,0.42763370496041364,-2.2369569441344197,-1.6873019074099516,-152.04669361845427,-65.62033023131264,0.07545645500080789,-17.335284894464166,0.839,H4 モメンタム(横断),half-maker,24,24.0,3.0,
"H4 モメンタム(横断) {'lookback': 24, 'top_n': 3} hold=24",full,5279,-1.1784099935714347,-0.8054463640961552,0.3729636294752794,-1.5821417738761154,-1.081642178310206,-103.22871543685767,-79.64935485162393,0.0654795731514807,-12.30072716315411,0.87425,H4 モメンタム(横断),half-maker,24,24.0,3.0,
"H4 モメンタム(横断) {'lookback': 24, 'top_n': 3} hold=24",train,3168,-0.7756402004236309,-0.6872563620397927,0.0883838383838384,-1.095099947854457,-0.9702552653745109,-67.94608155711008,-52.28175184029846,0.05892255892255892,-11.663722258618197,0.71125,H4 モメンタム(横断),maker-only(理論上限),24,24.0,3.0,
"H4 モメンタム(横断) {'lookback': 24, 'top_n': 3} hold=24",test,2063,-1.4212438270665315,-1.3080591445653198,0.1131846825012118,-1.8330083595370064,-1.6873019074099516,-124.50095925102818,-62.06074689797929,0.07545645500080789,-17.335284894464166,0.78625,H4 モメンタム(横断),maker-only(理論上限),24,24.0,3.0,
"H4 モメンタム(横断) {'lookback': 24, 'top_n': 3} hold=24",full,5279,-0.9036657238233764,-0.8054463640961552,0.09821935972722107,-1.2135327307834747,-1.081642178310206,-79.16111740692777,-65.42060485162379,0.0654795731514807,-12.30072716315411,0.805,H4 モメンタム(横断),maker-only(理論上限),24,24.0,3.0,
"H4 モメンタム(横断) {'lookback': 24, 'top_n': 5} hold=1",train,3168,-5.788014867081929,-2.6390249680920306,3.1489898989898992,-9.668545462498177,-4.416998060447579,-507.03010235637703,-190.4636392785241,0.3205176767676768,-8.233633148429734,1.0,H4 モメンタム(横断),taker,1,24.0,5.0,
"H4 モメンタム(横断) {'lookback': 24, 'top_n': 5} hold=1",test,2063,-5.955963089751208,-2.051988295761872,3.9039747939893354,-9.453587379680812,-3.2617981523526836,-521.7423666622058,-127.84380076720832,0.4064953950557441,-5.047998872116314,1.0,H4 モメンタム(横断),taker,1,24.0,5.0,
"H4 モメンタム(横断) {'lookback': 24, 'top_n': 5} hold=1",full,5279,-5.747165942490144,-2.2988329248731705,3.448333017616973,-9.31490780027215,-3.732726026338007,-503.45173656213655,-309.0243619514213,0.3546126160257625,-6.482659727780698,1.0,H4 モメンタム(横断),taker,1,24.0,5.0,
"H4 モメンタム(横断) {'lookback': 24, 'top_n': 5} hold=1",train,3168,-4.453908175162738,-2.6390249680920306,1.814883207070707,-7.447855333526782,-4.416998060447579,-390.1623561442558,-151.02469480265194,0.3205176767676768,-8.233633148429734,1.0,H4 モメンタム(横断),half-maker,1,24.0,5.0,
"H4 モメンタム(横断) {'lookback': 24, 'top_n': 5} hold=1",test,2063,-4.308847239048348,-2.051988295761872,2.2568589432864763,-6.844400830267995,-3.2617981523526836,-377.45501814063533,-95.26280076720809,0.4064953950557441,-5.047998872116314,1.0,H4 モメンタム(横断),half-maker,1,24.0,5.0,
"H4 モメンタム(横断) {'lookback': 24, 'top_n': 5} hold=1",full,5279,-4.288958895700978,-2.2988329248731705,1.9901259708278083,-6.958168994682988,-3.732726026338007,-375.7127992634057,-234.76041610461297,0.3546126160257625,-6.482659727780698,1.0,H4 モメンタム(横断),half-maker,1,24.0,5.0,
"H4 モメンタム(横断) {'lookback': 24, 'top_n': 5} hold=1",train,3168,-3.1198014832435454,-2.6390249680920306,0.4807765151515151,-5.2207125692607015,-4.416998060447579,-273.29460993213456,-111.86344480265156,0.3205176767676768,-8.233633148429734,0.998,H4 モメンタム(横断),maker-only(理論上限),1,24.0,5.0,
"H4 モメンタム(横断) {'lookback': 24, 'top_n': 5} hold=1",test,2063,-2.6617313883454883,-2.051988295761872,0.6097430925836159,-4.2302884925424635,-3.2617981523526836,-233.16766961906475,-62.68180076720814,0.4064953950557441,-5.047998872116314,0.9925,H4 モメンタム(横断),maker-only(理論上限),1,24.0,5.0,
"H4 モメンタム(横断) {'lookback': 24, 'top_n': 5} hold=1",full,5279,-2.830751848911814,-2.2988329248731705,0.5319189240386435,-4.595544686649355,-3.732726026338007,-247.97386196467488,-160.61216610461358,0.3546126160257625,-6.482659727780698,0.99925,H4 モメンタム(横断),maker-only(理論上限),1,24.0,5.0,
"H4 モメンタム(横断) {'lookback': 24, 'top_n': 5} hold=2",train,3168,-5.029986819006716,-2.8168397230471203,2.213147095959596,-8.661986766621247,-4.858628426586766,-440.6268453449884,-167.7794258384936,0.22424242424242427,-12.561582548723644,1.0,H4 モメンタム(横断),taker,2,24.0,5.0,
"H4 モメンタム(横断) {'lookback': 24, 'top_n': 5} hold=2",test,2063,-4.11340768531348,-1.4078090425602088,2.705598642753272,-6.824930983098621,-2.3464018461899427,-360.3345132334609,-92.74623812206498,0.2795928259815802,-5.035211606799083,0.99975,H4 モメンタム(横断),taker,2,24.0,5.0,
"H4 モメンタム(横断) {'lookback': 24, 'top_n': 5} hold=2",full,5279,-4.538783990395478,-2.1306385082965966,2.4081454820988824,-7.622551233624321,-3.5883534200456975,-397.5974775586439,-245.25250213338796,0.2462208751657511,-8.653362582934092,1.0,H4 モメンタム(横断),taker,2,24.0,5.0,
"H4 モメンタム(横断) {'lookback': 24, 'top_n': 5} hold=2",train,3168,-4.091595089208737,-2.8168397230471203,1.274755366161616,-7.0536598638400365,-4.858628426586766,-358.4237298146853,-140.14692583849364,0.22424242424242427,-12.561582548723644,0.99975,H4 モメンタム(横断),half-maker,2,24.0,5.0,
"H4 モメンタム(横断) {'lookback': 24, 'top_n': 5} hold=2",test,2063,-2.97030298342303,-1.4078090425602088,1.562493940862821,-4.9397044187989465,-2.3464018461899427,-260.19854134785743,-70.01498812206496,0.2795928259815802,-5.035211606799083,0.99475,H4 モメンタム(横断),half-maker,2,24.0,5.0,
"H4 モメンタム(横断) {'lookback': 24, 'top_n': 5} hold=2",full,5279,-3.5193769057203514,-2.1306385082965966,1.3887383974237544,-5.919933996973486,-3.5883534200456975,-308.29741694110277,-193.35175213338755,0.2462208751657511,-8.653362582934092,1.0,H4 モメンタム(横断),half-maker,2,24.0,5.0,
"H4 モメンタム(横断) {'lookback': 24, 'top_n': 5} hold=2",train,3168,-3.153203359410757,-2.8168397230471203,0.3363636363636363,-5.438564588606224,-4.858628426586766,-276.2206142843823,-112.51442583849378,0.22424242424242427,-12.561582548723644,0.99675,H4 モメンタム(横断),maker-only(理論上限),2,24.0,5.0,
"H4 モメンタム(横断) {'lookback': 24, 'top_n': 5} hold=2",test,2063,-1.827198281532579,-1.4078090425602088,0.41938923897237024,-3.0439867353293035,-2.3464018461899427,-160.0625694622539,-47.53819205406762,0.2795928259815802,-5.035211606799083,0.94,H4 モメンタム(横断),maker-only(理論上限),2,24.0,5.0,
"H4 モメンタム(横断) {'lookback': 24, 'top_n': 5} hold=2",full,5279,-2.4999698210452226,-2.1306385082965966,0.3693313127486266,-4.209445187139485,-3.5883534200456975,-218.99735632356152,-141.7054560653903,0.2462208751657511,-8.653362582934092,0.99825,H4 モメンタム(横断),maker-only(理論上限),2,24.0,5.0,
"H4 モメンタム(横断) {'lookback': 24, 'top_n': 5} hold=3",train,3168,-4.126741708075165,-2.338657743428699,1.7880839646464646,-7.0268087331381945,-3.991573522182163,-361.5025736273844,-140.69985528303948,0.18023989898989898,-12.97524996704399,0.99975,H4 モメンタム(横断),taker,3,24.0,5.0,
"H4 モメンタム(横断) {'lookback': 24, 'top_n': 5} hold=3",test,2063,-4.065815741879428,-1.8852049808517986,2.1806107610276295,-6.760748138170763,-3.1398598189976843,-356.16545898863785,-92.46692452027642,0.22510906446921958,-8.374629361535876,1.0,H4 モメンタム(横断),taker,3,24.0,5.0,
"H4 モメンタム(横断) {'lookback': 24, 'top_n': 5} hold=3",full,5279,-3.964577000087338,-2.021870048013081,1.942706952074257,-6.62735606630251,-3.3866160460845984,-347.29694520765077,-217.02218799307818,0.19791627202121617,-10.2157848233739,1.0,H4 モメンタム(横断),taker,3,24.0,5.0,
"H4 モメンタム(横断) {'lookback': 24, 'top_n': 5} hold=3",train,3168,-3.3678796499943555,-2.338657743428699,1.0292219065656565,-5.742826592095937,-3.991573522182163,-295.02625733950555,-118.80731917238063,0.18023989898989898,-12.97524996704399,0.99975,H4 モメンタム(横断),half-maker,3,24.0,5.0,
"H4 モメンタム(横断) {'lookback': 24, 'top_n': 5} hold=3",test,2063,-3.144342159717528,-1.8852049808517986,1.2591371788657295,-5.234442219968497,-3.1398598189976843,-275.4443731912554,-74.13467452027629,0.22510906446921958,-8.374629361535876,0.99775,H4 モメンタム(横断),half-maker,3,24.0,5.0,
"H4 モメンタム(横断) {'lookback': 24, 'top_n': 5} hold=3",full,5279,-3.1416607280661215,-2.021870048013081,1.1197906800530404,-5.258429229114229,-3.3866160460845984,-275.20947977859225,-175.14143799307854,0.19791627202121617,-10.2157848233739,1.0,H4 モメンタム(横断),half-maker,3,24.0,5.0,
"H4 モメンタム(横断) {'lookback': 24, 'top_n': 5} hold=3",train,3168,-2.6090175919135477,-2.338657743428699,0.27035984848484845,-4.452352264841694,-3.991573522182163,-228.54994105162677,-97.60773582305026,0.18023989898989898,-12.97524996704399,0.994,H4 モメンタム(横断),maker-only(理論上限),3,24.0,5.0,
"H4 モメンタム(横断) {'lookback': 24, 'top_n': 5} hold=3",test,2063,-2.222868577555628,-1.8852049808517986,0.33766359670382934,-3.702225520796679,-3.1398598189976843,-194.723287393873,-55.802424520276176,0.22510906446921958,-8.374629361535876,0.96975,H4 モメンタム(横断),maker-only(理論上限),3,24.0,5.0,
"H4 モメンタム(横断) {'lookback': 24, 'top_n': 5} hold=3",full,5279,-2.3187444560449046,-2.021870048013081,0.2968744080318242,-3.8835459385995867,-3.3866160460845984,-203.12201434953369,-133.26068799307896,0.19791627202121617,-10.2157848233739,0.99825,H4 モメンタム(横断),maker-only(理論上限),3,24.0,5.0,
"H4 モメンタム(横断) {'lookback': 24, 'top_n': 5} hold=6",train,3168,-3.272244528665366,-2.0294099327057697,1.2428345959595961,-5.792318492042658,-3.595577979647327,-286.64862071108604,-118.37795190801337,0.12544191919191922,-16.17808421442345,0.9995,H4 モメンタム(横断),taker,6,24.0,5.0,
"H4 モメンタム(横断) {'lookback': 24, 'top_n': 5} hold=6",test,2063,-3.5310196015664967,-1.996143207964946,1.5348763936015513,-5.994009718463519,-3.3972855408912945,-309.3173170972251,-80.31044114081546,0.1577314590402327,-12.655327099052498,0.99875,H4 モメンタム(横断),taker,6,24.0,5.0,
"H4 モメンタム(横断) {'lookback': 24, 'top_n': 5} hold=6",full,5279,-3.2474767781469316,-1.8908562060688865,1.356620572078045,-5.606548419914609,-3.2693640520118836,-284.4789657656712,-179.64472519307523,0.1380185641219928,-13.700013603949566,1.0,H4 モメンタム(横断),taker,6,24.0,5.0,
"H4 モメンタム(横断) {'lookback': 24, 'top_n': 5} hold=6",train,3168,-2.7449086700795067,-2.0294099327057697,0.7154987373737373,-4.863048632030516,-3.595577979647327,-240.45399949896483,-103.67237298535986,0.12544191919191922,-16.17808421442345,0.995,H4 モメンタム(横断),half-maker,6,24.0,5.0,
"H4 モメンタム(横断) {'lookback': 24, 'top_n': 5} hold=6",test,2063,-2.881879999045896,-1.996143207964946,0.88573679108095,-4.899979757730997,-3.3972855408912945,-252.45268791642047,-67.39194114081548,0.1577314590402327,-12.655327099052498,0.9925,H4 モメンタム(横断),half-maker,6,24.0,5.0,
"H4 モメンタム(横断) {'lookback': 24, 'top_n': 5} hold=6",full,5279,-2.6726804151994035,-1.8908562060688865,0.7818242091305172,-4.619397999627642,-3.2693640520118836,-234.12680437146776,-150.3797251930748,0.1380185641219928,-13.700013603949566,0.99975,H4 モメンタム(横断),half-maker,6,24.0,5.0,
"H4 モメンタム(横断) {'lookback': 24, 'top_n': 5} hold=6",train,3168,-2.2175728114936484,-2.0294099327057697,0.18816287878787877,-3.9293641757272693,-3.595577979647327,-194.2593782868436,-90.62212532802847,0.12544191919191922,-16.17808421442345,0.9755,H4 モメンタム(横断),maker-only(理論上限),6,24.0,5.0,
"H4 モメンタム(横断) {'lookback': 24, 'top_n': 5} hold=6",test,2063,-2.2327403965252945,-1.996143207964946,0.23659718856034898,-3.7994849488130753,-3.3972855408912945,-195.5880587356158,-54.473441140815396,0.1577314590402327,-12.655327099052498,0.9705,H4 モメンタム(横断),maker-only(理論上限),6,24.0,5.0,
"H4 モメンタム(横断) {'lookback': 24, 'top_n': 5} hold=6",full,5279,-2.0978840522518754,-1.8908562060688865,0.20702784618298917,-3.6273901289203794,-3.2693640520118836,-183.77464297726428,-121.11472519307505,0.1380185641219928,-13.700013603949566,0.9955,H4 モメンタム(横断),maker-only(理論上限),6,24.0,5.0,
"H4 モメンタム(横断) {'lookback': 24, 'top_n': 5} hold=12",train,3168,-1.7800385587363399,-0.9190063617666429,0.8610321969696969,-3.368259838360432,-1.738756635246049,-155.93137774530337,-72.4729001930732,0.08636363636363636,-10.641126294140076,0.96375,H4 モメンタム(横断),taker,12,24.0,5.0,
"H4 モメンタム(横断) {'lookback': 24, 'top_n': 5} hold=12",test,2063,-2.3872549765917364,-1.331268549059017,1.0559864275327193,-4.110870486761241,-2.297482912453779,-209.1235359494361,-60.86584988455323,0.10751333010179351,-12.382358055494823,0.9745,H4 モメンタム(横断),taker,12,24.0,5.0,
"H4 モメンタム(横断) {'lookback': 24, 'top_n': 5} hold=12",full,5279,-1.9185094278224735,-0.9797426159262811,0.9387668118961925,-3.46370090519058,-1.7700713830594614,-168.0614258772487,-111.69067757208823,0.09479068005304037,-10.33585385586498,0.99375,H4 モメンタム(横断),taker,12,24.0,5.0,
"H4 モメンタム(横断) {'lookback': 24, 'top_n': 5} hold=12",train,3168,-1.4142951875242187,-0.9190063617666429,0.49528882575757577,-2.6774744666155397,-1.738756635246049,-123.89225842712155,-62.47415019307325,0.08636363636363636,-10.641126294140076,0.931,H4 モメンタム(横断),half-maker,12,24.0,5.0,
"H4 モメンタム(横断) {'lookback': 24, 'top_n': 5} hold=12",test,2063,-1.9398967604017212,-1.331268549059017,0.6086282113427048,-3.345442442748369,-2.297482912453779,-169.93495621119078,-52.59396770422027,0.10751333010179351,-12.382358055494823,0.9415,H4 モメンタム(横断),half-maker,12,24.0,5.0,
"H4 モメンタム(横断) {'lookback': 24, 'top_n': 5} hold=12",full,5279,-1.5202190319141573,-0.9797426159262811,0.5404764159878764,-2.7468935851724927,-1.7700713830594614,-133.1711871956802,-92.06204539175526,0.09479068005304037,-10.33585385586498,0.97725,H4 モメンタム(横断),half-maker,12,24.0,5.0,
"H4 モメンタム(横断) {'lookback': 24, 'top_n': 5} hold=12",train,3168,-1.0485518163120973,-0.9190063617666429,0.12954545454545452,-1.9844134890636123,-1.738756635246049,-91.85313910893973,-53.102779531170384,0.08636363636363636,-10.641126294140076,0.8645,H4 モメンタム(横断),maker-only(理論上限),12,24.0,5.0,
"H4 モメンタム(横断) {'lookback': 24, 'top_n': 5} hold=12",test,2063,-1.4925385442117072,-1.331268549059017,0.16126999515269028,-2.5757000405978463,-2.297482912453779,-130.74637647294554,-44.69321770422028,0.10751333010179351,-12.382358055494823,0.8855,H4 モメンタム(横断),maker-only(理論上限),12,24.0,5.0,
"H4 モメンタム(横断) {'lookback': 24, 'top_n': 5} hold=12",full,5279,-1.1219286360058411,-0.9797426159262811,0.1421860200795605,-2.027290109688184,-1.7700713830594614,-98.28094851411169,-72.8045453917552,0.09479068005304037,-10.33585385586498,0.92525,H4 モメンタム(横断),maker-only(理論上限),12,24.0,5.0,
"H4 モメンタム(横断) {'lookback': 24, 'top_n': 5} hold=24",train,3168,-1.0167885960044425,-0.4446768535802,0.5721117424242423,-2.0933416735935646,-0.9154787277130516,-89.07068100998916,-50.461525311514265,0.057007575757575764,-7.800311584396862,0.887,H4 モメンタム(横断),taker,24,24.0,5.0,
"H4 モメンタム(横断) {'lookback': 24, 'top_n': 5} hold=24",test,2063,-1.307470986286672,-0.5963948835237055,0.7110761027629667,-2.3679448923157427,-1.083404347962469,-114.53445839871247,-51.37814838623442,0.07232186136694134,-8.246398422985287,0.85425,H4 モメンタム(横断),taker,24,24.0,5.0,
"H4 モメンタム(横断) {'lookback': 24, 'top_n': 5} hold=24",full,5279,-1.070974851687848,-0.4439526883993464,0.6270221632885016,-2.067694768357882,-0.8581111501655785,-93.81739700785546,-66.64042927328786,0.06308012881227505,-7.037916642823271,0.93925,H4 モメンタム(横断),taker,24,24.0,5.0,
"H4 モメンタム(横断) {'lookback': 24, 'top_n': 5} hold=24",train,3168,-0.7734884066105031,-0.4446768535802,0.32881155303030307,-1.5933109939589354,-0.9154787277130516,-67.75758441908008,-43.28077531151426,0.057007575757575764,-7.800311584396862,0.8185,H4 モメンタム(横断),half-maker,24,24.0,5.0,
"H4 モメンタム(横断) {'lookback': 24, 'top_n': 5} hold=24",test,2063,-1.0061743309303945,-0.5963948835237055,0.4097794474066893,-1.825613344693506,-1.083404347962469,-88.14087138950255,-47.88439838623443,0.07232186136694134,-8.246398422985287,0.7915,H4 モメンタム(横断),half-maker,24,24.0,5.0,
"H4 モメンタム(横断) {'lookback': 24, 'top_n': 5} hold=24",full,5279,-0.8047738666528033,-0.4439526883993464,0.3608211782534571,-1.5553471322739907,-0.8581111501655785,-70.49819071878557,-52.72792927328784,0.06308012881227505,-7.037916642823271,0.87775,H4 モメンタム(横断),half-maker,24,24.0,5.0,
"H4 モメンタム(横断) {'lookback': 24, 'top_n': 5} hold=24",train,3168,-0.5301882172165635,-0.4446768535802,0.08551136363636362,-1.0918032463035412,-0.9154787277130516,-46.44448782817096,-36.10002531151429,0.057007575757575764,-7.800311584396862,0.73325,H4 モメンタム(横断),maker-only(理論上限),24,24.0,5.0,
"H4 モメンタム(横断) {'lookback': 24, 'top_n': 5} hold=24",test,2063,-0.7048776755741172,-0.5963948835237055,0.10848279205041202,-1.2802604965943394,-1.083404347962469,-61.74728438029267,-44.39064838623443,0.07232186136694134,-8.246398422985287,0.70875,H4 モメンタム(横断),maker-only(理論上限),24,24.0,5.0,
"H4 モメンタム(横断) {'lookback': 24, 'top_n': 5} hold=24",full,5279,-0.5385728816177588,-0.4439526883993464,0.09462019321841257,-1.0410983012944106,-0.8581111501655785,-47.178984429715676,-44.390648386234425,0.06308012881227505,-7.037916642823271,0.782,H4 モメンタム(横断),maker-only(理論上限),24,24.0,5.0,
"H4 モメンタム(横断) {'lookback': 72, 'top_n': 3} hold=1",train,3168,-3.679911892223934,-1.5659598720219143,2.1139520202020203,-4.3443298633448295,-1.849415098495302,-322.3602817588166,-131.4433534269255,0.21675084175084175,-7.224700302765182,0.9925,H4 モメンタム(横断),taker,1,72.0,3.0,
"H4 モメンタム(横断) {'lookback': 72, 'top_n': 3} hold=1",test,2063,-8.866253391940633,-5.903860436697459,2.962392955243174,-10.38198082154415,-6.914178464954326,-776.6837971339994,-189.89734536491721,0.31119728550654385,-18.97143937835959,1.0,H4 モメンタム(横断),taker,1,72.0,3.0,
"H4 モメンタム(横断) {'lookback': 72, 'top_n': 3} hold=1",full,5279,-5.799784467884609,-3.3491940782906204,2.4505903895939887,-6.756206317557921,-3.903348182357026,-508.06111938669176,-312.2581646973534,0.2544042432278841,-13.164851481233201,1.0,H4 モメンタム(横断),taker,1,72.0,3.0,
"H4 モメンタム(横断) {'lookback': 72, 'top_n': 3} hold=1",train,3168,-2.7854990134360564,-1.5659598720219143,1.2195391414141414,-3.2893492961838042,-1.849415098495302,-244.00971357699856,-105.98543676025909,0.21675084175084175,-7.224700302765182,0.96725,H4 モメンタム(横断),half-maker,1,72.0,3.0,
"H4 モメンタム(横断) {'lookback': 72, 'top_n': 3} hold=1",test,2063,-7.618454878448955,-5.903860436697459,1.7145944417514947,-8.922532518316743,-6.914178464954326,-667.3766473521284,-165.31059812921754,0.31119728550654385,-18.97143937835959,1.0,H4 モメンタム(横断),half-maker,1,72.0,3.0,
"H4 モメンタム(横断) {'lookback': 72, 'top_n': 3} hold=1",full,5279,-4.765292455508527,-3.3491940782906204,1.4160983772179072,-5.552901682620318,-3.903348182357026,-417.439619102547,-258.8251674616545,0.2544042432278841,-13.164851481233201,1.0,H4 モメンタム(横断),half-maker,1,72.0,3.0,
"H4 モメンタム(横断) {'lookback': 72, 'top_n': 3} hold=1",train,3168,-1.891086134648177,-1.5659598720219143,0.32512626262626265,-2.233372871826693,-1.849415098495302,-165.65914539518033,-80.52752009359244,0.21675084175084175,-7.224700302765182,0.8915,H4 モメンタム(横断),maker-only(理論上限),1,72.0,3.0,
"H4 モメンタム(横断) {'lookback': 72, 'top_n': 3} hold=1",test,2063,-6.3706563649572745,-5.903860436697459,0.4667959282598158,-7.461168219266089,-6.914178464954326,-558.0694975702572,-140.7897647958846,0.31119728550654385,-18.97143937835959,0.99975,H4 モメンタム(横断),maker-only(理論上限),1,72.0,3.0,
"H4 モメンタム(横断) {'lookback': 72, 'top_n': 3} hold=1",full,5279,-3.730800443132446,-3.3491940782906204,0.38160636484182614,-4.348028115173859,-3.903348182357026,-326.8181188184023,-205.45808412832076,0.2544042432278841,-13.164851481233201,0.999,H4 モメンタム(横断),maker-only(理論上限),1,72.0,3.0,
"H4 モメンタム(横断) {'lookback': 72, 'top_n': 3} hold=2",train,3168,-3.643591827636377,-2.131596878141427,1.5119949494949494,-4.4097231112406945,-2.5810482388993576,-319.17864410094666,-131.90170279328902,0.1543560606060606,-13.809609222805811,0.99275,H4 モメンタム(横断),taker,2,72.0,3.0,
"H4 モメンタム(横断) {'lookback': 72, 'top_n': 3} hold=2",test,2063,-7.468398236149906,-5.431881836085277,2.0365164000646305,-8.773417169603285,-6.3822037717269335,-654.2316854867317,-161.9380533458371,0.21215058975601872,-25.60389694099907,1.0,H4 モメンタム(横断),taker,2,72.0,3.0,
"H4 モメンタム(横断) {'lookback': 72, 'top_n': 3} hold=2",full,5279,-5.319788476069049,-3.599008025226087,1.7207804508429625,-6.311154375361152,-4.271732737452059,-466.0134705036487,-290.3712056074084,0.1774957378291343,-20.276588436679308,1.0,H4 モメンタム(横断),taker,2,72.0,3.0,
"H4 モメンタム(横断) {'lookback': 72, 'top_n': 3} hold=2",train,3168,-3.0033613983434475,-2.131596878141427,0.8717645202020201,-3.6361270681875317,-2.5810482388993576,-263.094458494886,-112.40920279328894,0.1543560606060606,-13.809609222805811,0.97775,H4 モメンタム(横断),half-maker,2,72.0,3.0,
"H4 モメンタム(横断) {'lookback': 72, 'top_n': 3} hold=2",test,2063,-6.609252978434607,-5.431881836085277,1.1773711423493294,-7.766027767599175,-6.3822037717269335,-578.9705609108715,-144.98763667917035,0.21215058975601872,-25.60389694099907,1.0,H4 モメンタム(横断),half-maker,2,72.0,3.0,
"H4 モメンタム(横断) {'lookback': 72, 'top_n': 3} hold=2",full,5279,-4.5925200540194195,-3.599008025226087,0.9935120287933321,-5.450272632913173,-4.271732737452059,-402.30475673210117,-252.49662227407583,0.1774957378291343,-20.276588436679308,1.0,H4 モメンタム(横断),half-maker,2,72.0,3.0,
"H4 モメンタム(横断) {'lookback': 72, 'top_n': 3} hold=2",train,3168,-2.3631309690505176,-2.131596878141427,0.2315340909090909,-2.861406865081984,-2.5810482388993576,-207.0102728888253,-92.91670279328905,0.1543560606060606,-13.809609222805811,0.94325,H4 モメンタム(横断),maker-only(理論上限),2,72.0,3.0,
"H4 モメンタム(横断) {'lookback': 72, 'top_n': 3} hold=2",test,2063,-5.750107720719304,-5.431881836085277,0.31822588463402807,-6.756512928231737,-6.3822037717269335,-503.70943633501105,-128.0698955321019,0.21215058975601872,-25.60389694099907,0.99975,H4 モメンタム(横断),maker-only(理論上限),2,72.0,3.0,
"H4 モメンタム(横断) {'lookback': 72, 'top_n': 3} hold=2",full,5279,-3.865251631969788,-3.599008025226087,0.2662436067437015,-4.587780516485436,-4.271732737452059,-338.5960429605534,-214.65471446034,0.1774957378291343,-20.276588436679308,0.99975,H4 モメンタム(横断),maker-only(理論上限),2,72.0,3.0,
"H4 モメンタム(横断) {'lookback': 72, 'top_n': 3} hold=3",train,3168,-2.580223005347161,-1.401692912754568,1.1785300925925926,-3.1025004842011144,-1.688077273098182,-226.0275352684113,-109.69963853170866,0.1200547138047138,-11.675450870130954,0.9575,H4 モメンタム(横断),taker,3,72.0,3.0,
"H4 モメンタム(横断) {'lookback': 72, 'top_n': 3} hold=3",test,2063,-6.922165227942136,-5.2845016312383075,1.637663596703829,-8.051260942317432,-6.149309746728379,-606.3816739677311,-149.0937481846128,0.17062530295685893,-30.97138313989951,1.0,H4 モメンタム(横断),taker,3,72.0,3.0,
"H4 モメンタム(横断) {'lookback': 72, 'top_n': 3} hold=3",full,5279,-4.4550592564946525,-3.0950321048876566,1.3600271516069962,-5.249703276694999,-3.6512423966679615,-390.26319086893153,-247.91258748936892,0.14011492075519352,-22.08923994822254,1.0,H4 モメンタム(横断),taker,3,72.0,3.0,
"H4 モメンタム(横断) {'lookback': 72, 'top_n': 3} hold=3",train,3168,-2.0809989944044003,-1.401692912754568,0.6793060816498318,-2.504211245655199,-1.688077273098182,-182.29551190982545,-95.27422186504198,0.1200547138047138,-11.675450870130954,0.91725,H4 モメンタム(横断),half-maker,3,72.0,3.0,
"H4 モメンタム(横断) {'lookback': 72, 'top_n': 3} hold=3",test,2063,-6.231302406807866,-5.2845016312383075,0.9468007755695588,-7.250270537512122,-6.149309746728379,-545.862090836369,-135.56874818461296,0.17062530295685893,-30.97138313989951,1.0,H4 モメンタム(横断),half-maker,3,72.0,3.0,
"H4 モメンタム(横断) {'lookback': 72, 'top_n': 3} hold=3",full,5279,-3.880131871257551,-3.0950321048876566,0.7850997663698933,-4.575061642910981,-3.6512423966679615,-339.8995519221615,-218.03383748936827,0.14011492075519352,-22.08923994822254,0.99975,H4 モメンタム(横断),half-maker,3,72.0,3.0,
"H4 モメンタム(横断) {'lookback': 72, 'top_n': 3} hold=3",train,3168,-1.5817749834616395,-1.401692912754568,0.18008207070707072,-1.904609248761978,-1.688077273098182,-138.5634885512396,-80.98586289809514,0.1200547138047138,-11.675450870130954,0.84575,H4 モメンタム(横断),maker-only(理論上限),3,72.0,3.0,
"H4 モメンタム(横断) {'lookback': 72, 'top_n': 3} hold=3",test,2063,-5.540439585673594,-5.2845016312383075,0.25593795443528844,-6.447190640471269,-6.149309746728379,-485.3425077050068,-122.04374818461301,0.17062530295685893,-30.97138313989951,0.99975,H4 モメンタム(横断),maker-only(理論上限),3,72.0,3.0,
"H4 モメンタム(横断) {'lookback': 72, 'top_n': 3} hold=3",full,5279,-3.3052044860204473,-3.0950321048876566,0.2101723811327903,-3.8987749584804923,-3.6512423966679615,-289.53591297539117,-188.29214518908844,0.14011492075519352,-22.08923994822254,0.999,H4 モメンタム(横断),maker-only(理論上限),3,72.0,3.0,
"H4 モメンタム(横断) {'lookback': 72, 'top_n': 3} hold=6",train,3168,-2.6849404175637632,-1.8366923115031573,0.848248106060606,-3.3797758725353897,-2.3124376350653826,-235.20078057858566,-107.27120545107552,0.08564814814814814,-21.444623745117944,0.9695,H4 モメンタム(横断),taker,6,72.0,3.0,
"H4 モメンタム(横断) {'lookback': 72, 'top_n': 3} hold=6",test,2063,-5.851064594476294,-4.706857129619289,1.1442074648570042,-7.082271320270012,-5.695553162402295,-512.5532584761233,-127.67327770379984,0.11746647277427694,-40.069791987914414,1.0,H4 モメンタム(横断),taker,6,72.0,3.0,
"H4 モメンタム(横断) {'lookback': 72, 'top_n': 3} hold=6",full,5279,-4.008339323943208,-3.042799764683246,0.9655395592599606,-4.929684189957138,-3.7420963439432744,-351.13052477742497,-223.26584073627126,0.09831407463534761,-30.94978797256812,1.0,H4 モメンタム(横断),taker,6,72.0,3.0,
"H4 モメンタム(横断) {'lookback': 72, 'top_n': 3} hold=6",train,3168,-2.3250524756445716,-1.8366923115031573,0.4883601641414141,-2.92739463315184,-2.3124376350653826,-203.67459686646447,-96.91724641723123,0.08564814814814814,-21.444623745117944,0.944,H4 モメンタム(横断),half-maker,6,72.0,3.0,
"H4 モメンタム(横断) {'lookback': 72, 'top_n': 3} hold=6",test,2063,-5.3670607166285,-4.706857129619289,0.6602035870092099,-6.4967381769502985,-5.695553162402295,-470.15451877665663,-119.1209131221697,0.11746647277427694,-40.069791987914414,0.9995,H4 モメンタム(横断),half-maker,6,72.0,3.0,
"H4 モメンタム(横断) {'lookback': 72, 'top_n': 3} hold=6",full,5279,-3.599305100289737,-3.042799764683246,0.5565053356064911,-4.427258092960519,-3.7420963439432744,-315.29912678538096,-202.17847615464072,0.09831407463534761,-30.94978797256812,0.9995,H4 モメンタム(横断),half-maker,6,72.0,3.0,
"H4 モメンタム(横断) {'lookback': 72, 'top_n': 3} hold=6",train,3168,-1.9651645337253796,-1.8366923115031573,0.12847222222222224,-2.474315001080886,-2.3124376350653826,-172.14841315434327,-86.57682975056464,0.08564814814814814,-21.444623745117944,0.91025,H4 モメンタム(横断),maker-only(理論上限),6,72.0,3.0,
"H4 モメンタム(横断) {'lookback': 72, 'top_n': 3} hold=6",test,2063,-4.883056838780703,-4.706857129619289,0.17619970916141542,-5.909640444500931,-5.695553162402295,-427.7557790771897,-110.67007978883632,0.11746647277427694,-40.069791987914414,0.99875,H4 モメンタム(横断),maker-only(理論上限),6,72.0,3.0,
"H4 モメンタム(横断) {'lookback': 72, 'top_n': 3} hold=6",full,5279,-3.1902708766362675,-3.042799764683246,0.14747111195302143,-3.923822799325639,-3.7420963439432744,-279.467728793337,-181.19264282130763,0.09831407463534761,-30.94978797256812,0.9985,H4 モメンタム(横断),maker-only(理論上限),6,72.0,3.0,
"H4 モメンタム(横断) {'lookback': 72, 'top_n': 3} hold=12",train,3168,-2.225635859726662,-1.6253622907030931,0.600273569023569,-2.932784358158928,-2.144122903433993,-194.9657013120556,-102.93220921427537,0.060079966329966324,-27.053315605678105,0.94325,H4 モメンタム(横断),taker,12,72.0,3.0,
"H4 モメンタム(横断) {'lookback': 72, 'top_n': 3} hold=12",test,2063,-5.40998813612442,-4.583683401918572,0.826304734205849,-6.757579125946848,-5.723696577995842,-473.9149607244992,-120.83482431608292,0.08369688156406527,-54.7652829623051,1.0,H4 モメンタム(横断),taker,12,72.0,3.0,
"H4 モメンタム(横断) {'lookback': 72, 'top_n': 3} hold=12",full,5279,-3.4905453579713304,-2.802915124972656,0.687630232998674,-4.460990245235269,-3.5839647725217207,-305.77177335828856,-198.31986184176313,0.06926816947654227,-40.464691735817645,0.99975,H4 モメンタム(横断),taker,12,72.0,3.0,
"H4 モメンタム(横断) {'lookback': 72, 'top_n': 3} hold=12",train,3168,-1.9705590499623524,-1.6253622907030931,0.3451967592592592,-2.598242392855691,-2.144122903433993,-172.62097277670208,-95.56304254760867,0.060079966329966324,-27.053315605678105,0.9135,H4 モメンタム(横断),half-maker,12,72.0,3.0,
"H4 モメンタム(横断) {'lookback': 72, 'top_n': 3} hold=12",test,2063,-5.0596084301945465,-4.583683401918572,0.47592502827597344,-6.320281941895862,-5.723696577995842,-443.2216984850423,-114.70690764941634,0.08369688156406527,-54.7652829623051,1.0,H4 モメンタム(横断),half-maker,12,72.0,3.0,
"H4 モメンタム(横断) {'lookback': 72, 'top_n': 3} hold=12",full,5279,-3.1986813685793996,-2.802915124972656,0.3957662436067436,-4.089496487582694,-3.5839647725217207,-280.2044878875554,-183.19361184176304,0.06926816947654227,-40.464691735817645,0.9995,H4 モメンタム(横断),half-maker,12,72.0,3.0,
"H4 モメンタム(横断) {'lookback': 72, 'top_n': 3} hold=12",train,3168,-1.715482240198043,-1.6253622907030931,0.0901199494949495,-2.2628020410785012,-2.144122903433993,-150.27624424134856,-88.19387588094202,0.060079966329966324,-27.053315605678105,0.88525,H4 モメンタム(横断),maker-only(理論上限),12,72.0,3.0,
"H4 モメンタム(横断) {'lookback': 72, 'top_n': 3} hold=12",test,2063,-4.70922872426467,-4.583683401918572,0.12554532234609792,-5.881296041438583,-5.723696577995842,-412.5284362455851,-108.57899098274966,0.08369688156406527,-54.7652829623051,0.999,H4 モメンタム(横断),maker-only(理論上限),12,72.0,3.0,
"H4 モメンタム(横断) {'lookback': 72, 'top_n': 3} hold=12",full,5279,-2.906817379187469,-2.802915124972656,0.1039022542148134,-3.716843668481099,-3.5839647725217207,-254.63720241682233,-168.06736184176313,0.06926816947654227,-40.464691735817645,0.998,H4 モメンタム(横断),maker-only(理論上限),12,72.0,3.0,
"H4 モメンタム(横断) {'lookback': 72, 'top_n': 3} hold=24",train,3168,-0.34100509660724315,0.06903278218063562,0.41003787878787873,-0.47538099190196936,0.09622995445561203,-29.872046462794504,-47.418524990313585,0.04008838383838384,1.722014598017745,0.6125,H4 モメンタム(横断),taker,24,72.0,3.0,
"H4 モメンタム(横断) {'lookback': 72, 'top_n': 3} hold=24",test,2063,-4.044174703972144,-3.5047499180616564,0.5394247859104863,-5.366207280158642,-4.651844390700309,-354.26970406795976,-94.39339895557336,0.053643561156891256,-65.33402784001082,0.99525,H4 モメンタム(横断),taker,24,72.0,3.0,
"H4 モメンタム(横断) {'lookback': 72, 'top_n': 3} hold=24",full,5279,-1.856033595594244,-1.3963190031840653,0.45971459241017865,-2.510208128149881,-1.8886765016202787,-162.58854297405577,-115.60243813022939,0.04533686935657006,-30.798752163546016,0.9695,H4 モメンタム(横断),taker,24,72.0,3.0,
"H4 モメンタム(横断) {'lookback': 72, 'top_n': 3} hold=24",train,3168,-0.16605244509209194,0.06903278218063562,0.2350852272727273,-0.23151499780599993,0.09622995445561203,-14.546194190067252,-46.73310832364691,0.04008838383838384,1.722014598017745,0.54925,H4 モメンタム(横断),half-maker,24,72.0,3.0,
"H4 モメンタム(横断) {'lookback': 72, 'top_n': 3} hold=24",test,2063,-3.814694981884569,-3.5047499180616564,0.3099450638229115,-5.063248829821702,-4.651844390700309,-334.16728041308824,-89.91714895557337,0.053643561156891256,-65.33402784001082,0.99425,H4 モメンタム(横断),half-maker,24,72.0,3.0,
"H4 モメンタム(横断) {'lookback': 72, 'top_n': 3} hold=24",full,5279,-1.6601789514065821,-1.3963190031840653,0.26385994822251685,-2.2457784372587555,-1.8886765016202787,-145.4316761432166,-109.80743813022929,0.04533686935657006,-30.798752163546016,0.95275,H4 モメンタム(横断),half-maker,24,72.0,3.0,
"H4 モメンタム(横断) {'lookback': 72, 'top_n': 3} hold=24",train,3168,0.008900206423059913,0.06903278218063562,0.060132575757575746,0.012407684629056207,0.09622995445561203,0.7796580826600483,-46.04769165698024,0.04008838383838384,1.722014598017745,0.493,H4 モメンタム(横断),maker-only(理論上限),24,72.0,3.0,
"H4 モメンタム(横断) {'lookback': 72, 'top_n': 3} hold=24",test,2063,-3.5852152597969944,-3.5047499180616564,0.0804653417353369,-4.75885347233511,-4.651844390700309,-314.0648567582167,-85.91336775261193,0.053643561156891256,-65.33402784001082,0.99075,H4 モメンタム(横断),maker-only(理論上限),24,72.0,3.0,
"H4 モメンタム(横断) {'lookback': 72, 'top_n': 3} hold=24",full,5279,-1.4643243072189198,-1.3963190031840653,0.0680053040348551,-1.9807804032518235,-1.8886765016202787,-128.27480931237739,-104.01243813022919,0.04533686935657006,-30.798752163546016,0.93075,H4 モメンタム(横断),maker-only(理論上限),24,72.0,3.0,
"H4 モメンタム(横断) {'lookback': 72, 'top_n': 5} hold=1",train,3168,-2.7443466258116778,-0.784245615710668,1.9601010101010103,-4.667950876314141,-1.33488495042357,-240.40476442110298,-97.238290208222,0.19829545454545455,-3.954934910174142,0.995,H4 モメンタム(横断),taker,1,72.0,5.0,
"H4 モメンタム(横断) {'lookback': 72, 'top_n': 5} hold=1",test,2063,-7.727395274388484,-5.038350194407874,2.689045079980611,-13.082793957341506,-8.541683702403642,-676.9198260364311,-160.23343931460445,0.2776539020843432,-18.146153022107967,1.0,H4 モメンタム(横断),taker,1,72.0,5.0,
"H4 モメンタム(横断) {'lookback': 72, 'top_n': 5} hold=1",full,5279,-4.734972225365166,-2.48931016815736,2.2456620572078045,-7.985643900878312,-4.203646085973729,-414.78356694198845,-257.333422231248,0.22962682326198144,-10.840676767614836,1.0,H4 モメンタム(横断),taker,1,72.0,5.0,
"H4 モメンタム(横断) {'lookback': 72, 'top_n': 5} hold=1",train,3168,-1.9130177116702638,-0.784245615710668,1.128772095959596,-3.255351913244298,-1.33488495042357,-167.5803515423151,-73.38579020822193,0.19829545454545455,-3.954934910174142,0.96525,H4 モメンタム(横断),half-maker,1,72.0,5.0,
"H4 モメンタム(横断) {'lookback': 72, 'top_n': 5} hold=1",test,2063,-6.591113160961437,-5.038350194407874,1.552762966553563,-11.167073839018556,-8.541683702403642,-577.3815129002219,-137.80568931460414,0.2776539020843432,-18.146153022107967,1.0,H4 モメンタム(横断),half-maker,1,72.0,5.0,
"H4 モメンタム(横断) {'lookback': 72, 'top_n': 5} hold=1",full,5279,-3.784361314207749,-2.48931016815736,1.2950511460503884,-6.386806631529188,-4.203646085973729,-331.5100511245988,-207.71617223124812,0.22962682326198144,-10.840676767614836,1.0,H4 モメンタム(横断),half-maker,1,72.0,5.0,
"H4 モメンタム(横断) {'lookback': 72, 'top_n': 5} hold=1",train,3168,-1.0816887975288494,-0.784245615710668,0.29744318181818175,-1.8411206557290658,-1.33488495042357,-94.75593866352722,-49.80911077873903,0.19829545454545455,-3.954934910174142,0.842,H4 モメンタム(横断),maker-only(理論上限),1,72.0,5.0,
"H4 モメンタム(横断) {'lookback': 72, 'top_n': 5} hold=1",test,2063,-5.454831047534389,-5.038350194407874,0.4164808531265147,-9.246780767250879,-8.541683702403642,-477.84319976401247,-115.37793931460429,0.2776539020843432,-18.146153022107967,1.0,H4 モメンタム(横断),maker-only(理論上限),1,72.0,5.0,
"H4 モメンタム(横断) {'lookback': 72, 'top_n': 5} hold=1",full,5279,-2.8337504030503324,-2.48931016815736,0.34444023489297215,-4.784777753453039,-4.203646085973729,-248.23653530720912,-158.37474280176602,0.22962682326198144,-10.840676767614836,0.99975,H4 モメンタム(横断),maker-only(理論上限),1,72.0,5.0,
"H4 モメンタム(横断) {'lookback': 72, 'top_n': 5} hold=2",train,3168,-2.0942244958367833,-0.7036152786650663,1.3906092171717173,-3.6075030918388067,-1.211498269547062,-183.4540658353022,-78.10704605617514,0.13914141414141415,-5.056835759552928,0.97825,H4 モメンタム(横断),taker,2,72.0,5.0,
"H4 モメンタム(横断) {'lookback': 72, 'top_n': 5} hold=2",test,2063,-5.81699032719144,-4.00935581434607,1.8076345128453708,-9.891675053897211,-6.830093660566846,-509.56835266197015,-123.52944199371356,0.18536112457586043,-21.62997135197683,1.0,H4 モメンタム(横断),taker,2,72.0,5.0,
"H4 モメンタム(横断) {'lookback': 72, 'top_n': 5} hold=2",full,5279,-3.562067777437409,-2.008828527579481,1.553239249857928,-6.074696453026332,-3.427898277714358,-312.03713730351706,-195.29885852297434,0.15726463345330555,-12.773555525285568,1.0,H4 モメンタム(横断),taker,2,72.0,5.0,
"H4 モメンタム(横断) {'lookback': 72, 'top_n': 5} hold=2",train,3168,-1.5032759478569848,-0.7036152786650663,0.799660669191919,-2.589504423081544,-1.211498269547062,-131.68697303227188,-61.225296056174926,0.13914141414141415,-5.056835759552928,0.92225,H4 モメンタム(横断),half-maker,2,72.0,5.0,
"H4 モメンタム(横断) {'lookback': 72, 'top_n': 5} hold=2",test,2063,-5.052193914200651,-4.00935581434607,1.0428380998545805,-8.5996802210958,-6.830093660566846,-442.572186883977,-108.41783288226665,0.18536112457586043,-21.62997135197683,1.0,H4 モメンタム(横断),half-maker,2,72.0,5.0,
"H4 モメンタム(横断) {'lookback': 72, 'top_n': 5} hold=2",full,5279,-2.903396627598424,-2.008828527579481,0.8945681000189429,-4.953651613389688,-3.427898277714358,-254.33754457762197,-160.99674941152716,0.15726463345330555,-12.773555525285568,1.0,H4 モメンタム(横断),half-maker,2,72.0,5.0,
"H4 モメンタム(横断) {'lookback': 72, 'top_n': 5} hold=2",train,3168,-0.9123273998771873,-0.7036152786650663,0.20871212121212115,-1.5710922542905024,-1.211498269547062,-79.9198802292416,-44.343546056175,0.13914141414141415,-5.056835759552928,0.79525,H4 モメンタム(横断),maker-only(理論上限),2,72.0,5.0,
"H4 モメンタム(横断) {'lookback': 72, 'top_n': 5} hold=2",test,2063,-4.287397501209861,-4.00935581434607,0.27804168686379055,-7.302807570865877,-6.830093660566846,-375.5760211059838,-94.3849357525292,0.18536112457586043,-21.62997135197683,1.0,H4 モメンタム(横断),maker-only(理論上限),2,72.0,5.0,
"H4 モメンタム(横断) {'lookback': 72, 'top_n': 5} hold=2",full,5279,-2.244725477759439,-2.008828527579481,0.23589695017995826,-3.830468012077869,-3.427898277714358,-196.63795185172683,-126.69774941152745,0.15726463345330555,-12.773555525285568,0.99675,H4 モメンタム(横断),maker-only(理論上限),2,72.0,5.0,
"H4 モメンタム(横断) {'lookback': 72, 'top_n': 5} hold=3",train,3168,-1.9697543108618218,-0.8614367603567709,1.1083175505050504,-3.425908163768122,-1.4991699159765974,-172.5504776314956,-73.09112551295264,0.11054292929292929,-7.792780287864793,0.973,H4 モメンタム(横断),taker,3,72.0,5.0,
"H4 モメンタム(横断) {'lookback': 72, 'top_n': 5} hold=3",test,2063,-5.314734027758431,-3.838752447535454,1.475981580222976,-8.987661669471361,-6.502281403313511,-465.57070083163853,-110.92037287624788,0.15036354823073197,-25.529807541152934,1.0,H4 モメンタム(横断),taker,3,72.0,5.0,
"H4 モメンタム(横断) {'lookback': 72, 'top_n': 5} hold=3",full,5279,-3.3116494399626837,-2.0600108720520938,1.251638567910589,-5.659379434543811,-3.5241995738315466,-290.10049094073105,-182.35966620958882,0.1261602576245501,-16.328524614959466,1.0,H4 モメンタム(横断),taker,3,72.0,5.0,
"H4 モメンタム(横断) {'lookback': 72, 'top_n': 5} hold=3",train,3168,-1.4985027325789935,-0.8614367603567709,0.6370659722222223,-2.607444039636771,-1.4991699159765974,-131.26883937391983,-59.58338039306162,0.11054292929292929,-7.792780287864793,0.9225,H4 モメンタム(横断),half-maker,3,72.0,5.0,
"H4 モメンタム(横断) {'lookback': 72, 'top_n': 5} hold=3",test,2063,-4.689515898819991,-3.838752447535454,0.8507634512845371,-7.937799625714748,-6.502281403313511,-410.80159273663116,-99.86521867871285,0.15036354823073197,-25.529807541152934,1.0,H4 モメンタム(横断),half-maker,3,72.0,5.0,
"H4 モメンタム(横断) {'lookback': 72, 'top_n': 5} hold=3",full,5279,-2.7804503492258013,-2.0600108720520938,0.7204394771737072,-4.754750936749236,-3.5241995738315466,-243.5674505921802,-154.69767108969762,0.1261602576245501,-16.328524614959466,0.99975,H4 モメンタム(横断),half-maker,3,72.0,5.0,
"H4 モメンタム(横断) {'lookback': 72, 'top_n': 5} hold=3",train,3168,-1.0272511542961649,-0.8614367603567709,0.1658143939393939,-1.787728901776442,-1.4991699159765974,-89.98720111634404,-46.56499615988832,0.11054292929292929,-7.792780287864793,0.8245,H4 モメンタム(横断),maker-only(理論上限),3,72.0,5.0,
"H4 モメンタム(横断) {'lookback': 72, 'top_n': 5} hold=3",test,2063,-4.064297769881551,-3.838752447535454,0.2255453223460979,-6.883491685673278,-6.502281403313511,-356.0324846416239,-88.86746867871275,0.15036354823073197,-25.529807541152934,1.0,H4 モメンタム(横断),maker-only(理論上限),3,72.0,5.0,
"H4 モメンタム(横断) {'lookback': 72, 'top_n': 5} hold=3",full,5279,-2.2492512584889193,-2.0600108720520938,0.18924038643682514,-3.8477044515526133,-3.5241995738315466,-197.03441024362934,-127.52503685652424,0.1261602576245501,-16.328524614959466,0.9975,H4 モメンタム(横断),maker-only(理論上限),3,72.0,5.0,
"H4 モメンタム(横断) {'lookback': 72, 'top_n': 5} hold=6",train,3168,-1.6344019787517388,-0.8456393524891126,0.7887626262626264,-2.888155457757661,-1.4939965237395663,-143.1736133386523,-63.69726831819332,0.07796717171717171,-10.846095014921087,0.9485,H4 モメンタム(横断),taker,6,72.0,5.0,
"H4 モメンタム(横断) {'lookback': 72, 'top_n': 5} hold=6",test,2063,-4.2097911076378,-3.193843458583026,1.0159476490547745,-7.375263590917052,-5.601408537759424,-368.7777010290713,-93.98303564781848,0.10208434318952982,-31.28632029941492,0.9995,H4 モメンタム(横断),taker,6,72.0,5.0,
"H4 モメンタム(横断) {'lookback': 72, 'top_n': 5} hold=6",full,5279,-2.6355018631904437,-1.7584323424478787,0.877069520742565,-4.615996829976716,-3.080766458211484,-230.86996321548287,-148.10634846209996,0.08740291721917029,-20.11869166836227,0.99975,H4 モメンタム(横断),taker,6,72.0,5.0,
"H4 モメンタム(横断) {'lookback': 72, 'top_n': 5} hold=6",train,3168,-1.2984960444083047,-0.8456393524891126,0.4528566919191919,-2.2948448587449946,-1.4939965237395663,-113.74825349016749,-54.172768318193306,0.07796717171717171,-10.846095014921087,0.8985,H4 モメンタム(横断),half-maker,6,72.0,5.0,
"H4 モメンタム(横断) {'lookback': 72, 'top_n': 5} hold=6",test,2063,-3.7783805405025603,-3.193843458583026,0.5845370819195347,-6.624276714385795,-5.601408537759424,-330.9861353480243,-86.4492856478185,0.10208434318952982,-31.28632029941492,0.99925,H4 モメンタム(横断),half-maker,6,72.0,5.0,
"H4 モメンタム(横断) {'lookback': 72, 'top_n': 5} hold=6",full,5279,-2.262519290733539,-1.7584323424478787,0.5040869482856601,-3.9641611204227907,-3.080766458211484,-198.19668986825803,-128.8970984620996,0.08740291721917029,-20.11869166836227,0.9975,H4 モメンタム(横断),half-maker,6,72.0,5.0,
"H4 モメンタム(横断) {'lookback': 72, 'top_n': 5} hold=6",train,3168,-0.96259011006487,-0.8456393524891126,0.11695075757575757,-1.7008617698618516,-1.4939965237395663,-84.32289364168261,-44.648268318193246,0.07796717171717171,-10.846095014921087,0.8245,H4 モメンタム(横断),maker-only(理論上限),6,72.0,5.0,
"H4 モメンタム(横断) {'lookback': 72, 'top_n': 5} hold=6",test,2063,-3.3469699733673206,-3.193843458583026,0.15312651478429473,-5.869846002184384,-5.601408537759424,-293.19456966697726,-78.91553564781847,0.10208434318952982,-31.28632029941492,0.99725,H4 モメンタム(横断),maker-only(理論上限),6,72.0,5.0,
"H4 モメンタム(横断) {'lookback': 72, 'top_n': 5} hold=6",full,5279,-1.889536718276634,-1.7584323424478787,0.13110437582875542,-3.310716097105167,-3.080766458211484,-165.52341652103314,-109.6878484620996,0.08740291721917029,-20.11869166836227,0.99075,H4 モメンタム(横断),maker-only(理論上限),6,72.0,5.0,
"H4 モメンタム(横断) {'lookback': 72, 'top_n': 5} hold=12",train,3168,-1.1475112195764965,-0.5952384923037692,0.5522727272727272,-2.099862930792723,-1.0893130518450902,-100.52198283490108,-55.203049835515074,0.054292929292929296,-10.963462462897331,0.882,H4 モメンタム(横断),taker,12,72.0,5.0,
"H4 モメンタム(横断) {'lookback': 72, 'top_n': 5} hold=12",test,2063,-3.505739330316789,-2.7820359856730654,0.7237033446437227,-6.240595022998407,-4.955695796889934,-307.1027653357507,-83.53555045327934,0.07222491517207949,-38.519062002976746,0.99875,H4 モメンタム(横断),taker,12,72.0,5.0,
"H4 モメンタム(横断) {'lookback': 72, 'top_n': 5} hold=12",full,5279,-2.0633917735162934,-1.4445056208358613,0.6188861526804319,-3.7055177434881337,-2.5947873736060094,-180.75311936002728,-120.38695202027834,0.06129948853949612,-23.564725501830996,0.997,H4 モメンタム(横断),taker,12,72.0,5.0,
"H4 モメンタム(横断) {'lookback': 72, 'top_n': 5} hold=12",train,3168,-0.9120945529098299,-0.5952384923037692,0.3168560606060606,-1.669481086538655,-1.0893130518450902,-79.89948283490111,-48.44654983551511,0.054292929292929296,-10.963462462897331,0.8285,H4 モメンタム(横断),half-maker,12,72.0,5.0,
"H4 モメンタム(横断) {'lookback': 72, 'top_n': 5} hold=12",test,2063,-3.1980563443739864,-2.7820359856730654,0.4160203587009211,-5.696190863108489,-4.955695796889934,-280.14973576716125,-78.19527313564252,0.07222491517207949,-38.519062002976746,0.997,H4 モメンタム(横断),half-maker,12,72.0,5.0,
"H4 モメンタム(横断) {'lookback': 72, 'top_n': 5} hold=12",full,5279,-1.7999233135806991,-1.4445056208358613,0.35541769274483803,-3.2335283811681306,-2.5947873736060094,-157.67328226966924,-106.8071747026414,0.06129948853949612,-23.564725501830996,0.99025,H4 モメンタム(横断),half-maker,12,72.0,5.0,
"H4 モメンタム(横断) {'lookback': 72, 'top_n': 5} hold=12",train,3168,-0.676677886243163,-0.5952384923037692,0.08143939393939395,-1.2384765554113462,-1.0893130518450902,-59.276982834901084,-43.357555179000364,0.054292929292929296,-10.963462462897331,0.75925,H4 モメンタム(横断),maker-only(理論上限),12,72.0,5.0,
"H4 モメンタム(横断) {'lookback': 72, 'top_n': 5} hold=12",test,2063,-2.8903733584311846,-2.7820359856730654,0.10833737275811922,-5.148965179202383,-4.955695796889934,-253.19670619857177,-72.99002313564247,0.07222491517207949,-38.519062002976746,0.994,H4 モメンタム(横断),maker-only(理論上限),12,72.0,5.0,
"H4 モメンタム(横断) {'lookback': 72, 'top_n': 5} hold=12",full,5279,-1.5364548536451053,-1.4445056208358613,0.09194923280924418,-2.7602009315917555,-2.5947873736060094,-134.59344517931123,-95.02993004612657,0.06129948853949612,-23.564725501830996,0.97575,H4 モメンタム(横断),maker-only(理論上限),12,72.0,5.0,
"H4 モメンタム(横断) {'lookback': 72, 'top_n': 5} hold=24",train,3168,-0.185816235067598,0.1943763154374525,0.3801925505050505,-0.3631953760126418,0.37959625327565805,-16.277502191921585,-32.18808637524256,0.036426767676767675,5.336084638698869,0.5985,H4 モメンタム(横断),taker,24,72.0,5.0,
"H4 モメンタム(横断) {'lookback': 72, 'top_n': 5} hold=24",test,2063,-2.682058893284192,-2.183731215145559,0.4983276781386331,-4.915052922166399,-4.005656967836544,-234.94835905169523,-67.68750310703398,0.04924866698982065,-44.340920244540236,0.9915,H4 モメンタム(横断),taker,24,72.0,5.0,
"H4 モメンタム(横断) {'lookback': 72, 'top_n': 5} hold=24",full,5279,-1.1561869117984545,-0.729950882247403,0.4262360295510514,-2.1799573371968446,-1.3761013493664136,-101.28197347354461,-80.10138051378742,0.04144724379617352,-17.61156630431463,0.95075,H4 モメンタム(横断),taker,24,72.0,5.0,
"H4 モメンタム(横断) {'lookback': 72, 'top_n': 5} hold=24",train,3168,-0.02304003557264845,0.1943763154374525,0.21741635101010104,-0.0450278965561548,0.37959625327565805,-2.0183071161640043,-29.641836375242566,0.036426767676767675,5.336084638698869,0.5265,H4 モメンタム(横断),half-maker,24,72.0,5.0,
"H4 モメンタム(横断) {'lookback': 72, 'top_n': 5} hold=24",test,2063,-2.469831554457241,-2.183731215145559,0.286100339311682,-4.529240249435379,-4.005656967836544,-216.3572441704543,-64.1610397199618,0.04924866698982065,-44.340920244540236,0.9855,H4 モメンタム(横断),half-maker,24,72.0,5.0,
"H4 モメンタム(横断) {'lookback': 72, 'top_n': 5} hold=24",full,5279,-0.9741543298700591,-0.729950882247403,0.2442034476226558,-1.8370846453752803,-1.3761013493664136,-85.33591929661718,-72.95816712671524,0.04144724379617352,-17.61156630431463,0.9175,H4 モメンタム(横断),half-maker,24,72.0,5.0,
"H4 モメンタム(横断) {'lookback': 72, 'top_n': 5} hold=24",train,3168,0.13973616392230093,0.1943763154374525,0.05464015151515151,0.27295592610599534,0.37959625327565805,12.240887959593561,-27.095586375242565,0.036426767676767675,5.336084638698869,0.447,H4 モメンタム(横断),maker-only(理論上限),24,72.0,5.0,
"H4 モメンタム(横断) {'lookback': 72, 'top_n': 5} hold=24",test,2063,-2.2576042156302902,-2.183731215145559,0.07387300048473096,-4.141150664804781,-4.005656967836544,-197.76612928921344,-60.64953971996179,0.04924866698982065,-44.340920244540236,0.9775,H4 モメンタム(横断),maker-only(理論上限),24,72.0,5.0,
"H4 モメンタム(横断) {'lookback': 72, 'top_n': 5} hold=24",full,5279,-0.7921217479416632,-0.729950882247403,0.06217086569426028,-1.4935183595453292,-1.3761013493664136,-69.3898651196897,-65.8299171267152,0.04144724379617352,-17.61156630431463,0.86875,H4 モメンタム(横断),maker-only(理論上限),24,72.0,5.0,
"H4 モメンタム(横断) {'lookback': 168, 'top_n': 3} hold=1",train,3168,-2.935977452419451,-1.3121085551130545,1.623868897306397,-3.5927588731689073,-1.606368474945661,-257.1916248319439,-111.44253986325148,0.16319444444444445,-8.040154550479993,0.97925,H4 モメンタム(横断),taker,1,168.0,3.0,
"H4 モメンタム(横断) {'lookback': 168, 'top_n': 3} hold=1",test,2063,-7.047135806822133,-4.762881484637613,2.2842543221845206,-8.439511311315671,-5.709774937161004,-617.3290966776188,-157.1667134045538,0.23719502342866372,-20.080022825900674,1.0,H4 モメンタム(横断),taker,1,168.0,3.0,
"H4 モメンタム(横断) {'lookback': 168, 'top_n': 3} hold=1",full,5279,-4.745680031083193,-2.8539865285258923,1.8916935025573023,-5.715577383169483,-3.440333724250755,-415.7215707228877,-262.14109011643154,0.19347098566647722,-14.751496296430991,1.0,H4 モメンタム(横断),taker,1,168.0,3.0,
"H4 モメンタム(横断) {'lookback': 168, 'top_n': 3} hold=1",train,3168,-2.246438837099587,-1.3121085551130545,0.9343302819865321,-2.74974163388952,-1.606368474945661,-196.7880421299238,-93.50766318054966,0.16319444444444445,-8.040154550479993,0.9345,H4 モメンタム(横断),half-maker,1,168.0,3.0,
"H4 モメンタム(横断) {'lookback': 168, 'top_n': 3} hold=1",test,2063,-6.082904913301371,-4.762881484637613,1.3200234286637582,-7.288813584776798,-5.709774937161004,-532.8624704052002,-137.97754673788685,0.23719502342866372,-20.080022825900674,0.99925,H4 モメンタム(横断),half-maker,1,168.0,3.0,
"H4 モメンタム(横断) {'lookback': 168, 'top_n': 3} hold=1",full,5279,-3.944936519054401,-2.8539865285258923,1.090949990528509,-4.753445235296232,-3.440333724250755,-345.57643906916553,-221.88788010039673,0.19347098566647722,-14.751496296430991,0.99975,H4 モメンタム(横断),half-maker,1,168.0,3.0,
"H4 モメンタム(横断) {'lookback': 168, 'top_n': 3} hold=1",train,3168,-1.556900221779721,-1.3121085551130545,0.24479166666666669,-1.905962721403263,-1.606368474945661,-136.38445942790355,-76.76335141252532,0.16319444444444445,-8.040154550479993,0.851,H4 モメンタム(横断),maker-only(理論上限),1,168.0,3.0,
"H4 モメンタム(横断) {'lookback': 168, 'top_n': 3} hold=1",test,2063,-5.118674019780607,-4.762881484637613,0.35579253514299564,-6.135802870392801,-5.709774937161004,-448.3958441327812,-119.07894851083913,0.23719502342866372,-20.080022825900674,0.99725,H4 モメンタム(横断),maker-only(理論上限),1,168.0,3.0,
"H4 モメンタム(横断) {'lookback': 168, 'top_n': 3} hold=1",full,5279,-3.1441930070256077,-2.8539865285258923,0.29020647849971587,-3.789793380924904,-3.440333724250755,-275.4313074154432,-183.11303187334852,0.19347098566647722,-14.751496296430991,0.9965,H4 モメンタム(横断),maker-only(理論上限),1,168.0,3.0,
"H4 モメンタム(横断) {'lookback': 168, 'top_n': 3} hold=2",train,3168,-1.7991038478339623,-0.6376718192144343,1.1614320286195283,-2.2694963058883286,-0.8048405731801743,-157.6014970702551,-79.99991437449013,0.11637205387205386,-5.479595813575031,0.91575,H4 モメンタム(横断),taker,2,168.0,3.0,
"H4 モメンタム(横断) {'lookback': 168, 'top_n': 3} hold=2",test,2063,-5.7293387436243846,-4.118820081481873,1.6105186621425107,-6.825194161749317,-4.910172885848246,-501.8900739414961,-132.6836676714289,0.16513168524802066,-24.942639417114794,0.999,H4 モメンタム(横断),taker,2,168.0,3.0,
"H4 モメンタム(横断) {'lookback': 168, 'top_n': 3} hold=2",full,5279,-3.512002757789232,-2.172923386696222,1.3390793710930098,-4.3004717233094,-2.662644363726087,-307.6514415823367,-207.21178028109767,0.1358211782534571,-15.998413609999103,0.9995,H4 モメンタム(横断),taker,2,168.0,3.0,
"H4 モメンタム(横断) {'lookback': 168, 'top_n': 3} hold=2",train,3168,-1.305666873928239,-0.6376718192144343,0.6679950547138046,-1.6476088192709353,-0.8048405731801743,-114.37641815611374,-67.84741437449011,0.11637205387205386,-5.479595813575031,0.84375,H4 モメンタム(横断),half-maker,2,168.0,3.0,
"H4 モメンタム(横断) {'lookback': 168, 'top_n': 3} hold=2",test,2063,-5.047928176489145,-4.118820081481873,0.929108095007271,-6.016079626063183,-4.910172885848246,-442.19850826044905,-119.96397470803895,0.16513168524802066,-24.942639417114794,0.99725,H4 モメンタム(横断),half-maker,2,168.0,3.0,
"H4 モメンタム(横断) {'lookback': 168, 'top_n': 3} hold=2",full,5279,-2.94432895593282,-2.172923386696222,0.7714055692365979,-3.6068505098846573,-2.662644363726087,-257.92321653971504,-179.64275963394923,0.1358211782534571,-15.998413609999103,0.996,H4 モメンタム(横断),half-maker,2,168.0,3.0,
"H4 モメンタム(横断) {'lookback': 168, 'top_n': 3} hold=2",train,3168,-0.8122299000225148,-0.6376718192144343,0.1745580808080808,-1.0251335181918726,-0.8048405731801743,-71.1513392419723,-55.694914374490104,0.11637205387205386,-5.479595813575031,0.735,H4 モメンタム(横断),maker-only(理論上限),2,168.0,3.0,
"H4 モメンタム(横断) {'lookback': 168, 'top_n': 3} hold=2",test,2063,-4.366517609353904,-4.118820081481873,0.24769752787203106,-5.205305480371385,-4.910172885848246,-382.506942579402,-109.83925104219799,0.16513168524802066,-24.942639417114794,0.99275,H4 モメンタム(横断),maker-only(理論上限),2,168.0,3.0,
"H4 モメンタム(横断) {'lookback': 168, 'top_n': 3} hold=2",full,5279,-2.376655154076408,-2.172923386696222,0.20373176738018567,-2.9121639887447364,-2.662644363726087,-208.19499149709335,-152.4540096339491,0.1358211782534571,-15.998413609999103,0.986,H4 モメンタム(横断),maker-only(理論上限),2,168.0,3.0,
"H4 モメンタム(横断) {'lookback': 168, 'top_n': 3} hold=3",train,3168,-1.7109754093130582,-0.7898895507271994,0.9210858585858583,-2.152048240612295,-0.9942361023070018,-149.8814458558239,-75.31227248040871,0.09080387205387204,-8.698853175100004,0.90175,H4 モメンタム(横断),taker,3,168.0,3.0,
"H4 モメンタム(横断) {'lookback': 168, 'top_n': 3} hold=3",test,2063,-5.2946472201149115,-3.9966184594104366,1.2980287607044756,-6.313381049257593,-4.767688005029666,-463.81109648206626,-120.95918820770086,0.13216997899499108,-30.238473893999018,0.9985,H4 モメンタム(横断),taker,3,168.0,3.0,
"H4 モメンタム(横断) {'lookback': 168, 'top_n': 3} hold=3",full,5279,-3.2062115453266147,-2.138111526383633,1.0681000189429815,-3.9268685729257364,-2.6202618254504912,-280.8641313706114,-187.65250226184097,0.10709098945507355,-19.96537278498679,0.998,H4 モメンタム(横断),taker,3,168.0,3.0,
"H4 モメンタム(横断) {'lookback': 168, 'top_n': 3} hold=3",train,3168,-1.3185353840605325,-0.7898895507271994,0.5286458333333334,-1.6591288252443315,-0.9942361023070018,-115.50369964370265,-65.55018914707544,0.09080387205387204,-8.698853175100004,0.84625,H4 モメンタム(横断),half-maker,3,168.0,3.0,
"H4 モメンタム(横断) {'lookback': 168, 'top_n': 3} hold=3",test,2063,-4.744760324008918,-3.9966184594104366,0.7481418645984811,-5.6593697187449985,-4.767688005029666,-415.6410043831812,-110.45869261326051,0.13216997899499108,-30.238473893999018,0.9965,H4 モメンタム(横断),half-maker,3,168.0,3.0,
"H4 モメンタム(横断) {'lookback': 168, 'top_n': 3} hold=3",full,5279,-2.7524797779464287,-2.138111526383633,0.614368251562796,-3.372371063281696,-2.6202618254504912,-241.11722854810716,-165.70992333406767,0.10709098945507355,-19.96537278498679,0.99375,H4 モメンタム(横断),half-maker,3,168.0,3.0,
"H4 モメンタム(横断) {'lookback': 168, 'top_n': 3} hold=3",train,3168,-0.9260953588080074,-0.7898895507271994,0.13620580808080807,-1.165631140984996,-0.9942361023070018,-81.12595343158145,-55.78810581374209,0.09080387205387204,-8.698853175100004,0.7625,H4 モメンタム(横断),maker-only(理論上限),3,168.0,3.0,
"H4 モメンタム(横断) {'lookback': 168, 'top_n': 3} hold=3",test,2063,-4.194873427902924,-3.9966184594104366,0.19825496849248672,-5.00407207993977,-4.767688005029666,-367.4709122842961,-101.56715459935339,0.13216997899499108,-30.238473893999018,0.9915,H4 モメンタム(横断),maker-only(理論上限),3,168.0,3.0,
"H4 モメンタム(横断) {'lookback': 168, 'top_n': 3} hold=3",full,5279,-2.2987480105662437,-2.138111526383633,0.16063648418261034,-2.8170260887982534,-2.6202618254504912,-201.37032572560292,-143.93909000073387,0.10709098945507355,-19.96537278498679,0.98175,H4 モメンタム(横断),maker-only(理論上限),3,168.0,3.0,
"H4 モメンタム(横断) {'lookback': 168, 'top_n': 3} hold=6",train,3168,-1.1716580349403671,-0.5139349709673033,0.6577230639730639,-1.5375129969518555,-0.6749190392440866,-102.63724386077617,-61.45209094992653,0.06418350168350168,-8.007275350939757,0.83225,H4 モメンタム(横断),taker,6,168.0,3.0,
"H4 モメンタム(横断) {'lookback': 168, 'top_n': 3} hold=6",test,2063,-4.125021291868937,-3.25266711510371,0.8723541767652284,-4.978324916499878,-3.9281103440216203,-361.3518651677189,-104.39422215285028,0.08822103732428502,-36.869517903620626,0.9925,H4 モメンタム(横断),taker,6,168.0,3.0,
"H4 モメンタム(横断) {'lookback': 168, 'top_n': 3} hold=6",full,5279,-2.4062795677284994,-1.6634621149280948,0.7428174528004039,-3.0317159416867896,-2.097291342491387,-210.79009013301655,-152.3261542915058,0.07381448506661614,-22.535713870073774,0.98775,H4 モメンタム(横断),taker,6,168.0,3.0,
"H4 モメンタム(横断) {'lookback': 168, 'top_n': 3} hold=6",train,3168,-0.8909341292164615,-0.5139349709673033,0.3769991582491582,-1.1696273871824465,-0.6749190392440866,-78.04582971936203,-54.38709094992659,0.06418350168350168,-8.007275350939757,0.7685,H4 モメンタム(横断),half-maker,6,168.0,3.0,
"H4 モメンタム(横断) {'lookback': 168, 'top_n': 3} hold=6",test,2063,-3.755009981479538,-3.25266711510371,0.502342866375828,-4.5335177961629345,-3.9281103440216203,-328.93887437760753,-98.32422139280351,0.08822103732428502,-36.869517903620626,0.9865,H4 モメンタム(横断),half-maker,6,168.0,3.0,
"H4 モメンタム(横断) {'lookback': 168, 'top_n': 3} hold=6",full,5279,-2.090231705128259,-1.6634621149280948,0.4267695902001642,-2.634575069006009,-2.097291342491387,-183.1042973692355,-137.3088716854545,0.07381448506661614,-22.535713870073774,0.9745,H4 モメンタム(横断),half-maker,6,168.0,3.0,
"H4 モメンタム(横断) {'lookback': 168, 'top_n': 3} hold=6",train,3168,-0.6102102234925556,-0.5139349709673033,0.09627525252525253,-0.8013106019067028,-0.6749190392440866,-53.45441557794787,-47.48029807124603,0.06418350168350168,-8.007275350939757,0.697,H4 モメンタム(横断),maker-only(理論上限),6,168.0,3.0,
"H4 モメンタム(横断) {'lookback': 168, 'top_n': 3} hold=6",test,2063,-3.3849986710901367,-3.25266711510371,0.1323315559864275,-4.08769708203866,-3.9281103440216203,-296.52588358749597,-93.1967213928036,0.08822103732428502,-36.869517903620626,0.9775,H4 モメンタム(横断),maker-only(理論上限),6,168.0,3.0,
"H4 モメンタム(横断) {'lookback': 168, 'top_n': 3} hold=6",full,5279,-1.7741838425280192,-1.6634621149280948,0.11072172759992423,-2.2367729310062794,-2.097291342491387,-155.4185046054545,-122.29178835212109,0.07381448506661614,-22.535713870073774,0.94925,H4 モメンタム(横断),maker-only(理論上限),6,168.0,3.0,
"H4 モメンタム(横断) {'lookback': 168, 'top_n': 3} hold=12",train,3168,-1.1586680200075181,-0.6868666732061711,0.4718013468013467,-1.5874833070810133,-0.9417852357397778,-101.4993185526586,-63.270219625026705,0.045664983164983165,-15.041430557952651,0.843,H4 モメンタム(横断),taker,12,168.0,3.0,
"H4 モメンタム(横断) {'lookback': 168, 'top_n': 3} hold=12",test,2063,-3.8825335751626153,-3.257351801047249,0.6251817741153659,-4.715193343631413,-3.9592295673348046,-340.1099411842451,-103.06348580661286,0.06253029568589433,-52.092378027600574,0.99,H4 モメンタム(横断),taker,12,168.0,3.0,
"H4 モメンタム(横断) {'lookback': 168, 'top_n': 3} hold=12",full,5279,-2.2687570900285556,-1.7377063859810713,0.5310507040474837,-2.9319669237003847,-2.247411959607706,-198.74312108650147,-140.037258772529,0.05221948601376523,-33.27697223069193,0.985,H4 モメンタム(横断),taker,12,168.0,3.0,
"H4 モメンタム(横断) {'lookback': 168, 'top_n': 3} hold=12",train,3168,-0.9570160839805822,-0.6868666732061711,0.27014941077441074,-1.3117568953557266,-0.9417852357397778,-83.834608956699,-58.270636291693336,0.045664983164983165,-15.041430557952651,0.7955,H4 モメンタム(横断),half-maker,12,168.0,3.0,
"H4 モメンタム(横断) {'lookback': 168, 'top_n': 3} hold=12",test,2063,-3.616840409869352,-3.257351801047249,0.3594886088221037,-4.394554840488875,-3.9592295673348046,-316.83521990455523,-99.0326524732795,0.06253029568589433,-52.092378027600574,0.98325,H4 モメンタム(横断),half-maker,12,168.0,3.0,
"H4 モメンタム(横断) {'lookback': 168, 'top_n': 3} hold=12",full,5279,-2.042396352515137,-1.7377063859810713,0.30468996653406577,-2.6405738905992657,-2.247411959607706,-178.91392048032603,-129.47017543919557,0.05221948601376523,-33.27697223069193,0.97175,H4 モメンタム(横断),half-maker,12,168.0,3.0,
"H4 モメンタム(横断) {'lookback': 168, 'top_n': 3} hold=12",train,3168,-0.755364147953646,-0.6868666732061711,0.06849747474747474,-1.0356412080198356,-0.9417852357397778,-66.1698993607394,-53.27105295836001,0.045664983164983165,-15.041430557952651,0.74125,H4 モメンタム(横断),maker-only(理論上限),12,168.0,3.0,
"H4 モメンタム(横断) {'lookback': 168, 'top_n': 3} hold=12",test,2063,-3.3511472445760906,-3.257351801047249,0.09379544352884149,-4.07295237818933,-3.9592295673348046,-293.56049862486555,-95.00181913994614,0.06253029568589433,-52.092378027600574,0.97325,H4 モメンタム(横断),maker-only(理論上限),12,168.0,3.0,
"H4 モメンタム(横断) {'lookback': 168, 'top_n': 3} hold=12",full,5279,-1.8160356150017192,-1.7377063859810713,0.07832922902064784,-2.3485690533490162,-2.247411959607706,-159.0847198741506,-118.9030921058623,0.05221948601376523,-33.27697223069193,0.95625,H4 モメンタム(横断),maker-only(理論上限),12,168.0,3.0,
"H4 モメンタム(横断) {'lookback': 168, 'top_n': 3} hold=24",train,3168,-0.24419771588571662,0.0900299777169767,0.33422769360269355,-0.35404230142559956,0.13061121588954286,-21.391719911588776,-44.3646658209948,0.03125,2.8809592869432543,0.5855,H4 モメンタム(横断),taker,24,168.0,3.0,
"H4 モメンタム(横断) {'lookback': 168, 'top_n': 3} hold=24",test,2063,-2.688301889433576,-2.2738165121513005,0.41448537728227497,-3.4567058619542697,-2.9267238454845312,-235.49524551438128,-84.95802174179804,0.04087897883341412,-55.62312408578814,0.94075,H4 モメンタム(横断),taker,24,168.0,3.0,
"H4 モメンタム(横断) {'lookback': 168, 'top_n': 3} hold=24",full,5279,-1.2337038239265024,-0.8679306345598297,0.36577318936667297,-1.6853083119265315,-1.186578829077423,-108.0724549759616,-99.5693279412611,0.03504451600681947,-24.766517945088328,0.8915,H4 モメンタム(横断),taker,24,168.0,3.0,
"H4 モメンタム(横断) {'lookback': 168, 'top_n': 3} hold=24",train,3168,-0.1005213690843701,0.0900299777169767,0.1905513468013468,-0.14579273475615168,0.13061121588954286,-8.80567193179082,-40.69508248766147,0.03125,2.8809592869432543,0.53375,H4 モメンタム(横断),half-maker,24,168.0,3.0,
"H4 モメンタム(横断) {'lookback': 168, 'top_n': 3} hold=24",test,2063,-2.5117184349174986,-2.2738165121513005,0.2379019227661981,-3.2313639103240996,-2.9267238454845312,-220.0265348987729,-82.38843840846475,0.04087897883341412,-55.62312408578814,0.9275,H4 モメンタム(横断),half-maker,24,168.0,3.0,
"H4 モメンタム(横断) {'lookback': 168, 'top_n': 3} hold=24",full,5279,-1.0771006162482804,-0.8679306345598297,0.2091699816884511,-1.472019733946775,-1.186578829077423,-94.35401398334936,-92.25849460792779,0.03504451600681947,-24.766517945088328,0.85925,H4 モメンタム(横断),half-maker,24,168.0,3.0,
"H4 モメンタム(横断) {'lookback': 168, 'top_n': 3} hold=24",train,3168,0.04315497771697669,0.0900299777169767,0.04687499999999999,0.06260398321524503,0.13061121588954286,3.7803760480071578,-37.02549915432813,0.03125,2.8809592869432543,0.4885,H4 モメンタム(横断),maker-only(理論上限),24,168.0,3.0,
"H4 モメンタム(横断) {'lookback': 168, 'top_n': 3} hold=24",test,2063,-2.3351349804014223,-2.2738165121513005,0.06131846825012118,-3.005321931004693,-2.9267238454845312,-204.55782428316462,-79.81885507513128,0.04087897883341412,-55.62312408578814,0.912,H4 モメンタム(横断),maker-only(理論上限),24,168.0,3.0,
"H4 モメンタム(横断) {'lookback': 168, 'top_n': 3} hold=24",full,5279,-0.9204974085700587,-0.8679306345598297,0.05256677401022921,-1.2583503240645482,-1.186578829077423,-80.63557299073713,-84.94766127459438,0.03504451600681947,-24.766517945088328,0.819,H4 モメンタム(横断),maker-only(理論上限),24,168.0,3.0,
"H4 モメンタム(横断) {'lookback': 168, 'top_n': 5} hold=1",train,3168,-1.9062002193570522,-0.4494451688520016,1.4567550505050506,-3.347063392274013,-0.7888863158542816,-166.98313921567777,-73.1322252816377,0.1446338383838384,-3.1074689980862966,0.972,H4 モメンタム(横断),taker,1,168.0,5.0,
"H4 モメンタム(横断) {'lookback': 168, 'top_n': 5} hold=1",test,2063,-4.447138756954892,-2.488825620745489,1.9583131362094037,-7.405354543559192,-4.146817658785837,-389.5693551092486,-98.51704421925945,0.2010664081434804,-12.378127424295911,0.9995,H4 モメンタム(横断),taker,1,168.0,5.0,
"H4 モメンタム(横断) {'lookback': 168, 'top_n': 5} hold=1",full,5279,-2.972703226220219,-1.3185262987718387,1.6541769274483804,-5.081406461748122,-2.254235627166346,-260.4088026168912,-164.04985390726404,0.16692555408221255,-7.898888256033292,0.99975,H4 モメンタム(横断),taker,1,168.0,5.0,
"H4 モメンタム(横断) {'lookback': 168, 'top_n': 5} hold=1",train,3168,-1.2862980728924058,-0.4494451688520016,0.836852904040404,-2.2584636464184147,-0.7888863158542816,-112.67971118537477,-56.26178149902411,0.1446338383838384,-3.1074689980862966,0.898,H4 モメンタム(横断),half-maker,1,168.0,5.0,
"H4 モメンタム(横断) {'lookback': 168, 'top_n': 5} hold=1",test,2063,-3.6187819949578013,-2.488825620745489,1.129956374212312,-6.028086967157713,-4.146817658785837,-317.0053027583034,-84.49854003626669,0.2010664081434804,-12.378127424295911,0.99775,H4 モメンタム(横断),half-maker,1,168.0,5.0,
"H4 モメンタム(横断) {'lookback': 168, 'top_n': 5} hold=1",full,5279,-2.2708089280576886,-1.3185262987718387,0.9522826292858495,-3.8823032064272978,-2.254235627166346,-198.92286209785354,-128.5591601246498,0.16692555408221255,-7.898888256033292,0.99775,H4 モメンタム(横断),half-maker,1,168.0,5.0,
"H4 モメンタム(横断) {'lookback': 168, 'top_n': 5} hold=1",train,3168,-0.6663959264277595,-0.4494451688520016,0.21695075757575755,-1.1697894576349246,-0.7888863158542816,-58.37628315507173,-41.15503149902414,0.1446338383838384,-3.1074689980862966,0.73725,H4 モメンタム(横断),maker-only(理論上限),1,168.0,5.0,
"H4 モメンタム(横断) {'lookback': 168, 'top_n': 5} hold=1",test,2063,-2.79042523296071,-2.488825620745489,0.30159961221522047,-4.6491384705048615,-4.146817658785837,-244.4412504073582,-71.0385400362667,0.2010664081434804,-12.378127424295911,0.9905,H4 モメンタム(横断),maker-only(理論上限),1,168.0,5.0,
"H4 モメンタム(横断) {'lookback': 168, 'top_n': 5} hold=1",full,5279,-1.5689146298951575,-1.3185262987718387,0.25038833112331876,-2.682340487475803,-2.254235627166346,-137.4369215788158,-94.83216012465012,0.16692555408221255,-7.898888256033292,0.97825,H4 モメンタム(横断),maker-only(理論上限),1,168.0,5.0,
"H4 モメンタム(横断) {'lookback': 168, 'top_n': 5} hold=2",train,3168,-1.6110382170579496,-0.5693873332195656,1.041650883838384,-2.8943547662079254,-1.0230452125890532,-141.1269478142764,-65.15530162919664,0.10202020202020204,-5.581123365221483,0.948,H4 モメンタム(横断),taker,2,168.0,5.0,
"H4 モメンタム(横断) {'lookback': 168, 'top_n': 5} hold=2",test,2063,-3.161230181964178,-1.8037895615085302,1.357440620455647,-5.359810604466174,-3.0603303568403084,-276.923763940062,-76.51522656844539,0.1380513814832768,-13.066073965562138,0.9955,H4 モメンタム(横断),taker,2,168.0,5.0,
"H4 モメンタム(横断) {'lookback': 168, 'top_n': 5} hold=2",full,5279,-2.287710114012439,-1.1226409721295063,1.1650691418829324,-3.998697856569402,-1.9630092760221138,-200.4034059874897,-131.8997014843877,0.11615836332638758,-9.66474509437649,0.999,H4 モメンタム(横断),taker,2,168.0,5.0,
"H4 モメンタム(横断) {'lookback': 168, 'top_n': 5} hold=2",train,3168,-1.166727926653909,-0.5693873332195656,0.5973405934343434,-2.0964940108524615,-1.0230452125890532,-102.20536637488244,-53.95546210462386,0.10202020202020204,-5.581123365221483,0.88325,H4 モメンタム(横断),half-maker,2,168.0,5.0,
"H4 モメンタム(横断) {'lookback': 168, 'top_n': 5} hold=2",test,2063,-2.586048407848811,-1.8037895615085302,0.7822588463402813,-4.3864901017833775,-3.0603303568403084,-226.53784052755586,-67.26924955743654,0.1380513814832768,-13.066073965562138,0.98625,H4 モメンタム(横断),half-maker,2,168.0,5.0,
"H4 モメンタム(横断) {'lookback': 168, 'top_n': 5} hold=2",full,5279,-1.7922943155657631,-1.1226409721295063,0.6696533434362568,-3.1337041378911614,-1.9630092760221138,-157.00498204356086,-107.61313494880598,0.11615836332638758,-9.66474509437649,0.99175,H4 モメンタム(横断),half-maker,2,168.0,5.0,
"H4 モメンタム(横断) {'lookback': 168, 'top_n': 5} hold=2",train,3168,-0.7224176362498687,-0.5693873332195656,0.153030303030303,-1.2980813413495687,-1.0230452125890532,-63.2837849354885,-43.86568101998667,0.10202020202020204,-5.581123365221483,0.7665,H4 モメンタム(横断),maker-only(理論上限),2,168.0,5.0,
"H4 モメンタム(横断) {'lookback': 168, 'top_n': 5} hold=2",test,2063,-2.0108666337334453,-1.8037895615085302,0.20707707222491514,-3.4116172148376296,-3.0603303568403084,-176.15191711504983,-58.0577495574365,0.1380513814832768,-13.066073965562138,0.961,H4 モメンタム(横断),maker-only(理論上限),2,168.0,5.0,
"H4 モメンタム(横断) {'lookback': 168, 'top_n': 5} hold=2",full,5279,-1.2968785171190875,-1.1226409721295063,0.17423754498958133,-2.267722393490046,-1.9630092760221138,-113.60655809963207,-84.47110386416878,0.11615836332638758,-9.66474509437649,0.95675,H4 モメンタム(横断),maker-only(理論上限),2,168.0,5.0,
"H4 モメンタム(横断) {'lookback': 168, 'top_n': 5} hold=3",train,3168,-1.3087420896641073,-0.48800345330047096,0.8207386363636365,-2.3589343828224574,-0.8801414316325978,-114.64580705457578,-52.72464668926708,0.07973484848484849,-6.120328345431084,0.9105,H4 モメンタム(横断),taker,3,168.0,5.0,
"H4 モメンタム(横断) {'lookback': 168, 'top_n': 5} hold=3",test,2063,-3.4807348440455645,-2.349300040361609,1.1314348036839554,-5.901385348718759,-3.9851622388183334,-304.9123723383915,-79.32940398020912,0.11400872515753757,-20.60631795606292,0.99825,H4 モメンタム(横断),taker,3,168.0,5.0,
"H4 モメンタム(横断) {'lookback': 168, 'top_n': 5} hold=3",full,5279,-2.2235380601118,-1.2807269216386041,0.9428111384731958,-3.8924869256842003,-2.2432995690743134,-194.7819340657937,-124.22691412124216,0.09327524152301572,-13.730620266714446,0.99775,H4 モメンタム(横断),taker,3,168.0,5.0,
"H4 モメンタム(横断) {'lookback': 168, 'top_n': 5} hold=3",train,3168,-0.9581739078459255,-0.48800345330047096,0.4701704545454546,-1.7277260832188617,-0.8801414316325978,-83.93603432730306,-42.88289668926705,0.07973484848484849,-6.120328345431084,0.8395,H4 モメンタム(横断),half-maker,3,168.0,5.0,
"H4 モメンタム(横断) {'lookback': 168, 'top_n': 5} hold=3",test,2063,-3.00052398607174,-2.349300040361609,0.6512239457101309,-5.089067302830161,-3.9851622388183334,-262.8459011798844,-71.28890398020906,0.11400872515753757,-20.60631795606292,0.993,H4 モメンタム(横断),half-maker,3,168.0,5.0,
"H4 モメンタム(横断) {'lookback': 168, 'top_n': 5} hold=3",full,5279,-1.8220889220174639,-1.2807269216386041,0.5413620003788596,-3.1909150512662094,-2.2432995690743134,-159.6149895687298,-103.26116412124169,0.09327524152301572,-13.730620266714446,0.9925,H4 モメンタム(横断),half-maker,3,168.0,5.0,
"H4 モメンタム(横断) {'lookback': 168, 'top_n': 5} hold=3",train,3168,-0.6076057260277437,-0.48800345330047096,0.11960227272727272,-1.0958112199196945,-0.8801414316325978,-53.22626160003034,-33.041146689267116,0.07973484848484849,-6.120328345431084,0.73325,H4 モメンタム(横断),maker-only(理論上限),3,168.0,5.0,
"H4 モメンタム(横断) {'lookback': 168, 'top_n': 5} hold=3",test,2063,-2.5203131280979156,-2.349300040361609,0.1710130877363063,-4.275169362148159,-3.9851622388183334,-220.7794300213774,-63.32383692701645,0.11400872515753757,-20.60631795606292,0.982,H4 モメンタム(横断),maker-only(理論上限),3,168.0,5.0,
"H4 モメンタム(横断) {'lookback': 168, 'top_n': 5} hold=3",full,5279,-1.4206397839231277,-1.2807269216386041,0.13991286228452354,-2.4882924187211057,-2.2432995690743134,-124.448045071666,-82.37084706804907,0.09327524152301572,-13.730620266714446,0.969,H4 モメンタム(横断),maker-only(理論上限),3,168.0,5.0,
"H4 モメンタム(横断) {'lookback': 168, 'top_n': 5} hold=6",train,3168,-1.1925235348472043,-0.5959957570694264,0.5965277777777778,-2.189700189036158,-1.0954025605275635,-104.46506165261509,-50.71181393533002,0.05719696969696969,-10.420058269293284,0.90325,H4 モメンタム(横断),taker,6,168.0,5.0,
"H4 モメンタム(横断) {'lookback': 168, 'top_n': 5} hold=6",test,2063,-2.98151250292643,-2.2002231185347667,0.7812893843916625,-5.09772677689714,-3.764924452018424,-261.18049525635524,-73.0366117031048,0.07833252544837616,-28.08824439070064,0.9925,H4 モメンタム(横断),taker,6,168.0,5.0,
"H4 モメンタム(横断) {'lookback': 168, 'top_n': 5} hold=6",full,5279,-1.9680954486033562,-1.2984326336762868,0.6696628149270696,-3.4924728823506404,-2.3061703043785653,-172.405161297654,-112.09918665585117,0.0656184883500663,-19.787603559980138,0.995,H4 モメンタム(横断),taker,6,168.0,5.0,
"H4 モメンタム(横断) {'lookback': 168, 'top_n': 5} hold=6",train,3168,-0.9371573732310423,-0.5959957570694264,0.34116161616161617,-1.7217224118187653,-1.0954025605275635,-82.0949858950393,-45.05831393532997,0.05719696969696969,-10.420058269293284,0.84825,H4 モメンタム(横断),half-maker,6,168.0,5.0,
"H4 モメンタム(横断) {'lookback': 168, 'top_n': 5} hold=6",test,2063,-2.6496172048168805,-2.2002231185347667,0.4493940862821134,-4.532529347530213,-3.764924452018424,-232.10646714195872,-68.4026117031048,0.07833252544837616,-28.08824439070064,0.98675,H4 モメンタム(横断),half-maker,6,168.0,5.0,
"H4 モメンタム(横断) {'lookback': 168, 'top_n': 5} hold=6",full,5279,-1.682477907402371,-1.2984326336762868,0.38404527372608455,-2.98718045171473,-2.3061703043785653,-147.3850646884477,-98.95518665585121,0.0656184883500663,-19.787603559980138,0.9875,H4 モメンタム(横断),half-maker,6,168.0,5.0,
"H4 モメンタム(横断) {'lookback': 168, 'top_n': 5} hold=6",train,3168,-0.6817912116148808,-0.5959957570694264,0.08579545454545454,-1.2529767516482027,-1.0954025605275635,-59.72491013746356,-39.40481393532998,0.05719696969696969,-10.420058269293284,0.777,H4 モメンタム(横断),maker-only(理論上限),6,168.0,5.0,
"H4 モメンタム(横断) {'lookback': 168, 'top_n': 5} hold=6",test,2063,-2.317721906707331,-2.2002231185347667,0.1174987881725642,-3.9658468523457304,-3.764924452018424,-203.0324390275622,-63.99564842656444,0.07833252544837616,-28.08824439070064,0.97825,H4 モメンタム(横断),maker-only(理論上限),6,168.0,5.0,
"H4 モメンタム(横断) {'lookback': 168, 'top_n': 5} hold=6",full,5279,-1.3968603662013859,-1.2984326336762868,0.09842773252509944,-2.480822288899633,-2.3061703043785653,-122.3649680792414,-86.03822337931079,0.0656184883500663,-19.787603559980138,0.9675,H4 モメンタム(横断),maker-only(理論上限),6,168.0,5.0,
"H4 モメンタム(横断) {'lookback': 168, 'top_n': 5} hold=12",train,3168,-0.9931448216659108,-0.5693600994436887,0.4237847222222223,-1.8782407283769473,-1.0773974246905045,-86.99948637793379,-51.47232530745141,0.0398989898989899,-14.270037935424096,0.868,H4 モメンタム(横断),taker,12,168.0,5.0,
"H4 モメンタム(横断) {'lookback': 168, 'top_n': 5} hold=12",test,2063,-2.510571447931946,-1.945084293302765,0.5654871546291809,-4.3250983461198595,-3.3550044089470235,-219.92605883883846,-68.03051548234762,0.05613184682501213,-34.65206301453889,0.986,H4 モメンタム(横断),taker,12,168.0,5.0,
"H4 モメンタム(横断) {'lookback': 168, 'top_n': 5} hold=12",full,5279,-1.6106837637606164,-1.1313789711862654,0.4793047925743512,-2.916574471764838,-2.050358182941572,-141.09589770543,-94.59883320674567,0.04629664709225232,-24.437600609215608,0.98525,H4 モメンタム(横断),taker,12,168.0,5.0,
"H4 モメンタム(横断) {'lookback': 168, 'top_n': 5} hold=12",train,3168,-0.811176702979042,-0.5693600994436887,0.24181660353535353,-1.5346974434377354,-1.0773974246905045,-71.05907918096406,-47.032825307451375,0.0398989898989899,-14.270037935424096,0.82025,H4 モメンタム(横断),half-maker,12,168.0,5.0,
"H4 モメンタム(横断) {'lookback': 168, 'top_n': 5} hold=12",test,2063,-2.2699267557361145,-1.945084293302765,0.3248424624333494,-3.913263324780468,-3.3550044089470235,-198.84558380248362,-64.97276548234761,0.05613184682501213,-34.65206301453889,0.97675,H4 モメンタム(横断),half-maker,12,168.0,5.0,
"H4 モメンタム(横断) {'lookback': 168, 'top_n': 5} hold=12",full,5279,-1.40575385279263,-1.1313789711862654,0.2743748816063648,-2.546789285402416,-2.050358182941572,-123.14403750463441,-85.11658320674556,0.04629664709225232,-24.437600609215608,0.9725,H4 モメンタム(横断),half-maker,12,168.0,5.0,
"H4 モメンタム(横断) {'lookback': 168, 'top_n': 5} hold=12",train,3168,-0.6292085842921733,-0.5693600994436887,0.05984848484848484,-1.190618667108461,-1.0773974246905045,-55.11867198399438,-42.593325307451394,0.0398989898989899,-14.270037935424096,0.76375,H4 モメンタム(横断),maker-only(理論上限),12,168.0,5.0,
"H4 モメンタム(横断) {'lookback': 168, 'top_n': 5} hold=12",test,2063,-2.029282063540283,-1.945084293302765,0.08419777023751816,-3.499965798516901,-3.3550044089470235,-177.7651087661288,-61.91501548234759,0.05613184682501213,-34.65206301453889,0.96525,H4 モメンタム(横断),maker-only(理論上限),12,168.0,5.0,
"H4 モメンタム(横断) {'lookback': 168, 'top_n': 5} hold=12",full,5279,-1.2008239418246438,-1.1313789711862654,0.06944497063837848,-2.1761162156371814,-2.050358182941572,-105.19217730383879,-75.63433320674562,0.04629664709225232,-24.437600609215608,0.94725,H4 モメンタム(横断),maker-only(理論上限),12,168.0,5.0,
"H4 モメンタム(横断) {'lookback': 168, 'top_n': 5} hold=24",train,3168,-0.15268281835661837,0.13641124729994727,0.28909406565656565,-0.3060021179974311,0.2734682202556534,-13.375014888039768,-40.0290248386133,0.026578282828282826,5.132432677508706,0.587,H4 モメンタム(横断),taker,24,168.0,5.0,
"H4 モメンタム(横断) {'lookback': 168, 'top_n': 5} hold=24",test,2063,-1.828350761805716,-1.455883481146482,0.3724672806592342,-3.356693176946244,-2.6771263914634407,-160.16352673418072,-54.51411078909889,0.036839554047503636,-39.519573968489375,0.9425,H4 モメンタム(横断),taker,24,168.0,5.0,
"H4 モメンタム(横断) {'lookback': 168, 'top_n': 5} hold=24",full,5279,-0.8227627864854761,-0.4997470638107271,0.32301572267474904,-1.5813485263687415,-0.9612807904580832,-72.0740200961277,-67.65453392080516,0.030763402159499905,-16.24485683409377,0.887,H4 モメンタム(横断),taker,24,168.0,5.0,
"H4 モメンタム(横断) {'lookback': 168, 'top_n': 5} hold=24",train,3168,-0.028069497649547887,0.13641124729994727,0.16448074494949494,-0.05627082536870678,0.2734682202556534,-2.4588879941003947,-37.2142748386133,0.026578282828282826,5.132432677508706,0.5295,H4 モメンタム(横断),half-maker,24,168.0,5.0,
"H4 モメンタム(横断) {'lookback': 168, 'top_n': 5} hold=24",test,2063,-1.6697467870117264,-1.455883481146482,0.21386330586524477,-3.0680743695034556,-2.6771263914634407,-146.26981854222726,-52.27261078909894,0.036839554047503636,-39.519573968489375,0.9245,H4 モメンタム(横断),half-maker,24,168.0,5.0,
"H4 モメンタム(横断) {'lookback': 168, 'top_n': 5} hold=24",full,5279,-0.6843274767677265,-0.4997470638107271,0.18458041295699945,-1.3159206449155512,-0.9612807904580832,-59.94708696485284,-61.5917839208052,0.030763402159499905,-16.24485683409377,0.84025,H4 モメンタム(横断),half-maker,24,168.0,5.0,
"H4 モメンタム(横断) {'lookback': 168, 'top_n': 5} hold=24",train,3168,0.096543823057523,0.13641124729994727,0.039867424242424246,0.1935470528688354,0.2734682202556534,8.457238899839014,-34.39952483861329,0.026578282828282826,5.132432677508706,0.46975,H4 モメンタム(横断),maker-only(理論上限),24,168.0,5.0,
"H4 モメンタム(横断) {'lookback': 168, 'top_n': 5} hold=24",test,2063,-1.5111428122177377,-1.455883481146482,0.055259331071255455,-2.7782997921956922,-2.6771263914634407,-132.37611035027385,-50.03111078909893,0.036839554047503636,-39.519573968489375,0.90775,H4 モメンタム(横断),maker-only(理論上限),24,168.0,5.0,
"H4 モメンタム(横断) {'lookback': 168, 'top_n': 5} hold=24",full,5279,-0.5458921670499769,-0.4997470638107271,0.046145103239249856,-1.049985570263007,-0.9612807904580832,-47.82015383357797,-55.52903392080519,0.030763402159499905,-16.24485683409377,0.7915,H4 モメンタム(横断),maker-only(理論上限),24,168.0,5.0,
"H5 BTCリードラグ(横断) {'lookback': 1, 'top_n': 3} hold=1",train,3168,-13.832934711421952,-1.0542888780886188,12.778645833333334,-15.879780161637653,-1.2160678016697417,-1211.765080720563,-446.13412314881344,1.3494318181818181,-0.7812835475519869,1.0,H5 BTCリードラグ(横断),taker,1,1.0,3.0,
"H5 BTCリードラグ(横断) {'lookback': 1, 'top_n': 3} hold=1",test,2063,-10.798925281980669,5.316642661144227,16.115567943124898,-12.306359126289989,6.066957694277219,-945.9858547015067,-227.6967170504503,1.710615608337373,3.1080288495155965,1.0,H5 BTCリードラグ(横断),taker,1,1.0,3.0,
"H5 BTCリードラグ(横断) {'lookback': 1, 'top_n': 3} hold=1",full,5279,-12.808853986568984,1.3005575181351883,14.109411504704171,-14.53978454239668,1.4803576275859227,-1122.055609223443,-676.7054350029429,1.4934646713392687,0.8708324629928538,1.0,H5 BTCリードラグ(横断),taker,1,1.0,3.0,
"H5 BTCリードラグ(横断) {'lookback': 1, 'top_n': 3} hold=1",train,3168,-8.455685658391648,-1.0542888780886188,7.40139678030303,-9.73474019073525,-1.2160678016697417,-740.7180636751083,-279.0071342752163,1.3494318181818181,-0.7812835475519869,1.0,H5 BTCリードラグ(横断),half-maker,1,1.0,3.0,
"H5 BTCリードラグ(横断) {'lookback': 1, 'top_n': 3} hold=1",test,2063,-4.024103016671251,5.316642661144227,9.340745677815478,-4.589236298923403,6.066957694277219,-352.5114242604016,-93.44681530940234,1.710615608337373,3.1080288495155965,0.98925,H5 BTCリードラグ(横断),half-maker,1,1.0,3.0,
"H5 BTCリードラグ(横断) {'lookback': 1, 'top_n': 3} hold=1",full,5279,-6.874246737721349,1.3005575181351883,8.174804255856538,-7.8170956118554225,1.4803576275859227,-602.1840142243902,-364.463544388295,1.4934646713392687,0.8708324629928538,1.0,H5 BTCリードラグ(横断),half-maker,1,1.0,3.0,
"H5 BTCリードラグ(横断) {'lookback': 1, 'top_n': 3} hold=1",train,3168,-3.078436605361347,-1.0542888780886188,2.0241477272727275,-3.5498352812686385,-1.2160678016697417,-269.671046629654,-119.03975457561408,1.3494318181818181,-0.7812835475519869,0.97625,H5 BTCリードラグ(横断),maker-only(理論上限),1,1.0,3.0,
"H5 BTCリードラグ(横断) {'lookback': 1, 'top_n': 3} hold=1",test,2063,2.750719248638169,5.316642661144227,2.5659234125060593,3.138614714873598,6.066957694277219,240.9630061807036,-26.165976627113647,1.710615608337373,3.1080288495155965,0.06275,H5 BTCリードラグ(横断),maker-only(理論上限),1,1.0,3.0,
"H5 BTCリードラグ(横断) {'lookback': 1, 'top_n': 3} hold=1",full,5279,-0.9396394888737154,1.3005575181351883,2.240197007008904,-1.0694605032518858,1.4803576275859227,-82.31241922533748,-120.08157325874755,1.4934646713392687,0.8708324629928538,0.796,H5 BTCリードラグ(横断),maker-only(理論上限),1,1.0,3.0,
"H5 BTCリードラグ(横断) {'lookback': 1, 'top_n': 3} hold=2",train,3168,-6.424859157191143,0.02910759365060621,6.453966750841751,-7.673772166938825,0.03502714235753915,-562.8176621699441,-218.22866358057965,0.6791877104377105,0.042856478707259706,1.0,H5 BTCリードラグ(横断),taker,2,1.0,3.0,
"H5 BTCリードラグ(横断) {'lookback': 1, 'top_n': 3} hold=2",test,2063,-2.429193438070919,5.682496657259506,8.111690095330424,-2.904637610271934,6.842784111486673,-212.79734517501248,-64.50711328168056,0.8613669413475521,6.597068432147642,0.9295,H5 BTCリードラグ(横断),taker,2,1.0,3.0,
"H5 BTCリードラグ(横断) {'lookback': 1, 'top_n': 3} hold=2",full,5279,-4.882602992065702,2.234038417292132,7.1166414093578325,-5.771447054579298,2.6593101930442637,-427.71602210495547,-260.31070636729845,0.7521626570688893,2.970153325609091,1.0,H5 BTCリードラグ(横断),taker,2,1.0,3.0,
"H5 BTCリードラグ(横断) {'lookback': 1, 'top_n': 3} hold=2",train,3168,-3.707266564598552,0.02910759365060621,3.736374158249158,-4.447954162889182,0.03502714235753915,-324.75655105883317,-136.34008505418848,0.6791877104377105,0.042856478707259706,0.99325,H5 BTCリードラグ(横断),half-maker,2,1.0,3.0,
"H5 BTCリードラグ(横断) {'lookback': 1, 'top_n': 3} hold=2",test,2063,0.980626403583629,5.682496657259506,4.701870253675876,1.1776304775618922,6.842784111486673,85.9028729539259,-32.66081944100169,0.8613669413475521,6.597068432147642,0.28525,H5 BTCリードラグ(横断),half-maker,2,1.0,3.0,
"H5 BTCリードラグ(横断) {'lookback': 1, 'top_n': 3} hold=2",full,5279,-1.8884042801884517,2.234038417292132,4.122442697480583,-2.241783116446051,2.6593101930442637,-165.42421494450838,-136.34008505418848,0.7521626570688893,2.970153325609091,0.95725,H5 BTCリードラグ(横断),half-maker,2,1.0,3.0,
"H5 BTCリードラグ(横断) {'lookback': 1, 'top_n': 3} hold=2",train,3168,-0.9896739720059599,0.02910759365060621,1.0187815656565655,-1.190539417564157,0.03502714235753915,-86.6954399477221,-59.81392914660888,0.6791877104377105,0.042856478707259706,0.75,H5 BTCリードラグ(横断),maker-only(理論上限),2,1.0,3.0,
"H5 BTCリードラグ(横断) {'lookback': 1, 'top_n': 3} hold=2",test,2063,4.390446245238176,5.682496657259506,1.2920504120213279,5.284663675473627,6.842784111486673,384.60309108286424,-15.892901239632174,0.8613669413475521,6.597068432147642,0.00775,H5 BTCリードラグ(横断),maker-only(理論上限),2,1.0,3.0,
"H5 BTCリードラグ(横断) {'lookback': 1, 'top_n': 3} hold=2",full,5279,1.1057944316887967,2.234038417292132,1.1282439856033337,1.3158593628923656,2.6593101930442637,96.86759221593859,-59.81392914660888,0.7521626570688893,2.970153325609091,0.16525,H5 BTCリードラグ(横断),maker-only(理論上限),2,1.0,3.0,
"H5 BTCリードラグ(横断) {'lookback': 1, 'top_n': 3} hold=3",train,3168,-6.26861898300082,-1.9339704139772522,4.334648569023568,-7.583314090166154,-2.362779916521306,-549.1310229108719,-207.4673628223878,0.45454545454545453,-4.254734910749955,1.0,H5 BTCリードラグ(横断),taker,3,1.0,3.0,
"H5 BTCリードラグ(横断) {'lookback': 1, 'top_n': 3} hold=3",test,2063,-1.0451756899104068,4.408209348060186,5.453385037970592,-1.2865552652007275,5.4485187045819075,-91.55739043615164,-46.65039967850012,0.5794150912910001,7.608033367301867,0.76475,H5 BTCリードラグ(横断),taker,3,1.0,3.0,
"H5 BTCリードラグ(横断) {'lookback': 1, 'top_n': 3} hold=3",full,5279,-4.551940710175057,0.22821020224522415,4.7801509124202815,-5.4859379958177135,0.2770509984361428,-398.750006211335,-247.03888599982912,0.5042621708656942,0.45256260618051775,1.0,H5 BTCリードラグ(横断),taker,3,1.0,3.0,
"H5 BTCリードラグ(横断) {'lookback': 1, 'top_n': 3} hold=3",train,3168,-4.442203789398127,-1.9339704139772522,2.508233375420875,-5.402106761757016,-2.362779916521306,-389.13705195127596,-152.22070297303972,0.45454545454545453,-4.254734910749955,0.99825,H5 BTCリードラグ(横断),half-maker,3,1.0,3.0,
"H5 BTCリードラグ(横断) {'lookback': 1, 'top_n': 3} hold=3",test,2063,1.246955510606639,4.408209348060186,3.161253837453546,1.5395976353119003,5.4485187045819075,109.23330272914158,-31.00814862379312,0.5794150912910001,7.608033367301867,0.20925,H5 BTCリードラグ(横断),half-maker,3,1.0,3.0,
"H5 BTCリードラグ(横断) {'lookback': 1, 'top_n': 3} hold=3",full,5279,-2.540061882114187,0.22821020224522415,2.7682720843594115,-3.0742321515346616,0.2770509984361428,-222.5094208732028,-172.4178543990491,0.5042621708656942,0.45256260618051775,0.99175,H5 BTCリードラグ(横断),half-maker,3,1.0,3.0,
"H5 BTCリードラグ(横断) {'lookback': 1, 'top_n': 3} hold=3",train,3168,-2.615788595795434,-1.9339704139772522,0.6818181818181819,-3.1927530323631563,-2.362779916521306,-229.14308099168,-101.06155428828035,0.45454545454545453,-4.254734910749955,0.9605,H5 BTCリードラグ(横断),maker-only(理論上限),3,1.0,3.0,
"H5 BTCリードラグ(横断) {'lookback': 1, 'top_n': 3} hold=3",test,2063,3.539086711123684,4.408209348060186,0.8691226369365002,4.37462036937072,5.4485187045819075,310.02399589443473,-23.054815290459786,0.5794150912910001,7.608033367301867,0.01325,H5 BTCリードラグ(横断),maker-only(理論上限),3,1.0,3.0,
"H5 BTCリードラグ(横断) {'lookback': 1, 'top_n': 3} hold=3",full,5279,-0.5281830540533177,0.22821020224522415,0.7563932562985414,-0.6408987631022443,0.2770509984361428,-46.26883553507062,-119.5924377323822,0.5042621708656942,0.45256260618051775,0.707,H5 BTCリードラグ(横断),maker-only(理論上限),3,1.0,3.0,
"H5 BTCリードラグ(横断) {'lookback': 1, 'top_n': 3} hold=6",train,3168,-4.673052054816886,-2.4685329049852363,2.2045191498316496,-6.03817307929681,-3.2157710110978175,-409.35936000195926,-154.07649627370057,0.23085016835016833,-10.693225491786547,1.0,H5 BTCリードラグ(横断),taker,6,1.0,3.0,
"H5 BTCリードラグ(横断) {'lookback': 1, 'top_n': 3} hold=6",test,2063,-0.37164742634059883,2.317640019127167,2.6892874454677655,-0.46014989802790446,2.8760113546566695,-32.55631454743646,-45.44565664329948,0.28566812085958954,8.113050949308844,0.566,H5 BTCリードラグ(横断),taker,6,1.0,3.0,
"H5 BTCリードラグ(横断) {'lookback': 1, 'top_n': 3} hold=6",full,5279,-3.1495043742868667,-0.7494443881783865,2.40005998610848,-3.9534685813124084,-0.9460771929340237,-275.89658318752953,-174.57566569921428,0.2529519479699438,-2.9627935036398174,0.99875,H5 BTCリードラグ(横断),taker,6,1.0,3.0,
"H5 BTCリードラグ(横断) {'lookback': 1, 'top_n': 3} hold=6",train,3168,-3.743930106163688,-2.4685329049852363,1.2753972011784513,-4.858061564122867,-3.2157710110978175,-327.9682772999391,-125.27732960703372,0.23085016835016833,-10.693225491786547,0.99925,H5 BTCリードラグ(横断),half-maker,6,1.0,3.0,
"H5 BTCリードラグ(横断) {'lookback': 1, 'top_n': 3} hold=6",test,2063,0.7587452057485915,2.317640019127167,1.558894813378575,0.9410619118177465,2.8760113546566695,66.46608002357661,-31.036183704148744,0.28566812085958954,8.113050949308844,0.3285,H5 BTCリードラグ(横断),half-maker,6,1.0,3.0,
"H5 BTCリードラグ(横断) {'lookback': 1, 'top_n': 3} hold=6",full,5279,-2.1391883422100846,-0.7494443881783865,1.389743954031698,-2.693716849787216,-0.9460771929340237,-187.39289877760342,-138.3364953267988,0.2529519479699438,-2.9627935036398174,0.97825,H5 BTCリードラグ(横断),half-maker,6,1.0,3.0,
"H5 BTCリードラグ(横断) {'lookback': 1, 'top_n': 3} hold=6",train,3168,-2.814808157510488,-2.4685329049852363,0.34627525252525254,-3.663898434979618,-3.2157710110978175,-246.57719459791875,-96.47816294036696,0.23085016835016833,-10.693225491786547,0.98925,H5 BTCリードラグ(横断),maker-only(理論上限),6,1.0,3.0,
"H5 BTCリードラグ(横断) {'lookback': 1, 'top_n': 3} hold=6",test,2063,1.8891378378377819,2.317640019127167,0.42850218128938433,2.344416863209776,2.8760113546566695,165.48847459458972,-26.498683704148736,0.28566812085958954,8.113050949308844,0.15,H5 BTCリードラグ(横断),maker-only(理論上限),6,1.0,3.0,
"H5 BTCリードラグ(横断) {'lookback': 1, 'top_n': 3} hold=6",full,5279,-1.1288723101333025,-0.7494443881783865,0.3794279219549157,-1.4244189658229798,-0.9460771929340237,-98.8892143676773,-109.26607866013201,0.2529519479699438,-2.9627935036398174,0.8505,H5 BTCリードラグ(横断),maker-only(理論上限),6,1.0,3.0,
"H5 BTCリードラグ(横断) {'lookback': 1, 'top_n': 3} hold=12",train,3168,-2.3206175516414125,-1.1682606492845105,1.1523569023569025,-3.1038060804218257,-1.5736119032396187,-203.28609752378776,-98.86045120087702,0.11763468013468012,-9.931260474776376,0.97175,H5 BTCリードラグ(横断),taker,12,1.0,3.0,
"H5 BTCリードラグ(横断) {'lookback': 1, 'top_n': 3} hold=12",test,2063,-1.8875255845582473,-0.48124023959137036,1.406285344966877,-2.435212285218595,-0.6214810628478226,-165.34724120730246,-63.82912374832367,0.1470350622071417,-3.272962464649441,0.88575,H5 BTCリードラグ(横断),taker,12,1.0,3.0,
"H5 BTCリードラグ(横断) {'lookback': 1, 'top_n': 3} hold=12",full,5279,-2.2212121307618506,-0.9674551060728313,1.2537570246890193,-2.90465682860335,-1.270825585534334,-194.57818265473813,-127.11377215412563,0.12938056450085245,-7.477592247376978,0.99175,H5 BTCリードラグ(横断),taker,12,1.0,3.0,
"H5 BTCリードラグ(横断) {'lookback': 1, 'top_n': 3} hold=12",train,3168,-1.832665110563972,-1.1682606492845105,0.6644044612794612,-2.4596652640979735,-1.5736119032396187,-160.54146368540393,-86.43628453421046,0.11763468013468012,-9.931260474776376,0.93025,H5 BTCリードラグ(横断),half-maker,12,1.0,3.0,
"H5 BTCリードラグ(横断) {'lookback': 1, 'top_n': 3} hold=12",test,2063,-1.2946592087301652,-0.48124023959137036,0.8134189691387945,-1.6718538318491558,-0.6214810628478226,-113.41214668476248,-52.755790414990344,0.1470350622071417,-3.272962464649441,0.78225,H5 BTCリードラグ(横断),half-maker,12,1.0,3.0,
"H5 BTCリードラグ(横断) {'lookback': 1, 'top_n': 3} hold=12",full,5279,-1.69136904179298,-0.9674551060728313,0.7239139357201491,-2.2170589898649053,-1.270825585534334,-148.16392806106506,-101.44335548745906,0.12938056450085245,-7.477592247376978,0.96675,H5 BTCリードラグ(横断),half-maker,12,1.0,3.0,
"H5 BTCリードラグ(横断) {'lookback': 1, 'top_n': 3} hold=12",train,3168,-1.344712669486531,-1.1682606492845105,0.17645202020202017,-1.80979096752844,-1.5736119032396187,-117.7968298470201,-74.01211786754398,0.11763468013468012,-9.931260474776376,0.86125,H5 BTCリードラグ(横断),maker-only(理論上限),12,1.0,3.0,
"H5 BTCリードラグ(横断) {'lookback': 1, 'top_n': 3} hold=12",test,2063,-0.7017928329020828,-0.48124023959137036,0.22055259331071253,-0.9064038478112648,-0.6214810628478226,-61.477052162222456,-41.68245708165702,0.1470350622071417,-3.272962464649441,0.65225,H5 BTCリードラグ(横断),maker-only(理論上限),12,1.0,3.0,
"H5 BTCリードラグ(横断) {'lookback': 1, 'top_n': 3} hold=12",full,5279,-1.1615259528241095,-0.9674551060728313,0.19407084675127864,-1.525090378888111,-1.270825585534334,-101.74967346739199,-75.77293882079283,0.12938056450085245,-7.477592247376978,0.90275,H5 BTCリードラグ(横断),maker-only(理論上限),12,1.0,3.0,
"H5 BTCリードラグ(横断) {'lookback': 1, 'top_n': 3} hold=24",train,3168,-0.4396965851072472,0.16604836438770237,0.6057449494949494,-0.6317326133394165,0.2396393339872189,-38.51742085539486,-49.68991727196357,0.06081649831649831,2.7303177424579994,0.652,H5 BTCリードラグ(横断),taker,24,1.0,3.0,
"H5 BTCリードラグ(横断) {'lookback': 1, 'top_n': 3} hold=24",test,2063,-2.9929161942412397,-2.256003930547589,0.73691226369365,-3.981415229513602,-3.001966324077339,-262.1794586155326,-67.16071742533639,0.07658749394086282,-29.456557650124534,0.977,H5 BTCリードラグ(横断),taker,24,1.0,3.0,
"H5 BTCリードラグ(横断) {'lookback': 1, 'top_n': 3} hold=24",full,5279,-1.4134108517214663,-0.755426384966399,0.6579844667550672,-1.9522660900070021,-1.0463048411389262,-123.81479061080046,-90.34019493392576,0.06712129822567406,-11.254645022307487,0.9505,H5 BTCリードラグ(横断),taker,24,1.0,3.0,
"H5 BTCリードラグ(横断) {'lookback': 1, 'top_n': 3} hold=24",train,3168,-0.182436484097146,0.16604836438770237,0.34848484848484845,-0.26269508571191336,0.2396393339872189,-15.981436006909991,-43.2599172719636,0.06081649831649831,2.7303177424579994,0.5515,H5 BTCリードラグ(横断),half-maker,24,1.0,3.0,
"H5 BTCリードラグ(横断) {'lookback': 1, 'top_n': 3} hold=24",test,2063,-2.6819006828500616,-2.256003930547589,0.42589675230247215,-3.569235567268468,-3.001966324077339,-234.93449981766537,-61.877800758669764,0.07658749394086282,-29.456557650124534,0.96475,H5 BTCリードラグ(横断),half-maker,24,1.0,3.0,
"H5 BTCリードラグ(横断) {'lookback': 1, 'top_n': 3} hold=24",full,5279,-1.134759592013188,-0.755426384966399,0.37933320704678913,-1.5696968009677648,-1.0463048411389262,-99.40494026035527,-76.86769493392588,0.06712129822567406,-11.254645022307487,0.91275,H5 BTCリードラグ(横断),half-maker,24,1.0,3.0,
"H5 BTCリードラグ(横断) {'lookback': 1, 'top_n': 3} hold=24",train,3168,0.074823616912955,0.16604836438770237,0.09122474747474746,0.10792962427780518,0.2396393339872189,6.554548841574857,-36.83170317577119,0.06081649831649831,2.7303177424579994,0.459,H5 BTCリードラグ(横断),maker-only(理論上限),24,1.0,3.0,
"H5 BTCリードラグ(横断) {'lookback': 1, 'top_n': 3} hold=24",test,2063,-2.3708851714588834,-2.256003930547589,0.11488124091129422,-3.1552391140495897,-3.001966324077339,-207.6895410197982,-56.59488409200304,0.07658749394086282,-29.456557650124534,0.945,H5 BTCリードラグ(横断),maker-only(理論上限),24,1.0,3.0,
"H5 BTCリードラグ(横断) {'lookback': 1, 'top_n': 3} hold=24",full,5279,-0.8561083323049101,-0.755426384966399,0.10068194733851109,-1.1854552324718624,-1.0463048411389262,-74.99508990991012,-63.39698083773344,0.06712129822567406,-11.254645022307487,0.84925,H5 BTCリードラグ(横断),maker-only(理論上限),24,1.0,3.0,
"H5 BTCリードラグ(横断) {'lookback': 1, 'top_n': 5} hold=1",train,3168,-13.347839669876942,-0.9927418163415851,12.355097853535353,-22.79084216204841,-1.7097114250582126,-1169.27075508122,-423.35198005028747,1.300820707070707,-0.7631657544698232,1.0,H5 BTCリードラグ(横断),taker,1,1.0,5.0,
"H5 BTCリードラグ(横断) {'lookback': 1, 'top_n': 5} hold=1",test,2063,-12.694899849054213,2.830936311876471,15.525836160930687,-20.672559667062515,4.614611191454599,-1112.073226777149,-261.1176736144414,1.6447891420261758,1.7211545477428853,1.0,H5 BTCリードラグ(横断),taker,1,1.0,5.0,
"H5 BTCリードラグ(横断) {'lookback': 1, 'top_n': 5} hold=1",full,5279,-13.183684003214928,0.43634819985383533,13.620032203068764,-21.964532439590062,0.7304422283011225,-1154.8907186816277,-696.4590978383017,1.4381132790301197,0.30341712729898,1.0,H5 BTCリードラグ(横断),taker,1,1.0,5.0,
"H5 BTCリードラグ(横断) {'lookback': 1, 'top_n': 5} hold=1",train,3168,-8.145906273412292,-0.9927418163415851,7.153164457070707,-13.982844562748086,-1.7097114250582126,-713.5813895509168,-261.02988325266483,1.300820707070707,-0.7631657544698232,1.0,H5 BTCリードラグ(横断),half-maker,1,1.0,5.0,
"H5 BTCリードラグ(横断) {'lookback': 1, 'top_n': 5} hold=1",test,2063,-6.165573625108502,2.830936311876471,8.996509936984975,-10.046932171033976,4.614611191454599,-540.1042495595048,-129.23869507748446,1.6447891420261758,1.7211545477428853,1.0,H5 BTCリードラグ(横断),half-maker,1,1.0,5.0,
"H5 BTCリードラグ(横断) {'lookback': 1, 'top_n': 5} hold=1",full,5279,-7.452252860953135,0.43634819985383533,7.888601060806971,-12.45518430594541,0.7304422283011225,-652.8173506194946,-394.9602046634521,1.4381132790301197,0.30341712729898,1.0,H5 BTCリードラグ(横断),half-maker,1,1.0,5.0,
"H5 BTCリードラグ(横断) {'lookback': 1, 'top_n': 5} hold=1",train,3168,-2.943972876947645,-0.9927418163415851,1.9512310606060597,-5.067950838739519,-1.7097114250582126,-257.8920240206137,-105.37079712433088,1.300820707070707,-0.7631657544698232,0.99725,H5 BTCリードラグ(横断),maker-only(理論上限),1,1.0,5.0,
"H5 BTCリードラグ(横断) {'lookback': 1, 'top_n': 5} hold=1",test,2063,0.36375259883720845,2.830936311876471,2.467183713039262,0.5929470234568367,4.614611191454599,31.864727658139458,-25.050751827281104,1.6447891420261758,1.7211545477428853,0.4045,H5 BTCリードラグ(横断),maker-only(理論上限),1,1.0,5.0,
"H5 BTCリードラグ(横断) {'lookback': 1, 'top_n': 5} hold=1",full,5279,-1.7208217186913428,0.43634819985383533,2.157169918545178,-2.8803646161202128,0.7304422283011225,-150.74398255736162,-119.07769674443796,1.4381132790301197,0.30341712729898,0.98,H5 BTCリードラグ(横断),maker-only(理論上限),1,1.0,5.0,
"H5 BTCリードラグ(横断) {'lookback': 1, 'top_n': 5} hold=2",train,3168,-6.368595077921542,-0.15576363852760217,6.212831439393939,-11.261785969983716,-0.278879513494611,-557.8889288259271,-213.60227989304929,0.6513257575757576,-0.23914859302871164,1.0,H5 BTCリードラグ(横断),taker,2,1.0,5.0,
"H5 BTCリードラグ(横断) {'lookback': 1, 'top_n': 5} hold=2",test,2063,-5.118989784771546,2.6265022171673778,7.745492001938924,-8.718662411934902,4.52796023516686,-448.42350514598746,-106.39180195555448,0.8194861851672324,3.2050597858844783,1.0,H5 BTCリードラグ(横断),taker,2,1.0,5.0,
"H5 BTCリードラグ(横断) {'lookback': 1, 'top_n': 5} hold=2",full,5279,-5.791193532212899,1.0353834710074077,6.826577003220306,-9.992906351308887,1.8079565339160912,-507.30855342185,-307.28287127200076,0.7188103807539308,1.4404125186971235,1.0,H5 BTCリードラグ(横断),taker,2,1.0,5.0,
"H5 BTCリードラグ(横断) {'lookback': 1, 'top_n': 5} hold=2",train,3168,-3.75067367640639,-0.15576363852760217,3.5949100378787877,-6.68490203138109,-0.278879513494611,-328.55901405319975,-134.45464062320727,0.6513257575757576,-0.23914859302871164,1.0,H5 BTCリードラグ(横断),half-maker,2,1.0,5.0,
"H5 BTCリードラグ(横断) {'lookback': 1, 'top_n': 5} hold=2",test,2063,-1.8608584226775082,2.6265022171673778,4.487360639844886,-3.193579164631705,4.52796023516686,-163.01119782654973,-45.22325095604737,0.8194861851672324,3.2050597858844783,0.9555,H5 BTCリードラグ(横断),half-maker,2,1.0,5.0,
"H5 BTCリードラグ(横断) {'lookback': 1, 'top_n': 5} hold=2",full,5279,-2.917012816168194,1.0353834710074077,3.9523962871756018,-5.071680284586765,1.8079565339160912,-255.53032269633377,-156.1672320021595,0.7188103807539308,1.4404125186971235,1.0,H5 BTCリードラグ(横断),half-maker,2,1.0,5.0,
"H5 BTCリードラグ(横断) {'lookback': 1, 'top_n': 5} hold=2",train,3168,-1.1327522748912382,-0.15576363852760217,0.9769886363636362,-2.0272584920332806,-0.278879513494611,-99.22909928047248,-55.71999395733423,0.6513257575757576,-0.23914859302871164,0.866,H5 BTCリードラグ(横断),maker-only(理論上限),2,1.0,5.0,
"H5 BTCリードラグ(横断) {'lookback': 1, 'top_n': 5} hold=2",test,2063,1.3972729394165295,2.6265022171673778,1.2292292777508482,2.407407530304657,4.52796023516686,122.40110949288798,-16.960580309310174,0.8194861851672324,3.2050597858844783,0.1125,H5 BTCリードラグ(横断),maker-only(理論上限),2,1.0,5.0,
"H5 BTCリードラグ(横断) {'lookback': 1, 'top_n': 5} hold=2",full,5279,-0.042832100123488245,1.0353834710074077,1.0782155711308956,-0.07476001388831041,1.8079565339160912,-3.7520919708175704,-55.71999395733423,0.7188103807539308,1.4404125186971235,0.53775,H5 BTCリードラグ(横断),maker-only(理論上限),2,1.0,5.0,
"H5 BTCリードラグ(横断) {'lookback': 1, 'top_n': 5} hold=3",train,3168,-5.673638682867385,-1.499254213170415,4.17438446969697,-10.1453076979612,-2.725412655960043,-497.01074861918295,-186.23815052236247,0.43699494949494955,-3.4308273239843072,1.0,H5 BTCリードラグ(横断),taker,3,1.0,5.0,
"H5 BTCリードラグ(横断) {'lookback': 1, 'top_n': 5} hold=3",test,2063,-2.5784267981738993,2.7080007345454424,5.28642753271934,-4.518686968060516,4.787878028301002,-225.87018752003357,-60.5937668268467,0.5584100824042657,4.849483954311846,0.98925,H5 BTCリードラグ(横断),taker,3,1.0,5.0,
"H5 BTCリードラグ(横断) {'lookback': 1, 'top_n': 5} hold=3",full,5279,-4.602507625961531,0.015990195595582776,4.6184978215571135,-8.097627861299344,0.02849981107328709,-403.1796680342301,-248.3775881567885,0.48547073309338895,0.03293750684762037,1.0,H5 BTCリードラグ(横断),taker,3,1.0,5.0,
"H5 BTCリードラグ(横断) {'lookback': 1, 'top_n': 5} hold=3",train,3168,-3.914192660140112,-1.499254213170415,2.4149384469696966,-7.063080233997036,-2.725412655960043,-342.88327702827377,-132.094237740383,0.43699494949494955,-3.4308273239843072,0.99975,H5 BTCリードラグ(横断),half-maker,3,1.0,5.0,
"H5 BTCリードラグ(横断) {'lookback': 1, 'top_n': 5} hold=3",test,2063,-0.3540205936174277,2.7080007345454424,3.06202132816287,-0.6242794239792935,4.787878028301002,-31.01220400088667,-31.743541690247728,0.5584100824042657,4.849483954311846,0.6425,H5 BTCリードラグ(横断),half-maker,3,1.0,5.0,
"H5 BTCリードラグ(横断) {'lookback': 1, 'top_n': 5} hold=3",full,5279,-2.6573617650030155,0.015990195595582776,2.6733519605985987,-4.711598634328182,0.02849981107328709,-232.78489061426419,-149.0111684354758,0.48547073309338895,0.03293750684762037,0.99975,H5 BTCリードラグ(横断),half-maker,3,1.0,5.0,
"H5 BTCリードラグ(横断) {'lookback': 1, 'top_n': 5} hold=3",train,3168,-2.154746637412839,-1.499254213170415,0.6554924242424242,-3.911497119097145,-2.725412655960043,-188.7558054373647,-79.16861342318516,0.43699494949494955,-3.4308273239843072,0.97625,H5 BTCリードラグ(横断),maker-only(理論上限),3,1.0,5.0,
"H5 BTCリードラグ(横断) {'lookback': 1, 'top_n': 5} hold=3",test,2063,1.8703856109390438,2.7080007345454424,0.8376151236063984,3.3068809324073003,4.787878028301002,163.84577951826023,-20.24484628197677,0.5584100824042657,4.849483954311846,0.0505,H5 BTCリードラグ(横断),maker-only(理論上限),3,1.0,5.0,
"H5 BTCリードラグ(横断) {'lookback': 1, 'top_n': 5} hold=3",full,5279,-0.7122159040445002,0.015990195595582776,0.7282060996400833,-1.2684102351419273,0.02849981107328709,-62.390113194298216,-88.78340204448259,0.48547073309338895,0.03293750684762037,0.83775,H5 BTCリードラグ(横断),maker-only(理論上限),3,1.0,5.0,
"H5 BTCリードラグ(横断) {'lookback': 1, 'top_n': 5} hold=6",train,3168,-4.267106311238387,-2.145815275884852,2.121291035353536,-8.155321056531923,-4.147573866164423,-373.79851286448275,-139.02943578197002,0.22089646464646467,-9.714122312093757,1.0,H5 BTCリードラグ(横断),taker,6,1.0,5.0,
"H5 BTCリードラグ(横断) {'lookback': 1, 'top_n': 5} hold=6",test,2063,-0.6059911587277552,2.018948249900456,2.6249394086282116,-1.080522702198305,3.6199327590747092,-53.08482550455136,-37.99970109723437,0.2759088705768299,7.31744595844104,0.67725,H5 BTCリードラグ(横断),taker,6,1.0,5.0,
"H5 BTCリードラグ(横断) {'lookback': 1, 'top_n': 5} hold=6",full,5279,-2.8586739573349207,-0.5354972193163563,2.323176738018564,-5.255340654653089,-0.993012880174795,-250.41983866253906,-159.7645592550644,0.2430005682894488,-2.2036871069309667,1.0,H5 BTCリードラグ(横断),taker,6,1.0,5.0,
"H5 BTCリードラグ(横断) {'lookback': 1, 'top_n': 5} hold=6",train,3168,-3.3721331420464677,-2.145815275884852,1.226317866161616,-6.48552111776313,-4.147573866164423,-295.39886324327057,-111.10318578196978,0.22089646464646467,-9.714122312093757,1.0,H5 BTCリードラグ(横断),half-maker,6,1.0,5.0,
"H5 BTCリードラグ(横断) {'lookback': 1, 'top_n': 5} hold=6",test,2063,0.49954689265372765,2.018948249900456,1.519401357246728,0.8942131697882034,3.6199327590747092,43.76030779646655,-22.512951097234417,0.2759088705768299,7.31744595844104,0.3205,H5 BTCリードラグ(横断),half-maker,6,1.0,5.0,
"H5 BTCリードラグ(横断) {'lookback': 1, 'top_n': 5} hold=6",full,5279,-1.879336014542725,-0.5354972193163563,1.3438387952263686,-3.472881982247404,-0.993012880174795,-164.6298348739427,-117.14045150859415,0.2430005682894488,-2.2036871069309667,0.997,H5 BTCリードラグ(横断),half-maker,6,1.0,5.0,
"H5 BTCリードラグ(横断) {'lookback': 1, 'top_n': 5} hold=6",train,3168,-2.477159972854549,-2.145815275884852,0.33134469696969693,-4.783838318418959,-4.147573866164423,-216.99921362205848,-83.27606795852422,0.22089646464646467,-9.714122312093757,0.99875,H5 BTCリードラグ(横断),maker-only(理論上限),6,1.0,5.0,
"H5 BTCリードラグ(横断) {'lookback': 1, 'top_n': 5} hold=6",test,2063,1.6050849440352113,2.018948249900456,0.4138633058652448,2.877857923637522,3.6199327590747092,140.6054410974845,-14.125699073200181,0.2759088705768299,7.31744595844104,0.09025,H5 BTCリードラグ(横断),maker-only(理論上限),6,1.0,5.0,
"H5 BTCリードラグ(横断) {'lookback': 1, 'top_n': 5} hold=6",full,5279,-0.8999980717505291,-0.5354972193163563,0.36450085243417313,-1.668109425807411,-0.993012880174795,-78.83983108534636,-88.7630836851486,0.2430005682894488,-2.2036871069309667,0.89375,H5 BTCリードラグ(横断),maker-only(理論上限),6,1.0,5.0,
"H5 BTCリードラグ(横断) {'lookback': 1, 'top_n': 5} hold=12",train,3168,-2.074291691193657,-0.9736130295774954,1.1006786616161617,-4.0478580326862215,-1.9193633281504259,-181.70795214856435,-79.88838550615539,0.11250000000000002,-8.654338040688847,0.99375,H5 BTCリードラグ(横断),taker,12,1.0,5.0,
"H5 BTCリードラグ(横断) {'lookback': 1, 'top_n': 5} hold=12",test,2063,-2.3887754451781062,-1.0280144175484405,1.3607610276296653,-4.3095074535550175,-1.8597368778683336,-209.25672899760212,-65.21392294086299,0.14105671352399418,-7.287951008255782,0.98725,H5 BTCリードラグ(横断),taker,12,1.0,5.0,
"H5 BTCリードラグ(横断) {'lookback': 1, 'top_n': 5} hold=12",full,5279,-2.1938560398681926,-0.9895749260208732,1.2042811138473195,-4.116446038430027,-1.8695095176598633,-192.1817890924537,-124.24737320377463,0.12392498579276379,-7.985273669312426,0.99975,H5 BTCリードラグ(横断),taker,12,1.0,5.0,
"H5 BTCリードラグ(横断) {'lookback': 1, 'top_n': 5} hold=12",train,3168,-1.6083273603855759,-0.9736130295774954,0.6347143308080807,-3.1549701114519872,-1.9193633281504259,-140.88947676977645,-66.03633930707234,0.11250000000000002,-8.654338040688847,0.97975,H5 BTCリードラグ(横断),half-maker,12,1.0,5.0,
"H5 BTCリードラグ(横断) {'lookback': 1, 'top_n': 5} hold=12",test,2063,-1.8141874665062687,-1.0280144175484405,0.7861730489578284,-3.279847257411213,-1.8597368778683336,-158.92282206594913,-54.69342294086304,0.14105671352399418,-7.287951008255782,0.94875,H5 BTCリードラグ(横断),half-maker,12,1.0,5.0,
"H5 BTCリードラグ(横断) {'lookback': 1, 'top_n': 5} hold=12",full,5279,-1.6846592222891053,-0.9895749260208732,0.6950842962682326,-3.1730789096490883,-1.8695095176598633,-147.5761478725256,-97.91932700469172,0.12392498579276379,-7.985273669312426,0.9955,H5 BTCリードラグ(横断),half-maker,12,1.0,5.0,
"H5 BTCリードラグ(横断) {'lookback': 1, 'top_n': 5} hold=12",train,3168,-1.1423630295774954,-0.9736130295774954,0.16874999999999996,-2.249665377821853,-1.9193633281504259,-100.07100139098858,-52.30908930707231,0.11250000000000002,-8.654338040688847,0.92925,H5 BTCリードラグ(横断),maker-only(理論上限),12,1.0,5.0,
"H5 BTCリードラグ(横断) {'lookback': 1, 'top_n': 5} hold=12",test,2063,-1.2395994878344319,-1.0280144175484405,0.21158507028599122,-2.2426985511363258,-1.8597368778683336,-108.58891513429623,-44.172922940863025,0.14105671352399418,-7.287951008255782,0.86725,H5 BTCリードラグ(横断),maker-only(理論上限),12,1.0,5.0,
"H5 BTCリードラグ(横断) {'lookback': 1, 'top_n': 5} hold=12",full,5279,-1.1754624047100186,-0.9895749260208732,0.18588747868914565,-2.2194861815612157,-1.8695095176598633,-102.97050665259763,-71.7160770046914,0.12392498579276379,-7.985273669312426,0.9725,H5 BTCリードラグ(横断),maker-only(理論上限),12,1.0,5.0,
"H5 BTCリードラグ(横断) {'lookback': 1, 'top_n': 5} hold=24",train,3168,-0.557619693841233,0.022793816259776913,0.5804135101010102,-1.1733570843861845,0.04826074921530616,-48.847485180492015,-39.37315015449234,0.058396464646464655,0.3903287022214771,0.80275,H5 BTCリードラグ(横断),taker,24,1.0,5.0,
"H5 BTCリードラグ(横断) {'lookback': 1, 'top_n': 5} hold=24",test,2063,-2.8026630880653625,-2.085140063344083,0.7175230247212798,-5.228668889502938,-3.894928489600444,-245.51328651452576,-60.32955662031488,0.07309743092583616,-28.525490389116992,0.99775,H5 BTCリードラグ(横断),taker,24,1.0,5.0,
"H5 BTCリードラグ(横断) {'lookback': 1, 'top_n': 5} hold=24",full,5279,-1.3608222548377287,-0.7270942760538679,0.6337279787838607,-2.7032510255323636,-1.4500602707719978,-119.20802952378502,-82.08269008009772,0.06414093578329229,-11.335885065825071,0.98975,H5 BTCリードラグ(横断),taker,24,1.0,5.0,
"H5 BTCリードラグ(横断) {'lookback': 1, 'top_n': 5} hold=24",train,3168,-0.3112102872755764,0.022793816259776913,0.3340041035353536,-0.6569718894955529,0.04826074921530616,-27.262021165340496,-33.20240015449237,0.058396464646464655,0.3903287022214771,0.6905,H5 BTCリードラグ(横断),half-maker,24,1.0,5.0,
"H5 BTCリードラグ(横断) {'lookback': 1, 'top_n': 5} hold=24",test,2063,-2.4987246488991004,-2.085140063344083,0.41358458555501704,-4.6668493760307594,-3.894928489600444,-218.8882792435612,-55.153003626068596,0.07309743092583616,-28.525490389116992,0.9925,H5 BTCリードラグ(横断),half-maker,24,1.0,5.0,
"H5 BTCリードラグ(横断) {'lookback': 1, 'top_n': 5} hold=24",full,5279,-1.092063967283268,-0.7270942760538679,0.3649696912293995,-2.1742693598751717,-1.4500602707719978,-95.66480353401427,-69.07988708585155,0.06414093578329229,-11.335885065825071,0.96975,H5 BTCリードラグ(横断),half-maker,24,1.0,5.0,
"H5 BTCリードラグ(横断) {'lookback': 1, 'top_n': 5} hold=24",train,3168,-0.0648008807099198,0.022793816259776913,0.08759469696969696,-0.13711488418205672,0.04826074921530616,-5.676557150188975,-27.031650154492375,0.058396464646464655,0.3903287022214771,0.557,H5 BTCリードラグ(横断),maker-only(理論上限),24,1.0,5.0,
"H5 BTCリードラグ(横断) {'lookback': 1, 'top_n': 5} hold=24",test,2063,-2.1947862097328374,-2.085140063344083,0.10964614638875422,-4.100222099307782,-3.894928489600444,-192.26327197259656,-50.47214048497894,0.07309743092583616,-28.525490389116992,0.98475,H5 BTCリードラグ(横断),maker-only(理論上限),24,1.0,5.0,
"H5 BTCリードラグ(横断) {'lookback': 1, 'top_n': 5} hold=24",full,5279,-0.8233056797288066,-0.7270942760538679,0.09621140367493841,-1.6414537131346896,-1.4500602707719978,-72.12157754424346,-56.09488708585162,0.06414093578329229,-11.335885065825071,0.91825,H5 BTCリードラグ(横断),maker-only(理論上限),24,1.0,5.0,
"H5 BTCリードラグ(横断) {'lookback': 3, 'top_n': 3} hold=1",train,3168,-7.373206252850037,0.9762255653317802,8.349431818181817,-8.633387129337141,1.1467618866975908,-645.8928677496632,-236.05652832629335,0.8767887205387205,1.1134102691603553,1.0,H5 BTCリードラグ(横断),taker,1,3.0,3.0,
"H5 BTCリードラグ(横断) {'lookback': 3, 'top_n': 3} hold=1",test,2063,-6.670113512046677,3.7936932418715648,10.463806753918243,-7.484692023563219,4.262329266649521,-584.3019436552889,-144.1542323424213,1.104055582485054,3.436143344642633,0.9995,H5 BTCリードラグ(横断),taker,1,3.0,3.0,
"H5 BTCリードラグ(横断) {'lookback': 3, 'top_n': 3} hold=1",full,5279,-7.034904012748259,2.164139366679662,9.199043379427923,-8.044081815254174,2.4803492839467753,-616.2575915167475,-377.1157745530497,0.9682389341415671,2.235129460682523,1.0,H5 BTCリードラグ(横断),taker,1,3.0,3.0,
"H5 BTCリードラグ(横断) {'lookback': 3, 'top_n': 3} hold=1",train,3168,-3.856081884163169,0.9762255653317802,4.83230744949495,-4.523716354104858,1.1467618866975908,-337.7927730526936,-127.05543636410148,0.8767887205387205,1.1134102691603553,0.996,H5 BTCリードラグ(横断),half-maker,1,3.0,3.0,
"H5 BTCリードラグ(横断) {'lookback': 3, 'top_n': 3} hold=1",test,2063,-2.266251821951346,3.7936932418715648,6.05994506382291,-2.544985866950562,4.262329266649521,-198.5236596029379,-72.76153962708634,1.104055582485054,3.436143344642633,0.8955,H5 BTCリードラグ(横断),half-maker,1,3.0,3.0,
"H5 BTCリードラグ(横断) {'lookback': 3, 'top_n': 3} hold=1",full,5279,-3.161561523640474,2.164139366679662,5.325700890320136,-3.62020781961416,2.4803492839467753,-276.9527894709055,-174.44802914519474,0.9682389341415671,2.235129460682523,0.99725,H5 BTCリードラグ(横断),half-maker,1,3.0,3.0,
"H5 BTCリードラグ(横断) {'lookback': 3, 'top_n': 3} hold=1",train,3168,-0.3389575154763012,0.9762255653317802,1.3151830808080809,-0.39809379612476087,1.1467618866975908,-29.692678355723984,-42.17909312000665,0.8767887205387205,1.1134102691603553,0.61825,H5 BTCリードラグ(横断),maker-only(理論上限),1,3.0,3.0,
"H5 BTCリードラグ(横断) {'lookback': 3, 'top_n': 3} hold=1",test,2063,2.137609868143983,3.7936932418715648,1.6560833737275813,2.4015493033995834,4.262329266649521,187.2546244494129,-37.60337678951033,1.104055582485054,3.436143344642633,0.098,H5 BTCリードラグ(横断),maker-only(理論上限),1,3.0,3.0,
"H5 BTCリードラグ(横断) {'lookback': 3, 'top_n': 3} hold=1",full,5279,0.7117809654673102,2.164139366679662,1.452358401212351,0.8156921463430239,2.4803492839467753,62.352012574936374,-42.17909312000665,0.9682389341415671,2.235129460682523,0.24675,H5 BTCリードラグ(横断),maker-only(理論上限),1,3.0,3.0,
"H5 BTCリードラグ(横断) {'lookback': 3, 'top_n': 3} hold=2",train,3168,-4.290292835517469,1.2940663816542468,5.584359217171716,-5.165391005628043,1.5681255471808893,-375.82965239133034,-145.32064952164382,0.5858585858585859,2.208837444547766,0.9995,H5 BTCリードラグ(横断),taker,2,3.0,3.0,
"H5 BTCリードラグ(横断) {'lookback': 3, 'top_n': 3} hold=2",test,2063,-4.372026855599778,2.6083415399406955,6.9803683955404745,-5.275315876172447,3.159935754408123,-382.98955255054057,-95.41433047014061,0.73420584908709,3.5526025067546145,0.99325,H5 BTCリードラグ(横断),taker,2,3.0,3.0,
"H5 BTCリードラグ(横断) {'lookback': 3, 'top_n': 3} hold=2",full,5279,-4.122769868009348,2.024543385763462,6.1473132537728095,-4.936680978747773,2.437115229482605,-361.15464043761887,-228.59246824489423,0.645829386878828,3.1347960109831785,1.0,H5 BTCリードラグ(横断),taker,2,3.0,3.0,
"H5 BTCリードラグ(横断) {'lookback': 3, 'top_n': 3} hold=2",train,3168,-1.9375071663255508,1.2940663816542468,3.2315735479797985,-2.3415146594499134,1.5681255471808893,-169.72562777011825,-72.60748971460528,0.5858585858585859,2.208837444547766,0.9215,H5 BTCリードラグ(横断),half-maker,2,3.0,3.0,
"H5 BTCリードラグ(横断) {'lookback': 3, 'top_n': 3} hold=2",test,2063,-1.4324970446448584,2.6083415399406955,4.040838584585555,-1.7333071224347485,3.159935754408123,-125.4867411108896,-62.51716960339615,0.73420584908709,3.5526025067546145,0.7705,H5 BTCリードラグ(横断),half-maker,2,3.0,3.0,
"H5 BTCリードラグ(横断) {'lookback': 3, 'top_n': 3} hold=2",full,5279,-1.5334852812820639,2.024543385763462,3.5580286670455257,-1.8422954053253395,2.437115229482605,-134.33331064030878,-93.23288472520804,0.645829386878828,3.1347960109831785,0.91825,H5 BTCリードラグ(横断),half-maker,2,3.0,3.0,
"H5 BTCリードラグ(横断) {'lookback': 3, 'top_n': 3} hold=2",train,3168,0.4152785028663679,1.2940663816542468,0.8787878787878788,0.5030158568468144,1.5681255471808893,36.37839685109383,-33.034223386889785,0.5858585858585859,2.208837444547766,0.38675,H5 BTCリードラグ(横断),maker-only(理論上限),2,3.0,3.0,
"H5 BTCリードラグ(横断) {'lookback': 3, 'top_n': 3} hold=2",test,2063,1.5070327663100602,2.6083415399406955,1.101308773630635,1.8256466888950986,3.159935754408123,132.0160703287613,-40.44998249658128,0.73420584908709,3.5526025067546145,0.1655,H5 BTCリードラグ(横断),maker-only(理論上限),2,3.0,3.0,
"H5 BTCリードラグ(横断) {'lookback': 3, 'top_n': 3} hold=2",full,5279,1.05579930544522,2.024543385763462,0.968744080318242,1.270649566547164,2.437115229482605,92.48801915700126,-40.44998249658123,0.645829386878828,3.1347960109831785,0.15725,H5 BTCリードラグ(横断),maker-only(理論上限),2,3.0,3.0,
"H5 BTCリードラグ(横断) {'lookback': 3, 'top_n': 3} hold=3",train,3168,-2.7636565313712818,1.6269158592011084,4.390572390572391,-3.3887099974122763,2.0074154989557345,-242.09631214812427,-93.54440022139988,0.4594907407407407,3.5406934568003976,0.96675,H5 BTCリードラグ(横断),taker,3,3.0,3.0,
"H5 BTCリードラグ(横断) {'lookback': 3, 'top_n': 3} hold=3",test,2063,-1.6789323855425289,3.809878407800499,5.488810793343028,-1.9504685990058603,4.444777839376051,-147.07447697352555,-53.326398392707794,0.5790919373081272,6.5790562125773695,0.84725,H5 BTCリードラグ(横断),taker,3,3.0,3.0,
"H5 BTCリードラグ(横断) {'lookback': 3, 'top_n': 3} hold=3",full,5279,-2.3348272453939702,2.4925232629093697,4.82735050830334,-2.7805567335804398,2.983643449405471,-204.53086669651182,-132.8318619139281,0.5071667613815747,4.914602952526854,0.979,H5 BTCリードラグ(横断),taker,3,3.0,3.0,
"H5 BTCリードラグ(横断) {'lookback': 3, 'top_n': 3} hold=3",train,3168,-0.9129883916406424,1.6269158592011084,2.5399042508417504,-1.1237450134522295,2.0074154989557345,-79.97778310772027,-40.54217712394351,0.4594907407407407,3.5406934568003976,0.7575,H5 BTCリードラグ(横断),half-maker,3,3.0,3.0,
"H5 BTCリードラグ(横断) {'lookback': 3, 'top_n': 3} hold=3",test,2063,0.6311540581478892,3.809878407800499,3.1787243496526094,0.7354095825478374,4.444777839376051,55.28909549375509,-36.20506210434352,0.5790919373081272,6.5790562125773695,0.3575,H5 BTCリードラグ(横断),half-maker,3,3.0,3.0,
"H5 BTCリードラグ(横断) {'lookback': 3, 'top_n': 3} hold=3",full,5279,-0.3015270622784818,2.4925232629093697,2.794050325187851,-0.3602865580826608,2.983643449405471,-26.413770655595002,-57.69986719781337,0.5071667613815747,4.914602952526854,0.605,H5 BTCリードラグ(横断),half-maker,3,3.0,3.0,
"H5 BTCリードラグ(横断) {'lookback': 3, 'top_n': 3} hold=3",train,3168,0.9376797480899969,1.6269158592011084,0.6892361111111112,1.1566129968325256,2.0074154989557345,82.14074593268373,-27.961505208672342,0.4594907407407407,3.5406934568003976,0.27525,H5 BTCリードラグ(横断),maker-only(理論上限),3,3.0,3.0,
"H5 BTCリードラグ(横断) {'lookback': 3, 'top_n': 3} hold=3",test,2063,2.9412405018383083,3.809878407800499,0.8686379059621909,3.431345688811648,4.444777839376051,257.65266796103583,-21.174477002433058,0.5790919373081272,6.5790562125773695,0.0365,H5 BTCリードラグ(横断),maker-only(理論上限),3,3.0,3.0,
"H5 BTCリードラグ(横断) {'lookback': 3, 'top_n': 3} hold=3",full,5279,1.731773120837007,2.4925232629093697,0.7607501420723622,2.072677709203005,2.983643449405471,151.70332538532182,-35.38097512597435,0.5071667613815747,4.914602952526854,0.054,H5 BTCリードラグ(横断),maker-only(理論上限),3,3.0,3.0,
"H5 BTCリードラグ(横断) {'lookback': 3, 'top_n': 3} hold=6",train,3168,-2.410021363213236,-0.18088100126037424,2.229140361952862,-3.103010896295863,-0.23448486159265441,-211.11787141747948,-93.70537667167733,0.23127104377104377,-0.7821169408455855,0.97225,H5 BTCリードラグ(横断),taker,6,3.0,3.0,
"H5 BTCリードラグ(横断) {'lookback': 3, 'top_n': 3} hold=6",test,2063,-2.6132424320489167,0.130496459532921,2.743738891581838,-3.2130209676176356,0.16076225975490724,-228.9200370474851,-62.86328472037016,0.2874454677653902,0.45398683982532206,0.96075,H5 BTCリードラグ(横断),taker,6,3.0,3.0,
"H5 BTCリードラグ(横断) {'lookback': 3, 'top_n': 3} hold=6",full,5279,-2.5168552136157984,-0.0818138547725833,2.435041358843215,-3.1510263786382136,-0.10290686973424791,-220.47651671274394,-141.74867743887532,0.2538359537791248,-0.322309954734677,0.99575,H5 BTCリードラグ(横断),taker,6,3.0,3.0,
"H5 BTCリードラグ(横断) {'lookback': 3, 'top_n': 3} hold=6",train,3168,-1.4689044650650884,-0.18088100126037424,1.2880234638047139,-1.898216786356814,-0.23448486159265441,-128.67603113970173,-65.83871000501065,0.23127104377104377,-0.7821169408455855,0.88525,H5 BTCリードラグ(横断),half-maker,6,3.0,3.0,
"H5 BTCリードラグ(横断) {'lookback': 3, 'top_n': 3} hold=6",test,2063,-1.45695708708204,0.130496459532921,1.5874535466149617,-1.7942910878091654,0.16076225975490724,-127.62944082838672,-41.719769900820026,0.2874454677653902,0.45398683982532206,0.83325,H5 BTCリードラグ(横断),half-maker,6,3.0,3.0,
"H5 BTCリードラグ(横断) {'lookback': 3, 'top_n': 3} hold=6",full,5279,-1.4897114995285345,-0.0818138547725833,1.407897644755951,-1.8702140167057215,-0.10290686973424791,-130.49872735869963,-89.0130792859916,0.2538359537791248,-0.322309954734677,0.93725,H5 BTCリードラグ(横断),half-maker,6,3.0,3.0,
"H5 BTCリードラグ(横断) {'lookback': 3, 'top_n': 3} hold=6",train,3168,-0.5277875669169401,-0.18088100126037424,0.3469065656565657,-0.6837833038690294,-0.23448486159265441,-46.23419086192395,-48.849593670302724,0.23127104377104377,-0.7821169408455855,0.66575,H5 BTCリードラグ(横断),maker-only(理論上限),6,3.0,3.0,
"H5 BTCリードラグ(横断) {'lookback': 3, 'top_n': 3} hold=6",test,2063,-0.3006717421151642,0.130496459532921,0.4311682016480853,-0.37044959889421114,0.16076225975490724,-26.33884460928838,-27.998575026384454,0.2874454677653902,0.45398683982532206,0.57875,H5 BTCリードラグ(横断),maker-only(理論上限),6,3.0,3.0,
"H5 BTCリードラグ(横断) {'lookback': 3, 'top_n': 3} hold=6",full,5279,-0.462567785441271,-0.0818138547725833,0.3807539306686873,-0.5816582300502801,-0.10290686973424791,-40.520938004655335,-54.407687157028086,0.2538359537791248,-0.322309954734677,0.67925,H5 BTCリードラグ(横断),maker-only(理論上限),6,3.0,3.0,
"H5 BTCリードラグ(横断) {'lookback': 3, 'top_n': 3} hold=12",train,3168,0.7564383365091146,1.9114257102464878,1.1549873737373737,1.015072073811097,2.581860226044457,66.26399827819844,-28.959047649006198,0.11816077441077442,16.17648259143599,0.22625,H5 BTCリードラグ(横断),taker,12,3.0,3.0,
"H5 BTCリードラグ(横断) {'lookback': 3, 'top_n': 3} hold=12",test,2063,-4.183679658371057,-2.7727085806525245,1.410971077718533,-5.0645106312688775,-3.357635731665092,-366.4903380733046,-94.67227203723179,0.1462271772499596,-18.961650171998315,0.9935,H5 BTCリードラグ(横断),taker,12,3.0,3.0,
"H5 BTCリードラグ(横断) {'lookback': 3, 'top_n': 3} hold=12",full,5279,-1.318370995498268,-0.06076223121210289,1.257608764286165,-1.6803667432594525,-0.07773041222847128,-115.4892992056483,-98.04862705002948,0.12950685104502116,-0.4691815971263157,0.91575,H5 BTCリードラグ(横断),taker,12,3.0,3.0,
"H5 BTCリードラグ(横断) {'lookback': 3, 'top_n': 3} hold=12",train,3168,1.2453114425697205,1.9114257102464878,0.6661142676767675,1.6765558303942394,2.581860226044457,109.08928236910751,-26.95738098233954,0.11816077441077442,16.17648259143599,0.121,H5 BTCリードラグ(横断),half-maker,12,3.0,3.0,
"H5 BTCリードラグ(横断) {'lookback': 3, 'top_n': 3} hold=12",test,2063,-3.5878645024492606,-2.7727085806525245,0.8151559217967362,-4.345952936409821,-3.357635731665092,-314.2969304145553,-83.3447720372318,0.1462271772499596,-18.961650171998315,0.98225,H5 BTCリードラグ(横断),half-maker,12,3.0,3.0,
"H5 BTCリードラグ(横断) {'lookback': 3, 'top_n': 3} hold=12",full,5279,-0.7866967516389511,-0.06076223121210289,0.7259345204268485,-1.004739857151704,-0.07773041222847128,-68.91463544357212,-84.79151930877603,0.12950685104502116,-0.4691815971263157,0.7955,H5 BTCリードラグ(横断),half-maker,12,3.0,3.0,
"H5 BTCリードラグ(横断) {'lookback': 3, 'top_n': 3} hold=12",train,3168,1.7341845486303265,1.9114257102464878,0.17724116161616163,2.3407317867972455,2.581860226044457,151.9145664600166,-24.95571431567288,0.11816077441077442,16.17648259143599,0.054,H5 BTCリードラグ(横断),maker-only(理論上限),12,3.0,3.0,
"H5 BTCリードラグ(横断) {'lookback': 3, 'top_n': 3} hold=12",test,2063,-2.9920493465274633,-2.7727085806525245,0.2193407658749394,-3.6240425766842104,-3.357635731665092,-262.1035227558058,-72.0172720372318,0.1462271772499596,-18.961650171998315,0.95975,H5 BTCリードラグ(横断),maker-only(理論上限),12,3.0,3.0,
"H5 BTCリードラグ(横断) {'lookback': 3, 'top_n': 3} hold=12",full,5279,-0.2550225077796345,-0.06076223121210289,0.19426027656753173,-0.3261443366002398,-0.07773041222847128,-22.339971681495978,-72.46651930877583,0.12950685104502116,-0.4691815971263157,0.59775,H5 BTCリードラグ(横断),maker-only(理論上限),12,3.0,3.0,
"H5 BTCリードラグ(横断) {'lookback': 3, 'top_n': 3} hold=24",train,3168,-0.6060851843200852,-0.002260478932879817,0.6038247053872053,-0.8815403229952817,-0.003297890902818511,-53.093062146439465,-35.455576065553,0.05986952861952863,-0.03775675180683617,0.7565,H5 BTCリードラグ(横断),taker,24,3.0,3.0,
"H5 BTCリードラグ(横断) {'lookback': 3, 'top_n': 3} hold=24",test,2063,-3.561386289363515,-2.830210008865858,0.731176280497657,-4.659689193954145,-3.7015046390765685,-311.9774389482439,-77.14823469325357,0.07497172402649863,-37.75036582946292,0.98675,H5 BTCリードラグ(横断),taker,24,3.0,3.0,
"H5 BTCリードラグ(横断) {'lookback': 3, 'top_n': 3} hold=24",full,5279,-1.7863198250532848,-1.1322028837133848,0.6541169413399001,-2.468615483023975,-1.5669249810900796,-156.48161667466775,-103.29764613899015,0.06585843278398686,-17.191464112530085,0.9725,H5 BTCリードラグ(横断),taker,24,3.0,3.0,
"H5 BTCリードラグ(横断) {'lookback': 3, 'top_n': 3} hold=24",train,3168,-0.34907497809112875,-0.002260478932879817,0.34681449915824913,-0.5085485700283253,-0.003297890902818511,-30.578968080782882,-30.186010327528447,0.05986952861952863,-0.03775675180683617,0.6795,H5 BTCリードラグ(横断),half-maker,24,3.0,3.0,
"H5 BTCリードラグ(横断) {'lookback': 3, 'top_n': 3} hold=24",test,2063,-3.2520269421345604,-2.830210008865858,0.4218169332687025,-4.25550823500053,-3.7015046390765685,-284.8775601309875,-70.99406802658686,0.07497172402649863,-37.75036582946292,0.981,H5 BTCリードラグ(横断),half-maker,24,3.0,3.0,
"H5 BTCリードラグ(横断) {'lookback': 3, 'top_n': 3} hold=24",full,5279,-1.5086551789713254,-1.1322028837133848,0.3764522952579402,-2.086839112200456,-1.5669249810900796,-132.1581936778881,-90.34648505264346,0.06585843278398686,-17.191464112530085,0.95275,H5 BTCリードラグ(横断),half-maker,24,3.0,3.0,
"H5 BTCリードラグ(横断) {'lookback': 3, 'top_n': 3} hold=24",train,3168,-0.09206477186217281,-0.002260478932879817,0.08980429292929293,-0.13427873229684328,-0.003297890902818511,-8.064874015126337,-26.74177349340605,0.05986952861952863,-0.03775675180683617,0.5835,H5 BTCリードラグ(横断),maker-only(理論上限),24,3.0,3.0,
"H5 BTCリードラグ(横断) {'lookback': 3, 'top_n': 3} hold=24",test,2063,-2.9426675949056067,-2.830210008865858,0.11245758603974794,-3.8495135164320993,-3.7015046390765685,-257.77768131373114,-65.11414098639956,0.07497172402649863,-37.75036582946292,0.969,H5 BTCリードラグ(横断),maker-only(理論上限),24,3.0,3.0,
"H5 BTCリードラグ(横断) {'lookback': 3, 'top_n': 3} hold=24",full,5279,-1.230990532889365,-1.1322028837133848,0.09878764917598029,-1.7035760118525685,-1.5669249810900796,-107.83477068110838,-82.9402350526434,0.06585843278398686,-17.191464112530085,0.91875,H5 BTCリードラグ(横断),maker-only(理論上限),24,3.0,3.0,
"H5 BTCリードラグ(横断) {'lookback': 3, 'top_n': 5} hold=1",train,3168,-7.933672494163549,-0.1991712315372862,7.734501262626262,-14.02806742351601,-0.3534437046954264,-694.9897104887268,-254.20725084562795,0.810669191919192,-0.2456874314734532,1.0,H5 BTCリードラグ(横断),taker,1,3.0,5.0,
"H5 BTCリードラグ(横断) {'lookback': 3, 'top_n': 5} hold=1",test,2063,-6.325564171977399,3.405991814450134,9.731555986427534,-10.373417537743203,5.589836410535599,-554.1194214652202,-133.86490302904312,1.0249151720794962,3.323193867390572,1.0,H5 BTCリードラグ(横断),taker,1,3.0,5.0,
"H5 BTCリードラグ(横断) {'lookback': 3, 'top_n': 5} hold=1",full,5279,-7.268582055121719,1.2697869541603422,8.53836900928206,-12.37441068366504,2.165897985556398,-636.7277880286625,-388.92127387163646,0.8971017238113278,1.4154325205904912,1.0,H5 BTCリードラグ(横断),taker,1,3.0,5.0,
"H5 BTCリードラグ(横断) {'lookback': 3, 'top_n': 5} hold=1",train,3168,-4.674423756789812,-0.1991712315372862,4.475252525252525,-8.285294642432707,-0.3534437046954264,-409.4795210947876,-152.6586468484256,0.810669191919192,-0.2456874314734532,1.0,H5 BTCリードラグ(横断),half-maker,1,3.0,5.0,
"H5 BTCリードラグ(横断) {'lookback': 3, 'top_n': 5} hold=1",test,2063,-2.228472557823254,3.405991814450134,5.634464372273389,-3.6568905734187505,5.589836410535599,-195.21419606531705,-65.0098940507991,1.0249151720794962,3.323193867390572,0.9545,H5 BTCリードラグ(横断),half-maker,1,3.0,5.0,
"H5 BTCリードラグ(横断) {'lookback': 3, 'top_n': 5} hold=1",full,5279,-3.672223843339184,1.2697869541603422,4.9420107974995275,-6.261137392478594,2.165897985556398,-321.68680867651256,-201.04141472386465,0.8971017238113278,1.4154325205904912,1.0,H5 BTCリードラグ(横断),half-maker,1,3.0,5.0,
"H5 BTCリードラグ(横断) {'lookback': 3, 'top_n': 5} hold=1",train,3168,-1.4151750194160733,-0.1991712315372862,1.2160037878787877,-2.5111982664889174,-0.3534437046954264,-123.96933170084803,-52.27364684842545,0.810669191919192,-0.2456874314734532,0.92875,H5 BTCリードラグ(横断),maker-only(理論上限),1,3.0,5.0,
"H5 BTCリードラグ(横断) {'lookback': 3, 'top_n': 5} hold=1",test,2063,1.868619056330892,3.405991814450134,1.5373727581192433,3.0670621434738985,5.589836410535599,163.69102933458612,-30.49114405079908,1.0249151720794962,3.323193867390572,0.057,H5 BTCリードラグ(横断),maker-only(理論上限),1,3.0,5.0,
"H5 BTCリードラグ(横断) {'lookback': 3, 'top_n': 5} hold=1",full,5279,-0.07586563155664887,1.2697869541603422,1.3456525857169916,-0.12941946043476396,2.165897985556398,-6.645829324362442,-58.0539491562132,0.8971017238113278,1.4154325205904912,0.5155,H5 BTCリードラグ(横断),maker-only(理論上限),1,3.0,5.0,
"H5 BTCリードラグ(横断) {'lookback': 3, 'top_n': 5} hold=2",train,3168,-4.546573385930306,0.7524796443727243,5.299053030303031,-8.219746585901433,1.3751173053340997,-398.2798286074948,-149.7766183517633,0.5553030303030303,1.3550793050095447,1.0,H5 BTCリードラグ(横断),taker,2,3.0,5.0,
"H5 BTCリードラグ(横断) {'lookback': 3, 'top_n': 5} hold=2",test,2063,-4.706322138214779,1.8991068486974845,6.605428986912263,-8.101126920527271,3.283392921373354,-412.2738193076147,-102.62078372441144,0.6939408628211342,2.736698399596892,1.0,H5 BTCリードラグ(横断),taker,2,3.0,5.0,
"H5 BTCリードラグ(横断) {'lookback': 3, 'top_n': 5} hold=2",full,5279,-4.542898669584967,1.2785826715781323,5.8214813411631,-7.992893914289192,2.2671888367570645,-397.95792345564314,-248.69587401874065,0.6109111574161773,2.0929109839568873,1.0,H5 BTCリードラグ(横断),taker,2,3.0,5.0,
"H5 BTCリードラグ(横断) {'lookback': 3, 'top_n': 5} hold=2",train,3168,-2.313524143506063,0.7524796443727243,3.0660037878787874,-4.210207738847951,1.3751173053340997,-202.66471497113113,-79.78017795068905,0.5553030303030303,1.3550793050095447,0.998,H5 BTCリードラグ(横断),half-maker,2,3.0,5.0,
"H5 BTCリードラグ(横断) {'lookback': 3, 'top_n': 5} hold=2",test,2063,-1.924063291874498,1.8991068486974845,3.823170140571982,-3.324711176372526,3.283392921373354,-168.547944368206,-50.49460843903527,0.6939408628211342,2.736698399596892,0.927,H5 BTCリードラグ(横断),half-maker,2,3.0,5.0,
"H5 BTCリードラグ(横断) {'lookback': 3, 'top_n': 5} hold=2",full,5279,-2.09034136706555,1.2785826715781323,3.3689240386436827,-3.69735113316923,2.2671888367570645,-183.11390375494216,-120.5182075393584,0.6109111574161773,2.0929109839568873,0.9995,H5 BTCリードラグ(横断),half-maker,2,3.0,5.0,
"H5 BTCリードラグ(横断) {'lookback': 3, 'top_n': 5} hold=2",train,3168,-0.08047490108182073,0.7524796443727243,0.8329545454545453,-0.1469840877346913,1.3751173053340997,-7.049601334767496,-21.39933235483821,0.5553030303030303,1.3550793050095447,0.5665,H5 BTCリードラグ(横断),maker-only(理論上限),2,3.0,5.0,
"H5 BTCリードラグ(横断) {'lookback': 3, 'top_n': 5} hold=2",test,2063,0.8581955544657838,1.8991068486974845,1.0409112942317014,1.484391829791902,3.283392921373354,75.17793057120265,-29.444539047573915,0.6939408628211342,2.736698399596892,0.197,H5 BTCリードラグ(横断),maker-only(理論上限),2,3.0,5.0,
"H5 BTCリードラグ(横断) {'lookback': 3, 'top_n': 5} hold=2",full,5279,0.36221593545386666,1.2785826715781323,0.9163667361242658,0.6422250364513163,2.2671888367570645,31.73011594575872,-29.444539047573926,0.6109111574161773,2.0929109839568873,0.28275,H5 BTCリードラグ(横断),maker-only(理論上限),2,3.0,5.0,
"H5 BTCリードラグ(横断) {'lookback': 3, 'top_n': 5} hold=3",train,3168,-3.453931850957935,0.751434310658227,4.205366161616161,-6.306561470809174,1.3919870500980254,-302.5644301439151,-112.25082837331514,0.4398358585858586,1.7084425837270436,0.99975,H5 BTCリードラグ(横断),taker,3,3.0,5.0,
"H5 BTCリードラグ(横断) {'lookback': 3, 'top_n': 5} hold=3",test,2063,-1.9005748177833182,3.3752855796960817,5.2758603974794,-3.2097200041190512,5.745095247122036,-166.49035403781866,-44.104895729755455,0.5548230731943771,6.08353499118733,0.943,H5 BTCリードラグ(横断),taker,3,3.0,5.0,
"H5 BTCリードラグ(横断) {'lookback': 3, 'top_n': 5} hold=3",full,5279,-2.8500866962644236,1.7825425895851696,4.6326292858495925,-5.007911885158471,3.166778247129198,-249.66759459276352,-154.575855526778,0.48584959272589506,3.6689185630147025,1.0,H5 BTCリードラグ(横断),taker,3,3.0,5.0,
"H5 BTCリードラグ(横断) {'lookback': 3, 'top_n': 5} hold=3",train,3168,-1.6811256640892478,0.751434310658227,2.4325599747474747,-3.0954530594238,1.3919870500980254,-147.2666081742181,-57.758547747117696,0.4398358585858586,1.7084425837270436,0.9535,H5 BTCリードラグ(横断),half-maker,3,3.0,5.0,
"H5 BTCリードラグ(横断) {'lookback': 3, 'top_n': 5} hold=3",test,2063,0.32123807606059923,3.3752855796960817,3.054047503635483,0.5455670077394174,5.745095247122036,28.14045546290849,-26.74364572975552,0.5548230731943771,6.08353499118733,0.393,H5 BTCリードラグ(横断),half-maker,3,3.0,5.0,
"H5 BTCリードラグ(横断) {'lookback': 3, 'top_n': 5} hold=3",full,5279,-0.8981592478840481,1.7825425895851696,2.680701837469218,-1.589153373557293,3.166778247129198,-78.67875011464261,-69.20322791362524,0.48584959272589506,3.6689185630147025,0.88575,H5 BTCリードラグ(横断),half-maker,3,3.0,5.0,
"H5 BTCリードラグ(横断) {'lookback': 3, 'top_n': 5} hold=3",train,3168,0.09168052277943892,0.751434310658227,0.6597537878787878,0.1696712459685206,1.3919870500980254,8.031213795478848,-22.84905557470822,0.4398358585858586,1.7084425837270436,0.49225,H5 BTCリードラグ(横断),maker-only(理論上限),3,3.0,5.0,
"H5 BTCリードラグ(横断) {'lookback': 3, 'top_n': 5} hold=3",test,2063,2.5430509699045163,3.3752855796960817,0.8322346097915656,4.32884831312713,5.745095247122036,222.77126496363562,-11.554144890066203,0.5548230731943771,6.08353499118733,0.01425,H5 BTCリードラグ(横断),maker-only(理論上限),3,3.0,5.0,
"H5 BTCリードラグ(横断) {'lookback': 3, 'top_n': 5} hold=3",full,5279,1.0537682004963276,1.7825425895851696,0.7287743890888425,1.8712790168984093,3.166778247129198,92.31009436347829,-27.97309366101066,0.48584959272589506,3.6689185630147025,0.0715,H5 BTCリードラグ(横断),maker-only(理論上限),3,3.0,5.0,
"H5 BTCリードラグ(横断) {'lookback': 3, 'top_n': 5} hold=6",train,3168,-2.280254384234804,-0.13020703574995568,2.1500473484848484,-4.304913363790341,-0.2485671346024081,-199.75028405896887,-79.83149085511549,0.22342171717171716,-0.5827859413052552,0.997,H5 BTCリードラグ(横断),taker,6,3.0,5.0,
"H5 BTCリードラグ(横断) {'lookback': 3, 'top_n': 5} hold=6",test,2063,-2.5325485631543168,0.12540102482435564,2.657949587978672,-4.482050307348599,0.22282124371246378,-221.85125413231813,-60.88978201335171,0.27775084827920504,0.4514874593588929,0.99275,H5 BTCリードラグ(横断),taker,6,3.0,5.0,
"H5 BTCリードラグ(横断) {'lookback': 3, 'top_n': 5} hold=6",full,5279,-2.3308839802217896,0.022999331011398623,2.3538833112331883,-4.258714722212665,0.042356324858570736,-204.18543666742877,-127.8371365742865,0.24527372608448572,0.0937700559230563,0.99975,H5 BTCリードラグ(横断),taker,6,3.0,5.0,
"H5 BTCリードラグ(横断) {'lookback': 3, 'top_n': 5} hold=6",train,3168,-1.3727969978711676,-0.13020703574995568,1.242589962121212,-2.6079027658528062,-0.2485671346024081,-120.25701701351427,-52.77608638781081,0.22342171717171716,-0.5827859413052552,0.9545,H5 BTCリードラグ(横断),half-maker,6,3.0,5.0,
"H5 BTCリードラグ(横断) {'lookback': 3, 'top_n': 5} hold=6",test,2063,-1.4118869053743839,0.12540102482435564,1.5372879301987397,-2.506958122171141,0.22282124371246378,-123.68129291079603,-39.68070198065406,0.27775084827920504,0.4514874593588929,0.9145,H5 BTCリードラグ(横断),half-maker,6,3.0,5.0,
"H5 BTCリードラグ(横断) {'lookback': 3, 'top_n': 5} hold=6",full,5279,-1.3378976191685599,0.022999331011398623,1.3608969501799582,-2.456454377255899,0.042356324858570736,-117.19983143916583,-76.03123210698209,0.24527372608448572,0.0937700559230563,0.97625,H5 BTCリードラグ(横断),half-maker,6,3.0,5.0,
"H5 BTCリードラグ(横断) {'lookback': 3, 'top_n': 5} hold=6",train,3168,-0.4653396115075313,-0.13020703574995568,0.3351325757575757,-0.8875824125804082,-0.2485671346024081,-40.763749968059734,-28.414243707570737,0.22342171717171716,-0.5827859413052552,0.723,H5 BTCリードラグ(横断),maker-only(理論上限),6,3.0,5.0,
"H5 BTCリードラグ(横断) {'lookback': 3, 'top_n': 5} hold=6",test,2063,-0.29122524759445134,0.12540102482435564,0.4166262724188075,-0.5176070521907005,0.22282124371246378,-25.51133168927394,-25.39937557124956,0.27775084827920504,0.4514874593588929,0.60775,H5 BTCリードラグ(横断),maker-only(理論上限),6,3.0,5.0,
"H5 BTCリードラグ(横断) {'lookback': 3, 'top_n': 5} hold=6",full,5279,-0.3449112581153299,0.022999331011398623,0.3679105891267285,-0.6349725648532376,0.042356324858570736,-30.2142262109029,-32.20615706014166,0.24527372608448572,0.0937700559230563,0.692,H5 BTCリードラグ(横断),maker-only(理論上限),6,3.0,5.0,
"H5 BTCリードラグ(横断) {'lookback': 3, 'top_n': 5} hold=12",train,3168,0.018236034283947992,1.117083887819302,1.0988478535353536,0.035392787160703876,2.189315415568095,1.597476603273844,-22.48507686726193,0.11250000000000002,9.929634558393793,0.4375,H5 BTCリードラグ(横断),taker,12,3.0,5.0,
"H5 BTCリードラグ(横断) {'lookback': 3, 'top_n': 5} hold=12",test,2063,-4.078383691157858,-2.7242634778762285,1.3541202132816288,-7.106317112589957,-4.7504955326850205,-357.2664113454283,-94.32879218798185,0.14008725157537566,-19.44690503411301,1.0,H5 BTCリードラグ(横断),taker,12,3.0,5.0,
"H5 BTCリードラグ(横断) {'lookback': 3, 'top_n': 5} hold=12",full,5279,-1.6351985634930046,-0.43461133106261995,1.2005872324303846,-3.0115451284292947,-0.8048986245812315,-143.24339416198723,-100.28310145171213,0.12354612616025763,-3.517806219993209,0.99175,H5 BTCリードラグ(横断),taker,12,3.0,5.0,
"H5 BTCリードラグ(横断) {'lookback': 3, 'top_n': 5} hold=12",train,3168,0.483284961051625,1.117083887819302,0.6337989267676767,0.9426997813892762,2.189315415568095,42.33576258812235,-20.363326867261932,0.11250000000000002,9.929634558393793,0.23125,H5 BTCリードラグ(横断),half-maker,12,3.0,5.0,
"H5 BTCリードラグ(横断) {'lookback': 3, 'top_n': 5} hold=12",test,2063,-3.5063890231985746,-2.7242634778762285,0.7821255453223461,-6.117145482913811,-4.7504955326850205,-307.15967843219516,-83.44154218798184,0.14008725157537566,-19.44690503411301,0.9985,H5 BTCリードラグ(横断),half-maker,12,3.0,5.0,
"H5 BTCリードラグ(横断) {'lookback': 3, 'top_n': 5} hold=12",full,5279,-1.1275645418980056,-0.43461133106261995,0.6929532108353855,-2.083407378786617,-0.8048986245812315,-98.7746538702653,-83.44154218798177,0.12354612616025763,-3.517806219993209,0.95025,H5 BTCリードラグ(横断),half-maker,12,3.0,5.0,
"H5 BTCリードラグ(横断) {'lookback': 3, 'top_n': 5} hold=12",train,3168,0.9483338878193014,1.117083887819302,0.16874999999999996,1.8567542470503653,2.189315415568095,83.07404857297081,-18.397402083263387,0.11250000000000002,9.929634558393793,0.09775,H5 BTCリードラグ(横断),maker-only(理論上限),12,3.0,5.0,
"H5 BTCリードラグ(横断) {'lookback': 3, 'top_n': 5} hold=12",test,2063,-2.934394355239292,-2.7242634778762285,0.21013087736306346,-5.118955363674561,-4.7504955326850205,-257.05294551896196,-72.5542921879817,0.14008725157537566,-19.44690503411301,0.9935,H5 BTCリードラグ(横断),maker-only(理論上限),12,3.0,5.0,
"H5 BTCリードラグ(横断) {'lookback': 3, 'top_n': 5} hold=12",full,5279,-0.6199305203030064,-0.43461133106261995,0.1853191892403864,-1.1477126207387398,-0.8048986245812315,-54.30591357854336,-72.55429218798177,0.12354612616025763,-3.517806219993209,0.815,H5 BTCリードラグ(横断),maker-only(理論上限),12,3.0,5.0,
"H5 BTCリードラグ(横断) {'lookback': 3, 'top_n': 5} hold=24",train,3168,-0.7153100536067355,-0.13390222532390736,0.5814078282828283,-1.4780455282647897,-0.2783951508511389,-62.66116069595004,-34.097958415006794,0.057702020202020206,-2.320581235372749,0.87025,H5 BTCリードラグ(横断),taker,24,3.0,5.0,
"H5 BTCリードラグ(横断) {'lookback': 3, 'top_n': 5} hold=24",test,2063,-3.2400630460333963,-2.5264421056553066,0.7136209403780902,-5.903695788075496,-4.605959006658029,-283.8295228325255,-75.2430362645734,0.07280659234125061,-34.70073278273566,0.998,H5 BTCリードラグ(横断),taker,24,3.0,5.0,
"H5 BTCリードラグ(横断) {'lookback': 3, 'top_n': 5} hold=24",full,5279,-1.667982374959365,-1.034083909340877,0.6338984656184883,-3.2509622894621377,-2.02253090245191,-146.11525604644038,-95.75720638737086,0.06372419018753551,-16.22749392809301,0.99775,H5 BTCリードラグ(横断),taker,24,3.0,5.0,
"H5 BTCリードラグ(横断) {'lookback': 3, 'top_n': 5} hold=24",train,3168,-0.46788265461683687,-0.13390222532390736,0.33398042929292926,-0.9699102945176892,-0.2783951508511389,-40.98652054443491,-28.491208415006763,0.057702020202020206,-2.320581235372749,0.765,H5 BTCリードラグ(横断),half-maker,24,3.0,5.0,
"H5 BTCリードラグ(横断) {'lookback': 3, 'top_n': 5} hold=24",test,2063,-2.937857520100289,-2.5264421056553066,0.41141541444498303,-5.357406519638271,-4.605959006658029,-257.3563187607853,-69.57428626457337,0.07280659234125061,-34.70073278273566,0.99475,H5 BTCリードラグ(横断),half-maker,24,3.0,5.0,
"H5 BTCリードラグ(横断) {'lookback': 3, 'top_n': 5} hold=24",full,5279,-1.3988262847907729,-1.034083909340877,0.36474237544989574,-2.732029352344723,-2.02253090245191,-122.53718254767172,-81.94495638737068,0.06372419018753551,-16.22749392809301,0.98825,H5 BTCリードラグ(横断),half-maker,24,3.0,5.0,
"H5 BTCリードラグ(横断) {'lookback': 3, 'top_n': 5} hold=24",train,3168,-0.22045525562693769,-0.13390222532390736,0.08655303030303028,-0.45807756730933985,-0.2783951508511389,-19.31188039291974,-22.884458415006755,0.057702020202020206,-2.320581235372749,0.64025,H5 BTCリードラグ(横断),maker-only(理論上限),24,3.0,5.0,
"H5 BTCリードラグ(横断) {'lookback': 3, 'top_n': 5} hold=24",test,2063,-2.6356519941671817,-2.5264421056553066,0.1092098885118759,-4.806311431901569,-4.605959006658029,-230.8831146890451,-63.905536264573385,0.07280659234125061,-34.70073278273566,0.99075,H5 BTCリードラグ(横断),maker-only(理論上限),24,3.0,5.0,
"H5 BTCリードラグ(横断) {'lookback': 3, 'top_n': 5} hold=24",full,5279,-1.12967019462218,-1.034083909340877,0.09558628528130327,-2.2090751031378013,-2.02253090245191,-98.95910904890299,-68.13270638737073,0.06372419018753551,-16.22749392809301,0.96325,H5 BTCリードラグ(横断),maker-only(理論上限),24,3.0,5.0,
"H5 BTCリードラグ(横断) {'lookback': 6, 'top_n': 3} hold=1",train,3168,-5.7054055640407775,0.5349932154205007,6.2403987794612785,-6.59933960448649,0.6202822834340249,-499.79352740997217,-189.63917371049456,0.6513047138047137,0.8214176929493441,1.0,H5 BTCリードラグ(横断),taker,1,6.0,3.0,
"H5 BTCリードラグ(横断) {'lookback': 6, 'top_n': 3} hold=1",test,2063,-5.2769994466533765,2.6573599005755777,7.934359347228955,-5.8632000838666665,2.959089609719404,-462.2651515268358,-112.89950155622772,0.8338988528033607,3.1866693324282602,0.99975,H5 BTCリードラグ(横断),taker,1,6.0,3.0,
"H5 BTCリードラグ(横断) {'lookback': 6, 'top_n': 3} hold=1",full,5279,-5.5531958143289435,1.3696115355479255,6.92280734987687,-6.277773986249812,1.5516340010569152,-486.45995333521546,-300.99021197655185,0.7248216202563618,1.8895842746295406,1.0,H5 BTCリードラグ(横断),taker,1,6.0,3.0,
"H5 BTCリードラグ(横断) {'lookback': 6, 'top_n': 3} hold=1",train,3168,-3.073684709663675,0.5349932154205007,3.6086779250841747,-3.5601143319476902,0.6202822834340249,-269.25478056653793,-109.33372526005422,0.6513047138047137,0.8214176929493441,0.981,H5 BTCリードラグ(横断),half-maker,1,6.0,3.0,
"H5 BTCリードラグ(横断) {'lookback': 6, 'top_n': 3} hold=1",test,2063,-1.9352439126414192,2.6573599005755777,4.592603813216997,-2.152652992321936,2.959089609719404,-169.52736674738833,-48.02137384233534,0.8338988528033607,3.1866693324282602,0.88075,H5 BTCリードラグ(横断),half-maker,1,6.0,3.0,
"H5 BTCリードラグ(横断) {'lookback': 6, 'top_n': 3} hold=1",full,5279,-2.635408354582781,1.3696115355479255,4.005019890130707,-2.9828683544558587,1.5516340010569152,-230.8617718614516,-152.30000092932698,0.7248216202563618,1.8895842746295406,0.9915,H5 BTCリードラグ(横断),half-maker,1,6.0,3.0,
"H5 BTCリードラグ(横断) {'lookback': 6, 'top_n': 3} hold=1",train,3168,-0.44196385528657095,0.5349932154205007,0.9769570707070707,-0.5123399811317932,0.6202822834340249,-38.716033723103614,-42.6735201684156,0.6513047138047137,0.8214176929493441,0.645,H5 BTCリードラグ(横断),maker-only(理論上限),1,6.0,3.0,
"H5 BTCリードラグ(横断) {'lookback': 6, 'top_n': 3} hold=1",test,2063,1.4065116213705369,2.6573599005755777,1.2508482792050413,1.5658165223667575,2.959089609719404,123.21041803205904,-23.14547630595944,0.8338988528033607,3.1866693324282602,0.20375,H5 BTCリードラグ(横断),maker-only(理論上限),1,6.0,3.0,
"H5 BTCリードラグ(横断) {'lookback': 6, 'top_n': 3} hold=1",full,5279,0.2823791051633829,1.3696115355479255,1.0872324303845424,0.3198542569647584,1.5516340010569152,24.73640961231234,-52.75024648737485,0.7248216202563618,1.8895842746295406,0.38775,H5 BTCリードラグ(横断),maker-only(理論上限),1,6.0,3.0,
"H5 BTCリードラグ(横断) {'lookback': 6, 'top_n': 3} hold=2",train,3168,-3.3978776599848413,0.8351031901835084,4.2329808501683495,-4.048069742426336,0.9994743559234017,-297.6540830146721,-121.30889440776716,0.4409722222222222,1.8937773131720508,0.99225,H5 BTCリードラグ(横断),taker,2,6.0,3.0,
"H5 BTCリードラグ(横断) {'lookback': 6, 'top_n': 3} hold=2",test,2063,-2.492155659635624,2.8593146909864466,5.351470350622071,-2.87824842409597,3.3047918883347993,-218.31283578408062,-56.33042765901306,0.5609953142672485,5.096860202337304,0.92775,H5 BTCリードラグ(横断),taker,2,6.0,3.0,
"H5 BTCリードラグ(横断) {'lookback': 6, 'top_n': 3} hold=2",full,5279,-3.082364442047117,1.598746248108846,4.681110690155964,-3.605232790796656,1.8751048555386263,-270.01512512332744,-173.67650365795507,0.48904464229336364,3.2691212822853193,0.99875,H5 BTCリードラグ(横断),taker,2,6.0,3.0,
"H5 BTCリードラグ(横断) {'lookback': 6, 'top_n': 3} hold=2",train,3168,-1.6121164015673337,0.8351031901835084,2.4472195917508412,-1.925570296012327,0.9994743559234017,-141.22139677729842,-68.60889440776694,0.4409722222222222,1.8937773131720508,0.88975,H5 BTCリードラグ(横断),half-maker,2,6.0,3.0,
"H5 BTCリードラグ(横断) {'lookback': 6, 'top_n': 3} hold=2",test,2063,-0.23716697002502463,2.8593146909864466,3.0964816610114716,-0.2741760632131827,3.3047918883347993,-20.77582657419216,-34.94574043139719,0.5609953142672485,5.096860202337304,0.542,H5 BTCリードラグ(横断),half-maker,2,6.0,3.0,
"H5 BTCリードラグ(横断) {'lookback': 6, 'top_n': 3} hold=2",full,5279,-1.1085925786891582,1.598746248108846,2.7073388267980043,-1.2990010537876273,1.8751048555386263,-97.11270989317026,-83.72007355573497,0.48904464229336364,3.2691212822853193,0.85525,H5 BTCリードラグ(横断),half-maker,2,6.0,3.0,
"H5 BTCリードラグ(横断) {'lookback': 6, 'top_n': 3} hold=2",train,3168,0.1736448568501746,0.8351031901835084,0.6614583333333334,0.20775490468410804,0.9994743559234017,15.211289460075294,-41.036822954484634,0.4409722222222222,1.8937773131720508,0.47375,H5 BTCリードラグ(横断),maker-only(理論上限),2,6.0,3.0,
"H5 BTCリードラグ(横断) {'lookback': 6, 'top_n': 3} hold=2",test,2063,2.0178217195855748,2.8593146909864466,0.8414929714008724,2.332719797206256,3.3047918883347993,176.76118263569634,-22.753745942133925,0.5609953142672485,5.096860202337304,0.10875,H5 BTCリードラグ(横断),maker-only(理論上限),2,6.0,3.0,
"H5 BTCリードラグ(横断) {'lookback': 6, 'top_n': 3} hold=2",full,5279,0.8651792846688006,1.598746248108846,0.7335669634400455,1.0146752509733035,1.8751048555386263,75.78970533698693,-46.105390275861886,0.48904464229336364,3.2691212822853193,0.18325,H5 BTCリードラグ(横断),maker-only(理論上限),2,6.0,3.0,
"H5 BTCリードラグ(横断) {'lookback': 6, 'top_n': 3} hold=3",train,3168,-3.0633192023091604,0.29605579769083934,3.3593749999999996,-3.7189599572134777,0.36137179161004523,-268.3467621222825,-108.38051511011868,0.3494318181818182,0.8472491120908574,0.9955,H5 BTCリードラグ(横断),taker,3,6.0,3.0,
"H5 BTCリードラグ(横断) {'lookback': 6, 'top_n': 3} hold=3",test,2063,-1.8367953556167824,2.3673571730631324,4.2041525286799155,-2.1360103041177214,2.761479351109697,-160.90327315203015,-43.01735098863935,0.44126676361286155,5.364911586996604,0.88425,H5 BTCリードラグ(横断),taker,3,6.0,3.0,
"H5 BTCリードラグ(横断) {'lookback': 6, 'top_n': 3} hold=3",full,5279,-2.664431299487326,1.0326862101420227,3.6971175096293485,-3.150745184932447,1.2261675247447312,-233.4041818350898,-155.2301652288283,0.3860579655237734,2.6749511792638554,0.997,H5 BTCリードラグ(横断),taker,3,6.0,3.0,
"H5 BTCリードラグ(横断) {'lookback': 6, 'top_n': 3} hold=3",train,3168,-1.645705565945524,0.29605579769083934,1.9417613636363635,-2.0039459841546887,0.36137179161004523,-144.1638075768279,-79.02144275214458,0.3494318181818182,0.8472491120908574,0.9175,H5 BTCリードラグ(横断),half-maker,3,6.0,3.0,
"H5 BTCリードラグ(横断) {'lookback': 6, 'top_n': 3} hold=3",test,2063,-0.06566916398647082,2.3673571730631324,2.433026337049604,-0.07652313601972122,2.761479351109697,-5.752618765214844,-31.807678143365724,0.44126676361286155,5.364911586996604,0.54775,H5 BTCリードラグ(横断),half-maker,3,6.0,3.0,
"H5 BTCリードラグ(横断) {'lookback': 6, 'top_n': 3} hold=3",full,5279,-1.105416018815482,1.0326862101420227,2.1381022289575045,-1.3103779842886318,1.2261675247447312,-96.83444324823621,-112.85267002558048,0.3860579655237734,2.6749511792638554,0.867,H5 BTCリードラグ(横断),half-maker,3,6.0,3.0,
"H5 BTCリードラグ(横断) {'lookback': 6, 'top_n': 3} hold=3",train,3168,-0.22809192958188834,0.29605579769083934,0.5241477272727272,-0.27829541995747165,0.36137179161004523,-19.980853031373417,-55.87876495307069,0.3494318181818182,0.8472491120908574,0.59525,H5 BTCリードラグ(横断),maker-only(理論上限),3,6.0,3.0,
"H5 BTCリードラグ(横断) {'lookback': 6, 'top_n': 3} hold=3",test,2063,1.70545702764384,2.3673571730631324,0.6619001454192923,1.9892288204889936,2.761479351109697,149.3980356216004,-22.871198455326777,0.44126676361286155,5.364911586996604,0.1525,H5 BTCリードラグ(横断),maker-only(理論上限),3,6.0,3.0,
"H5 BTCリードラグ(横断) {'lookback': 6, 'top_n': 3} hold=3",full,5279,0.45359926185636223,1.0326862101420227,0.5790869482856601,0.5384605907445461,1.2261675247447312,39.735295338617334,-78.95821023453347,0.3860579655237734,2.6749511792638554,0.313,H5 BTCリードラグ(横断),maker-only(理論上限),3,6.0,3.0,
"H5 BTCリードラグ(横断) {'lookback': 6, 'top_n': 3} hold=6",train,3168,-1.901240716035489,0.3110383243685509,2.21227904040404,-2.456798244691868,0.4048575939911715,-166.54868672470883,-81.6597757068776,0.2316919191919192,1.3424651384190316,0.94075,H5 BTCリードラグ(横断),taker,6,6.0,3.0,
"H5 BTCリードラグ(横断) {'lookback': 6, 'top_n': 3} hold=6",test,2063,-0.8865112054523654,1.844786257788868,2.731297463241234,-1.0349296024896446,2.1550876114898925,-77.65838159762721,-38.33523226542284,0.286960736791081,6.4287061652338435,0.69525,H5 BTCリードラグ(横断),taker,6,6.0,3.0,
"H5 BTCリードラグ(横断) {'lookback': 6, 'top_n': 3} hold=6",full,5279,-1.5064233332162522,0.912879565059936,2.419302898276188,-1.848869203018897,1.125238698924828,-131.96268398974368,-99.87199814773429,0.2537728105070404,3.597231568015479,0.9355,H5 BTCリードラグ(横断),taker,6,6.0,3.0,
"H5 BTCリードラグ(横断) {'lookback': 6, 'top_n': 3} hold=6",train,3168,-0.9688701352274088,0.3110383243685509,1.2799084595959593,-1.2567807642100566,0.4048575939911715,-84.87302384592101,-68.35302603805275,0.2316919191919192,1.3424651384190316,0.78225,H5 BTCリードラグ(横断),half-maker,6,6.0,3.0,
"H5 BTCリードラグ(横断) {'lookback': 6, 'top_n': 3} hold=6",test,2063,0.2639169735749408,1.844786257788868,1.5808692842139278,0.30841587029064044,2.1550876114898925,23.119126885164814,-32.36508428942667,0.286960736791081,6.4287061652338435,0.423,H5 BTCリードラグ(横断),half-maker,6,6.0,3.0,
"H5 BTCリードラグ(横断) {'lookback': 6, 'top_n': 3} hold=6",full,5279,-0.48710149195843877,0.912879565059936,1.3999810570183746,-0.5993629822717593,1.125238698924828,-42.67009069555924,-78.96785562187267,0.2537728105070404,3.597231568015479,0.687,H5 BTCリードラグ(横断),half-maker,6,6.0,3.0,
"H5 BTCリードラグ(横断) {'lookback': 6, 'top_n': 3} hold=6",train,3168,-0.036499554419327986,0.3110383243685509,0.3475378787878788,-0.047475249230057956,0.4048575939911715,-3.1973609671331316,-63.461433637733286,0.2316919191919192,1.3424651384190316,0.51875,H5 BTCリードラグ(横断),maker-only(理論上限),6,6.0,3.0,
"H5 BTCリードラグ(横断) {'lookback': 6, 'top_n': 3} hold=6",test,2063,1.4143451526022475,1.844786257788868,0.4304411051866214,1.652721607217861,2.1550876114898925,123.89663536795688,-28.105917622759996,0.286960736791081,6.4287061652338435,0.17875,H5 BTCリードラグ(横断),maker-only(理論上限),6,6.0,3.0,
"H5 BTCリードラグ(横断) {'lookback': 6, 'top_n': 3} hold=6",full,5279,0.532220349299375,0.912879565059936,0.3806592157605607,0.6558534257699647,1.125238698924828,46.62250259862525,-71.82551459671453,0.2537728105070404,3.597231568015479,0.2995,H5 BTCリードラグ(横断),maker-only(理論上限),6,6.0,3.0,
"H5 BTCリードラグ(横断) {'lookback': 6, 'top_n': 3} hold=12",train,3168,1.048484633665148,2.1903985646415793,1.1419139309764308,1.4218367007866966,2.9923366127871556,91.84725390906698,-23.752300388636684,0.11742424242424243,18.653716808560546,0.15875,H5 BTCリードラグ(横断),taker,12,6.0,3.0,
"H5 BTCリードラグ(横断) {'lookback': 6, 'top_n': 3} hold=12",test,2063,-2.020927382331277,-0.6175504232102562,1.403376959121021,-2.3400499228288982,-0.7158021828444787,-177.03323869221984,-59.33033824298624,0.14558086928421393,-4.241975104604079,0.86675,H5 BTCリードラグ(横断),taker,12,6.0,3.0,
"H5 BTCリードラグ(横断) {'lookback': 6, 'top_n': 3} hold=12",full,5279,-0.24021927900387138,1.006702486482016,1.2469217654858875,-0.30190116922781046,1.2706553525270259,-21.043208840739133,-59.45890978480386,0.1288122750520932,7.815268273733182,0.60375,H5 BTCリードラグ(横断),taker,12,6.0,3.0,
"H5 BTCリードラグ(横断) {'lookback': 6, 'top_n': 3} hold=12",train,3168,1.531373417335182,2.1903985646415793,0.6590251473063973,2.084149143998142,2.9923366127871556,134.14831135856195,-22.500448090653375,0.11742424242424243,18.653716808560546,0.076,H5 BTCリードラグ(横断),half-maker,12,6.0,3.0,
"H5 BTCリードラグ(横断) {'lookback': 6, 'top_n': 3} hold=12",test,2063,-1.4284245547339274,-0.6175504232102562,0.810874131523671,-1.6554019050127118,-0.7158021828444787,-125.12999099469204,-52.60825490965297,0.14558086928421393,-4.241975104604079,0.7805,H5 BTCリードラグ(横断),half-maker,12,6.0,3.0,
"H5 BTCリードラグ(横断) {'lookback': 6, 'top_n': 3} hold=12",full,5279,0.2866323974500026,1.006702486482016,0.7200700890320135,0.3610499754317205,1.2706553525270259,25.108998016620227,-52.60825490965304,0.1288122750520932,7.815268273733182,0.3975,H5 BTCリードラグ(横断),half-maker,12,6.0,3.0,
"H5 BTCリードラグ(横断) {'lookback': 6, 'top_n': 3} hold=12",train,3168,2.0142622010052156,2.1903985646415793,0.17613636363636365,2.749318762361261,2.9923366127871556,176.44936880805687,-22.047554703234802,0.11742424242424243,18.653716808560546,0.0255,H5 BTCリードラグ(横断),maker-only(理論上限),12,6.0,3.0,
"H5 BTCリードラグ(横断) {'lookback': 6, 'top_n': 3} hold=12",test,2063,-0.8359217271365779,-0.6175504232102562,0.2183713039263209,-0.968985537598537,-0.7158021828444787,-73.22674329716422,-45.88617157631963,0.14558086928421393,-4.241975104604079,0.6855,H5 BTCリードラグ(横断),maker-only(理論上限),12,6.0,3.0,
"H5 BTCリードラグ(横断) {'lookback': 6, 'top_n': 3} hold=12",full,5279,0.8134840739038761,1.006702486482016,0.1932184125781398,1.0263491836117336,1.2706553525270259,71.26120487397955,-45.88617157631963,0.1288122750520932,7.815268273733182,0.21725,H5 BTCリードラグ(横断),maker-only(理論上限),12,6.0,3.0,
"H5 BTCリードラグ(横断) {'lookback': 6, 'top_n': 3} hold=24",train,3168,-0.2197429524502856,0.37926799031065705,0.5990109427609427,-0.321803211564878,0.5578758047831899,-19.24948263464502,-23.621010098545636,0.059764309764309756,6.346061584352967,0.6255,H5 BTCリードラグ(横断),taker,24,6.0,3.0,
"H5 BTCリードラグ(横断) {'lookback': 6, 'top_n': 3} hold=24",test,2063,-2.0452848074663863,-1.2911645941847576,0.7541202132816287,-2.5604317186061474,-1.6168311142527334,-179.16694913405541,-54.80641035152457,0.07513330101793504,-17.18498424389132,0.88175,H5 BTCリードラグ(横断),taker,24,6.0,3.0,
"H5 BTCリードラグ(横断) {'lookback': 6, 'top_n': 3} hold=24",full,5279,-0.9588110899321871,-0.299974189003981,0.6588369009282059,-1.3045797296044785,-0.40917405590532785,-83.99185147805959,-77.44975982829897,0.06573214623981814,-4.563584275942408,0.86425,H5 BTCリードラグ(横断),taker,24,6.0,3.0,
"H5 BTCリードラグ(横断) {'lookback': 6, 'top_n': 3} hold=24",train,3168,0.0349392866069535,0.37926799031065705,0.3443287037037037,0.05127910623031714,0.5578758047831899,3.0606815067691264,-22.32559343187896,0.059764309764309756,6.346061584352967,0.531,H5 BTCリードラグ(横断),half-maker,24,6.0,3.0,
"H5 BTCリードラグ(横断) {'lookback': 6, 'top_n': 3} hold=24",test,2063,-1.724574676589023,-1.2911645941847576,0.4334100824042656,-2.1598734831291098,-1.6168311142527334,-151.07274166919845,-51.14182701819124,0.07513330101793504,-17.18498424389132,0.8405,H5 BTCリードラグ(横断),half-maker,24,6.0,3.0,
"H5 BTCリードラグ(横断) {'lookback': 6, 'top_n': 3} hold=24",full,5279,-0.6786917491479477,-0.299974189003981,0.37871756014396674,-0.924710434663692,-0.40917405590532785,-59.45339722536023,-70.04975982829895,0.06573214623981814,-4.563584275942408,0.78025,H5 BTCリードラグ(横断),half-maker,24,6.0,3.0,
"H5 BTCリードラグ(横断) {'lookback': 6, 'top_n': 3} hold=24",train,3168,0.2896215256641925,0.37926799031065705,0.08964646464646465,0.42580046773072383,0.5578758047831899,25.370845648183266,-21.0301767652123,0.059764309764309756,6.346061584352967,0.43625,H5 BTCリードラグ(横断),maker-only(理論上限),24,6.0,3.0,
"H5 BTCリードラグ(横断) {'lookback': 6, 'top_n': 3} hold=24",test,2063,-1.4038645457116603,-1.2911645941847576,0.11269995152690257,-1.7582068033320175,-1.6168311142527334,-122.97853420434144,-47.477243684857925,0.07513330101793504,-17.18498424389132,0.79525,H5 BTCリードラグ(横断),maker-only(理論上限),24,6.0,3.0,
"H5 BTCリードラグ(横断) {'lookback': 6, 'top_n': 3} hold=24",full,5279,-0.39857240836370844,-0.299974189003981,0.09859821935972722,-0.5435541293962529,-0.40917405590532785,-34.91494297266086,-62.64975982829895,0.06573214623981814,-4.563584275942408,0.6765,H5 BTCリードラグ(横断),maker-only(理論上限),24,6.0,3.0,
"H5 BTCリードラグ(横断) {'lookback': 6, 'top_n': 5} hold=1",train,3168,-5.572513437720202,0.2116406026838382,5.78415404040404,-9.65529767961219,0.36823283997462397,-488.15217714428974,-180.71065786387214,0.603219696969697,0.3508516113565669,1.0,H5 BTCリードラグ(横断),taker,1,6.0,5.0,
"H5 BTCリードラグ(横断) {'lookback': 6, 'top_n': 5} hold=1",test,2063,-6.1200816120544195,1.0482896918719011,7.168371303926321,-9.920231186100848,1.702002965822771,-536.1191492159671,-127.8590183127858,0.7525933107125545,1.3929032811617497,1.0,H5 BTCリードラグ(横断),taker,1,6.0,5.0,
"H5 BTCリードラグ(横断) {'lookback': 6, 'top_n': 5} hold=1",full,5279,-5.794249876156491,0.5462691615400422,6.340519037696533,-9.715087150170811,0.9184978869847172,-507.57628915130863,-311.16715666348347,0.6633453305550292,0.8235064549003037,1.0,H5 BTCリードラグ(横断),taker,1,6.0,5.0,
"H5 BTCリードラグ(横断) {'lookback': 6, 'top_n': 5} hold=1",train,3168,-3.132851190245455,0.2116406026838382,3.3444917929292926,-5.441064477171836,0.36823283997462397,-274.43776426550187,-108.26265786387266,0.603219696969697,0.3508516113565669,0.9985,H5 BTCリードラグ(横断),half-maker,1,6.0,5.0,
"H5 BTCリードラグ(横断) {'lookback': 6, 'top_n': 5} hold=1",test,2063,-3.100340943125675,1.0482896918719011,4.148630634997576,-5.030208667181205,1.702002965822771,-271.58986661780915,-66.44271085076977,0.7525933107125545,1.3929032811617497,0.99625,H5 BTCリードラグ(横断),half-maker,1,6.0,5.0,
"H5 BTCリードラグ(横断) {'lookback': 6, 'top_n': 5} hold=1",full,5279,-3.121499355224496,0.5462691615400422,3.6677685167645384,-5.2424480992576115,0.9184978869847172,-273.4433435176658,-174.7043492014666,0.6633453305550292,0.8235064549003037,1.0,H5 BTCリードラグ(横断),half-maker,1,6.0,5.0,
"H5 BTCリードラグ(横断) {'lookback': 6, 'top_n': 5} hold=1",train,3168,-0.6931889427707068,0.2116406026838382,0.9048295454545454,-1.2057669330455802,0.36823283997462397,-60.72335138671392,-35.814657863872725,0.603219696969697,0.3508516113565669,0.7785,H5 BTCリードラグ(横断),maker-only(理論上限),1,6.0,5.0,
"H5 BTCリードラグ(横断) {'lookback': 6, 'top_n': 5} hold=1",test,2063,-0.08060027419692989,1.0482896918719011,1.1288899660688316,-0.13084820996461188,1.702002965822771,-7.060584019651057,-24.563372814400665,0.7525933107125545,1.3929032811617497,0.5265,H5 BTCリードラグ(横断),maker-only(理論上限),1,6.0,5.0,
"H5 BTCリードラグ(横断) {'lookback': 6, 'top_n': 5} hold=1",full,5279,-0.4487488342925014,0.5462691615400422,0.9950179958325439,-0.7544202479830712,0.9184978869847172,-39.310397884023125,-44.85524463919554,0.6633453305550292,0.8235064549003037,0.719,H5 BTCリードラグ(横断),maker-only(理論上限),1,6.0,5.0,
"H5 BTCリードラグ(横断) {'lookback': 6, 'top_n': 5} hold=2",train,3168,-2.7321706482741797,1.2342119274833958,3.9663825757575757,-4.839564209530982,2.202968408442361,-239.33814878881816,-95.85468609838259,0.41268939393939397,2.9906557949115786,0.998,H5 BTCリードラグ(横断),taker,2,6.0,5.0,
"H5 BTCリードラグ(横断) {'lookback': 6, 'top_n': 5} hold=2",test,2063,-4.025160041179918,0.947670787710048,4.972830828889967,-6.676428683621951,1.577070783949246,-352.60401960736084,-85.43296820048603,0.5193407658749395,1.8247571729007177,1.0,H5 BTCリードラグ(横断),taker,2,6.0,5.0,
"H5 BTCリードラグ(横断) {'lookback': 6, 'top_n': 5} hold=2",full,5279,-3.34480357382627,1.0226618552322644,4.367465429058533,-5.731676735181954,1.7620492597982989,-293.0047930671812,-183.62290945381247,0.4552377344193976,2.246434726103164,1.0,H5 BTCリードラグ(横断),taker,2,6.0,5.0,
"H5 BTCリードラグ(横断) {'lookback': 6, 'top_n': 5} hold=2",train,3168,-1.058496405849937,1.2342119274833958,2.292708333333333,-1.8832251410394638,2.202968408442361,-92.72428515245448,-46.93302587830869,0.41268939393939397,2.9906557949115786,0.87775,H5 BTCリードラグ(横断),half-maker,2,6.0,5.0,
"H5 BTCリードラグ(横断) {'lookback': 6, 'top_n': 5} hold=2",test,2063,-1.9282502011411398,0.947670787710048,2.875920988851188,-3.2063568707114647,1.577070783949246,-168.91471761996385,-44.764107117973374,0.5193407658749395,1.8247571729007177,0.952,H5 BTCリードラグ(横断),half-maker,2,6.0,5.0,
"H5 BTCリードラグ(横断) {'lookback': 6, 'top_n': 5} hold=2",full,5279,-1.5024991601115507,1.0226618552322644,2.525161015343815,-2.583608354562917,1.7620492597982989,-131.61892642577183,-90.28024207905366,0.4552377344193976,2.246434726103164,0.98225,H5 BTCリードラグ(横断),half-maker,2,6.0,5.0,
"H5 BTCリードラグ(横断) {'lookback': 6, 'top_n': 5} hold=2",train,3168,0.6151778365743054,1.2342119274833958,0.6190340909090909,1.0974821973543474,2.202968408442361,53.88957848390915,-18.816218076416312,0.41268939393939397,2.9906557949115786,0.25275,H5 BTCリードラグ(横断),maker-only(理論上限),2,6.0,5.0,
"H5 BTCリードラグ(横断) {'lookback': 6, 'top_n': 5} hold=2",test,2063,0.1686596388976388,0.947670787710048,0.779011148812409,0.28070138199268874,1.577070783949246,14.774584367433159,-23.728166469148682,0.5193407658749395,1.8247571729007177,0.4265,H5 BTCリードラグ(横断),maker-only(理論上限),2,6.0,5.0,
"H5 BTCリードラグ(横断) {'lookback': 6, 'top_n': 5} hold=2",full,5279,0.33980525360316827,1.0226618552322644,0.6828566016290962,0.5853650745109024,1.7620492597982989,29.76694021563754,-23.728166469148686,0.4552377344193976,2.246434726103164,0.29875,H5 BTCリードラグ(横断),maker-only(理論上限),2,6.0,5.0,
"H5 BTCリードラグ(横断) {'lookback': 6, 'top_n': 5} hold=3",train,3168,-2.5498658307382986,0.6228298763324089,3.1726957070707074,-4.605806475022983,1.1345652563570237,-223.36824677267492,-84.62949650561757,0.32941919191919194,1.8906909239374006,0.99875,H5 BTCリードラグ(横断),taker,3,6.0,5.0,
"H5 BTCリードラグ(横断) {'lookback': 6, 'top_n': 5} hold=3",test,2063,-2.5129590533049124,1.46859693312262,3.9815559864275327,-4.224101246445956,2.481353894108665,-220.1352130695103,-54.196917921930265,0.41609306834706744,3.529491464389521,0.9895,H5 BTCリードラグ(横断),taker,3,6.0,5.0,
"H5 BTCリードラグ(横断) {'lookback': 6, 'top_n': 5} hold=3",full,5279,-2.6381179162242545,0.8568906081174769,3.495008524341732,-4.594096247750561,1.5022658248593104,-231.0991294612447,-143.01001277472884,0.36397044894866454,2.3542862081045905,1.0,H5 BTCリードラグ(横断),taker,3,6.0,5.0,
"H5 BTCリードラグ(横断) {'lookback': 6, 'top_n': 5} hold=3",train,3168,-1.2105823711423385,0.6228298763324089,1.8334122474747474,-2.197473238893694,1.1345652563570237,-106.04701571206886,-51.6737249319098,0.32941919191919194,1.8906909239374006,0.91525,H5 BTCリードラグ(横断),half-maker,3,6.0,5.0,
"H5 BTCリードラグ(横断) {'lookback': 6, 'top_n': 5} hold=3",test,2063,-0.8342508613514461,1.46859693312262,2.302847794474067,-1.4073058486554901,2.481353894108665,-73.08037545438668,-26.965444023524686,0.41609306834706744,3.529491464389521,0.78175,H5 BTCリードラグ(横断),half-maker,3,6.0,5.0,
"H5 BTCリードラグ(横断) {'lookback': 6, 'top_n': 5} hold=3",full,5279,-1.163591490764887,0.8568906081174769,2.020482098882364,-2.0348233674889555,1.5022658248593104,-101.9306145910041,-77.52680129614069,0.36397044894866454,2.3542862081045905,0.955,H5 BTCリードラグ(横断),half-maker,3,6.0,5.0,
"H5 BTCリードラグ(横断) {'lookback': 6, 'top_n': 5} hold=3",train,3168,0.12870108845362105,0.6228298763324089,0.49412878787878783,0.23431789394583513,1.1345652563570237,11.274215348537203,-33.523341866148535,0.32941919191919194,1.8906909239374006,0.4335,H5 BTCリードラグ(横断),maker-only(理論上限),3,6.0,5.0,
"H5 BTCリードラグ(横断) {'lookback': 6, 'top_n': 5} hold=3",test,2063,0.8444573306020198,1.46859693312262,0.6241396025206011,1.4267632007123494,2.481353894108665,73.97446216073693,-17.360217658327997,0.41609306834706744,3.529491464389521,0.22475,H5 BTCリードラグ(横断),maker-only(理論上限),3,6.0,5.0,
"H5 BTCリードラグ(横断) {'lookback': 6, 'top_n': 5} hold=3",full,5279,0.3109349346944802,0.8568906081174769,0.5459556734229968,0.5449668920529617,1.5022658248593104,27.237900279236467,-50.88750277543925,0.36397044894866454,2.3542862081045905,0.30425,H5 BTCリードラグ(横断),maker-only(理論上限),3,6.0,5.0,
"H5 BTCリードラグ(横断) {'lookback': 6, 'top_n': 5} hold=6",train,3168,-1.644555939365658,0.4887300454828267,2.133285984848485,-3.1000638309011856,0.931490870047499,-144.06310028843163,-59.494820120711736,0.22196969696969698,2.201787235622291,0.9745,H5 BTCリードラグ(横断),taker,6,6.0,5.0,
"H5 BTCリードラグ(横断) {'lookback': 6, 'top_n': 5} hold=6",test,2063,-2.0599483466832758,0.5766246053283579,2.6365729520116337,-3.509153535767474,0.9855035681056821,-180.45147516945497,-46.909057774182074,0.2755210857973825,2.092851092175233,0.967,H5 BTCリードラグ(横断),taker,6,6.0,5.0,
"H5 BTCリードラグ(横断) {'lookback': 6, 'top_n': 5} hold=6",full,5279,-1.8680985404040755,0.4668417892038044,2.3349403296078806,-3.350665561032788,0.8437105097001485,-163.64543213939703,-104.00173650018311,0.24337942792195494,1.9181645432805752,0.99875,H5 BTCリードラグ(横断),taker,6,6.0,5.0,
"H5 BTCリードラグ(横断) {'lookback': 6, 'top_n': 5} hold=6",train,3168,-0.7443902196686882,0.4887300454828267,1.2331202651515152,-1.4118756511294908,0.931490870047499,-65.20858324297708,-39.04000537215599,0.22196969696969698,2.201787235622291,0.79725,H5 BTCリードラグ(横断),half-maker,6,6.0,5.0,
"H5 BTCリードラグ(横断) {'lookback': 6, 'top_n': 5} hold=6",test,2063,-0.948302685025496,0.5766246053283579,1.524927290353854,-1.6200419343796078,0.9855035681056821,-83.07131520823344,-29.58552395719759,0.2755210857973825,2.092851092175233,0.78975,H5 BTCリードラグ(横断),half-maker,6,6.0,5.0,
"H5 BTCリードラグ(横断) {'lookback': 6, 'top_n': 5} hold=6",full,5279,-0.8831629465416019,0.4668417892038044,1.3500047357454064,-1.5914790693754777,0.8437105097001485,-77.36507411704432,-58.95817175162736,0.24337942792195494,1.9181645432805752,0.9045,H5 BTCリードラグ(横断),half-maker,6,6.0,5.0,
"H5 BTCリードラグ(横断) {'lookback': 6, 'top_n': 5} hold=6",train,3168,0.1557755000282814,0.4887300454828267,0.3329545454545454,0.2966426474180907,0.931490870047499,13.645933802477451,-34.64813545418518,0.22196969696969698,2.201787235622291,0.4135,H5 BTCリードラグ(横断),maker-only(理論上限),6,6.0,5.0,
"H5 BTCリードラグ(横断) {'lookback': 6, 'top_n': 5} hold=6",test,2063,0.1633429766322842,0.5766246053283579,0.4132816286960736,0.2792508973343935,0.9855035681056821,14.308844752988096,-22.732583755216194,0.2755210857973825,2.092851092175233,0.40925,H5 BTCリードラグ(横断),maker-only(理論上限),6,6.0,5.0,
"H5 BTCリードラグ(横断) {'lookback': 6, 'top_n': 5} hold=6",full,5279,0.10177264732087178,0.4668417892038044,0.3650691418829323,0.18386575200188904,0.8437105097001485,8.915283905308367,-41.69529704921149,0.24337942792195494,1.9181645432805752,0.43,H5 BTCリードラグ(横断),maker-only(理論上限),6,6.0,5.0,
"H5 BTCリードラグ(横断) {'lookback': 6, 'top_n': 5} hold=12",train,3168,0.33038205285563976,1.427998845784933,1.0976167929292933,0.6527184962652182,2.854324212823838,28.941467830154043,-17.649910233402014,0.11300505050505051,12.636593138119187,0.29475,H5 BTCリードラグ(横断),taker,12,6.0,5.0,
"H5 BTCリードラグ(横断) {'lookback': 6, 'top_n': 5} hold=12",test,2063,-2.65819849219695,-1.3177961654882728,1.3404023267086769,-4.4811343796829775,-2.225938847580646,-232.8581879164528,-61.75169569643679,0.13795443528841494,-9.552401579066434,0.98025,H5 BTCリードラグ(横断),taker,12,6.0,5.0,
"H5 BTCリードラグ(横断) {'lookback': 6, 'top_n': 5} hold=12",full,5279,-0.9161808274904211,0.279765374441763,1.1959462019321843,-1.6768871324222234,0.5156843733548002,-80.25744048816088,-70.56064020504378,0.12309149460125025,2.2728245793752953,0.91125,H5 BTCリードラグ(横断),taker,12,6.0,5.0,
"H5 BTCリードラグ(横断) {'lookback': 6, 'top_n': 5} hold=12",train,3168,0.7944366614414984,1.427998845784933,0.6335621843434345,1.5787459516809854,2.854324212823838,69.59265154227526,-14.824017343994566,0.11300505050505051,12.636593138119187,0.1095,H5 BTCリードラグ(横断),half-maker,12,6.0,5.0,
"H5 BTCリードラグ(横断) {'lookback': 6, 'top_n': 5} hold=12",test,2063,-2.0914631553089222,-1.3177961654882728,0.7736669898206495,-3.531602674056364,-2.225938847580646,-183.21217240506158,-53.46319569643674,0.13795443528841494,-9.552401579066434,0.948,H5 BTCリードラグ(横断),half-maker,12,6.0,5.0,
"H5 BTCリードラグ(横断) {'lookback': 6, 'top_n': 5} hold=12",full,5279,-0.41052634747526656,0.279765374441763,0.6902917219170297,-0.7542907189518254,0.5156843733548002,-35.96210803883335,-57.2682473156363,0.12309149460125025,2.2728245793752953,0.7265,H5 BTCリードラグ(横断),half-maker,12,6.0,5.0,
"H5 BTCリードラグ(横断) {'lookback': 6, 'top_n': 5} hold=12",train,3168,1.2584912700273574,1.427998845784933,0.16950757575757575,2.512291022703713,2.854324212823838,110.24383525439649,-13.355429826065729,0.11300505050505051,12.636593138119187,0.0275,H5 BTCリードラグ(横断),maker-only(理論上限),12,6.0,5.0,
"H5 BTCリードラグ(横断) {'lookback': 6, 'top_n': 5} hold=12",test,2063,-1.524727818420895,-1.3177961654882728,0.20693165293262236,-2.575861903940916,-2.225938847580646,-133.5661568936704,-46.12222157265654,0.13795443528841494,-9.552401579066434,0.8815,H5 BTCリードラグ(横断),maker-only(理論上限),12,6.0,5.0,
"H5 BTCリードラグ(横断) {'lookback': 6, 'top_n': 5} hold=12",full,5279,0.09512813253988757,0.279765374441763,0.18463724190187533,0.17524207287858257,0.5156843733548002,8.333224410494152,-46.12222157265655,0.12309149460125025,2.2728245793752953,0.443,H5 BTCリードラグ(横断),maker-only(理論上限),12,6.0,5.0,
"H5 BTCリードラグ(横断) {'lookback': 6, 'top_n': 5} hold=24",train,3168,0.09863306266028288,0.6721179111451315,0.5734848484848486,0.2045500829007413,1.4024770427106685,8.64025628904078,-15.246911960516526,0.0576388888888889,11.660840868060111,0.48175,H5 BTCリードラグ(横断),taker,24,6.0,5.0,
"H5 BTCリードラグ(横断) {'lookback': 6, 'top_n': 5} hold=24",test,2063,-3.034596910065984,-2.314213972596279,0.7203829374697044,-5.4105398394752635,-4.129096014423537,-265.8306893217802,-68.4894302098693,0.07183713039263208,-32.214732965358465,0.99425,H5 BTCリードラグ(横断),taker,24,6.0,5.0,
"H5 BTCリードラグ(横断) {'lookback': 6, 'top_n': 5} hold=24",full,5279,-1.1765130987879688,-0.5447362471115146,0.6317768516764539,-2.268581722052911,-1.0543271859718248,-103.06254745382606,-80.09401653008308,0.06326955862852814,-8.60976840868768,0.9675,H5 BTCリードラグ(横断),taker,24,6.0,5.0,
"H5 BTCリードラグ(横断) {'lookback': 6, 'top_n': 5} hold=24",train,3168,0.3421463202360407,0.6721179111451315,0.3299715909090909,0.7118359119038463,1.4024770427106685,29.972017652677163,-13.484896363069321,0.0576388888888889,11.660840868060111,0.34675,H5 BTCリードラグ(横断),half-maker,24,6.0,5.0,
"H5 BTCリードラグ(横断) {'lookback': 6, 'top_n': 5} hold=24",test,2063,-2.728283289125605,-2.314213972596279,0.4140693165293262,-4.8686416014343825,-4.129096014423537,-238.997616127403,-63.50143020986935,0.07183713039263208,-32.214732965358465,0.98875,H5 BTCリードラグ(横断),half-maker,24,6.0,5.0,
"H5 BTCリードラグ(横断) {'lookback': 6, 'top_n': 5} hold=24",full,5279,-0.9080768419211377,-0.5447362471115146,0.36334059480962305,-1.7547754412052072,-1.0543271859718248,-79.54753135229167,-72.13348328960679,0.06326955862852814,-8.60976840868768,0.921,H5 BTCリードラグ(横断),half-maker,24,6.0,5.0,
"H5 BTCリードラグ(横断) {'lookback': 6, 'top_n': 5} hold=24",train,3168,0.5856595778117981,0.6721179111451315,0.08645833333333333,1.2213335099891143,1.4024770427106685,51.30377901631351,-13.117646363069321,0.0576388888888889,11.660840868060111,0.2305,H5 BTCリードラグ(横断),maker-only(理論上限),24,6.0,5.0,
"H5 BTCリードラグ(横断) {'lookback': 6, 'top_n': 5} hold=24",test,2063,-2.421969668185228,-2.314213972596279,0.1077556955889481,-4.322329984987889,-4.129096014423537,-212.16454293302593,-58.513430209869355,0.07183713039263208,-32.214732965358465,0.97875,H5 BTCリードラグ(横断),maker-only(理論上限),24,6.0,5.0,
"H5 BTCリードラグ(横断) {'lookback': 6, 'top_n': 5} hold=24",full,5279,-0.6396405850543065,-0.5447362471115146,0.09490433794279218,-1.237716564795558,-1.0543271859718248,-56.03251525075726,-64.95148328960678,0.06326955862852814,-8.60976840868768,0.8475,H5 BTCリードラグ(横断),maker-only(理論上限),24,6.0,5.0,
"H5 BTCリードラグ(横断) {'lookback': 12, 'top_n': 3} hold=1",train,3168,-0.9220092626417157,3.7542849292774765,4.676294191919192,-1.0623833925103572,4.331039161268926,-80.76801140741429,-56.4498516166484,0.48432239057239057,7.75162371667459,0.74775,H5 BTCリードラグ(横断),taker,1,12.0,3.0,
"H5 BTCリードラグ(横断) {'lookback': 12, 'top_n': 3} hold=1",test,2063,-2.0078649262698076,3.8016761950745117,5.80954112134432,-2.201216438091584,4.175163524497495,-175.88896754123516,-56.3152878108937,0.609791565681047,6.234386319903591,0.868,H5 BTCリードラグ(横断),taker,1,12.0,3.0,
"H5 BTCリードラグ(横断) {'lookback': 12, 'top_n': 3} hold=1",full,5279,-1.3897888803416094,3.7370501674578476,5.126839047799456,-1.5556834803103077,4.1893998225681,-121.74550591792497,-94.6985031274547,0.534255225105765,6.994878087936407,0.90125,H5 BTCリードラグ(横断),taker,1,12.0,3.0,
"H5 BTCリードラグ(横断) {'lookback': 12, 'top_n': 3} hold=1",train,3168,1.0528960403885879,3.7542849292774765,2.701388888888889,1.2141179348872793,4.331039161268926,92.2336931380403,-45.63323647863846,0.48432239057239057,7.75162371667459,0.23675,H5 BTCリードラグ(横断),half-maker,1,12.0,3.0,
"H5 BTCリードラグ(横断) {'lookback': 12, 'top_n': 3} hold=1",test,2063,0.4395619601415674,3.8016761950745117,3.362114234932945,0.4823326927119073,4.175163524497495,38.5056277084013,-38.00506451000844,0.609791565681047,6.234386319903591,0.37125,H5 BTCリードラグ(横断),half-maker,1,12.0,3.0,
"H5 BTCリードラグ(横断) {'lookback': 12, 'top_n': 3} hold=1",full,5279,0.7729392247287952,3.7370501674578476,2.964110942729052,0.8659400637324539,4.1893998225681,67.70947608624246,-50.848426429172235,0.534255225105765,6.994878087936407,0.24775,H5 BTCリードラグ(横断),half-maker,1,12.0,3.0,
"H5 BTCリードラグ(横断) {'lookback': 12, 'top_n': 3} hold=1",train,3168,3.027801343418891,3.7542849292774765,0.7264835858585857,3.492802596228499,4.331039161268926,265.2353976834948,-35.73781981197186,0.48432239057239057,7.75162371667459,0.0135,H5 BTCリードラグ(横断),maker-only(理論上限),1,12.0,3.0,
"H5 BTCリードラグ(横断) {'lookback': 12, 'top_n': 3} hold=1",test,2063,2.886988846552942,3.8016761950745117,0.9146873485215705,3.169993336580825,4.175163524497495,252.90022295803772,-28.151463619431855,0.609791565681047,6.234386319903591,0.042,H5 BTCリードラグ(横断),maker-only(理論上限),1,12.0,3.0,
"H5 BTCリードラグ(横断) {'lookback': 12, 'top_n': 3} hold=1",full,5279,2.9356673297991995,3.7370501674578476,0.8013828376586475,3.2906353686603014,4.1893998225681,257.1644580904099,-35.73781981197186,0.534255225105765,6.994878087936407,0.004,H5 BTCリードラグ(横断),maker-only(理論上限),1,12.0,3.0,
"H5 BTCリードラグ(横断) {'lookback': 12, 'top_n': 3} hold=2",train,3168,-0.2663450449648481,2.876936731129428,3.143281776094276,-0.3123193879373912,3.3758779855969467,-23.331825938920698,-55.25740103296386,0.32523148148148145,8.845812582547422,0.59475,H5 BTCリードラグ(横断),taker,2,12.0,3.0,
"H5 BTCリードラグ(横断) {'lookback': 12, 'top_n': 3} hold=2",test,2063,-0.2576487702363185,3.7162161513988394,3.973864921635159,-0.29585311264995034,4.2742863522804955,-22.5700322727015,-41.11551570488382,0.41573759896590723,8.938850276334014,0.543,H5 BTCリードラグ(横断),taker,2,12.0,3.0,
"H5 BTCリードラグ(横断) {'lookback': 12, 'top_n': 3} hold=2",full,5279,-0.1870560592525564,3.2909385104260442,3.4779945696786005,-0.2157428212642056,3.799642647186698,-16.38611079052394,-71.68300672125581,0.36174780577129506,9.097328188098667,0.583,H5 BTCリードラグ(横断),taker,2,12.0,3.0,
"H5 BTCリードラグ(横断) {'lookback': 12, 'top_n': 3} hold=2",train,3168,1.0613722319711785,2.876936731129428,1.8155644991582494,1.2454082743472612,3.3758779855969467,92.97620752067525,-48.5615676996305,0.32523148148148145,8.845812582547422,0.2545,H5 BTCリードラグ(横断),half-maker,2,12.0,3.0,
"H5 BTCリードラグ(横断) {'lookback': 12, 'top_n': 3} hold=2",test,2063,1.4174804913568302,3.7162161513988394,2.29873566004201,1.6294769762728993,4.2742863522804955,124.17129104285831,-30.43093237155056,0.41573759896590723,8.938850276334014,0.198,H5 BTCリードラグ(横断),half-maker,2,12.0,3.0,
"H5 BTCリードラグ(横断) {'lookback': 12, 'top_n': 3} hold=2",full,5279,1.280630371258272,3.2909385104260442,2.0103081391677717,1.4782614112273427,3.799642647186698,112.18322052222464,-54.560090054589104,0.36174780577129506,9.097328188098667,0.12725,H5 BTCリードラグ(横断),half-maker,2,12.0,3.0,
"H5 BTCリードラグ(横断) {'lookback': 12, 'top_n': 3} hold=2",train,3168,2.3890895089072064,2.876936731129428,0.4878472222222222,2.8037025401231346,3.3758779855969467,209.28424098027128,-41.86573436629728,0.32523148148148145,8.845812582547422,0.0505,H5 BTCリードラグ(横断),maker-only(理論上限),2,12.0,3.0,
"H5 BTCリードラグ(横断) {'lookback': 12, 'top_n': 3} hold=2",test,2063,3.0926097529499788,3.7162161513988394,0.6236063984488608,3.5569681737398264,4.2742863522804955,270.9126143584181,-19.83700634191011,0.41573759896590723,8.938850276334014,0.03475,H5 BTCリードラグ(横断),maker-only(理論上限),2,12.0,3.0,
"H5 BTCリードラグ(横断) {'lookback': 12, 'top_n': 3} hold=2",full,5279,2.748316801769101,3.2909385104260442,0.5426217086569427,3.1733222260854825,3.799642647186698,240.75255183497322,-42.904610444159786,0.36174780577129506,9.097328188098667,0.00925,H5 BTCリードラグ(横断),maker-only(理論上限),2,12.0,3.0,
"H5 BTCリードラグ(横断) {'lookback': 12, 'top_n': 3} hold=3",train,3168,-0.927202062159819,1.6123865321162751,2.5395885942760943,-1.1060626779523517,1.9271506695398126,-81.22290064520014,-56.300435257346216,0.26083754208754206,6.181573860925003,0.7585,H5 BTCリードラグ(横断),taker,3,12.0,3.0,
"H5 BTCリードラグ(横断) {'lookback': 12, 'top_n': 3} hold=3",test,2063,0.8884273267204398,4.078724628384683,3.1902973016642426,1.0478872409151931,4.818405080696781,77.82623382071053,-39.96112663397281,0.3330101793504605,12.248047901539447,0.26075,H5 BTCリードラグ(横断),taker,3,12.0,3.0,
"H5 BTCリードラグ(横断) {'lookback': 12, 'top_n': 3} hold=3",full,5279,-0.2202194373492992,2.5801688937740193,2.800388331123319,-0.2589454576134966,3.0394319692721012,-19.291222711798607,-60.476384531826056,0.2898276188672097,8.902425875969312,0.598,H5 BTCリードラグ(横断),taker,3,12.0,3.0,
"H5 BTCリードラグ(横断) {'lookback': 12, 'top_n': 3} hold=3",train,3168,0.14696407841257206,1.6123865321162751,1.4654224537037037,0.17553336756768634,1.9271506695398126,12.874053268941314,-51.08585192401287,0.26083754208754206,6.181573860925003,0.46525,H5 BTCリードラグ(横断),half-maker,3,12.0,3.0,
"H5 BTCリードラグ(横断) {'lookback': 12, 'top_n': 3} hold=3",test,2063,2.233818343039716,4.078724628384683,1.844906285344967,2.637757911555627,4.818405080696781,195.6824868502791,-31.195709967305895,0.3330101793504605,12.248047901539447,0.07725,H5 BTCリードラグ(横断),half-maker,3,12.0,3.0,
"H5 BTCリードラグ(横断) {'lookback': 12, 'top_n': 3} hold=3",full,5279,0.9626040140619527,2.5801688937740193,1.6175648797120667,1.1332535149658445,3.0394319692721012,84.32411163182707,-53.73805119849271,0.2898276188672097,8.902425875969312,0.18825,H5 BTCリードラグ(横断),half-maker,3,12.0,3.0,
"H5 BTCリードラグ(横断) {'lookback': 12, 'top_n': 3} hold=3",train,3168,1.221130218984962,1.6123865321162751,0.39125631313131304,1.459437307406236,1.9271506695398126,106.97100718308268,-45.871268590679534,0.26083754208754206,6.181573860925003,0.19175,H5 BTCリードラグ(横断),maker-only(理論上限),3,12.0,3.0,
"H5 BTCリードラグ(横断) {'lookback': 12, 'top_n': 3} hold=3",test,2063,3.579209359358992,4.078724628384683,0.49951526902569077,4.228236698596787,4.818405080696781,313.5387398798477,-22.430293300639313,0.3330101793504605,12.248047901539447,0.01325,H5 BTCリードラグ(横断),maker-only(理論上限),3,12.0,3.0,
"H5 BTCリードラグ(横断) {'lookback': 12, 'top_n': 3} hold=3",full,5279,2.145427465473204,2.5801688937740193,0.4347414283008145,2.5271998390639414,3.0394319692721012,187.93944597545268,-46.99971786515938,0.2898276188672097,8.902425875969312,0.02175,H5 BTCリードラグ(横断),maker-only(理論上限),3,12.0,3.0,
"H5 BTCリードラグ(横断) {'lookback': 12, 'top_n': 3} hold=6",train,3168,-1.2726932495435195,0.4655748480995777,1.7382680976430975,-1.573275199380192,0.5774366003080822,-111.48792866001232,-53.98300246078116,0.17803030303030304,2.61514382762316,0.82975,H5 BTCリードラグ(横断),taker,6,12.0,3.0,
"H5 BTCリードラグ(横断) {'lookback': 12, 'top_n': 3} hold=6",test,2063,0.20426147684308943,2.3501251058623174,2.1458636290192272,0.25063909278094243,2.882190764315048,17.893305371454634,-27.269347489066693,0.22362255614800453,10.509338352732575,0.4435,H5 BTCリードラグ(横断),taker,6,12.0,3.0,
"H5 BTCリードラグ(横断) {'lookback': 12, 'top_n': 3} hold=6",full,5279,-0.6717325619427862,1.2308689408670894,1.9026015028098753,-0.8181990847487615,1.5022625747203677,-58.84377242618807,-65.85583862094354,0.19650186272652648,6.263904696822654,0.754,H5 BTCリードラグ(横断),taker,6,12.0,3.0,
"H5 BTCリードラグ(横断) {'lookback': 12, 'top_n': 3} hold=6",train,3168,-0.5370819279946986,0.4655748480995777,1.0026567760942762,-0.6651625016448545,0.5774366003080822,-47.0483768923356,-40.57470560192385,0.17803030303030304,2.61514382762316,0.65775,H5 BTCリードラグ(横断),half-maker,6,12.0,3.0,
"H5 BTCリードラグ(横断) {'lookback': 12, 'top_n': 3} hold=6",test,2063,1.1094763742416995,2.3501251058623174,1.2406487316206172,1.3618024556254735,2.882190764315048,97.19013038357286,-21.90861749371974,0.22362255614800453,10.509338352732575,0.2325,H5 BTCリードラグ(横断),half-maker,6,12.0,3.0,
"H5 BTCリードラグ(横断) {'lookback': 12, 'top_n': 3} hold=6",full,5279,0.13219179241725662,1.2308689408670894,1.0986771484498328,0.16122919145131268,1.5022625747203677,11.580001015751678,-45.446261322261805,0.19650186272652648,6.263904696822654,0.47225,H5 BTCリードラグ(横断),half-maker,6,12.0,3.0,
"H5 BTCリードラグ(横断) {'lookback': 12, 'top_n': 3} hold=6",train,3168,0.19852939355412308,0.4655748480995777,0.2670454545454546,0.24616798319976305,0.5774366003080822,17.391174875341182,-38.62095560192386,0.17803030303030304,2.61514382762316,0.446,H5 BTCリードラグ(横断),maker-only(理論上限),6,12.0,3.0,
"H5 BTCリードラグ(横断) {'lookback': 12, 'top_n': 3} hold=6",test,2063,2.0146912716403103,2.3501251058623174,0.3354338342220069,2.4717399958547426,2.882190764315048,176.48695539569118,-18.79861749371975,0.22362255614800453,10.509338352732575,0.10275,H5 BTCリードラグ(横断),maker-only(理論上限),6,12.0,3.0,
"H5 BTCリードラグ(横断) {'lookback': 12, 'top_n': 3} hold=6",full,5279,0.936116146777299,1.2308689408670894,0.2947527940897897,1.1424706741333928,1.5022625747203677,82.0037744576914,-39.92432652058651,0.19650186272652648,6.263904696822654,0.188,H5 BTCリードラグ(横断),maker-only(理論上限),6,12.0,3.0,
"H5 BTCリードラグ(横断) {'lookback': 12, 'top_n': 3} hold=12",train,3168,-0.7191267409551774,0.40808285500441854,1.1272095959595958,-0.9677172132936405,0.551873271699972,-62.99550250767354,-41.04343681624805,0.11510942760942759,3.545173175468002,0.715,H5 BTCリードラグ(横断),taker,12,12.0,3.0,
"H5 BTCリードラグ(横断) {'lookback': 12, 'top_n': 3} hold=12",test,2063,-1.2877830830656976,0.10707068975705282,1.3948537728227501,-1.5413220014241749,0.12834638128895973,-112.8097980765551,-42.63621275634612,0.1452577153013411,0.7371084526211344,0.80525,H5 BTCリードラグ(横断),taker,12,12.0,3.0,
"H5 BTCリードラグ(横断) {'lookback': 12, 'top_n': 3} hold=12",full,5279,-0.9986990636048566,0.23426803875038718,1.232967102355244,-1.2654154444611847,0.29787176544845506,-87.48603797178544,-66.39397403913992,0.1271074067058155,1.8430715000943279,0.85775,H5 BTCリードラグ(横断),taker,12,12.0,3.0,
"H5 BTCリードラグ(横断) {'lookback': 12, 'top_n': 3} hold=12",train,3168,-0.24185401368245002,0.40808285500441854,0.6499368686868686,-0.3262948701966128,0.551873271699972,-21.186411598582623,-30.63158804101563,0.11510942760942759,3.545173175468002,0.57725,H5 BTCリードラグ(横断),half-maker,12,12.0,3.0,
"H5 BTCリードラグ(横断) {'lookback': 12, 'top_n': 3} hold=12",test,2063,-0.699299483130328,0.10707068975705282,0.8063701728873808,-0.8378947323722252,0.12834638128895973,-61.25863472221673,-36.667046089679424,0.1452577153013411,0.7371084526211344,0.6865,H5 BTCリードラグ(横断),half-maker,12,12.0,3.0,
"H5 BTCリードラグ(横断) {'lookback': 12, 'top_n': 3} hold=12",full,5279,-0.47754606745659645,0.23426803875038718,0.7118141062069835,-0.6062507117316648,0.29787176544845506,-41.83303550919785,-42.680875263907566,0.1271074067058155,1.8430715000943279,0.69525,H5 BTCリードラグ(横断),half-maker,12,12.0,3.0,
"H5 BTCリードラグ(横断) {'lookback': 12, 'top_n': 3} hold=12",train,3168,0.23541871359027708,0.40808285500441854,0.17266414141414144,0.31821391882272454,0.551873271699972,20.62267931050827,-29.33075470768229,0.11510942760942759,3.545173175468002,0.425,H5 BTCリードラグ(横断),maker-only(理論上限),12,12.0,3.0,
"H5 BTCリードラグ(横断) {'lookback': 12, 'top_n': 3} hold=12",test,2063,-0.11081588319495896,0.10707068975705282,0.21788657295201164,-0.13283829480069945,0.12834638128895973,-9.707471367878405,-31.85050172936726,0.1452577153013411,0.7371084526211344,0.5425,H5 BTCリードラグ(横断),maker-only(理論上限),12,12.0,3.0,
"H5 BTCリードラグ(横断) {'lookback': 12, 'top_n': 3} hold=12",full,5279,0.04360692869166387,0.23426803875038718,0.19066111005872324,0.05543060329868502,0.29787176544845506,3.819966953389755,-32.50049077187951,0.1271074067058155,1.8430715000943279,0.49625,H5 BTCリードラグ(横断),maker-only(理論上限),12,12.0,3.0,
"H5 BTCリードラグ(横断) {'lookback': 12, 'top_n': 3} hold=24",train,3168,-0.26984945243704755,0.33373851052591574,0.6035879629629629,-0.3915845566202569,0.4855557728008733,-23.638812033485365,-49.1209047315603,0.059448653198653195,5.613895228386378,0.59175,H5 BTCリードラグ(横断),taker,24,12.0,3.0,
"H5 BTCリードラグ(横断) {'lookback': 12, 'top_n': 3} hold=24",test,2063,-1.3326856829433442,-0.5874522041907185,0.7452334787526257,-1.694641604043529,-0.7472765350284275,-116.74326582583694,-37.38661658776262,0.07577960898368072,-7.752114481314195,0.814,H5 BTCリードラグ(横断),taker,24,12.0,3.0,
"H5 BTCリードラグ(横断) {'lookback': 12, 'top_n': 3} hold=24",full,5279,-0.7651898302864764,-0.10520056464273059,0.6599892656437456,-1.034799929624445,-0.14251670203880265,-67.03062913309533,-71.48413965442157,0.06598471932815558,-1.594317073920502,0.8105,H5 BTCリードラグ(横断),taker,24,12.0,3.0,
"H5 BTCリードラグ(横断) {'lookback': 12, 'top_n': 3} hold=24",train,3168,-0.012641960854555993,0.33373851052591574,0.3463804713804714,-0.018371529739410215,0.4855557728008733,-1.107435770859105,-44.56757139822699,0.059448653198653195,5.613895228386378,0.5035,H5 BTCリードラグ(横断),half-maker,24,12.0,3.0,
"H5 BTCリードラグ(横断) {'lookback': 12, 'top_n': 3} hold=24",test,2063,-1.016903650304792,-0.5874522041907185,0.4294514461140733,-1.2936863846618873,-0.7472765350284275,-89.08075976669977,-33.02491984516598,0.07577960898368072,-7.752114481314195,0.75725,H5 BTCリードラグ(横断),half-maker,24,12.0,3.0,
"H5 BTCリードラグ(横断) {'lookback': 12, 'top_n': 3} hold=24",full,5279,-0.48468373696072015,-0.10520056464273059,0.37948317231798945,-0.6561523205891772,-0.14251670203880265,-42.458295357759084,-61.28744291182488,0.06598471932815558,-1.594317073920502,0.7185,H5 BTCリードラグ(横断),half-maker,24,12.0,3.0,
"H5 BTCリードラグ(横断) {'lookback': 12, 'top_n': 3} hold=24",train,3168,0.24456553072793566,0.33373851052591574,0.08917297979797979,0.35575263452810085,0.4855557728008733,21.423940491767162,-40.014238064893654,0.059448653198653195,5.613895228386378,0.413,H5 BTCリードラグ(横断),maker-only(理論上限),24,12.0,3.0,
"H5 BTCリードラグ(横断) {'lookback': 12, 'top_n': 3} hold=24",test,2063,-0.7011216176662399,-0.5874522041907185,0.11366941347552108,-0.8919757719962242,-0.7472765350284275,-61.41825370756262,-29.966017516930073,0.07577960898368072,-7.752114481314195,0.69375,H5 BTCリードラグ(横断),maker-only(理論上限),24,12.0,3.0,
"H5 BTCリードラグ(横断) {'lookback': 12, 'top_n': 3} hold=24",full,5279,-0.20417764363496393,-0.10520056464273059,0.09897707899223337,-0.2765804261870045,-0.14251670203880265,-17.88596158242284,-51.847026245158204,0.06598471932815558,-1.594317073920502,0.611,H5 BTCリードラグ(横断),maker-only(理論上限),24,12.0,3.0,
"H5 BTCリードラグ(横断) {'lookback': 12, 'top_n': 5} hold=1",train,3168,-2.283153821280701,1.975416254476874,4.258570075757576,-3.8795680381393978,3.361693480415418,-200.00427474418942,-80.2996851146284,0.4405934343434344,4.483535387722264,0.991,H5 BTCリードラグ(横断),taker,1,12.0,5.0,
"H5 BTCリードラグ(横断) {'lookback': 12, 'top_n': 5} hold=1",test,2063,-2.8734590234552746,2.431969963456989,5.305428986912264,-4.584304188837657,3.884704728319849,-251.71501045468204,-64.189423792891,0.5521085797382451,4.404876237587154,0.991,H5 BTCリードラグ(横断),taker,1,12.0,5.0,
"H5 BTCリードラグ(横断) {'lookback': 12, 'top_n': 5} hold=1",full,5279,-2.52916247837949,2.148134358142579,4.677296836522069,-4.157709971513797,3.5363962729012837,-221.5546331060433,-138.57704568308807,0.48528130327713587,4.426575562742866,0.9995,H5 BTCリードラグ(横断),taker,1,12.0,5.0,
"H5 BTCリードラグ(横断) {'lookback': 12, 'top_n': 5} hold=1",train,3168,-0.48431385915948943,1.975416254476874,2.459730113636364,-0.82377274826121,3.361693480415418,-42.42589406237127,-43.55527262761798,0.4405934343434344,4.483535387722264,0.7005,H5 BTCリードラグ(横断),half-maker,1,12.0,5.0,
"H5 BTCリードラグ(横断) {'lookback': 12, 'top_n': 5} hold=1",test,2063,-0.6348259648028268,2.431969963456989,3.0667959282598156,-1.0135160782815265,3.884704728319849,-55.61075451672763,-24.709959306545397,0.5521085797382451,4.404876237587154,0.674,H5 BTCリードラグ(横断),half-maker,1,12.0,5.0,
"H5 BTCリードラグ(横断) {'lookback': 12, 'top_n': 5} hold=1",full,5279,-0.5544750375763073,2.148134358142579,2.7026093957188864,-0.9123268146209095,3.5363962729012837,-48.57201329168453,-52.72542313714236,0.48528130327713587,4.426575562742866,0.78475,H5 BTCリードラグ(横断),half-maker,1,12.0,5.0,
"H5 BTCリードラグ(横断) {'lookback': 12, 'top_n': 5} hold=1",train,3168,1.3145261029617232,1.975416254476874,0.6608901515151514,2.2369629513781897,3.361693480415418,115.15248661944695,-34.239357446093386,0.4405934343434344,4.483535387722264,0.09325,H5 BTCリードラグ(横断),maker-only(理論上限),1,12.0,5.0,
"H5 BTCリードラグ(横断) {'lookback': 12, 'top_n': 5} hold=1",test,2063,1.6038070938496212,2.431969963456989,0.8281628696073677,2.5615968441471777,3.884704728319849,140.49350142122682,-13.032026155652193,0.5521085797382451,4.404876237587154,0.073,H5 BTCリードラグ(横断),maker-only(理論上限),1,12.0,5.0,
"H5 BTCリードラグ(横断) {'lookback': 12, 'top_n': 5} hold=1",full,5279,1.4202124032268753,2.148134358142579,0.7279219549157038,2.33791363434855,3.5363962729012837,124.41060652267426,-34.239357446093386,0.48528130327713587,4.426575562742866,0.0265,H5 BTCリードラグ(横断),maker-only(理論上限),1,12.0,5.0,
"H5 BTCリードラグ(横断) {'lookback': 12, 'top_n': 5} hold=2",train,3168,-1.1189181519214704,1.852909499593681,2.9718276515151514,-1.9055997986038995,3.167445622987704,-98.0172301083208,-47.555559899281555,0.3058712121212121,6.057809385668507,0.87475,H5 BTCリードラグ(横断),taker,2,12.0,5.0,
"H5 BTCリードラグ(横断) {'lookback': 12, 'top_n': 5} hold=2",test,2063,-2.275227883115826,1.398378515333035,3.6736063984488614,-3.833725240054362,2.3631014434024338,-199.30996256094636,-50.03567724690211,0.3815802229762482,3.6647038581453906,0.96775,H5 BTCリードラグ(横断),taker,2,12.0,5.0,
"H5 BTCリードラグ(横断) {'lookback': 12, 'top_n': 5} hold=2",full,5279,-1.6290357448292407,1.6186626829032846,3.247698427732525,-2.7389905814232853,2.730324074622698,-142.70353124704147,-92.2620355561873,0.3356696344004546,4.822189787272257,0.983,H5 BTCリードラグ(横断),taker,2,12.0,5.0,
"H5 BTCリードラグ(横断) {'lookback': 12, 'top_n': 5} hold=2",train,3168,0.13759226474519662,1.852909499593681,1.7153172348484846,0.23485094442495752,3.167445622987704,12.053082391679224,-37.92145525042362,0.3058712121212121,6.057809385668507,0.4655,H5 BTCリードラグ(横断),half-maker,2,12.0,5.0,
"H5 BTCリードラグ(横断) {'lookback': 12, 'top_n': 5} hold=2",test,2063,-0.7246098511235813,1.398378515333035,2.1229883664566165,-1.2232772980034394,2.3631014434024338,-63.47582295842573,-23.96738821185777,0.3815802229762482,3.6647038581453906,0.70525,H5 BTCリードラグ(横断),half-maker,2,12.0,5.0,
"H5 BTCリードラグ(横断) {'lookback': 12, 'top_n': 5} hold=2",full,5279,-0.25693875676331884,1.6186626829032846,1.8756014396666034,-0.4328740083507054,2.730324074622698,-22.50783509246673,-50.50487346626797,0.3356696344004546,4.822189787272257,0.64825,H5 BTCリードラグ(横断),half-maker,2,12.0,5.0,
"H5 BTCリードラグ(横断) {'lookback': 12, 'top_n': 5} hold=2",train,3168,1.394102681411863,1.852909499593681,0.4588068181818181,2.382595571717029,3.167445622987704,122.1233948916792,-31.40695525042363,0.3058712121212121,6.057809385668507,0.0785,H5 BTCリードラグ(横断),maker-only(理論上限),2,12.0,5.0,
"H5 BTCリードラグ(横断) {'lookback': 12, 'top_n': 5} hold=2",test,2063,0.8260081808686627,1.398378515333035,0.5723703344643722,1.3957322578794247,2.3631014434024338,72.35831664409484,-14.949202603207015,0.3815802229762482,3.6647038581453906,0.236,H5 BTCリードラグ(横断),maker-only(理論上限),2,12.0,5.0,
"H5 BTCリードラグ(横断) {'lookback': 12, 'top_n': 5} hold=2",full,5279,1.1151582313026023,1.6186626829032846,0.5035044516006819,1.8807441593060266,2.730324074622698,97.68786106210796,-34.5768734662679,0.3356696344004546,4.822189787272257,0.07075,H5 BTCリードラグ(横断),maker-only(理論上限),2,12.0,5.0,
"H5 BTCリードラグ(横断) {'lookback': 12, 'top_n': 5} hold=3",train,3168,-0.9582408622803015,1.4189687336792949,2.3772095959595965,-1.6938394505284482,2.5170803036037595,-83.94189953575442,-38.30508967663357,0.24375000000000002,5.821410189453517,0.87,H5 BTCリードラグ(横断),taker,3,12.0,5.0,
"H5 BTCリードラグ(横断) {'lookback': 12, 'top_n': 5} hold=3",test,2063,-1.2808493545425725,1.6742160841389595,2.955065438681532,-2.1622559775267396,2.8393125220223743,-112.20240345792935,-31.848045477583813,0.306543868153175,5.461587257398281,0.8435,H5 BTCリードラグ(横断),taker,3,12.0,5.0,
"H5 BTCリードラグ(横断) {'lookback': 12, 'top_n': 5} hold=3",full,5279,-1.0727670386280412,1.5342608075549478,2.607027846182989,-1.8426770113290005,2.6459480085054645,-93.97439258381641,-62.928222846113016,0.26876302329986745,5.7086007915721515,0.93625,H5 BTCリードラグ(横断),taker,3,12.0,5.0,
"H5 BTCリードラグ(横断) {'lookback': 12, 'top_n': 5} hold=3",train,3168,0.04755143569949681,1.4189687336792949,1.371417297979798,0.0842444103775103,2.5170803036037595,4.165505767275921,-30.136885790403785,0.24375000000000002,5.821410189453517,0.5045,H5 BTCリードラグ(横断),half-maker,3,12.0,5.0,
"H5 BTCリードラグ(横断) {'lookback': 12, 'top_n': 5} hold=3",test,2063,-0.03322453631668777,1.6742160841389595,1.7074406204556472,-0.056240293774873995,2.8393125220223743,-2.9104693813418487,-22.55773245901166,0.306543868153175,5.461587257398281,0.4715,H5 BTCリードラグ(横断),half-maker,3,12.0,5.0,
"H5 BTCリードラグ(横断) {'lookback': 12, 'top_n': 5} hold=3",full,5279,0.02917461698855285,1.5342608075549478,1.5050861905663953,0.05023592111064478,2.6459480085054645,2.5556964481972297,-34.688127086183066,0.26876302329986745,5.7086007915721515,0.48875,H5 BTCリードラグ(横断),half-maker,3,12.0,5.0,
"H5 BTCリードラグ(横断) {'lookback': 12, 'top_n': 5} hold=3",train,3168,1.053343733679295,1.4189687336792949,0.3656249999999999,1.8682761701499526,2.5170803036037595,92.27291107030624,-24.657170511776567,0.24375000000000002,5.821410189453517,0.13275,H5 BTCリードラグ(横断),maker-only(理論上限),3,12.0,5.0,
"H5 BTCリードラグ(横断) {'lookback': 12, 'top_n': 5} hold=3",test,2063,1.2144002819091966,1.6742160841389595,0.4598158022297624,2.0588486648297954,2.8393125220223743,106.38146469524563,-14.872232459011636,0.306543868153175,5.461587257398281,0.13175,H5 BTCリードラグ(横断),maker-only(理論上限),3,12.0,5.0,
"H5 BTCリードラグ(横断) {'lookback': 12, 'top_n': 5} hold=3",full,5279,1.1311162726051471,1.5342608075549478,0.403144534949801,1.9502726498712617,2.6459480085054645,99.08578548021089,-26.884127086183078,0.26876302329986745,5.7086007915721515,0.05825,H5 BTCリードラグ(横断),maker-only(理論上限),3,12.0,5.0,
"H5 BTCリードラグ(横断) {'lookback': 12, 'top_n': 5} hold=6",train,3168,-0.6535663767884528,1.0092019312923557,1.6627683080808082,-1.1828266796001399,1.8375137847844694,-57.25241460666847,-32.85973715514697,0.1696338383838384,5.949296089196469,0.769,H5 BTCリードラグ(横断),taker,6,12.0,5.0,
"H5 BTCリードラグ(横断) {'lookback': 12, 'top_n': 5} hold=6",test,2063,-1.503138917046477,0.4993332109224999,2.0024721279689772,-2.630918149267143,0.8757160417466411,-131.6749691332714,-34.96466253777945,0.20736791080950076,2.407957957300414,0.8945,H5 BTCリードラグ(横断),taker,6,12.0,5.0,
"H5 BTCリードラグ(横断) {'lookback': 12, 'top_n': 5} hold=6",full,5279,-0.9481402753442475,0.8513009066978062,1.7994411820420535,-1.6722795428945338,1.5084868196538481,-83.05708812015608,-58.686236492966245,0.18480772873650314,4.606413987759039,0.9125,H5 BTCリードラグ(横断),taker,6,12.0,5.0,
"H5 BTCリードラグ(横断) {'lookback': 12, 'top_n': 5} hold=6",train,3168,0.05059239846407265,1.0092019312923557,0.9586095328282828,0.0918750935519392,1.8375137847844694,4.431894105452764,-29.334487155146977,0.1696338383838384,5.949296089196469,0.50075,H5 BTCリードラグ(横断),half-maker,6,12.0,5.0,
"H5 BTCリードラグ(横断) {'lookback': 12, 'top_n': 5} hold=6",test,2063,-0.6574287861691137,0.4993332109224999,1.1567619970916143,-1.15270987298714,0.8757160417466411,-57.59076166841436,-19.776564920932856,0.20736791080950076,2.407957957300414,0.699,H5 BTCリードラグ(横断),half-maker,6,12.0,5.0,
"H5 BTCリードラグ(横断) {'lookback': 12, 'top_n': 5} hold=6",full,5279,-0.18702548087559798,0.8513009066978062,1.0383263875734041,-0.33080098747511416,1.5084868196538481,-16.38343212470238,-37.5823888761196,0.18480772873650314,4.606413987759039,0.61675,H5 BTCリードラグ(横断),half-maker,6,12.0,5.0,
"H5 BTCリードラグ(横断) {'lookback': 12, 'top_n': 5} hold=6",train,3168,0.7547511737165978,1.0092019312923557,0.2544507575757575,1.3735672798433096,1.8375137847844694,66.11620281757398,-26.017512963758023,0.1696338383838384,5.949296089196469,0.2085,H5 BTCリードラグ(横断),maker-only(理論上限),6,12.0,5.0,
"H5 BTCリードラグ(横断) {'lookback': 12, 'top_n': 5} hold=6",test,2063,0.18828134470824937,0.4993332109224999,0.31105186621425107,0.3302636123287549,0.8757160417466411,16.493445796442646,-15.982580812133598,0.20736791080950076,2.407957957300414,0.41875,H5 BTCリードラグ(横断),maker-only(理論上限),6,12.0,5.0,
"H5 BTCリードラグ(横断) {'lookback': 12, 'top_n': 5} hold=6",full,5279,0.5740893135930513,0.8513009066978062,0.2772115931047547,1.0170114062064934,1.5084868196538481,50.29022387075129,-26.017512963758023,0.18480772873650314,4.606413987759039,0.212,H5 BTCリードラグ(横断),maker-only(理論上限),6,12.0,5.0,
"H5 BTCリードラグ(横断) {'lookback': 12, 'top_n': 5} hold=12",train,3168,0.19172162081326946,1.2921477571769058,1.1004261363636363,0.3721972451155185,2.5304876260352724,16.794813983242403,-20.728410918411953,0.11256313131313132,11.479316025620966,0.37575,H5 BTCリードラグ(横断),taker,12,12.0,5.0,
"H5 BTCリードラグ(横断) {'lookback': 12, 'top_n': 5} hold=12",test,2063,-1.9340252701480003,-0.5864004519221159,1.3476248182258848,-3.353266116257231,-1.0211859956667528,-169.42061366496483,-48.65654183357437,0.13940862821134273,-4.206342601930893,0.961,H5 BTCリードラグ(横断),taker,12,12.0,5.0,
"H5 BTCリードラグ(横断) {'lookback': 12, 'top_n': 5} hold=12",full,5279,-0.6389265435393509,0.5600694784345082,1.1989960219738587,-1.1685107192729596,1.0313694604508816,-55.969965214047136,-50.4545923560366,0.12331881038075393,4.541638673818385,0.83225,H5 BTCリードラグ(横断),taker,12,12.0,5.0,
"H5 BTCリードラグ(横断) {'lookback': 12, 'top_n': 5} hold=12",train,3168,0.657512340510239,1.2921477571769058,0.6346354166666667,1.2823437270734426,2.5304876260352724,57.59808102869693,-17.376899289627488,0.11256313131313132,11.479316025620966,0.18825,H5 BTCリードラグ(横断),half-maker,12,12.0,5.0,
"H5 BTCリードラグ(横断) {'lookback': 12, 'top_n': 5} hold=12",test,2063,-1.3647693321935652,-0.5864004519221159,0.7783688802714493,-2.372741590162449,-1.0211859956667528,-119.55379350015632,-38.9690418335744,0.13940862821134273,-4.206342601930893,0.88775,H5 BTCリードラグ(横断),half-maker,12,12.0,5.0,
"H5 BTCリードラグ(横断) {'lookback': 12, 'top_n': 5} hold=12",full,5279,-0.13191764033798672,0.5600694784345082,0.6919871187724947,-0.24217480223163407,1.0313694604508816,-11.555985293607637,-39.89778505632213,0.12331881038075393,4.541638673818385,0.5925,H5 BTCリードラグ(横断),half-maker,12,12.0,5.0,
"H5 BTCリードラグ(横断) {'lookback': 12, 'top_n': 5} hold=12",train,3168,1.123303060207209,1.2921477571769058,0.16884469696969692,2.1979919642479824,2.5304876260352724,98.40134807415151,-15.995775306152021,0.11256313131313132,11.479316025620966,0.077,H5 BTCリードラグ(横断),maker-only(理論上限),12,12.0,5.0,
"H5 BTCリードラグ(横断) {'lookback': 12, 'top_n': 5} hold=12",test,2063,-0.7955133942391298,-0.5864004519221159,0.20911294231701405,-1.385096382933241,-1.0211859956667528,-69.68697333534777,-29.281541833574398,0.13940862821134273,-4.206342601930893,0.768,H5 BTCリードラグ(横断),maker-only(理論上限),12,12.0,5.0,
"H5 BTCリードラグ(横断) {'lookback': 12, 'top_n': 5} hold=12",full,5279,0.37509126286337713,0.5600694784345082,0.18497821557113087,0.6903375643294092,1.0313694604508816,32.85799462683184,-30.130035056322136,0.12331881038075393,4.541638673818385,0.30425,H5 BTCリードラグ(横断),maker-only(理論上限),12,12.0,5.0,
"H5 BTCリードラグ(横断) {'lookback': 12, 'top_n': 5} hold=24",train,3168,0.2588815483035983,0.8322085685056186,0.5733270202020203,0.5400821636580464,1.7460802994674698,22.67802363139521,-27.594305133465806,0.05694444444444446,14.614394373757202,0.3795,H5 BTCリードラグ(横断),taker,24,12.0,5.0,
"H5 BTCリードラグ(横断) {'lookback': 12, 'top_n': 5} hold=24",test,2063,-1.7365610528850848,-1.0199590170149926,0.7166020358700921,-3.1570541428090424,-1.8595155917934048,-152.12274823273341,-43.34858817188518,0.07280659234125061,-14.00915747071857,0.942,H5 BTCリードラグ(横断),taker,24,12.0,5.0,
"H5 BTCリードラグ(横断) {'lookback': 12, 'top_n': 5} hold=24",full,5279,-0.5831188051859308,0.04686793472693151,0.6299867399128624,-1.1330859829079984,0.09148176023790831,-51.08120733428754,-59.675117595372974,0.06323167266527752,0.7412097885664212,0.83175,H5 BTCリードラグ(横断),taker,24,12.0,5.0,
"H5 BTCリードラグ(横断) {'lookback': 12, 'top_n': 5} hold=24",train,3168,0.5028367250712753,0.8322085685056186,0.3293718434343435,1.0522147697776791,1.7460802994674698,44.04849711624371,-22.850555133465857,0.05694444444444446,14.614394373757202,0.262,H5 BTCリードラグ(横断),half-maker,24,12.0,5.0,
"H5 BTCリードラグ(横断) {'lookback': 12, 'top_n': 5} hold=24",test,2063,-1.4328649792059769,-1.0199590170149926,0.412905962190984,-2.6095610507715064,-1.8595155917934048,-125.51897217844359,-38.164088171885226,0.07280659234125061,-14.00915747071857,0.901,H5 BTCリードラグ(横断),half-maker,24,12.0,5.0,
"H5 BTCリードラグ(横断) {'lookback': 12, 'top_n': 5} hold=24",full,5279,-0.3155491897284577,0.04686793472693151,0.36241712445538926,-0.6146888930333949,0.09148176023790831,-27.642109020212892,-48.626117595372996,0.06323167266527752,0.7412097885664212,0.70125,H5 BTCリードラグ(横断),half-maker,24,12.0,5.0,
"H5 BTCリードラグ(横断) {'lookback': 12, 'top_n': 5} hold=24",train,3168,0.7467919018389519,0.8322085685056186,0.08541666666666667,1.566095835095564,1.7460802994674698,65.4189706010922,-18.2839115891897,0.05694444444444446,14.614394373757202,0.1695,H5 BTCリードラグ(横断),maker-only(理論上限),24,12.0,5.0,
"H5 BTCリードラグ(横断) {'lookback': 12, 'top_n': 5} hold=24",test,2063,-1.1291689055268685,-1.0199590170149926,0.10920988851187588,-2.0584292215769695,-1.8595155917934048,-98.9151961241537,-32.979588171885176,0.07280659234125061,-14.00915747071857,0.84425,H5 BTCリードラグ(横断),maker-only(理論上限),24,12.0,5.0,
"H5 BTCリードラグ(横断) {'lookback': 12, 'top_n': 5} hold=24",full,5279,-0.04797957427098483,0.04686793472693151,0.09484750899791627,-0.09362006608207275,0.09148176023790831,-4.203010706138271,-37.57711759537305,0.06323167266527752,0.7412097885664212,0.54775,H5 BTCリードラグ(横断),maker-only(理論上限),24,12.0,5.0,
"H6 レンジ圧縮ブレイク(方向) {'channel': 24, 'hold': 6} hold=1",train,3168,-2.414906757420063,0.9002932486262014,3.3152000060462656,-2.9385649751908516,1.098901502088624,-211.54583194999753,-106.50270247060769,0.3421308390863503,2.631429692308376,0.9745,H6 レンジ圧縮ブレイク(方向),taker,6,,,24.0
"H6 レンジ圧縮ブレイク(方向) {'channel': 24, 'hold': 6} hold=1",test,2063,-3.355105033664462,0.641762870705283,3.9968679043697453,-4.759186150342754,0.9151580529405501,-293.9072009490069,-83.71806048572988,0.41310296800317736,1.5535179372043315,0.996,H6 レンジ圧縮ブレイク(方向),taker,6,,,24.0
"H6 レンジ圧縮ブレイク(方向) {'channel': 24, 'hold': 6} hold=1",full,5279,-2.788023698315114,0.7949177789060083,3.582941477221122,-3.589195352966533,1.0273440210824039,-244.23087597240402,-188.5389565379656,0.37006594273390847,2.1480435974017325,0.999,H6 レンジ圧縮ブレイク(方向),taker,6,,,24.0
"H6 レンジ圧縮ブレイク(方向) {'channel': 24, 'hold': 6} hold=1",train,3168,-1.0139048837116935,0.9002932486262014,1.9141981323378952,-1.2359202286120965,1.098901502088624,-88.81806781314435,-64.53263086847994,0.3421308390863503,2.631429692308376,0.7945,H6 レンジ圧縮ブレイク(方向),half-maker,6,,,24.0
"H6 レンジ圧縮ブレイク(方向) {'channel': 24, 'hold': 6} hold=1",test,2063,-1.6664983074819724,0.641762870705283,2.3082611781872555,-2.3705042211308998,0.9151580529405501,-145.98525173542077,-54.059309585082715,0.41310296800317736,1.5535179372043315,0.902,H6 レンジ圧縮ブレイク(方向),half-maker,6,,,24.0
"H6 レンジ圧縮ブレイク(方向) {'channel': 24, 'hold': 6} hold=1",full,5279,-1.2741024167549844,0.7949177789060083,2.0690201956609924,-1.6437246115100013,1.0273440210824039,-111.61137170773662,-113.69009770554052,0.37006594273390847,2.1480435974017325,0.922,H6 レンジ圧縮ブレイク(方向),half-maker,6,,,24.0
"H6 レンジ圧縮ブレイク(方向) {'channel': 24, 'hold': 6} hold=1",train,3168,0.38709698999667635,0.9002932486262014,0.5131962586295253,0.47240168219142253,1.098901502088624,33.90969632370885,-29.31915401373832,0.3421308390863503,2.631429692308376,0.39,H6 レンジ圧縮ブレイク(方向),maker-only(理論上限),6,,,24.0
"H6 レンジ圧縮ブレイク(方向) {'channel': 24, 'hold': 6} hold=1",test,2063,0.02210841870051709,0.641762870705283,0.6196544520047659,0.031511326872935105,0.9151580529405501,1.936697478165297,-27.378573793133533,0.41310296800317736,1.5535179372043315,0.514,H6 レンジ圧縮ブレイク(方向),maker-only(理論上限),6,,,24.0
"H6 レンジ圧縮ブレイク(方向) {'channel': 24, 'hold': 6} hold=1",full,5279,0.23981886480514567,0.7949177789060083,0.5550989141008628,0.3098457212781099,1.0273440210824039,21.00813255693076,-45.26386407722081,0.37006594273390847,2.1480435974017325,0.408,H6 レンジ圧縮ブレイク(方向),maker-only(理論上限),6,,,24.0
"H6 レンジ圧縮ブレイク(方向) {'channel': 24, 'hold': 6} hold=2",train,3168,-1.858986504064658,0.9921867201846039,2.851173224249262,-2.289112522718546,1.2255323465874126,-162.84721775606405,-94.06713859693906,0.29522556606069217,3.3607750623488726,0.93425,H6 レンジ圧縮ブレイク(方向),taker,6,,,24.0
"H6 レンジ圧縮ブレイク(方向) {'channel': 24, 'hold': 6} hold=2",test,2063,-3.4104404786112235,-0.021080133129574907,3.3893603454816486,-4.793337448014588,-0.02971734474139985,-298.75458592634317,-80.9420468075294,0.35145768555679524,-0.05997914968391942,0.99625,H6 レンジ圧縮ブレイク(方向),taker,6,,,24.0
"H6 レンジ圧縮ブレイク(方向) {'channel': 24, 'hold': 6} hold=2",full,5279,-2.4404057449318017,0.6246012505323132,3.065006995464115,-3.157552808040777,0.8107394765627366,-213.77954325602585,-173.02733408234158,0.3175968371558716,1.9666482076009106,0.996,H6 レンジ圧縮ブレイク(方向),taker,6,,,24.0
"H6 レンジ圧縮ブレイク(方向) {'channel': 24, 'hold': 6} hold=2",train,3168,-0.6548190664855469,0.9921867201846039,1.64700578667015,-0.8077858119435669,1.2255323465874126,-57.3621502241339,-60.33515994546212,0.29522556606069217,3.3607750623488726,0.70675,H6 レンジ圧縮ブレイク(方向),half-maker,6,,,24.0
"H6 レンジ圧縮ブレイク(方向) {'channel': 24, 'hold': 6} hold=2",test,2063,-1.9793535700379954,-0.021080133129574907,1.9582734369084205,-2.787454487869609,-0.02971734474139985,-173.3913727353284,-55.11319372207546,0.35145768555679524,-0.05997914968391942,0.943,H6 レンジ圧縮ブレイク(方向),half-maker,6,,,24.0
"H6 レンジ圧縮ブレイク(方向) {'channel': 24, 'hold': 6} hold=2",full,5279,-1.146099875066648,0.6246012505323132,1.7707011255989609,-1.4857495515522248,0.8107394765627366,-100.39834905583835,-111.83930358630589,0.3175968371558716,1.9666482076009106,0.9015,H6 レンジ圧縮ブレイク(方向),half-maker,6,,,24.0
"H6 レンジ圧縮ブレイク(方向) {'channel': 24, 'hold': 6} hold=2",train,3168,0.5493483710935656,0.9921867201846039,0.44283834909103825,0.6784108631892063,1.2255323465874126,48.12291730779634,-40.03655542525431,0.29522556606069217,3.3607750623488726,0.35525,H6 レンジ圧縮ブレイク(方向),maker-only(理論上限),6,,,24.0
"H6 レンジ圧縮ブレイク(方向) {'channel': 24, 'hold': 6} hold=2",test,2063,-0.5482666614647677,-0.021080133129574907,0.5271865283351929,-0.7728484194499184,-0.02971734474139985,-48.028159544313645,-33.4202012938862,0.35145768555679524,-0.05997914968391942,0.69925,H6 レンジ圧縮ブレイク(方向),maker-only(理論上限),6,,,24.0
"H6 レンジ圧縮ブレイク(方向) {'channel': 24, 'hold': 6} hold=2",full,5279,0.14820599479850577,0.6246012505323132,0.4763952557338073,0.19233859946713158,0.8107394765627366,12.982845144349106,-67.00675769583508,0.3175968371558716,1.9666482076009106,0.44675,H6 レンジ圧縮ブレイク(方向),maker-only(理論上限),6,,,24.0
"H6 レンジ圧縮ブレイク(方向) {'channel': 24, 'hold': 6} hold=3",train,3168,-2.699929142631982,-0.14033979801341664,2.5595893446185647,-3.409264692596944,-0.17744941073226939,-236.5137928945616,-111.15246545951925,0.26571168069443,-0.5281657082091481,0.9865,H6 レンジ圧縮ブレイク(方向),taker,6,,,24.0
"H6 レンジ圧縮ブレイク(方向) {'channel': 24, 'hold': 6} hold=3",test,2063,-2.837504706789917,0.1976247412249164,3.035129448014834,-4.0624807342719045,0.28282506665319374,-248.56541231479673,-71.322725684695,0.31443502389152084,0.6285074060105226,0.98975,H6 レンジ圧縮ブレイク(方向),taker,6,,,24.0
"H6 レンジ圧縮ブレイク(方向) {'channel': 24, 'hold': 6} hold=3",full,5279,-2.668720924493359,0.07926208090205808,2.747983005395416,-3.534465784618764,0.10506044691127119,-233.77995298561828,-174.41138512492117,0.284997476373514,0.27811502722984893,0.999,H6 レンジ圧縮ブレイク(方向),taker,6,,,24.0
"H6 レンジ圧縮ブレイク(方向) {'channel': 24, 'hold': 6} hold=3",train,3168,-1.6194182308435212,-0.14033979801341664,1.479078432830105,-2.0472495981406733,-0.17744941073226939,-141.86103702189246,-79.78823326131675,0.26571168069443,-0.5281657082091481,0.92175,H6 レンジ圧縮ブレイク(方向),half-maker,6,,,24.0
"H6 レンジ圧縮ブレイク(方向) {'channel': 24, 'hold': 6} hold=3",test,2063,-1.5557662507011412,0.1976247412249164,1.7533909919260573,-2.228890313075788,0.28282506665319374,-136.28512356141997,-49.101788185743814,0.31443502389152084,0.6285074060105226,0.9135,H6 レンジ圧縮ブレイク(方向),half-maker,6,,,24.0
"H6 レンジ圧縮ブレイク(方向) {'channel': 24, 'hold': 6} hold=3",full,5279,-1.5084775290757861,0.07926208090205808,1.587739609977844,-1.9998780852328355,0.10506044691127119,-132.14263154703886,-119.099319290067,0.284997476373514,0.27811502722984893,0.9585,H6 レンジ圧縮ブレイク(方向),half-maker,6,,,24.0
"H6 レンジ圧縮ブレイク(方向) {'channel': 24, 'hold': 6} hold=3",train,3168,-0.538907319055062,-0.14033979801341664,0.39856752104164495,-0.6814993830759849,-0.17744941073226939,-47.20828114922343,-56.01108775861011,0.26571168069443,-0.5281657082091481,0.7015,H6 レンジ圧縮ブレイク(方向),maker-only(理論上限),6,,,24.0
"H6 レンジ圧縮ブレイク(方向) {'channel': 24, 'hold': 6} hold=3",test,2063,-0.2740277946123645,0.1976247412249164,0.4716525358372812,-0.3923824554984608,0.28282506665319374,-24.004834808043128,-32.02980117642704,0.31443502389152084,0.6285074060105226,0.625,H6 レンジ圧縮ブレイク(方向),maker-only(理論上限),6,,,24.0
"H6 レンジ圧縮ブレイク(方向) {'channel': 24, 'hold': 6} hold=3",full,5279,-0.3482341336582137,0.07926208090205808,0.4274962145602711,-0.4617016883684201,0.10506044691127119,-30.505310108459522,-73.9807515170905,0.284997476373514,0.27811502722984893,0.665,H6 レンジ圧縮ブレイク(方向),maker-only(理論上限),6,,,24.0
"H6 レンジ圧縮ブレイク(方向) {'channel': 24, 'hold': 6} hold=6",train,3168,-2.68118969557234,-0.6977132684571511,1.9834764271151897,-3.438973593390404,-0.8959077736475889,-234.87221733213696,-111.6692288383732,0.20649628569591624,-3.3788175225805013,0.9785,H6 レンジ圧縮ブレイク(方向),taker,6,,,24.0
"H6 レンジ圧縮ブレイク(方向) {'channel': 24, 'hold': 6} hold=6",test,2063,-2.0674447701525724,0.34016544597434695,2.4076102161269186,-3.0002921882724003,0.4924448702329089,-181.10816186536533,-44.06462211485474,0.25092496342895193,1.3556460916678104,0.95475,H6 レンジ圧縮ブレイク(方向),taker,6,,,24.0
"H6 レンジ圧縮ブレイク(方向) {'channel': 24, 'hold': 6} hold=6",full,5279,-2.4152463698116953,-0.2654999158802523,2.1497464539314426,-3.2492468188374493,-0.3571669590898081,-211.57558199550454,-151.843248943215,0.22391602923903697,-1.185711968823917,0.99625,H6 レンジ圧縮ブレイク(方向),taker,6,,,24.0
"H6 レンジ圧縮ブレイク(方向) {'channel': 24, 'hold': 6} hold=6",train,3168,-1.8443236962866827,-0.6977132684571511,1.146610427829532,-2.3682149769898087,-0.8959077736475889,-161.5627557947134,-89.11080595104328,0.20649628569591624,-3.3788175225805013,0.91625,H6 レンジ圧縮ブレイク(方向),half-maker,6,,,24.0
"H6 レンジ圧縮ブレイク(方向) {'channel': 24, 'hold': 6} hold=6",test,2063,-1.0518333846608268,0.34016544597434695,1.3919988306351734,-1.5263812701974515,0.4924448702329089,-92.14060449628843,-33.227540608789795,0.25092496342895193,1.3556460916678104,0.82075,H6 レンジ圧縮ブレイク(方向),half-maker,6,,,24.0
"H6 レンジ圧縮ブレイク(方向) {'channel': 24, 'hold': 6} hold=6",full,5279,-1.5083101647752513,-0.2654999158802523,1.2428102488949992,-2.030665007715782,-0.3571669590898081,-132.127970434312,-111.5290077250779,0.22391602923903697,-1.185711968823917,0.95325,H6 レンジ圧縮ブレイク(方向),half-maker,6,,,24.0
"H6 レンジ圧縮ブレイク(方向) {'channel': 24, 'hold': 6} hold=6",train,3168,-1.0074576970010254,-0.6977132684571511,0.30974442854387435,-1.2938614459303241,-0.8959077736475889,-88.25329425728981,-66.55238306371352,0.20649628569591624,-3.3788175225805013,0.77625,H6 レンジ圧縮ブレイク(方向),maker-only(理論上限),6,,,24.0
"H6 レンジ圧縮ブレイク(方向) {'channel': 24, 'hold': 6} hold=6",test,2063,-0.0362219991690809,0.34016544597434695,0.3763874451434278,-0.052488164698994005,0.4924448702329089,-3.173047127211487,-29.150544533545524,0.25092496342895193,1.3556460916678104,0.56125,H6 レンジ圧縮ブレイク(方向),maker-only(理論上限),6,,,24.0
"H6 レンジ圧縮ブレイク(方向) {'channel': 24, 'hold': 6} hold=6",full,5279,-0.601373959738808,-0.2654999158802523,0.33587404385855546,-0.8093571596415855,-0.3571669590898081,-52.68035887311958,-78.78674227614859,0.22391602923903697,-1.185711968823917,0.7535,H6 レンジ圧縮ブレイク(方向),maker-only(理論上限),6,,,24.0
"H6 レンジ圧縮ブレイク(方向) {'channel': 24, 'hold': 6} hold=12",train,3168,-1.0210303991152865,0.06143983221362744,1.0824702313289138,-1.3647713165712474,0.0822559060019155,-89.4422629624991,-63.93209848639747,0.11293855332170843,0.5440111494842197,0.7795,H6 レンジ圧縮ブレイク(方向),taker,6,,,24.0
"H6 レンジ圧縮ブレイク(方向) {'channel': 24, 'hold': 6} hold=12",test,2063,-2.3575668294591337,-0.9847260714322253,1.372840758026908,-3.4018390352550725,-1.4189952301814523,-206.5228542606201,-49.29448065331623,0.14346305541911145,-6.863969741585783,0.978,H6 レンジ圧縮ブレイク(方向),taker,6,,,24.0
"H6 レンジ圧縮ブレイク(方向) {'channel': 24, 'hold': 6} hold=12",full,5279,-1.5725081821910631,-0.37960968310799664,1.1928984990830669,-2.1703009795861816,-0.5242343456887031,-137.75171675993712,-109.53417853435201,0.12459814742428475,-3.0466719686877854,0.96425,H6 レンジ圧縮ブレイク(方向),taker,6,,,24.0
"H6 レンジ圧縮ブレイク(方向) {'channel': 24, 'hold': 6} hold=12",train,3168,-0.5644991984421109,0.06143983221362744,0.6259390306557381,-0.7553922876967627,0.0822559060019155,-49.450129783528915,-54.55765556209102,0.11293855332170843,0.5440111494842197,0.66525,H6 レンジ圧縮ブレイク(方向),half-maker,6,,,24.0
"H6 レンジ圧縮ブレイク(方向) {'channel': 24, 'hold': 6} hold=12",test,2063,-1.7787437420100127,-0.9847260714322253,0.7940176705777876,-2.566869373490872,-1.4189952301814523,-155.8179518000771,-40.345536120370866,0.14346305541911145,-6.863969741585783,0.93825,H6 レンジ圧縮ブレイク(方向),half-maker,6,,,24.0
"H6 レンジ圧縮ブレイク(方向) {'channel': 24, 'hold': 6} hold=12",full,5279,-1.0695075432177434,-0.37960968310799664,0.6898978601097471,-1.4772345700440541,-0.5242343456887031,-93.68886078587433,-87.90435501747022,0.12459814742428475,-3.0466719686877854,0.90125,H6 レンジ圧縮ブレイク(方向),half-maker,6,,,24.0
"H6 レンジ圧縮ブレイク(方向) {'channel': 24, 'hold': 6} hold=12",train,3168,-0.10796799776893574,0.06143983221362744,0.16940782998256262,-0.14455002260595806,0.0822559060019155,-9.457996604558772,-45.18321263778458,0.11293855332170843,0.5440111494842197,0.526,H6 レンジ圧縮ブレイク(方向),maker-only(理論上限),6,,,24.0
"H6 レンジ圧縮ブレイク(方向) {'channel': 24, 'hold': 6} hold=12",test,2063,-1.1999206545608927,-0.9847260714322253,0.21519458312866718,-1.7301204413087163,-1.4189952301814523,-105.1130493395342,-38.04362511416216,0.14346305541911145,-6.863969741585783,0.856,H6 レンジ圧縮ブレイク(方向),maker-only(理論上限),6,,,24.0
"H6 レンジ圧縮ブレイク(方向) {'channel': 24, 'hold': 6} hold=12",full,5279,-0.5665069042444241,-0.37960968310799664,0.1868972211364271,-0.7825036549642674,-0.5242343456887031,-49.62600481181155,-72.921565027325,0.12459814742428475,-3.0466719686877854,0.7555,H6 レンジ圧縮ブレイク(方向),maker-only(理論上限),6,,,24.0
"H6 レンジ圧縮ブレイク(方向) {'channel': 24, 'hold': 6} hold=24",train,3168,-0.6510025130762805,-0.08092316331622788,0.5700793497600525,-0.7413342636323064,-0.09219864668328709,-57.02782014548218,-62.666370592513545,0.05964801194789762,-1.3566782977932954,0.65425,H6 レンジ圧縮ブレイク(方向),taker,6,,,24.0
"H6 レンジ圧縮ブレイク(方向) {'channel': 24, 'hold': 6} hold=24",test,2063,-1.9434740763581984,-1.243939391418318,0.6995346849398805,-2.8121369635195217,-1.7973213137458315,-170.24832908897818,-44.49179446311974,0.07195382152552784,-17.288023972110945,0.94525,H6 レンジ圧縮ブレイク(方向),taker,6,,,24.0
"H6 レンジ圧縮ブレイク(方向) {'channel': 24, 'hold': 6} hold=24",full,5279,-1.1451266262065865,-0.5253782960170017,0.6197483301895851,-1.420209404187948,-0.651559554100573,-100.31309245569697,-88.89476168083941,0.06438826210610032,-8.159535276030162,0.89525,H6 レンジ圧縮ブレイク(方向),taker,6,,,24.0
"H6 レンジ圧縮ブレイク(方向) {'channel': 24, 'hold': 6} hold=24",train,3168,-0.4106988471571773,-0.08092316331622788,0.3297756838409495,-0.4678704704442081,-0.09219864668328709,-35.97721901096873,-56.60101612900388,0.05964801194789762,-1.3566782977932954,0.58025,H6 レンジ圧縮ブレイク(方向),half-maker,6,,,24.0
"H6 レンジ圧縮ブレイク(方向) {'channel': 24, 'hold': 6} hold=24",test,2063,-1.647672100032404,-1.243939391418318,0.4037327086140862,-2.3834923539604724,-1.7973213137458315,-144.3360759628386,-38.84957951608003,0.07195382152552784,-17.288023972110945,0.914,H6 レンジ圧縮ブレイク(方向),half-maker,6,,,24.0
"H6 レンジ圧縮ブレイク(方向) {'channel': 24, 'hold': 6} hold=24",full,5279,-0.8835436576913693,-0.5253782960170017,0.3581653616743678,-1.0960218781756348,-0.651559554100573,-77.39842441376396,-76.32865530287161,0.06438826210610032,-8.159535276030162,0.83475,H6 レンジ圧縮ブレイク(方向),half-maker,6,,,24.0
"H6 レンジ圧縮ブレイク(方向) {'channel': 24, 'hold': 6} hold=24",train,3168,-0.1703951812380744,-0.08092316331622788,0.0894720179218464,-0.19414167595241708,-0.09219864668328709,-14.926617876455317,-50.53566166549428,0.05964801194789762,-1.3566782977932954,0.5075,H6 レンジ圧縮ブレイク(方向),maker-only(理論上限),6,,,24.0
"H6 レンジ圧縮ブレイク(方向) {'channel': 24, 'hold': 6} hold=24",test,2063,-1.35187012370661,-1.243939391418318,0.10793073228829175,-1.9540695316755814,-1.7973213137458315,-118.42382283669903,-33.799750501123896,0.07195382152552784,-17.288023972110945,0.873,H6 レンジ圧縮ブレイク(方向),maker-only(理論上限),6,,,24.0
"H6 レンジ圧縮ブレイク(方向) {'channel': 24, 'hold': 6} hold=24",full,5279,-0.6219606891761522,-0.5253782960170017,0.09658239315915047,-0.7714402309240076,-0.651559554100573,-54.483756371830935,-64.35493485698738,0.06438826210610032,-8.159535276030162,0.75775,H6 レンジ圧縮ブレイク(方向),maker-only(理論上限),6,,,24.0
"H6 レンジ圧縮ブレイク(方向) {'channel': 24, 'hold': 12} hold=1",train,3168,-0.8848825570456255,1.1216933940852174,2.0065759511308423,-1.2269937234280952,1.556435809644048,-77.51571199719679,-65.6788523471463,0.20734619192373135,5.409761248462245,0.7435,H6 レンジ圧縮ブレイク(方向),taker,12,,,24.0
"H6 レンジ圧縮ブレイク(方向) {'channel': 24, 'hold': 12} hold=1",test,2063,-2.363803075737878,0.022087069044528007,2.3858901447824055,-3.671783548719734,0.03445629670151287,-207.06914943463812,-60.30769426247392,0.2455425270339095,0.08995211261908116,0.97975,H6 レンジ圧縮ブレイク(方向),taker,12,,,24.0
"H6 レンジ圧縮ブレイク(方向) {'channel': 24, 'hold': 12} hold=1",full,5279,-1.493975822201533,0.6628136156060201,2.156789437807553,-2.164013027439467,0.9619567227849342,-130.8722820248543,-121.06019352037256,0.22257146184184773,2.9779811397248883,0.96025,H6 レンジ圧縮ブレイク(方向),taker,12,,,24.0
"H6 レンジ圧縮ブレイク(方向) {'channel': 24, 'hold': 12} hold=1",train,3168,-0.03710422542300262,1.1216933940852174,1.1587976195082201,-0.05147892834844995,1.556435809644048,-3.250330147055029,-42.82661933161488,0.20734619192373135,5.409761248462245,0.4815,H6 レンジ圧縮ブレイク(方向),half-maker,12,,,24.0
"H6 レンジ圧縮ブレイク(方向) {'channel': 24, 'hold': 12} hold=1",test,2063,-1.355014898622107,0.022087069044528007,1.377101967666635,-2.1092220799199315,0.03445629670151287,-118.69930511929655,-42.65059523677127,0.2455425270339095,0.08995211261908116,0.8755,H6 レンジ圧縮ブレイク(方向),half-maker,12,,,24.0
"H6 レンジ圧縮ブレイク(方向) {'channel': 24, 'hold': 12} hold=1",full,5279,-0.5825096996791422,0.6628136156060201,1.2453233152851624,-0.8446995164241732,0.9619567227849342,-51.027849691892854,-79.37365340579616,0.22257146184184773,2.9779811397248883,0.7495,H6 レンジ圧縮ブレイク(方向),half-maker,12,,,24.0
"H6 レンジ圧縮ブレイク(方向) {'channel': 24, 'hold': 12} hold=1",train,3168,0.8106741061996199,1.1216933940852174,0.3110192878855971,1.124952248640976,1.556435809644048,71.0150517030867,-34.503053862176316,0.20734619192373135,5.409761248462245,0.2355,H6 レンジ圧縮ブレイク(方向),maker-only(理論上限),12,,,24.0
"H6 レンジ圧縮ブレイク(方向) {'channel': 24, 'hold': 12} hold=1",test,2063,-0.34622672150633654,0.022087069044528007,0.36831379055086416,-0.5398346239931738,0.03445629670151287,-30.329460803955083,-25.27344411973438,0.2455425270339095,0.08995211261908116,0.64525,H6 レンジ圧縮ブレイク(方向),maker-only(理論上限),12,,,24.0
"H6 レンジ圧縮ブレイク(方向) {'channel': 24, 'hold': 12} hold=1",full,5279,0.32895642284324844,0.6628136156060201,0.33385719276277165,0.4773565406616861,0.9619567227849342,28.81658264106856,-51.04492782323338,0.22257146184184773,2.9779811397248883,0.364,H6 レンジ圧縮ブレイク(方向),maker-only(理論上限),12,,,24.0
"H6 レンジ圧縮ブレイク(方向) {'channel': 24, 'hold': 12} hold=2",train,3168,-0.6396099768703397,1.139220830667053,1.778830807537393,-0.8831273128571278,1.5736152606634728,-56.02983397384176,-66.72930968524038,0.1843185120565737,6.180718463685227,0.671,H6 レンジ圧縮ブレイク(方向),taker,12,,,24.0
"H6 レンジ圧縮ブレイク(方向) {'channel': 24, 'hold': 12} hold=2",test,2063,-1.6438938708866067,0.4639529937084517,2.107846864595058,-2.5916290626684373,0.7329530710404915,-144.00510308966673,-41.81038078732784,0.21745534633105829,2.133555240357809,0.928,H6 レンジ圧縮ブレイク(方向),taker,12,,,24.0
"H6 レンジ圧縮ブレイク(方向) {'channel': 24, 'hold': 12} hold=2",full,5279,-1.0200363605568807,0.8900975844726852,1.9101339450295665,-1.479893126019662,1.2928050982032244,-89.35518518478275,-100.77691643717527,0.19762860876609178,4.503890352869822,0.8815,H6 レンジ圧縮ブレイク(方向),taker,12,,,24.0
"H6 レンジ圧縮ブレイク(方向) {'channel': 24, 'hold': 12} hold=2",train,3168,0.11156654285592653,1.139220830667053,1.0276542878111268,0.15412142569970114,1.5736152606634728,9.773229154179164,-46.15244155794785,0.1843185120565737,6.180718463685227,0.44025,H6 レンジ圧縮ブレイク(方向),half-maker,12,,,24.0
"H6 レンジ圧縮ブレイク(方向) {'channel': 24, 'hold': 12} hold=2",test,2063,-0.753061948337371,0.4639529937084517,1.2170149420458227,-1.1887590719235448,0.7329530710404915,-65.96822667435369,-26.5086717907862,0.21745534633105829,2.133555240357809,0.76875,H6 レンジ圧縮ブレイク(方向),half-maker,12,,,24.0
"H6 レンジ圧縮ブレイク(方向) {'channel': 24, 'hold': 12} hold=2",full,5279,-0.2131908446166667,0.8900975844726852,1.103288429089352,-0.30955978510810894,1.2928050982032244,-18.675517988420005,-63.928345151208866,0.19762860876609178,4.503890352869822,0.60575,H6 レンジ圧縮ブレイク(方向),half-maker,12,,,24.0
"H6 レンジ圧縮ブレイク(方向) {'channel': 24, 'hold': 12} hold=2",train,3168,0.8627430625821927,1.139220830667053,0.2764777680848605,1.1918806659482037,1.5736152606634728,75.57629228220009,-36.31738799773211,0.1843185120565737,6.180718463685227,0.232,H6 レンジ圧縮ブレイク(方向),maker-only(理論上限),12,,,24.0
"H6 レンジ圧縮ブレイク(方向) {'channel': 24, 'hold': 12} hold=2",test,2063,0.13776997421186382,0.4639529937084517,0.32618301949658735,0.21763088626595634,0.7329530710404915,12.068649740959271,-20.121465514202637,0.21745534633105829,2.133555240357809,0.49975,H6 レンジ圧縮ブレイク(方向),maker-only(理論上限),12,,,24.0
"H6 レンジ圧縮ブレイク(方向) {'channel': 24, 'hold': 12} hold=2",full,5279,0.5936546713235478,0.8900975844726852,0.2964429131491377,0.8622829929947735,1.2928050982032244,52.00414920794279,-43.979571129451415,0.19762860876609178,4.503890352869822,0.26725,H6 レンジ圧縮ブレイク(方向),maker-only(理論上限),12,,,24.0
"H6 レンジ圧縮ブレイク(方向) {'channel': 24, 'hold': 12} hold=3",train,3168,-0.7837898622778675,0.8484634782329866,1.6322533405108535,-1.0976566965557908,1.1885055466955132,-68.65999193554119,-73.08591461397273,0.1690001498951048,5.020489501101697,0.707,H6 レンジ圧縮ブレイク(方向),taker,12,,,24.0
"H6 レンジ圧縮ブレイク(方向) {'channel': 24, 'hold': 12} hold=3",test,2063,-0.8607854587313392,1.059745400308271,1.9205308590396097,-1.3423857323310593,1.6530772933191367,-75.40480618486531,-28.98487157507701,0.19847859500113435,5.3393435211601235,0.8185,H6 レンジ圧縮ブレイク(方向),taker,12,,,24.0
"H6 レンジ圧縮ブレイク(方向) {'channel': 24, 'hold': 12} hold=3",full,5279,-0.7820546446965754,0.9650110000444542,1.7470656447410293,-1.141488614668405,1.4089214464096214,-68.50798687542,-90.3441920756703,0.1807841204604258,5.337919047241199,0.826,H6 レンジ圧縮ブレイク(方向),taker,12,,,24.0
"H6 レンジ圧縮ブレイク(方向) {'channel': 24, 'hold': 12} hold=3",train,3168,-0.09441330444376907,0.8484634782329866,0.9428767826767553,-0.1322850337862581,1.1885055466955132,-8.270605469274171,-59.79028285266364,0.1690001498951048,5.020489501101697,0.5005,H6 レンジ圧縮ブレイク(方向),half-maker,12,,,24.0
"H6 レンジ圧縮ブレイク(方向) {'channel': 24, 'hold': 12} hold=3",test,2063,-0.0493789754623848,1.059745400308271,1.1091243757706557,-0.07705076986174697,1.6530772933191367,-4.3255982505049095,-24.62749426190464,0.19847859500113435,5.3393435211601235,0.5665,H6 レンジ圧縮ブレイク(方向),half-maker,12,,,24.0
"H6 レンジ圧縮ブレイク(方向) {'channel': 24, 'hold': 12} hold=3",full,5279,-0.044109912671379856,0.9650110000444542,1.009120912715834,-0.06441741670212218,1.4089214464096214,-3.8640283500128754,-66.447441153091,0.1807841204604258,5.337919047241199,0.52775,H6 レンジ圧縮ブレイク(方向),half-maker,12,,,24.0
"H6 レンジ圧縮ブレイク(方向) {'channel': 24, 'hold': 12} hold=3",train,3168,0.5949632533903292,0.8484634782329866,0.2535002248426572,0.8335881325854895,1.1885055466955132,52.11878099699283,-50.1339529128491,0.1690001498951048,5.020489501101697,0.29925,H6 レンジ圧縮ブレイク(方向),maker-only(理論上限),12,,,24.0
"H6 レンジ圧縮ブレイク(方向) {'channel': 24, 'hold': 12} hold=3",test,2063,0.7620275078065694,1.059745400308271,0.29771789250170155,1.188945231829539,1.6530772933191367,66.75360968385547,-21.535137192796654,0.19847859500113435,5.3393435211601235,0.2875,H6 レンジ圧縮ブレイク(方向),maker-only(理論上限),12,,,24.0
"H6 レンジ圧縮ブレイク(方向) {'channel': 24, 'hold': 12} hold=3",full,5279,0.6938348193538152,0.9650110000444542,0.27117618069063865,1.0132203511618671,1.4089214464096214,60.77993017539421,-50.71624938435354,0.1807841204604258,5.337919047241199,0.226,H6 レンジ圧縮ブレイク(方向),maker-only(理論上限),12,,,24.0
"H6 レンジ圧縮ブレイク(方向) {'channel': 24, 'hold': 12} hold=6",train,3168,-0.8071957249778767,0.5462525894518881,1.3534483144297649,-1.1398938943381023,0.7710704560332173,-70.710345508062,-78.1740545543379,0.14054594345000643,3.886647853669256,0.7075,H6 レンジ圧縮ブレイク(方向),taker,12,,,24.0
"H6 レンジ圧縮ブレイク(方向) {'channel': 24, 'hold': 12} hold=6",test,2063,-0.8266728198672179,0.7458561697288209,1.5725289895960393,-1.3110231387114883,1.1823041795946,-72.41653902036829,-19.850385002133898,0.16393661402341617,4.549661917637784,0.82775,H6 レンジ圧縮ブレイク(方向),taker,12,,,24.0
"H6 レンジ圧縮ブレイク(方向) {'channel': 24, 'hold': 12} hold=6",full,5279,-0.7927250647160827,0.6477586387148755,1.4404837034309579,-1.1699151001503771,0.9556274960475832,-69.44271566912886,-87.36860381727789,0.14988859531938606,4.321600568306191,0.83325,H6 レンジ圧縮ブレイク(方向),taker,12,,,24.0
"H6 レンジ圧縮ブレイク(方向) {'channel': 24, 'hold': 12} hold=6",train,3168,-0.23588102535049893,0.5462525894518881,0.7821336148023872,-0.3331956800666977,0.7710704560332173,-20.66317782070371,-62.645714177050806,0.14054594345000643,3.886647853669256,0.5385,H6 レンジ圧縮ブレイク(方向),half-maker,12,,,24.0
"H6 レンジ圧縮ブレイク(方向) {'channel': 24, 'hold': 12} hold=6",test,2063,-0.16336078558676076,0.7458561697288209,0.9092169553155818,-0.25917096600063594,1.1823041795946,-14.31040481740024,-18.23689778020147,0.16393661402341617,4.549661917637784,0.62675,H6 レンジ圧縮ブレイク(方向),half-maker,12,,,24.0
"H6 レンジ圧縮ブレイク(方向) {'channel': 24, 'hold': 12} hold=6",full,5279,-0.1848996594901429,0.6477586387148755,0.8326582982050187,-0.2729719082122469,0.9556274960475832,-16.19721017133652,-67.3937188328341,0.14988859531938606,4.321600568306191,0.59375,H6 レンジ圧縮ブレイク(方向),half-maker,12,,,24.0
"H6 レンジ圧縮ブレイク(方向) {'channel': 24, 'hold': 12} hold=6",train,3168,0.33543367427687887,0.5462525894518881,0.21081891517500964,0.47366218175242525,0.7710704560332173,29.383989866654588,-48.95819887772219,0.14054594345000643,3.886647853669256,0.36725,H6 レンジ圧縮ブレイク(方向),maker-only(理論上限),12,,,24.0
"H6 レンジ圧縮ブレイク(方向) {'channel': 24, 'hold': 12} hold=6",test,2063,0.4999512486936967,0.7458561697288209,0.2459049210351242,0.7928176464917371,1.1823041795946,43.79572938556783,-16.623410558269054,0.16393661402341617,4.549661917637784,0.36875,H6 レンジ圧縮ブレイク(方向),maker-only(理論上限),12,,,24.0
"H6 レンジ圧縮ブレイク(方向) {'channel': 24, 'hold': 12} hold=6",full,5279,0.4229257457357964,0.6477586387148755,0.2248328929790791,0.6241647087453874,0.9556274960475832,37.048295326455765,-49.87268450230998,0.14988859531938606,4.321600568306191,0.3355,H6 レンジ圧縮ブレイク(方向),maker-only(理論上限),12,,,24.0
"H6 レンジ圧縮ブレイク(方向) {'channel': 24, 'hold': 12} hold=12",train,3168,-0.09111991925659935,0.9620033969927481,1.0531233162493472,-0.12993390615506997,1.3720252496431538,-7.982104926878103,-62.39012270897396,0.11002977856573727,8.743118540568537,0.49825,H6 レンジ圧縮ブレイク(方向),taker,12,,,24.0
"H6 レンジ圧縮ブレイク(方向) {'channel': 24, 'hold': 12} hold=12",test,2063,-0.4677492460896191,0.7787703065999074,1.2465195526895267,-0.7149298493768406,1.1897573449300167,-40.97483395745063,-20.60366238462371,0.12986237357473884,5.9968895158974345,0.69375,H6 レンジ圧縮ブレイク(方向),taker,12,,,24.0
"H6 レンジ圧縮ブレイク(方向) {'channel': 24, 'hold': 12} hold=12",full,5279,-0.21506837808383675,0.9156419948337579,1.1307103729175945,-0.315596115478166,1.3436887758143712,-18.8399899201441,-63.56015023574489,0.11801737990420065,7.758535188435979,0.61525,H6 レンジ圧縮ブレイク(方向),taker,12,,,24.0
"H6 レンジ圧縮ブレイク(方向) {'channel': 24, 'hold': 12} hold=12",train,3168,0.35291940494377144,0.9620033969927481,0.6090839920489766,0.5035285672302868,1.3720252496431538,30.915739873074376,-50.81660126188537,0.11002977856573727,8.743118540568537,0.35,H6 レンジ圧縮ブレイク(方向),half-maker,12,,,24.0
"H6 レンジ圧縮ブレイク(方向) {'channel': 24, 'hold': 12} hold=12",test,2063,0.058113750074090045,0.7787703065999074,0.7206565565258175,0.0888609772956694,1.1897573449300167,5.090764506490288,-17.908629637140557,0.12986237357473884,5.9968895158974345,0.50825,H6 レンジ圧縮ブレイク(方向),half-maker,12,,,24.0
"H6 レンジ圧縮ブレイク(方向) {'channel': 24, 'hold': 12} hold=12",full,5279,0.26177377344680997,0.9156419948337579,0.6538682213869476,0.3843427541893483,1.3436887758143712,22.93138255394055,-50.81660126188537,0.11801737990420065,7.758535188435979,0.3805,H6 レンジ圧縮ブレイク(方向),half-maker,12,,,24.0
"H6 レンジ圧縮ブレイク(方向) {'channel': 24, 'hold': 12} hold=12",train,3168,0.7969587291441421,0.9620033969927481,0.1650446678486059,1.136937771267756,1.3720252496431538,69.81358467302685,-39.594481359972136,0.11002977856573727,8.743118540568537,0.2245,H6 レンジ圧縮ブレイク(方向),maker-only(理論上限),12,,,24.0
"H6 レンジ圧縮ブレイク(方向) {'channel': 24, 'hold': 12} hold=12",test,2063,0.5839767462377994,0.7787703065999074,0.19479356036210824,0.8925398413928348,1.1897573449300167,51.156362970431225,-15.949670492527005,0.12986237357473884,5.9968895158974345,0.31975,H6 レンジ圧縮ブレイク(方向),maker-only(理論上限),12,,,24.0
"H6 レンジ圧縮ブレイク(方向) {'channel': 24, 'hold': 12} hold=12",full,5279,0.7386159249774568,0.9156419948337579,0.17702606985630098,1.084239938378517,1.3436887758143712,64.70275502802522,-39.594481359972136,0.11801737990420065,7.758535188435979,0.194,H6 レンジ圧縮ブレイク(方向),maker-only(理論上限),12,,,24.0
"H6 レンジ圧縮ブレイク(方向) {'channel': 24, 'hold': 12} hold=24",train,3168,-0.12154688087640683,0.45957440035055425,0.5811212812269613,-0.15178108202376564,0.5737870296517025,-10.647506764773237,-62.98339815774276,0.06103756740748143,7.529369532086297,0.507,H6 レンジ圧縮ブレイク(方向),taker,12,,,24.0
"H6 レンジ圧縮ブレイク(方向) {'channel': 24, 'hold': 12} hold=24",test,2063,-1.5121980352195568,-0.8370386300462073,0.675159405173349,-2.4018942900257105,-1.3285338798661563,-132.46854788523316,-37.5599177700522,0.07033515190356474,-11.900715465772448,0.92475,H6 レンジ圧縮ブレイク(方向),taker,12,,,24.0
"H6 レンジ圧縮ブレイク(方向) {'channel': 24, 'hold': 12} hold=24",full,5279,-0.6493753239257792,-0.031856967204247556,0.6175183567215317,-0.8820240461508162,-0.0432581351783703,-56.88527837589825,-73.46719814026221,0.06464641635233098,-0.4927878295777933,0.77425,H6 レンジ圧縮ブレイク(方向),taker,12,,,24.0
"H6 レンジ圧縮ブレイク(方向) {'channel': 24, 'hold': 12} hold=24",train,3168,0.12323558418146273,0.45957440035055425,0.3363388161690917,0.1539098349817393,0.5737870296517025,10.795437174296135,-57.498003507480576,0.06103756740748143,7.529369532086297,0.42725,H6 レンジ圧縮ブレイク(方向),half-maker,12,,,24.0
"H6 レンジ圧縮ブレイク(方向) {'channel': 24, 'hold': 12} hold=24",test,2063,-1.2273696965605556,-0.8370386300462073,0.39033106651434807,-1.9496539573520357,-1.3285338798661563,-107.51758541870467,-32.15268707391997,0.07033515190356474,-11.900715465772448,0.8745,H6 レンジ圧縮ブレイク(方向),half-maker,12,,,24.0
"H6 レンジ圧縮ブレイク(方向) {'channel': 24, 'hold': 12} hold=24",full,5279,-0.3891009578292613,-0.031856967204247556,0.35724399062501405,-0.5285778776117275,-0.0432581351783703,-34.08524390584329,-61.038980659943284,0.06464641635233098,-0.4927878295777933,0.67125,H6 レンジ圧縮ブレイク(方向),half-maker,12,,,24.0
"H6 レンジ圧縮ブレイク(方向) {'channel': 24, 'hold': 12} hold=24",train,3168,0.3680180492393321,0.45957440035055425,0.09155635111122216,0.4595382457846097,0.5737870296517025,32.23838111336549,-53.27747268831978,0.06103756740748143,7.529369532086297,0.3475,H6 レンジ圧縮ブレイク(方向),maker-only(理論上限),12,,,24.0
"H6 レンジ圧縮ブレイク(方向) {'channel': 24, 'hold': 12} hold=24",test,2063,-0.9425413579015545,-0.8370386300462073,0.10550272785534709,-1.4964918649146155,-1.3285338798661563,-82.56662295217617,-27.563252230453827,0.07033515190356474,-11.900715465772448,0.81125,H6 レンジ圧縮ブレイク(方向),maker-only(理論上限),12,,,24.0
"H6 レンジ圧縮ブレイク(方向) {'channel': 24, 'hold': 12} hold=24",full,5279,-0.12882659173274424,-0.031856967204247556,0.09696962452849646,-0.1749636960589423,-0.0432581351783703,-11.285209435788396,-53.27747268831978,0.06464641635233098,-0.4927878295777933,0.55125,H6 レンジ圧縮ブレイク(方向),maker-only(理論上限),12,,,24.0
"H6 レンジ圧縮ブレイク(方向) {'channel': 24, 'hold': 24} hold=1",train,3168,-0.4039222015403375,0.7786525874573641,1.1825747889977019,-0.6311218626521405,1.2187841444244711,-35.38358485493356,-61.88496038805707,0.12185423926540141,6.390032814216996,0.6035,H6 レンジ圧縮ブレイク(方向),taker,24,,,24.0
"H6 レンジ圧縮ブレイク(方向) {'channel': 24, 'hold': 24} hold=1",test,2063,-0.3357075421151924,1.0800573540777942,1.4157648961929863,-0.5631505186090364,1.8148737556275971,-29.407980689290852,-18.772794841532185,0.14384314766424505,7.508577027241062,0.656,H6 レンジ圧縮ブレイク(方向),taker,24,,,24.0
"H6 レンジ圧縮ブレイク(方向) {'channel': 24, 'hold': 24} hold=1",full,5279,-0.40574950225850936,0.8669593466524498,1.2727088489109588,-0.6529414829203198,1.397551920536339,-35.54365639784542,-73.06886789216696,0.13043483082154908,6.646685867508481,0.7125,H6 レンジ圧縮ブレイク(方向),taker,24,,,24.0
"H6 レンジ圧縮ブレイク(方向) {'channel': 24, 'hold': 24} hold=1",train,3168,0.09597451350946226,0.7786525874573641,0.6826780739479019,0.15009641014142722,1.2187841444244711,8.407367383428895,-51.495372193286,0.12185423926540141,6.390032814216996,0.4205,H6 レンジ圧縮ブレイク(方向),half-maker,24,,,24.0
"H6 レンジ圧縮ブレイク(方向) {'channel': 24, 'hold': 24} hold=1",test,2063,0.2642925452331174,1.0800573540777942,0.8157648088446771,0.44374029358305045,1.8148737556275971,23.152026962421086,-16.71159072932823,0.14384314766424505,7.508577027241062,0.41425,H6 レンジ圧縮ブレイク(方向),half-maker,24,,,24.0
"H6 レンジ圧縮ブレイク(方向) {'channel': 24, 'hold': 24} hold=1",full,5279,0.1327787990808085,0.8669593466524498,0.7341805475716412,0.21386331092174155,1.397551920536339,11.631422799478825,-59.67378525122723,0.13043483082154908,6.646685867508481,0.4365,H6 レンジ圧縮ブレイク(方向),half-maker,24,,,24.0
"H6 レンジ圧縮ブレイク(方向) {'channel': 24, 'hold': 24} hold=1",train,3168,0.5958712285592619,0.7786525874573641,0.18278135889810207,0.9325286634829035,1.2187841444244711,52.19831962179134,-42.1319143262889,0.12185423926540141,6.390032814216996,0.26075,H6 レンジ圧縮ブレイク(方向),maker-only(理論上限),24,,,24.0
"H6 レンジ圧縮ブレイク(方向) {'channel': 24, 'hold': 24} hold=1",test,2063,0.8642926325814269,1.0800573540777942,0.21576472149636755,1.4520528638465224,1.8148737556275971,75.71203461413299,-14.650386617124287,0.14384314766424505,7.508577027241062,0.2045,H6 レンジ圧縮ブレイク(方向),maker-only(理論上限),24,,,24.0
"H6 レンジ圧縮ブレイク(方向) {'channel': 24, 'hold': 24} hold=1",full,5279,0.6713071004201262,0.8669593466524498,0.19565224623232358,1.0819721120453611,1.397551920536339,58.80650199680305,-47.30483293806148,0.13043483082154908,6.646685867508481,0.19975,H6 レンジ圧縮ブレイク(方向),maker-only(理論上限),24,,,24.0
"H6 レンジ圧縮ブレイク(方向) {'channel': 24, 'hold': 24} hold=2",train,3168,-0.385562537105685,0.6881376149622631,1.0737001520679483,-0.5999639127352172,1.0709551756000173,-33.77527825045801,-66.50070083181406,0.11065901881843247,6.218540723656227,0.599,H6 レンジ圧縮ブレイク(方向),taker,24,,,24.0
"H6 レンジ圧縮ブレイク(方向) {'channel': 24, 'hold': 24} hold=2",test,2063,-0.2651142338098844,1.0145581094542844,1.279672343264168,-0.4427086288057544,1.6961660548340984,-23.224006881745872,-17.652575210019073,0.13047625707019386,7.775806359224961,0.6295,H6 レンジ圧縮ブレイク(方向),taker,24,,,24.0
"H6 レンジ圧縮ブレイク(方向) {'channel': 24, 'hold': 24} hold=2",full,5279,-0.3399401623378344,0.8151219504831558,1.15506211282099,-0.5443280045218556,1.3059457176451212,-29.778758220794295,-75.19066135963071,0.11858112993030859,6.873960055551939,0.6825,H6 レンジ圧縮ブレイク(方向),taker,24,,,24.0
"H6 レンジ圧縮ブレイク(方向) {'channel': 24, 'hold': 24} hold=2",train,3168,0.06829327481446443,0.6881376149622631,0.6198443401477985,0.10629581881779934,1.0709551756000173,5.982490873747084,-55.03069805065648,0.11065901881843247,6.218540723656227,0.43775,H6 レンジ圧縮ブレイク(方向),half-maker,24,,,24.0
"H6 レンジ圧縮ブレイク(方向) {'channel': 24, 'hold': 24} hold=2",test,2063,0.27686474501955455,1.0145581094542844,0.7376933644347295,0.46266136572553723,1.6961660548340984,24.253351663712976,-15.817139452025547,0.13047625707019386,7.775806359224961,0.411,H6 レンジ圧縮ブレイク(方向),half-maker,24,,,24.0
"H6 レンジ圧縮ブレイク(方向) {'channel': 24, 'hold': 24} hold=2",full,5279,0.14865504662492932,0.8151219504831558,0.6664669038582266,0.23813731782982708,1.3059457176451212,13.02218208434381,-60.988895608862926,0.11858112993030859,6.873960055551939,0.42775,H6 レンジ圧縮ブレイク(方向),half-maker,24,,,24.0
"H6 レンジ圧縮ブレイク(方向) {'channel': 24, 'hold': 24} hold=2",train,3168,0.5221490867346144,0.6881376149622631,0.1659885282276487,0.8126828549856965,1.0709551756000173,45.74025999795222,-44.36193748989868,0.11065901881843247,6.218540723656227,0.28725,H6 レンジ圧縮ブレイク(方向),maker-only(理論上限),24,,,24.0
"H6 レンジ圧縮ブレイク(方向) {'channel': 24, 'hold': 24} hold=2",test,2063,0.8188437238489931,1.0145581094542844,0.19571438560529075,1.368900643528137,1.6961660548340984,71.73071020917179,-13.981703694032015,0.13047625707019386,7.775806359224961,0.22775,H6 レンジ圧縮ブレイク(方向),maker-only(理論上限),24,,,24.0
"H6 レンジ圧縮ブレイク(方向) {'channel': 24, 'hold': 24} hold=2",full,5279,0.6372502555876929,0.8151219504831558,0.17787169489546284,1.0209900127885139,1.3059457176451212,55.823122389481895,-47.588372078494935,0.11858112993030859,6.873960055551939,0.21675,H6 レンジ圧縮ブレイク(方向),maker-only(理論上限),24,,,24.0
"H6 レンジ圧縮ブレイク(方向) {'channel': 24, 'hold': 24} hold=3",train,3168,-0.4730751780873459,0.5299368089591121,1.0030119870464578,-0.7291975893252948,0.8173442569148435,-41.441385600451504,-75.07210643962704,0.10349696239749447,5.1203126805192225,0.6235,H6 レンジ圧縮ブレイク(方向),taker,24,,,24.0
"H6 レンジ圧縮ブレイク(方向) {'channel': 24, 'hold': 24} hold=3",test,2063,0.13901217613708844,1.312281173374079,1.1732689972369905,0.2282078799796462,2.1539116067739426,12.177466629608947,-16.451673752607178,0.12006843208163849,10.92944373989839,0.46725,H6 レンジ圧縮ブレイク(方向),taker,24,,,24.0
"H6 レンジ圧縮ブレイク(方向) {'channel': 24, 'hold': 24} hold=3",full,5279,-0.21853126513389234,0.8519749347892757,1.070506199923168,-0.3456368742111848,1.3479769742405472,-19.14333882572897,-75.82552246896532,0.11014975608272262,7.734696517615902,0.61775,H6 レンジ圧縮ブレイク(方向),taker,24,,,24.0
"H6 レンジ圧縮ブレイク(方向) {'channel': 24, 'hold': 24} hold=3",train,3168,-0.04919190636223743,0.5299368089591121,0.5791287153213498,-0.07586075577907044,0.8173442569148435,-4.3092109973319985,-64.39152871831516,0.10349696239749447,5.1203126805192225,0.47625,H6 レンジ圧縮ブレイク(方向),half-maker,24,,,24.0
"H6 レンジ圧縮ブレイク(方向) {'channel': 24, 'hold': 24} hold=3",test,2063,0.6355953506943546,1.312281173374079,0.6766858226797242,1.0435990851301997,2.1539116067739426,55.678152720825466,-14.398190478831866,0.12006843208163849,10.92944373989839,0.28375,H6 レンジ圧縮ブレイク(方向),half-maker,24,,,24.0
"H6 レンジ圧縮ブレイク(方向) {'channel': 24, 'hold': 24} hold=3",full,5279,0.2341095177656495,0.8519749347892757,0.617865417023626,0.37041557300293804,1.3479769742405472,20.5079937562709,-64.39152871831516,0.11014975608272262,7.734696517615902,0.38475,H6 レンジ圧縮ブレイク(方向),half-maker,24,,,24.0
"H6 レンジ圧縮ブレイク(方向) {'channel': 24, 'hold': 24} hold=3",train,3168,0.3746913653628704,0.5299368089591121,0.15524544359624165,0.5779275637296607,0.8173442569148435,32.82296360578745,-55.737221967326754,0.10349696239749447,5.1203126805192225,0.33475,H6 レンジ圧縮ブレイク(方向),maker-only(理論上限),24,,,24.0
"H6 レンジ圧縮ブレイク(方向) {'channel': 24, 'hold': 24} hold=3",test,2063,1.1321785252516212,1.312281173374079,0.1801026481224577,1.858642386592845,2.1539116067739426,99.17883881204203,-12.344707205056597,0.12006843208163849,10.92944373989839,0.146,H6 レンジ圧縮ブレイク(方向),maker-only(理論上限),24,,,24.0
"H6 レンジ圧縮ブレイク(方向) {'channel': 24, 'hold': 24} hold=3",full,5279,0.6867503006651917,0.8519749347892757,0.16522463412408392,1.086661818333994,1.3479769742405472,60.15932633827079,-55.737221967326754,0.11014975608272262,7.734696517615902,0.191,H6 レンジ圧縮ブレイク(方向),maker-only(理論上限),24,,,24.0
"H6 レンジ圧縮ブレイク(方向) {'channel': 24, 'hold': 24} hold=6",train,3168,-0.8703240545159147,-0.010053271334628704,0.8602707831812858,-1.3686295706191844,-0.01580460480917419,-76.24038717559412,-81.5020173009342,0.0891199377810182,-0.11280608565202528,0.74675,H6 レンジ圧縮ブレイク(方向),taker,24,,,24.0
"H6 レンジ圧縮ブレイク(方向) {'channel': 24, 'hold': 24} hold=6",test,2063,0.25406368192189743,1.2474279319357529,0.9933642500138552,0.425603970464893,2.0875938979006476,22.255978536358214,-16.82374594901511,0.10228313805730652,12.195831645650644,0.4115,H6 レンジ圧縮ブレイク(方向),taker,24,,,24.0
"H6 レンジ圧縮ブレイク(方向) {'channel': 24, 'hold': 24} hold=6",full,5279,-0.41775179052513206,0.49501698570236913,0.9127687762275007,-0.6741200510865195,0.798410403214702,-36.59505685000157,-81.5020173009342,0.09437865220407601,5.245010117669284,0.7145,H6 レンジ圧縮ブレイク(方向),taker,24,,,24.0
"H6 レンジ圧縮ブレイク(方向) {'channel': 24, 'hold': 24} hold=6",train,3168,-0.5070286162610355,-0.010053271334628704,0.49697534492640655,-0.7974402346008793,-0.01580460480917419,-44.415706784466714,-72.43992264218416,0.0891199377810182,-0.11280608565202528,0.63775,H6 レンジ圧縮ブレイク(方向),half-maker,24,,,24.0
"H6 レンジ圧縮ブレイク(方向) {'channel': 24, 'hold': 24} hold=6",test,2063,0.6740334533858452,1.2474279319357529,0.5733944785499073,1.1289988215354834,2.0875938979006476,59.04533051660004,-12.415354431110709,0.10228313805730652,12.195831645650644,0.258,H6 レンジ圧縮ブレイク(方向),half-maker,24,,,24.0
"H6 レンジ圧縮ブレイク(方向) {'channel': 24, 'hold': 24} hold=6",full,5279,-0.0321513915644386,0.49501698570236913,0.5271683772668074,-0.0518859930647935,0.798410403214702,-2.8164619010448213,-72.43992264218416,0.09437865220407601,5.245010117669284,0.52625,H6 レンジ圧縮ブレイク(方向),half-maker,24,,,24.0
"H6 レンジ圧縮ブレイク(方向) {'channel': 24, 'hold': 24} hold=6",train,3168,-0.1437331780061566,-0.010053271334628704,0.1336799066715273,-0.22600629596287625,-0.01580460480917419,-12.591026393339316,-63.37782798343407,0.0891199377810182,-0.11280608565202528,0.5095,H6 レンジ圧縮ブレイク(方向),maker-only(理論上限),24,,,24.0
"H6 レンジ圧縮ブレイク(方向) {'channel': 24, 'hold': 24} hold=6",test,2063,1.0940032248497928,1.2474279319357529,0.1534247070859598,1.831456839135606,2.0875938979006476,95.83468249684186,-11.567342892607321,0.10228313805730652,12.195831645650644,0.1425,H6 レンジ圧縮ブレイク(方向),maker-only(理論上限),24,,,24.0
"H6 レンジ圧縮ブレイク(方向) {'channel': 24, 'hold': 24} hold=6",full,5279,0.3534490073962549,0.49501698570236913,0.141567978306114,0.5702139094859979,0.798410403214702,30.962133047911934,-63.37782798343407,0.09437865220407601,5.245010117669284,0.3325,H6 レンジ圧縮ブレイク(方向),maker-only(理論上限),24,,,24.0
"H6 レンジ圧縮ブレイク(方向) {'channel': 24, 'hold': 24} hold=12",train,3168,-0.6197505351676588,0.08714191788954523,0.7068924530572039,-1.0276569756811518,0.1446354036310069,-54.290146880686905,-60.966780105303066,0.07344273439208412,1.1865287779772216,0.71825,H6 レンジ圧縮ブレイク(方向),taker,24,,,24.0
"H6 レンジ圧縮ブレイク(方向) {'channel': 24, 'hold': 24} hold=12",test,2063,-0.2854517246837381,0.5260787655356308,0.8115304902193687,-0.47860677999710705,0.8825856441678148,-25.005571082295457,-23.114306499149155,0.08352195157867587,6.298688615292663,0.59075,H6 レンジ圧縮ブレイク(方向),taker,24,,,24.0
"H6 レンジ圧縮ブレイク(方向) {'channel': 24, 'hold': 24} hold=12",full,5279,-0.4788341204647226,0.2703211881971377,0.7491553086618605,-0.7987256659560228,0.4513265177398973,-41.9458689527097,-62.20935397812583,0.07757947824031593,3.48444194687377,0.75375,H6 レンジ圧縮ブレイク(方向),taker,24,,,24.0
"H6 レンジ圧縮ブレイク(方向) {'channel': 24, 'hold': 24} hold=12",train,3168,-0.32138635943312,0.08714191788954523,0.4085282773226651,-0.533300698755059,0.1446354036310069,-28.15344508634131,-53.78634554218379,0.07344273439208412,1.1865287779772216,0.6045,H6 レンジ圧縮ブレイク(方向),half-maker,24,,,24.0
"H6 レンジ圧縮ブレイク(方向) {'channel': 24, 'hold': 24} hold=12",test,2063,0.05767205674193962,0.5260787655356308,0.4684067087936912,0.09675525840207878,0.8825856441678148,5.0520721705939104,-18.423575953883148,0.08352195157867587,6.298688615292663,0.45275,H6 レンジ圧縮ブレイク(方向),half-maker,24,,,24.0
"H6 レンジ圧縮ブレイク(方向) {'channel': 24, 'hold': 24} hold=12",full,5279,-0.16244107481402945,0.2703211881971377,0.43276226301116727,-0.2711568991586908,0.4513265177398973,-14.229838153708979,-53.78634554218379,0.07757947824031593,3.48444194687377,0.5965,H6 レンジ圧縮ブレイク(方向),half-maker,24,,,24.0
"H6 レンジ圧縮ブレイク(方向) {'channel': 24, 'hold': 24} hold=12",train,3168,-0.02302218369858091,0.08714191788954523,0.11016410158812619,-0.03821247936374793,0.1446354036310069,-2.0167432919956876,-46.605910979064426,0.07344273439208412,1.1865287779772216,0.49075,H6 レンジ圧縮ブレイク(方向),maker-only(理論上限),24,,,24.0
"H6 レンジ圧縮ブレイク(方向) {'channel': 24, 'hold': 24} hold=12",test,2063,0.40079583816761705,0.5260787655356308,0.1252829273680138,0.672480190193217,0.8825856441678148,35.10971542348326,-15.415453826061476,0.08352195157867587,6.298688615292663,0.315,H6 レンジ圧縮ブレイク(方向),maker-only(理論上限),24,,,24.0
"H6 レンジ圧縮ブレイク(方向) {'channel': 24, 'hold': 24} hold=12",full,5279,0.153951970836664,0.2703211881971377,0.11636921736047388,0.25704878154007255,0.4513265177398973,13.486192645291768,-46.605910979064426,0.07757947824031593,3.48444194687377,0.41675,H6 レンジ圧縮ブレイク(方向),maker-only(理論上限),24,,,24.0
"H6 レンジ圧縮ブレイク(方向) {'channel': 24, 'hold': 24} hold=24",train,3168,-0.9745824699768404,-0.44138429267266505,0.5331981773041756,-1.5490204028194734,-0.702168335362741,-85.37342436997122,-74.87952830052514,0.05602232424008006,-7.878721539312456,0.822,H6 レンジ圧縮ブレイク(方向),taker,24,,,24.0
"H6 レンジ圧縮ブレイク(方向) {'channel': 24, 'hold': 24} hold=24",test,2063,-0.6241201110918518,-0.01939841360154759,0.6047216974903041,-1.1123003506252247,-0.034561857587702194,-54.67292173164622,-31.885482190391624,0.06317234479862494,-0.3070712930378648,0.725,H6 レンジ圧縮ブレイク(方向),taker,24,,,24.0
"H6 レンジ圧縮ブレイク(方向) {'channel': 24, 'hold': 24} hold=24",full,5279,-0.817470607957213,-0.2557182939962536,0.5617523139609591,-1.357274951752668,-0.42481876179169664,-71.61042525705187,-74.87952830052514,0.05891750193869276,-4.340277261964434,0.85775,H6 レンジ圧縮ブレイク(方向),taker,24,,,24.0
"H6 レンジ圧縮ブレイク(方向) {'channel': 24, 'hold': 24} hold=24",train,3168,-0.7500001245048127,-0.44138429267266505,0.3086158318321478,-1.1928659050764188,-0.702168335362741,-65.7000109066216,-70.70182087953624,0.05602232424008006,-7.878721539312456,0.75575,H6 レンジ圧縮ブレイク(方向),half-maker,24,,,24.0
"H6 レンジ圧縮ブレイク(方向) {'channel': 24, 'hold': 24} hold=24",test,2063,-0.3691385209456683,-0.01939841360154759,0.3497401073441208,-0.6580609953818326,-0.034561857587702194,-32.336534434840544,-28.65211208239208,0.06317234479862494,-0.3070712930378648,0.62625,H6 レンジ圧縮ブレイク(方向),half-maker,24,,,24.0
"H6 レンジ圧縮ブレイク(方向) {'channel': 24, 'hold': 24} hold=24",full,5279,-0.5807825774307528,-0.2557182939962536,0.3250642834344991,-0.9648459223804369,-0.42481876179169664,-50.87655378293394,-70.70182087953624,0.05891750193869276,-4.340277261964434,0.77275,H6 レンジ圧縮ブレイク(方向),half-maker,24,,,24.0
"H6 レンジ圧縮ブレイク(方向) {'channel': 24, 'hold': 24} hold=24",train,3168,-0.525417779032785,-0.44138429267266505,0.08403348636012008,-0.8358781281881887,-0.702168335362741,-46.02659744327196,-66.52411345854732,0.05602232424008006,-7.878721539312456,0.68375,H6 レンジ圧縮ブレイク(方向),maker-only(理論上限),24,,,24.0
"H6 レンジ圧縮ブレイク(方向) {'channel': 24, 'hold': 24} hold=24",test,2063,-0.11415693079948494,-0.01939841360154759,0.09475851719793739,-0.20344784464593635,-0.034561857587702194,-10.000147138034881,-25.41874197439254,0.06317234479862494,-0.3070712930378648,0.516,H6 レンジ圧縮ブレイク(方向),maker-only(理論上限),24,,,24.0
"H6 レンジ圧縮ブレイク(方向) {'channel': 24, 'hold': 24} hold=24",full,5279,-0.3440945469042927,-0.2557182939962536,0.08837625290803913,-0.5716948177062775,-0.42481876179169664,-30.142682308816042,-66.52411345854732,0.05891750193869276,-4.340277261964434,0.65925,H6 レンジ圧縮ブレイク(方向),maker-only(理論上限),24,,,24.0
"H6 レンジ圧縮ブレイク(方向) {'channel': 48, 'hold': 6} hold=1",train,3168,-2.1665767729514225,0.6059795587342569,2.77255633168568,-2.627129222876279,0.7353240854121721,-189.7921253105446,-93.40030939658617,0.28777193576729504,2.1057632222492972,0.94875,H6 レンジ圧縮ブレイク(方向),taker,6,,,48.0
"H6 レンジ圧縮ブレイク(方向) {'channel': 48, 'hold': 6} hold=1",test,2063,-3.1903238093048607,0.4200719216492447,3.6103957309541053,-3.8137350078915557,0.5044874972066659,-279.4723656951058,-80.52037274751329,0.37554980111278324,1.1185518416053981,0.97575,H6 レンジ圧縮ブレイク(方向),taker,6,,,48.0
"H6 レンジ圧縮ブレイク(方向) {'channel': 48, 'hold': 6} hold=1",full,5279,-2.5345057948943666,0.5648652700305342,3.099371064924901,-3.0583478352524285,0.6831911638353354,-222.02270763274652,-169.5044751013586,0.3218893854024997,1.754842798945391,0.994,H6 レンジ圧縮ブレイク(方向),taker,6,,,48.0
"H6 レンジ圧縮ブレイク(方向) {'channel': 48, 'hold': 6} hold=1",train,3168,-0.9961275589340547,0.6059795587342569,1.602107117668311,-1.2087442370988695,0.7353240854121721,-87.26077416262319,-65.71516108760132,0.28777193576729504,2.1057632222492972,0.77975,H6 レンジ圧縮ブレイク(方向),half-maker,6,,,48.0
"H6 レンジ圧縮ブレイク(方向) {'channel': 48, 'hold': 6} hold=1",test,2063,-1.6667882946623953,0.4200719216492447,2.0868602163116403,-1.9972681122602005,0.5044874972066659,-146.0106546124258,-57.88150347234839,0.37554980111278324,1.1185518416053981,0.84575,H6 レンジ圧縮ブレイク(方向),half-maker,6,,,48.0
"H6 レンジ圧縮ブレイク(方向) {'channel': 48, 'hold': 6} hold=1",full,5279,-1.226237301483791,0.5648652700305342,1.7911025715143254,-1.481761238462622,0.6831911638353354,-107.4183876099801,-115.23852544789814,0.3218893854024997,1.754842798945391,0.88775,H6 レンジ圧縮ブレイク(方向),half-maker,6,,,48.0
"H6 レンジ圧縮ブレイク(方向) {'channel': 48, 'hold': 6} hold=1",train,3168,0.1743216550833141,0.6059795587342569,0.43165790365094253,0.21155979686533438,0.7353240854121721,15.270576985298314,-53.65372353412574,0.28777193576729504,2.1057632222492972,0.4655,H6 レンジ圧縮ブレイク(方向),maker-only(理論上限),6,,,48.0
"H6 レンジ圧縮ブレイク(方向) {'channel': 48, 'hold': 6} hold=1",test,2063,-0.1432527800199301,0.4200719216492447,0.5633247016691748,-0.17196228295651342,0.5044874972066659,-12.548943529745877,-43.63921415748827,0.37554980111278324,1.1185518416053981,0.53375,H6 レンジ圧縮ブレイク(方向),maker-only(理論上限),6,,,48.0
"H6 レンジ圧縮ブレイク(方向) {'channel': 48, 'hold': 6} hold=1",full,5279,0.0820311919267846,0.5648652700305342,0.48283407810374945,0.09920495033514776,0.6831911638353354,7.185932412786331,-76.41099423421497,0.3218893854024997,1.754842798945391,0.4725,H6 レンジ圧縮ブレイク(方向),maker-only(理論上限),6,,,48.0
"H6 レンジ圧縮ブレイク(方向) {'channel': 48, 'hold': 6} hold=2",train,3168,-2.466477434066502,-0.0032086028435707125,2.4632688312229316,-3.0060818888493612,-0.003915165900293881,-216.0634232242256,-114.22515131804072,0.2562714386683493,-0.012520329460994243,0.9625,H6 レンジ圧縮ブレイク(方向),taker,6,,,48.0
"H6 レンジ圧縮ブレイク(方向) {'channel': 48, 'hold': 6} hold=2",test,2063,-1.5280682316610075,1.6243094072164832,3.15237763887749,-1.833539162868917,1.954200463908897,-133.85877709350427,-62.37989411984077,0.3282454502546796,4.9484597759274696,0.85025,H6 レンジ圧縮ブレイク(方向),taker,6,,,48.0
"H6 レンジ圧縮ブレイク(方向) {'channel': 48, 'hold': 6} hold=2",full,5279,-2.098129551616668,0.6373773107281908,2.735506862344859,-2.5419575280024382,0.773633728748749,-183.7961487216201,-167.15978785354443,0.28459397895625455,2.239602232857369,0.98475,H6 レンジ圧縮ブレイク(方向),taker,6,,,48.0
"H6 レンジ圧縮ブレイク(方向) {'channel': 48, 'hold': 6} hold=2",train,3168,-1.4270465974562994,-0.0032086028435707125,1.4238379946127278,-1.740907768973377,-0.003915165900293881,-125.00928193717182,-85.03939403782734,0.2562714386683493,-0.012520329460994243,0.85475,H6 レンジ圧縮ブレイク(方向),half-maker,6,,,48.0
"H6 レンジ圧縮ブレイク(方向) {'channel': 48, 'hold': 6} hold=2",test,2063,-0.19806349991327182,1.6243094072164832,1.8223729071297547,-0.23804676549810255,1.954200463908897,-17.35036259240261,-49.245517445902706,0.3282454502546796,4.9484597759274696,0.55975,H6 レンジ圧縮ブレイク(方向),half-maker,6,,,48.0
"H6 レンジ圧縮ブレイク(方向) {'channel': 48, 'hold': 6} hold=2",full,5279,-0.94382160466143,0.6373773107281908,1.5811989153896204,-1.1449194878754545,0.773633728748749,-82.67877256834126,-116.01101413755148,0.28459397895625455,2.239602232857369,0.827,H6 レンジ圧縮ブレイク(方向),half-maker,6,,,48.0
"H6 レンジ圧縮ブレイク(方向) {'channel': 48, 'hold': 6} hold=2",train,3168,-0.3876157608460949,-0.0032086028435707125,0.3844071580025239,-0.473014009609176,-0.003915165900293881,-33.95514065011792,-70.83679699047308,0.2562714386683493,-0.012520329460994243,0.62825,H6 レンジ圧縮ブレイク(方向),maker-only(理論上限),6,,,48.0
"H6 レンジ圧縮ブレイク(方向) {'channel': 48, 'hold': 6} hold=2",test,2063,1.1319412318344635,1.6243094072164832,0.4923681753820194,1.3616788732862624,1.954200463908897,99.158051908699,-36.11114077196464,0.3282454502546796,4.9484597759274696,0.238,H6 レンジ圧縮ブレイク(方向),maker-only(理論上限),6,,,48.0
"H6 レンジ圧縮ブレイク(方向) {'channel': 48, 'hold': 6} hold=2",full,5279,0.21048634229380858,0.6373773107281908,0.4268909684343818,0.255482992093976,0.773633728748749,18.43860358493763,-79.57705734292193,0.28459397895625455,2.239602232857369,0.428,H6 レンジ圧縮ブレイク(方向),maker-only(理論上限),6,,,48.0
"H6 レンジ圧縮ブレイク(方向) {'channel': 48, 'hold': 6} hold=3",train,3168,-3.0917407182061853,-0.8885607991732798,2.2031799190329053,-3.7843376804029254,-1.0868386239056667,-270.83648691486184,-127.6571701730977,0.22973139031185008,-3.867824932270241,0.98875,H6 レンジ圧縮ブレイク(方向),taker,6,,,48.0
"H6 レンジ圧縮ブレイク(方向) {'channel': 48, 'hold': 6} hold=3",test,2063,-2.6381146980345958,0.14907149402706854,2.787186192061665,-3.2206850065411965,0.18205258053689063,-231.09884754783056,-71.14824695577954,0.29029610665109,0.5135153059639176,0.969,H6 レンジ圧縮ブレイク(方向),taker,6,,,48.0
"H6 レンジ圧縮ブレイク(方向) {'channel': 48, 'hold': 6} hold=3",full,5279,-2.930412528828438,-0.49540796400186854,2.435004564826569,-3.583970129757943,-0.6057441392662022,-256.70413752537115,-195.63106362413913,0.25364713882600365,-1.95313838860886,0.99875,H6 レンジ圧縮ブレイク(方向),taker,6,,,48.0
"H6 レンジ圧縮ブレイク(方向) {'channel': 48, 'hold': 6} hold=3",train,3168,-2.1624493014236195,-0.8885607991732798,1.2738885022503401,-2.647344708541797,-1.0868386239056667,-189.43055880470908,-103.98746840293485,0.22973139031185008,-3.867824932270241,0.95225,H6 レンジ圧縮ブレイク(方向),half-maker,6,,,48.0
"H6 レンジ圧縮ブレイク(方向) {'channel': 48, 'hold': 6} hold=3",test,2063,-1.4622436819920817,0.14907149402706854,1.6113151760191498,-1.7863795321770328,0.18205258053689063,-128.09254654250634,-57.25866372959386,0.29029610665109,0.5135153059639176,0.852,H6 レンジ圧縮ブレイク(方向),half-maker,6,,,48.0
"H6 レンジ圧縮ブレイク(方向) {'channel': 48, 'hold': 6} hold=3",full,5279,-1.9031456005346563,-0.49540796400186854,1.407737636532787,-2.3285329830393744,-0.6057441392662022,-166.7155546068359,-150.26510128244675,0.25364713882600365,-1.95313838860886,0.976,H6 レンジ圧縮ブレイク(方向),half-maker,6,,,48.0
"H6 レンジ圧縮ブレイク(方向) {'channel': 48, 'hold': 6} hold=3",train,3168,-1.233157884641055,-0.8885607991732798,0.34459708546777507,-1.5089028069047679,-1.0868386239056667,-108.02463069455641,-83.07010523634611,0.22973139031185008,-3.867824932270241,0.844,H6 レンジ圧縮ブレイク(方向),maker-only(理論上限),6,,,48.0
"H6 レンジ圧縮ブレイク(方向) {'channel': 48, 'hold': 6} hold=3",test,2063,-0.28637266594956656,0.14907149402706854,0.43544415997663505,-0.34981270172251894,0.18205258053689063,-25.086245537182027,-45.2109090181276,0.29029610665109,0.5135153059639176,0.6075,H6 レンジ圧縮ブレイク(方向),maker-only(理論上限),6,,,48.0
"H6 レンジ圧縮ブレイク(方向) {'channel': 48, 'hold': 6} hold=3",full,5279,-0.8758786722408743,-0.49540796400186854,0.3804707082390053,-1.0712931567306196,-0.6057441392662022,-76.7269716883006,-109.49330605904741,0.25364713882600365,-1.95313838860886,0.82075,H6 レンジ圧縮ブレイク(方向),maker-only(理論上限),6,,,48.0
"H6 レンジ圧縮ブレイク(方向) {'channel': 48, 'hold': 6} hold=6",train,3168,-3.075309875575155,-1.2946524257944974,1.7806574497806582,-3.772867182938849,-1.5890038758830718,-269.39714510038357,-121.04650510360275,0.1867226333052021,-6.933559166758111,0.9845,H6 レンジ圧縮ブレイク(方向),taker,6,,,48.0
"H6 レンジ圧縮ブレイク(方向) {'channel': 48, 'hold': 6} hold=6",test,2063,-1.3741761394426555,0.8666117559055437,2.240787895348199,-1.6847632366340486,1.0612875814225273,-120.37782981517663,-48.04362659033173,0.2347099836571275,3.692266270068513,0.84475,H6 レンジ圧縮ブレイク(方向),taker,6,,,48.0
"H6 レンジ圧縮ブレイク(方向) {'channel': 48, 'hold': 6} hold=6",full,5279,-2.5260428755094173,-0.5616332848656466,1.9644095906437702,-3.090609182688963,-0.6870429169342023,-221.28135589462494,-157.9866116920773,0.20576700105996104,-2.7294623626360046,0.99125,H6 レンジ圧縮ブレイク(方向),taker,6,,,48.0
"H6 レンジ圧縮ブレイク(方向) {'channel': 48, 'hold': 6} hold=6",train,3168,-2.325023125663728,-1.2946524257944974,1.0303706998692306,-2.8543904173132844,-1.5890038758830718,-203.6720258081426,-100.76060878215141,0.1867226333052021,-6.933559166758111,0.9455,H6 レンジ圧縮ブレイク(方向),half-maker,6,,,48.0
"H6 レンジ圧縮ブレイク(方向) {'channel': 48, 'hold': 6} hold=6",test,2063,-0.42981467951140134,0.8666117559055437,1.2964264354169452,-0.5270435530601273,1.0612875814225273,-37.65176592519875,-38.74361049510092,0.2347099836571275,3.692266270068513,0.632,H6 レンジ圧縮ブレイク(方向),half-maker,6,,,48.0
"H6 レンジ圧縮ブレイク(方向) {'channel': 48, 'hold': 6} hold=6",full,5279,-1.6981633309825026,-0.5616332848656466,1.1365300461168557,-2.0787197232555408,-0.6870429169342023,-148.75910779406723,-121.46078727286817,0.20576700105996104,-2.7294623626360046,0.95125,H6 レンジ圧縮ブレイク(方向),half-maker,6,,,48.0
"H6 レンジ圧縮ブレイク(方向) {'channel': 48, 'hold': 6} hold=6",train,3168,-1.574736375752301,-1.2946524257944974,0.28008394995780317,-1.9331479730749483,-1.5890038758830718,-137.94690651590156,-81.28630104670404,0.1867226333052021,-6.933559166758111,0.85275,H6 レンジ圧縮ブレイク(方向),maker-only(理論上限),6,,,48.0
"H6 レンジ圧縮ブレイク(方向) {'channel': 48, 'hold': 6} hold=6",test,2063,0.5145467804198521,0.8666117559055437,0.35206497548569127,0.6304622883775093,1.0612875814225273,45.07429796477905,-31.295878593569686,0.2347099836571275,3.692266270068513,0.381,H6 レンジ圧縮ブレイク(方向),maker-only(理論上限),6,,,48.0
"H6 レンジ圧縮ブレイク(方向) {'channel': 48, 'hold': 6} hold=6",full,5279,-0.8702837864555883,-0.5616332848656466,0.3086505015899415,-1.0649580247030888,-0.6870429169342023,-76.23685969350954,-91.72407392523496,0.20576700105996104,-2.7294623626360046,0.80475,H6 レンジ圧縮ブレイク(方向),maker-only(理論上限),6,,,48.0
"H6 レンジ圧縮ブレイク(方向) {'channel': 48, 'hold': 6} hold=12",train,3168,-0.2065782531433344,0.7862626286635168,0.9928408818068511,-0.2678180626086858,1.019250256696134,-18.09625497535609,-45.83833263066139,0.10398485864172138,7.561318435528922,0.548,H6 レンジ圧縮ブレイク(方向),taker,6,,,48.0
"H6 レンジ圧縮ブレイク(方向) {'channel': 48, 'hold': 6} hold=12",test,2063,-1.4673632716208436,-0.1492446474180616,1.318118624202782,-1.8140495170841981,-0.1845207721314122,-128.5410225939859,-36.46588753826543,0.1376445981058204,-1.0842753691163611,0.873,H6 レンジ圧縮ブレイク(方向),taker,6,,,48.0
"H6 レンジ圧縮ブレイク(方向) {'channel': 48, 'hold': 6} hold=12",full,5279,-0.6976321244658776,0.41997511843892343,1.1176072429048007,-0.8887333511532123,0.535022692879696,-61.11257410321088,-67.4306730453909,0.1169510964329003,3.591031903492077,0.79025,H6 レンジ圧縮ブレイク(方向),taker,6,,,48.0
"H6 レンジ圧縮ブレイク(方向) {'channel': 48, 'hold': 6} hold=12",train,3168,0.21185354377880025,0.7862626286635168,0.5744090848847166,0.2747438740159722,1.019250256696134,18.5583704350229,-41.12372731650849,0.10398485864172138,7.561318435528922,0.41325,H6 レンジ圧縮ブレイク(方向),half-maker,6,,,48.0
"H6 レンジ圧縮ブレイク(方向) {'channel': 48, 'hold': 6} hold=12",test,2063,-0.9115374080988179,-0.1492446474180616,0.7622927606807561,-1.1274657975284532,-0.1845207721314122,-79.85067694945646,-30.58167764377455,0.1376445981058204,-1.0842753691163611,0.7585,H6 レンジ圧縮ブレイク(方向),half-maker,6,,,48.0
"H6 レンジ圧縮ブレイク(方向) {'channel': 48, 'hold': 6} hold=12",full,5279,-0.22654182533815234,0.41997511843892343,0.6465169437770757,-0.2887152335397128,0.535022692879696,-19.845063899622144,-53.488944397408765,0.1169510964329003,3.591031903492077,0.61275,H6 レンジ圧縮ブレイク(方向),half-maker,6,,,48.0
"H6 レンジ圧縮ブレイク(方向) {'channel': 48, 'hold': 6} hold=12",train,3168,0.6302853407009346,0.7862626286635168,0.15597728796258206,0.8172110004924327,1.019250256696134,55.21299584540187,-38.02248339539685,0.10398485864172138,7.561318435528922,0.29125,H6 レンジ圧縮ブレイク(方向),maker-only(理論上限),6,,,48.0
"H6 レンジ圧縮ブレイク(方向) {'channel': 48, 'hold': 6} hold=12",test,2063,-0.3557115445767921,-0.1492446474180616,0.20646689715873054,-0.4399061580321897,-0.1845207721314122,-31.16033130492699,-27.553750587849212,0.1376445981058204,-1.0842753691163611,0.61325,H6 レンジ圧縮ブレイク(方向),maker-only(理論上限),6,,,48.0
"H6 レンジ圧縮ブレイク(方向) {'channel': 48, 'hold': 6} hold=12",full,5279,0.24454847378957265,0.41997511843892343,0.17542664464935045,0.31160795119083984,0.535022692879696,21.422446303966563,-41.967407324106546,0.1169510964329003,3.591031903492077,0.4115,H6 レンジ圧縮ブレイク(方向),maker-only(理論上限),6,,,48.0
"H6 レンジ圧縮ブレイク(方向) {'channel': 48, 'hold': 6} hold=24",train,3168,-0.9383089836802292,-0.4144533732531365,0.5238556104270927,-1.2259485768451335,-0.5415730328137556,-82.19586697038808,-74.48265630382951,0.05459075016923725,-7.592007290031481,0.75325,H6 レンジ圧縮ブレイク(方向),taker,6,,,48.0
"H6 レンジ圧縮ブレイク(方向) {'channel': 48, 'hold': 6} hold=24",test,2063,-1.606827493691022,-0.9362176677591071,0.6706098259319149,-2.01023951580757,-1.1710467694310414,-140.75808844733356,-48.378564850095984,0.06870798968175869,-13.626037846478631,0.8825,H6 レンジ圧縮ブレイク(方向),taker,6,,,48.0
"H6 レンジ圧縮ブレイク(方向) {'channel': 48, 'hold': 6} hold=24",full,5279,-1.1859837959036748,-0.6052786159963873,0.5807051799072874,-1.5286842429716694,-0.7801890302580371,-103.89218052116192,-80.68762943147973,0.06008487956992077,-10.073726041042066,0.907,H6 レンジ圧縮ブレイク(方向),taker,6,,,48.0
"H6 レンジ圧縮ブレイク(方向) {'channel': 48, 'hold': 6} hold=24",train,3168,-0.7173242410936113,-0.4144533732531365,0.3028708678404743,-0.9374665129420526,-0.5415730328137556,-62.837603519800346,-69.95483774310094,0.05459075016923725,-7.592007290031481,0.69025,H6 レンジ圧縮ブレイク(方向),half-maker,6,,,48.0
"H6 レンジ圧縮ブレイク(方向) {'channel': 48, 'hold': 6} hold=24",test,2063,-1.3230535729863837,-0.9362176677591071,0.38683590522727657,-1.6555152502356054,-1.1710467694310414,-115.8994929936072,-43.882186165742944,0.06870798968175869,-13.626037846478631,0.83475,H6 レンジ圧縮ブレイク(方向),half-maker,6,,,48.0
"H6 レンジ圧縮ブレイク(方向) {'channel': 48, 'hold': 6} hold=24",full,5279,-0.9406948656274716,-0.6052786159963873,0.33541624963108435,-1.212801731720726,-0.7801890302580371,-82.40487022896652,-69.95483774310094,0.06008487956992077,-10.073726041042066,0.85725,H6 レンジ圧縮ブレイク(方向),half-maker,6,,,48.0
"H6 レンジ圧縮ブレイク(方向) {'channel': 48, 'hold': 6} hold=24",train,3168,-0.4963394985069927,-0.4144533732531365,0.08188612525385587,-0.6486346192719777,-0.5415730328137556,-43.47934006921256,-65.42701918237243,0.05459075016923725,-7.592007290031481,0.6215,H6 レンジ圧縮ブレイク(方向),maker-only(理論上限),6,,,48.0
"H6 レンジ圧縮ブレイク(方向) {'channel': 48, 'hold': 6} hold=24",test,2063,-1.0392796522817451,-0.9362176677591071,0.10306198452263803,-1.3001910421902,-1.1710467694310414,-91.04089753988087,-39.385807481389804,0.06870798968175869,-13.626037846478631,0.78025,H6 レンジ圧縮ブレイク(方向),maker-only(理論上限),6,,,48.0
"H6 レンジ圧縮ブレイク(方向) {'channel': 48, 'hold': 6} hold=24",full,5279,-0.6954059353512686,-0.6052786159963873,0.09012731935488116,-0.89647353007314,-0.7801890302580371,-60.917559936771134,-65.42701918237243,0.06008487956992077,-10.073726041042066,0.7785,H6 レンジ圧縮ブレイク(方向),maker-only(理論上限),6,,,48.0
"H6 レンジ圧縮ブレイク(方向) {'channel': 48, 'hold': 12} hold=1",train,3168,-0.7709253302780685,1.108349675421796,1.8792750056998646,-1.0082680987348211,1.4512784218573065,-67.5330589323588,-67.58726262449622,0.19587071977781678,5.6585776407981605,0.69675,H6 レンジ圧縮ブレイク(方向),taker,12,,,48.0
"H6 レンジ圧縮ブレイク(方向) {'channel': 48, 'hold': 12} hold=1",test,2063,-1.91148270134058,0.4489537959458606,2.360436497286441,-2.5074369544303585,0.5908382759894083,-167.44588463743483,-53.85632145970883,0.24539823113819884,1.8294907581995856,0.9215,H6 レンジ圧縮ブレイク(方向),taker,12,,,48.0
"H6 レンジ圧縮ブレイク(方向) {'channel': 48, 'hold': 12} hold=1",full,5279,-1.244565350246218,0.8266331807809524,2.0711985310271706,-1.6289751388614393,1.084179563970592,-109.0239246815687,-109.01128987103093,0.21550956451870198,3.8357145894061553,0.90275,H6 レンジ圧縮ブレイク(方向),taker,12,,,48.0
"H6 レンジ圧縮ブレイク(方向) {'channel': 48, 'hold': 12} hold=1",train,3168,0.021809132738501186,1.108349675421796,1.0865405426832948,0.028545071997261615,1.4512784218573065,1.9104800278927039,-58.67912649537338,0.19587071977781678,5.6585776407981605,0.475,H6 レンジ圧縮ブレイク(方向),half-maker,12,,,48.0
"H6 レンジ圧縮ブレイク(方向) {'channel': 48, 'hold': 12} hold=1",test,2063,-0.9153131260510087,0.4489537959458606,1.3642669219968693,-1.2026812329535341,0.5908382759894083,-80.18142984206835,-42.40897475094531,0.24539823113819884,1.8294907581995856,0.76775,H6 レンジ圧縮ブレイク(方向),half-maker,12,,,48.0
"H6 レンジ圧縮ブレイク(方向) {'channel': 48, 'hold': 12} hold=1",full,5279,-0.3705982581216593,0.8266331807809524,1.1972314389026117,-0.4856200146451781,1.084179563970592,-32.46440741145735,-80.6246598115773,0.21550956451870198,3.8357145894061553,0.6575,H6 レンジ圧縮ブレイク(方向),half-maker,12,,,48.0
"H6 レンジ圧縮ブレイク(方向) {'channel': 48, 'hold': 12} hold=1",train,3168,0.8145435957550707,1.108349675421796,0.2938060796667251,1.0665179332459203,1.4512784218573065,71.35401898814419,-50.92729321789747,0.19587071977781678,5.6585776407981605,0.2565,H6 レンジ圧縮ブレイク(方向),maker-only(理論上限),12,,,48.0
"H6 レンジ圧縮ブレイク(方向) {'channel': 48, 'hold': 12} hold=1",test,2063,0.08085644923856257,0.4489537959458606,0.3680973467072983,0.1063751973502806,0.5908382759894083,7.083024953298081,-32.64845324597584,0.24539823113819884,1.8294907581995856,0.495,H6 レンジ圧縮ブレイク(方向),maker-only(理論上限),12,,,48.0
"H6 レンジ圧縮ブレイク(方向) {'channel': 48, 'hold': 12} hold=1",full,5279,0.5033688340028993,0.8266331807809524,0.323264346778053,0.660089908454574,1.084179563970592,44.095109858653984,-54.8893105540603,0.21550956451870198,3.8357145894061553,0.3235,H6 レンジ圧縮ブレイク(方向),maker-only(理論上限),12,,,48.0
"H6 レンジ圧縮ブレイク(方向) {'channel': 48, 'hold': 12} hold=2",train,3168,-0.3794130964441335,1.316572664053771,1.6959857604979047,-0.4979482250530799,1.7278518681991513,-33.2365872485061,-68.16987354603418,0.17700602262531742,7.438010551994967,0.589,H6 レンジ圧縮ブレイク(方向),taker,12,,,48.0
"H6 レンジ圧縮ブレイク(方向) {'channel': 48, 'hold': 12} hold=2",test,2063,-0.5065610206381916,1.6253660689347176,2.1319270895729097,-0.6710072597005003,2.1523790981044995,-44.37474540790558,-36.641122520765954,0.22135624991696992,7.342761135248666,0.6675,H6 レンジ圧縮ブレイク(方向),taker,12,,,48.0
"H6 レンジ圧縮ブレイク(方向) {'channel': 48, 'hold': 12} hold=2",full,5279,-0.4605341472941764,1.411916154223714,1.8724503015178897,-0.6056870134797278,1.8570769336376354,-40.34279130296985,-80.92754469328396,0.1948815476268955,7.244996621880562,0.685,H6 レンジ圧縮ブレイク(方向),taker,12,,,48.0
"H6 レンジ圧縮ブレイク(方向) {'channel': 48, 'hold': 12} hold=2",train,3168,0.3358252668358307,1.316572664053771,0.9807473972179402,0.44087324914563464,1.7278518681991513,29.41829337481877,-60.37251551264976,0.17700602262531742,7.438010551994967,0.37675,H6 レンジ圧縮ブレイク(方向),half-maker,12,,,48.0
"H6 レンジ圧縮ブレイク(方向) {'channel': 48, 'hold': 12} hold=2",test,2063,0.3933853367105357,1.6253660689347176,1.231980732224182,0.5212176395693684,2.1523790981044995,34.460555495842925,-27.86995521154217,0.22135624991696992,7.342761135248666,0.41075,H6 レンジ圧縮ブレイク(方向),half-maker,12,,,48.0
"H6 レンジ圧縮ブレイク(方向) {'channel': 48, 'hold': 12} hold=2",full,5279,0.329529842744597,1.411916154223714,1.0823863114791166,0.4335516174563488,1.8570769336376354,28.866814224426697,-60.37251551264976,0.1948815476268955,7.244996621880562,0.37925,H6 レンジ圧縮ブレイク(方向),half-maker,12,,,48.0
"H6 レンジ圧縮ブレイク(方向) {'channel': 48, 'hold': 12} hold=2",train,3168,1.0510636301157947,1.316572664053771,0.26550903393797615,1.3796480942588798,1.7278518681991513,92.07317399814362,-52.57515747926544,0.17700602262531742,7.438010551994967,0.199,H6 レンジ圧縮ブレイク(方向),maker-only(理論上限),12,,,48.0
"H6 レンジ圧縮ブレイク(方向) {'channel': 48, 'hold': 12} hold=2",test,2063,1.293331694059263,1.6253660689347176,0.33203437487545484,1.7131591966042057,2.1523790981044995,113.29585639959143,-20.43704456785374,0.22135624991696992,7.342761135248666,0.20275,H6 レンジ圧縮ブレイク(方向),maker-only(理論上限),12,,,48.0
"H6 レンジ圧縮ブレイク(方向) {'channel': 48, 'hold': 12} hold=2",full,5279,1.1195938327833703,1.411916154223714,0.2923223214403432,1.4728664154393327,1.8570769336376354,98.07641975182324,-52.57515747926544,0.1948815476268955,7.244996621880562,0.15025,H6 レンジ圧縮ブレイク(方向),maker-only(理論上限),12,,,48.0
"H6 レンジ圧縮ブレイク(方向) {'channel': 48, 'hold': 12} hold=3",train,3168,-0.8020569802496821,0.7664379551244797,1.5684949353741613,-1.0666850272892217,1.0188654682737865,-70.26019146987215,-80.56188085843677,0.163873678919346,4.677004630509935,0.702,H6 レンジ圧縮ブレイク(方向),taker,12,,,48.0
"H6 レンジ圧縮ブレイク(方向) {'channel': 48, 'hold': 12} hold=3",test,2063,-0.8714912457461769,1.073656187982648,1.945147433728825,-1.1335601122341308,1.3954901860081703,-76.34263312736509,-38.86053057564145,0.20243221363729894,5.3037812939512445,0.78925,H6 レンジ圧縮ブレイク(方向),taker,12,,,48.0
"H6 レンジ圧縮ブレイク(方向) {'channel': 48, 'hold': 12} hold=3",full,5279,-0.8871467484631398,0.8341920993706499,1.7213388478337897,-1.16784310765995,1.0976567913655635,-77.71405516537104,-100.60215190160496,0.17941582462907793,4.649490094283759,0.83825,H6 レンジ圧縮ブレイク(方向),taker,12,,,48.0
"H6 レンジ圧縮ブレイク(方向) {'channel': 48, 'hold': 12} hold=3",train,3168,-0.1407147717521109,0.7664379551244797,0.90715272687659,-0.1871696663157074,1.0188654682737865,-12.326614005484913,-71.3710657572116,0.163873678919346,4.677004630509935,0.50525,H6 レンジ圧縮ブレイク(方向),half-maker,12,,,48.0
"H6 レンジ圧縮ブレイク(方向) {'channel': 48, 'hold': 12} hold=3",test,2063,-0.05074168910973874,1.073656187982648,1.1243978770923868,-0.06600652950914924,1.3954901860081703,-4.444971966013114,-29.342936209804186,0.20243221363729894,5.3037812939512445,0.55375,H6 レンジ圧縮ブレイク(方向),half-maker,12,,,48.0
"H6 レンジ圧縮ブレイク(方向) {'channel': 48, 'hold': 12} hold=3",full,5279,-0.1610391930180532,0.8341920993706499,0.9952312923887032,-0.2120311761757964,1.0976567913655635,-14.107033308381459,-75.6579448195109,0.17941582462907793,4.649490094283759,0.5845,H6 レンジ圧縮ブレイク(方向),half-maker,12,,,48.0
"H6 レンジ圧縮ブレイク(方向) {'channel': 48, 'hold': 12} hold=3",train,3168,0.5206274367454603,0.7664379551244797,0.24581051837901896,0.6922721567533946,1.0188654682737865,45.60696345890233,-62.541367729680516,0.163873678919346,4.677004630509935,0.31,H6 レンジ圧縮ブレイク(方向),maker-only(理論上限),12,,,48.0
"H6 レンジ圧縮ブレイク(方向) {'channel': 48, 'hold': 12} hold=3",test,2063,0.7700078675266998,1.073656187982648,0.30364832045594836,1.0012012578965952,1.3954901860081703,67.4526891953389,-23.261286439018818,0.20243221363729894,5.3037812939512445,0.3085,H6 レンジ圧縮ブレイク(方向),maker-only(理論上限),12,,,48.0
"H6 レンジ圧縮ブレイク(方向) {'channel': 48, 'hold': 12} hold=3",full,5279,0.5650683624270332,0.8341920993706499,0.2691237369436169,0.7437486995137099,1.0976567913655635,49.4999885486081,-62.541367729680516,0.17941582462907793,4.649490094283759,0.3005,H6 レンジ圧縮ブレイク(方向),maker-only(理論上限),12,,,48.0
"H6 レンジ圧縮ブレイク(方向) {'channel': 48, 'hold': 12} hold=6",train,3168,-0.21890085841740228,1.0687132201823206,1.287614078599723,-0.2926669480158742,1.4278643761765075,-19.17571519736444,-69.61202349741099,0.1347336022017794,7.932046666293365,0.5275,H6 レンジ圧縮ブレイク(方向),taker,12,,,48.0
"H6 レンジ圧縮ブレイク(方向) {'channel': 48, 'hold': 12} hold=6",test,2063,-0.0724104030044866,1.536184372324133,1.6085947753286198,-0.09590486060869528,2.0330373968028224,-6.343151303193027,-22.03077949720944,0.16862273963930488,9.110185112696735,0.54275,H6 レンジ圧縮ブレイク(方向),taker,12,,,48.0
"H6 レンジ圧縮ブレイク(方向) {'channel': 48, 'hold': 12} hold=6",full,5279,-0.24455323368346651,1.1716510516938523,1.4162042853773187,-0.32441081231738866,1.5533088963619968,-21.422863270671666,-71.58597887806054,0.14821079061396536,7.905301947586076,0.60525,H6 レンジ圧縮ブレイク(方向),taker,12,,,48.0
"H6 レンジ圧縮ブレイク(方向) {'channel': 48, 'hold': 12} hold=6",train,3168,0.3238559792311248,1.0687132201823206,0.744857240951196,0.43302423101255516,1.4278643761765075,28.369783780646536,-59.1428019356799,0.1347336022017794,7.932046666293365,0.371,H6 レンジ圧縮ブレイク(方向),half-maker,12,,,48.0
"H6 レンジ圧縮ブレイク(方向) {'channel': 48, 'hold': 12} hold=6",test,2063,0.6054199299303447,1.536184372324133,0.9307644423937887,0.8019513414729555,2.0330373968028224,53.03478586189819,-19.552031227750504,0.16862273963930488,9.110185112696735,0.339,H6 レンジ圧縮ブレイク(方向),half-maker,12,,,48.0
"H6 レンジ圧縮ブレイク(方向) {'channel': 48, 'hold': 12} hold=6",full,5279,0.35239081604471906,1.1716510516938523,0.8192602356491334,0.46753018592520695,1.5533088963619968,30.86943548551739,-59.1428019356799,0.14821079061396536,7.905301947586076,0.37675,H6 レンジ圧縮ブレイク(方向),half-maker,12,,,48.0
"H6 レンジ圧縮ブレイク(方向) {'channel': 48, 'hold': 12} hold=6",train,3168,0.8666128168796517,1.0687132201823206,0.2021004033026691,1.158227007162635,1.4278643761765075,75.9152827586575,-49.22494128644816,0.1347336022017794,7.932046666293365,0.23575,H6 レンジ圧縮ブレイク(方向),maker-only(理論上限),12,,,48.0
"H6 レンジ圧縮ブレイク(方向) {'channel': 48, 'hold': 12} hold=6",test,2063,1.283250262865176,1.536184372324133,0.2529341094589573,1.698971776064331,2.0330373968028224,112.41272302698941,-17.96208968730879,0.16862273963930488,9.110185112696735,0.1765,H6 レンジ圧縮ブレイク(方向),maker-only(理論上限),12,,,48.0
"H6 レンジ圧縮ブレイク(方向) {'channel': 48, 'hold': 12} hold=6",full,5279,0.9493348657729043,1.1716510516938523,0.22231618592094798,1.2590006274507302,1.5533088963619968,83.16173424170643,-49.22494128644816,0.14821079061396536,7.905301947586076,0.1775,H6 レンジ圧縮ブレイク(方向),maker-only(理論上限),12,,,48.0
"H6 レンジ圧縮ブレイク(方向) {'channel': 48, 'hold': 12} hold=12",train,3168,1.0318791662620845,2.0480024964294348,1.0161233301673496,1.3793778744233598,2.737778594208188,90.3926149645586,-39.68289140075141,0.10774580812345985,19.00772319682956,0.177,H6 レンジ圧縮ブレイク(方向),taker,12,,,48.0
"H6 レンジ圧縮ブレイク(方向) {'channel': 48, 'hold': 12} hold=12",test,2063,-0.2222450045181166,1.0519224132122376,1.274167417730355,-0.2799930326214613,1.3251841675847265,-19.468662395787014,-29.53537849145722,0.1334106006445275,7.884848791102325,0.5835,H6 レンジ圧縮ブレイク(方向),taker,12,,,48.0
"H6 レンジ圧縮ブレイク(方向) {'channel': 48, 'hold': 12} hold=12",full,5279,0.629984333806577,1.7490951678183,1.1191108340117228,0.8231018580410231,2.285012412255662,55.186627641456155,-39.68289140075141,0.11797021959931446,14.826582282876958,0.24675,H6 レンジ圧縮ブレイク(方向),taker,12,,,48.0
"H6 レンジ圧縮ブレイク(方向) {'channel': 48, 'hold': 12} hold=12",train,3168,1.4591314752531646,2.0480024964294348,0.5888710211762695,1.9513050492724942,2.737778594208188,127.81991723217723,-32.73938839286057,0.10774580812345985,19.00772319682956,0.10225,H6 レンジ圧縮ブレイク(方向),half-maker,12,,,48.0
"H6 レンジ圧縮ブレイク(方向) {'channel': 48, 'hold': 12} hold=12",test,2063,0.314780753863665,1.0519224132122376,0.737141659348573,0.39673747928084546,1.3251841675847265,27.574794038457057,-25.44385265760973,0.1334106006445275,7.884848791102325,0.4115,H6 レンジ圧縮ブレイク(方向),half-maker,12,,,48.0
"H6 レンジ圧縮ブレイク(方向) {'channel': 48, 'hold': 12} hold=12",full,5279,1.1010620861129528,1.7490951678183,0.6480330817053472,1.4391108755275366,2.285012412255662,96.45303874349467,-32.73938839286057,0.11797021959931446,14.826582282876958,0.11525,H6 レンジ圧縮ブレイク(方向),half-maker,12,,,48.0
"H6 レンジ圧縮ブレイク(方向) {'channel': 48, 'hold': 12} hold=12",train,3168,1.8863837842442444,2.0480024964294348,0.16161871218518975,2.522294821088513,2.737778594208188,165.2472194997958,-30.12305801210255,0.10774580812345985,19.00772319682956,0.05325,H6 レンジ圧縮ブレイク(方向),maker-only(理論上限),12,,,48.0
"H6 レンジ圧縮ブレイク(方向) {'channel': 48, 'hold': 12} hold=12",test,2063,0.8518065122454465,1.0519224132122376,0.20011590096679116,1.073360886014502,1.3251841675847265,74.6182504727011,-21.384250319213077,0.1334106006445275,7.884848791102325,0.25525,H6 レンジ圧縮ブレイク(方向),maker-only(理論上限),12,,,48.0
"H6 レンジ圧縮ブレイク(方向) {'channel': 48, 'hold': 12} hold=12",full,5279,1.5721398384193286,1.7490951678183,0.17695532939897168,2.0543653604875987,2.285012412255662,137.71944984553318,-30.12305801210255,0.11797021959931446,14.826582282876958,0.04525,H6 レンジ圧縮ブレイク(方向),maker-only(理論上限),12,,,48.0
"H6 レンジ圧縮ブレイク(方向) {'channel': 48, 'hold': 12} hold=24",train,3168,0.394888307967763,0.9505107254970211,0.555622417529258,0.5034625740441877,1.2123223705183341,34.59221577797604,-57.10086522395207,0.05879490826897267,16.166548319943992,0.35225,H6 レンジ圧縮ブレイク(方向),taker,12,,,48.0
"H6 レンジ圧縮ブレイク(方向) {'channel': 48, 'hold': 12} hold=24",test,2063,-1.8547377994215108,-1.1739175303527267,0.6808202690687843,-2.3571504853953713,-1.491500152122728,-162.47503122932434,-54.61910643153606,0.07090405840509317,-16.556422252247298,0.91575,H6 レンジ圧縮ブレイク(方向),taker,12,,,48.0
"H6 レンジ圧縮ブレイク(方向) {'channel': 48, 'hold': 12} hold=24",full,5279,-0.482412942474628,0.12209435698011559,0.6045072994547437,-0.6159200253766994,0.15589823083574558,-42.259373760777414,-62.01296747964946,0.06352289105622516,1.922052900143475,0.6945,H6 レンジ圧縮ブレイク(方向),taker,12,,,48.0
"H6 レンジ圧縮ブレイク(方向) {'channel': 48, 'hold': 12} hold=24",train,3168,0.6286033355306626,0.9505107254970211,0.32190738996635854,0.8017351047021095,1.2123223705183341,55.06565219248605,-52.96609773589651,0.05879490826897267,16.166548319943992,0.28575,H6 レンジ圧縮ブレイク(方向),half-maker,12,,,48.0
"H6 レンジ圧縮ブレイク(方向) {'channel': 48, 'hold': 12} hold=24",test,2063,-1.5675057086909387,-1.1739175303527267,0.39358817833821197,-1.9924020378564309,-1.491500152122728,-137.31350008132623,-50.4402827583912,0.07090405840509317,-16.556422252247298,0.87425,H6 レンジ圧縮ブレイク(方向),half-maker,12,,,48.0
"H6 レンジ圧縮ブレイク(方向) {'channel': 48, 'hold': 12} hold=24",full,5279,-0.2278014610394253,0.12209435698011559,0.34989581801954067,-0.2909234052842185,0.15589823083574558,-19.955407987053658,-52.96609773589651,0.06352289105622516,1.922052900143475,0.586,H6 レンジ圧縮ブレイク(方向),half-maker,12,,,48.0
"H6 レンジ圧縮ブレイク(方向) {'channel': 48, 'hold': 12} hold=24",train,3168,0.8623183630935618,0.9505107254970211,0.08819236240345898,1.0998946543461725,1.2123223705183341,75.53908860699602,-48.83133024784093,0.05879490826897267,16.166548319943992,0.222,H6 レンジ圧縮ブレイク(方向),maker-only(理論上限),12,,,48.0
"H6 レンジ圧縮ブレイク(方向) {'channel': 48, 'hold': 12} hold=24",test,2063,-1.2802736179603664,-1.1739175303527267,0.10635608760763973,-1.626948101296758,-1.491500152122728,-112.1519689333281,-46.26145908524636,0.07090405840509317,-16.556422252247298,0.82825,H6 レンジ圧縮ブレイク(方向),maker-only(理論上限),12,,,48.0
"H6 レンジ圧縮ブレイク(方向) {'channel': 48, 'hold': 12} hold=24",full,5279,0.02681002039577753,0.12209435698011559,0.09528433658433774,0.03423675057985073,0.15589823083574558,2.3485577866701113,-48.83133024784093,0.06352289105622516,1.922052900143475,0.47475,H6 レンジ圧縮ブレイク(方向),maker-only(理論上限),12,,,48.0
"H6 レンジ圧縮ブレイク(方向) {'channel': 48, 'hold': 24} hold=1",train,3168,-0.45842352646257706,0.7133601479637519,1.171783674426329,-0.6430394806086926,1.0011694017369426,-40.157900918121754,-63.70156114879564,0.12219813250577434,5.837733632549932,0.607,H6 レンジ圧縮ブレイク(方向),taker,24,,,48.0
"H6 レンジ圧縮ブレイク(方向) {'channel': 48, 'hold': 24} hold=1",test,2063,-0.4067821331783398,0.9954759622226224,1.4022580954009627,-0.600514689618847,1.4718358555349262,-35.634114866422564,-26.067017490323295,0.143669891094401,6.928911511240209,0.65375,H6 レンジ圧縮ブレイク(方向),taker,24,,,48.0
"H6 レンジ圧縮ブレイク(方向) {'channel': 48, 'hold': 24} hold=1",full,5279,-0.3871193419836447,0.8717101329285473,1.2588294749121922,-0.5549679116461758,1.2507477949123935,-33.911654357767276,-63.70156114879564,0.1302736634033041,6.691376523510264,0.67925,H6 レンジ圧縮ブレイク(方向),taker,24,,,48.0
"H6 レンジ圧縮ブレイク(方向) {'channel': 48, 'hold': 24} hold=1",train,3168,0.03581971137125676,0.7133601479637519,0.6775404365924952,0.0502639221161298,1.0011694017369426,3.137806716122092,-54.01551175281906,0.12219813250577434,5.837733632549932,0.43925,H6 レンジ圧縮ブレイク(方向),half-maker,24,,,48.0
"H6 レンジ圧縮ブレイク(方向) {'channel': 48, 'hold': 24} hold=1",test,2063,0.1865944962013405,0.9954759622226224,0.808881466021282,0.2756780051393548,1.4718358555349262,16.34567786723743,-17.564733172189957,0.143669891094401,6.928911511240209,0.4415,H6 レンジ圧縮ブレイク(方向),half-maker,24,,,48.0
"H6 レンジ圧縮ブレイク(方向) {'channel': 48, 'hold': 24} hold=1",full,5279,0.14459014791997296,0.8717101329285473,0.7271199850085742,0.20738861821450505,1.2507477949123935,12.666096957789632,-54.01551175281906,0.1302736634033041,6.691376523510264,0.437,H6 レンジ圧縮ブレイク(方向),half-maker,24,,,48.0
"H6 レンジ圧縮ブレイク(方向) {'channel': 48, 'hold': 24} hold=1",train,3168,0.5300629492050905,0.7133601479637519,0.18329719875866152,0.7439134776604935,1.0011694017369426,46.433514350365925,-48.88559665245943,0.12219813250577434,5.837733632549932,0.2955,H6 レンジ圧縮ブレイク(方向),maker-only(理論上限),24,,,48.0
"H6 レンジ圧縮ブレイク(方向) {'channel': 48, 'hold': 24} hold=1",test,2063,0.7799711255810212,0.9954759622226224,0.2155048366416015,1.1529965819437586,1.4718358555349262,68.32547060089746,-12.11880021791476,0.143669891094401,6.928911511240209,0.24625,H6 レンジ圧縮ブレイク(方向),maker-only(理論上限),24,,,48.0
"H6 レンジ圧縮ブレイク(方向) {'channel': 48, 'hold': 24} hold=1",full,5279,0.6762996378235913,0.8717101329285473,0.19541049510495612,0.9703044093972275,1.2507477949123935,59.243848273346586,-48.88559665245943,0.1302736634033041,6.691376523510264,0.21475,H6 レンジ圧縮ブレイク(方向),maker-only(理論上限),24,,,48.0
"H6 レンジ圧縮ブレイク(方向) {'channel': 48, 'hold': 24} hold=2",train,3168,-0.35634613791960856,0.7106265265606392,1.066972664480248,-0.49905764762973565,0.9946995182583185,-31.215921681757713,-64.3817886462956,0.11140805594468293,6.378591929774667,0.5725,H6 レンジ圧縮ブレイク(方向),taker,24,,,48.0
"H6 レンジ圧縮ブレイク(方向) {'channel': 48, 'hold': 24} hold=2",test,2063,-0.2234855904422976,1.0617457841817948,1.2852313746240926,-0.33162573706195253,1.5768571794418285,-19.57733772274527,-25.683039713211958,0.13211611839789014,8.036459116851791,0.6025,H6 レンジ圧縮ブレイク(方向),taker,24,,,48.0
"H6 レンジ圧縮ブレイク(方向) {'channel': 48, 'hold': 24} hold=2",full,5279,-0.2876471567829663,0.86356078542634,1.1512079422093064,-0.41272289192797507,1.238999279024998,-25.19789093418785,-64.3817886462956,0.11940953592617344,7.231924810094297,0.634,H6 レンジ圧縮ブレイク(方向),taker,24,,,48.0
"H6 レンジ圧縮ブレイク(方向) {'channel': 48, 'hold': 24} hold=2",train,3168,0.09358415236200289,0.7106265265606392,0.617042374198636,0.1310571865837084,0.9946995182583185,8.197971746911453,-53.968224318823246,0.11140805594468293,6.378591929774667,0.42725,H6 レンジ圧縮ブレイク(方向),half-maker,24,,,48.0
"H6 レンジ圧縮ブレイク(方向) {'channel': 48, 'hold': 24} hold=2",test,2063,0.3200430080713308,1.0617457841817948,0.7417027761104639,0.47517919357836774,1.5768571794418285,28.035767507048583,-17.921943104333387,0.13211611839789014,8.036459116851791,0.399,H6 レンジ圧縮ブレイク(方向),half-maker,24,,,48.0
"H6 レンジ圧縮ブレイク(方向) {'channel': 48, 'hold': 24} hold=2",full,5279,0.1983996623770568,0.86356078542634,0.6651611230492833,0.28471706439987776,1.238999279024998,17.379810424230175,-53.968224318823246,0.11940953592617344,7.231924810094297,0.409,H6 レンジ圧縮ブレイク(方向),half-maker,24,,,48.0
"H6 レンジ圧縮ブレイク(方向) {'channel': 48, 'hold': 24} hold=2",train,3168,0.5435144426436149,0.7106265265606392,0.1671120839170244,0.7609161463668138,0.9946995182583185,47.61186517558067,-49.09664768464832,0.11140805594468293,6.378591929774667,0.28225,H6 レンジ圧縮ブレイク(方向),maker-only(理論上限),24,,,48.0
"H6 レンジ圧縮ブレイク(方向) {'channel': 48, 'hold': 24} hold=2",test,2063,0.8635716065849598,1.0617457841817948,0.19817417759683523,1.2825634791080638,1.5768571794418285,75.64887273684248,-12.279874372570681,0.13211611839789014,8.036459116851791,0.224,H6 レンジ圧縮ブレイク(方向),maker-only(理論上限),24,,,48.0
"H6 レンジ圧縮ブレイク(方向) {'channel': 48, 'hold': 24} hold=2",full,5279,0.6844464815370799,0.86356078542634,0.17911430388926014,0.9821339076226134,1.238999279024998,59.9575117826482,-49.09664768464832,0.11940953592617344,7.231924810094297,0.20725,H6 レンジ圧縮ブレイク(方向),maker-only(理論上限),24,,,48.0
"H6 レンジ圧縮ブレイク(方向) {'channel': 48, 'hold': 24} hold=3",train,3168,-0.6634535831133669,0.3231807395845885,0.9866343226979553,-0.9320504644849049,0.45434630912698704,-58.118533880730936,-80.8533484921997,0.10335176481727536,3.126997784275557,0.67225,H6 レンジ圧縮ブレイク(方向),taker,24,,,48.0
"H6 レンジ圧縮ブレイク(方向) {'channel': 48, 'hold': 24} hold=3",test,2063,-0.19673764202543176,0.9674310731111021,1.164168715136534,-0.2894976860031606,1.4231811241636243,-17.23421744142782,-28.69714563517796,0.1197151975148852,8.081104932319167,0.59925,H6 レンジ圧縮ブレイク(方向),taker,24,,,48.0
"H6 レンジ圧縮ブレイク(方向) {'channel': 48, 'hold': 24} hold=3",full,5279,-0.4674402216044609,0.5882450584928666,1.0556852800973273,-0.6698124610583818,0.8431728082915397,-40.94776341255078,-80.8533484921997,0.10972864369786003,5.360907040030594,0.72175,H6 レンジ圧縮ブレイク(方向),taker,24,,,48.0
"H6 レンジ圧縮ブレイク(方向) {'channel': 48, 'hold': 24} hold=3",train,3168,-0.24765024537734603,0.3231807395845885,0.570830984961934,-0.3480846308711836,0.45434630912698704,-21.694161495055514,-72.21803975652463,0.10335176481727536,3.126997784275557,0.5325,H6 レンジ圧縮ブレイク(方向),half-maker,24,,,48.0
"H6 レンジ圧縮ブレイク(方向) {'channel': 48, 'hold': 24} hold=3",test,2063,0.29556031740667155,0.9674310731111021,0.671870755704431,0.4349565462668436,1.4231811241636243,25.891083804824426,-21.687951639248883,0.1197151975148852,8.081104932319167,0.40675,H6 レンジ圧縮ブレイク(方向),half-maker,24,,,48.0
"H6 レンジ圧縮ブレイク(方向) {'channel': 48, 'hold': 24} hold=3",full,5279,-0.021894064329191783,0.5882450584928666,0.6101391228220588,-0.03138317511537226,0.8431728082915397,-1.9179200352372003,-72.21803975652463,0.10972864369786003,5.360907040030594,0.51125,H6 レンジ圧縮ブレイク(方向),half-maker,24,,,48.0
"H6 レンジ圧縮ブレイク(方向) {'channel': 48, 'hold': 24} hold=3",train,3168,0.16815309235867526,0.3231807395845885,0.155027647225913,0.2364001256878059,0.45434630912698704,14.730210890619952,-63.75679437883702,0.10335176481727536,3.126997784275557,0.40025,H6 レンジ圧縮ブレイク(方向),maker-only(理論上限),24,,,48.0
"H6 レンジ圧縮ブレイク(方向) {'channel': 48, 'hold': 24} hold=3",test,2063,0.787858276838774,0.9674310731111021,0.17957279627232775,1.1592157818913618,1.4231811241636243,69.0163850510766,-16.4198581813353,0.1197151975148852,8.081104932319167,0.24525,H6 レンジ圧縮ブレイク(方向),maker-only(理論上限),24,,,48.0
"H6 レンジ圧縮ブレイク(方向) {'channel': 48, 'hold': 24} hold=3",full,5279,0.4236520929460766,0.5882450584928666,0.16459296554679004,0.6072961368173585,0.8431728082915397,37.11192334207631,-63.75679437883702,0.10972864369786003,5.360907040030594,0.31275,H6 レンジ圧縮ブレイク(方向),maker-only(理論上限),24,,,48.0
"H6 レンジ圧縮ブレイク(方向) {'channel': 48, 'hold': 24} hold=6",train,3168,-1.0560868764105649,-0.2021511791848123,0.8539356972257522,-1.4749920741393627,-0.2823602574632701,-92.51321037356549,-85.17886150805425,0.09011316417085743,-2.243303528899809,0.77075,H6 レンジ圧縮ブレイク(方向),taker,24,,,48.0
"H6 レンジ圧縮ブレイク(方向) {'channel': 48, 'hold': 24} hold=6",test,2063,-0.06058298628745929,0.9370425516239619,0.9976255379114211,-0.09033382515181669,1.3969688266029954,-5.307069598781434,-26.75747304373164,0.10313744915761078,9.085376449363302,0.53875,H6 レンジ圧縮ブレイク(方向),taker,24,,,48.0
"H6 レンジ圧縮ブレイク(方向) {'channel': 48, 'hold': 24} hold=6",full,5279,-0.6454033168510229,0.2645597014332059,0.909963018284229,-0.9258817772559039,0.3795030459422149,-56.53733055614961,-85.17886150805425,0.09519184094944005,2.7792266521426283,0.774,H6 レンジ圧縮ブレイク(方向),taker,24,,,48.0
"H6 レンジ圧縮ブレイク(方向) {'channel': 48, 'hold': 24} hold=6",train,3168,-0.6967039009258317,-0.2021511791848123,0.4945527217410193,-0.9733002748120622,-0.2823602574632701,-61.03126172110286,-77.3610515706225,0.09011316417085743,-2.243303528899809,0.67225,H6 レンジ圧縮ブレイク(方向),half-maker,24,,,48.0
"H6 レンジ圧縮ブレイク(方向) {'channel': 48, 'hold': 24} hold=6",test,2063,0.36087669580004333,0.9370425516239619,0.5761658558239187,0.5381934598512024,1.3969688266029954,31.61279855208379,-20.791409745096338,0.10313744915761078,9.085376449363302,0.38275,H6 レンジ圧縮ブレイク(方向),half-maker,24,,,48.0
"H6 レンジ圧縮ブレイク(方向) {'channel': 48, 'hold': 24} hold=6",full,5279,-0.26181568842098846,0.2645597014332059,0.5263753898541946,-0.37566920909210827,0.3795030459422149,-22.935054305678587,-77.3610515706225,0.09519184094944005,2.7792266521426283,0.61575,H6 レンジ圧縮ブレイク(方向),half-maker,24,,,48.0
"H6 レンジ圧縮ブレイク(方向) {'channel': 48, 'hold': 24} hold=6",train,3168,-0.33732092544109843,-0.2021511791848123,0.13516974625628614,-0.4712145964755772,-0.2823602574632701,-29.54931306864022,-70.09469608186393,0.09011316417085743,-2.243303528899809,0.5665,H6 レンジ圧縮ブレイク(方向),maker-only(理論上限),24,,,48.0
"H6 レンジ圧縮ブレイク(方向) {'channel': 48, 'hold': 24} hold=6",test,2063,0.7823363778875456,0.9370425516239619,0.15470617373641615,1.1665469242329454,1.3969688266029954,68.532666702949,-14.825346446460982,0.10313744915761078,9.085376449363302,0.25125,H6 レンジ圧縮ブレイク(方向),maker-only(理論上限),24,,,48.0
"H6 レンジ圧縮ブレイク(方向) {'channel': 48, 'hold': 24} hold=6",full,5279,0.12177194000904594,0.2645597014332059,0.14278776142416008,0.17470444022241718,0.3795030459422149,10.667221944792423,-70.09469608186393,0.09519184094944005,2.7792266521426283,0.448,H6 レンジ圧縮ブレイク(方向),maker-only(理論上限),24,,,48.0
"H6 レンジ圧縮ブレイク(方向) {'channel': 48, 'hold': 24} hold=12",train,3168,0.2992423794554978,1.0048610988582998,0.7056187194028019,0.44550930234711034,1.4970304465352824,26.213632440301605,-49.01307261608483,0.07460457428033972,13.469162025941714,0.37225,H6 レンジ圧縮ブレイク(方向),taker,24,,,48.0
"H6 レンジ圧縮ブレイク(方向) {'channel': 48, 'hold': 24} hold=12",test,2063,-0.5255755799766877,0.2933170885821392,0.8188926685588271,-0.7869789147191638,0.4393989291696731,-46.04042080595784,-37.704173933563425,0.08471691627348431,3.4623201774159122,0.6795,H6 レンジ圧縮ブレイク(方向),taker,24,,,48.0
"H6 レンジ圧縮ブレイク(方向) {'channel': 48, 'hold': 24} hold=12",full,5279,0.017212916901564027,0.7677497632054606,0.7505368463038965,0.025737298450353434,1.1485175323274461,1.5078515205770087,-49.01307261608483,0.07862315266634737,9.764932302620274,0.482,H6 レンジ圧縮ブレイク(方向),taker,24,,,48.0
"H6 レンジ圧縮ブレイク(方向) {'channel': 48, 'hold': 24} hold=12",train,3168,0.5960983084466436,1.0048610988582998,0.4087627904116557,0.8879497440511683,1.4970304465352824,52.218211819925976,-43.75679774153286,0.07460457428033972,13.469162025941714,0.273,H6 レンジ圧縮ブレイク(方向),half-maker,24,,,48.0
"H6 レンジ圧縮ブレイク(方向) {'channel': 48, 'hold': 24} hold=12",test,2063,-0.1796669329023872,0.2933170885821392,0.47298402148452673,-0.26915589743091267,0.4393989291696731,-15.738823322249118,-33.16266509002024,0.08471691627348431,3.4623201774159122,0.55525,H6 レンジ圧縮ブレイク(方向),half-maker,24,,,48.0
"H6 レンジ圧縮ブレイク(方向) {'channel': 48, 'hold': 24} hold=12",full,5279,0.3335139755537518,0.7677497632054606,0.4342357876517087,0.49891911473406975,1.1485175323274461,29.215824258508654,-43.75679774153286,0.07862315266634737,9.764932302620274,0.33125,H6 レンジ圧縮ブレイク(方向),half-maker,24,,,48.0
"H6 レンジ圧縮ブレイク(方向) {'channel': 48, 'hold': 24} hold=12",train,3168,0.8929542374377901,1.0048610988582998,0.11190686142050957,1.3303777468345133,1.4970304465352824,78.22279119955043,-40.11205952743826,0.07460457428033972,13.469162025941714,0.1955,H6 レンジ圧縮ブレイク(方向),maker-only(理論上限),24,,,48.0
"H6 レンジ圧縮ブレイク(方向) {'channel': 48, 'hold': 24} hold=12",test,2063,0.16624171417191286,0.2933170885821392,0.12707537441022645,0.24905990451194004,0.4393989291696731,14.562774161459565,-28.68720417737588,0.08471691627348431,3.4623201774159122,0.42925,H6 レンジ圧縮ブレイク(方向),maker-only(理論上限),24,,,48.0
"H6 レンジ圧縮ブレイク(方向) {'channel': 48, 'hold': 24} hold=12",full,5279,0.6498150342059393,0.7677497632054606,0.11793472899952101,0.9721743445909193,1.1485175323274461,56.92379699644028,-40.11205952743826,0.07862315266634737,9.764932302620274,0.208,H6 レンジ圧縮ブレイク(方向),maker-only(理論上限),24,,,48.0
"H6 レンジ圧縮ブレイク(方向) {'channel': 48, 'hold': 24} hold=24",train,3168,-0.7276208503303316,-0.1884810925502507,0.539139757780081,-1.0911804967331273,-0.28294601454971047,-63.73958648893705,-75.12166074106146,0.05740519907778861,-3.2833453341890486,0.739,H6 レンジ圧縮ブレイク(方向),taker,24,,,48.0
"H6 レンジ圧縮ブレイク(方向) {'channel': 48, 'hold': 24} hold=24",test,2063,-1.028986276417926,-0.39235735797014315,0.6366289184477829,-1.6003894476993905,-0.6105559645399368,-90.13919781421032,-50.76500591797295,0.0661829719493725,-5.928373211621288,0.82875,H6 レンジ圧縮ブレイク(方向),taker,24,,,48.0
"H6 レンジ圧縮ブレイク(方向) {'channel': 48, 'hold': 24} hold=24",full,5279,-0.8365074097401595,-0.25871375347854314,0.5777936562616164,-1.2749194562629773,-0.39460803565424596,-73.27804909323797,-75.12166074106146,0.06091339429374058,-4.24723915779437,0.84225,H6 レンジ圧縮ブレイク(方向),taker,24,,,48.0
"H6 レンジ圧縮ブレイク(方向) {'channel': 48, 'hold': 24} hold=24",train,3168,-0.5011048707486329,-0.1884810925502507,0.312623778198382,-0.7520076117178094,-0.28294601454971047,-43.89678667758024,-71.21598577419932,0.05740519907778861,-3.2833453341890486,0.67675,H6 レンジ圧縮ブレイク(方向),half-maker,24,,,48.0
"H6 レンジ圧縮ブレイク(方向) {'channel': 48, 'hold': 24} hold=24",test,2063,-0.7603090461560639,-0.39235735797014315,0.3679516881859208,-1.1831731207379017,-0.6105559645399368,-66.60307244327119,-47.29794522804266,0.0661829719493725,-5.928373211621288,0.76175,H6 レンジ圧縮ブレイク(方向),half-maker,24,,,48.0
"H6 レンジ圧縮ブレイク(方向) {'channel': 48, 'hold': 24} hold=24",full,5279,-0.5932956273296569,-0.25871375347854314,0.3345818738511136,-0.9047984684393174,-0.39460803565424596,-51.972696954077946,-71.21598577419932,0.06091339429374058,-4.24723915779437,0.76125,H6 レンジ圧縮ブレイク(方向),half-maker,24,,,48.0
"H6 レンジ圧縮ブレイク(方向) {'channel': 48, 'hold': 24} hold=24",train,3168,-0.27458889116693375,-0.1884810925502507,0.08610779861668293,-0.41220360160259856,-0.28294601454971047,-24.053986866223397,-67.31031080733713,0.05740519907778861,-3.2833453341890486,0.5995,H6 レンジ圧縮ブレイク(方向),maker-only(理論上限),24,,,48.0
"H6 レンジ圧縮ブレイク(方向) {'channel': 48, 'hold': 24} hold=24",test,2063,-0.49163181589420185,-0.39235735797014315,0.09927445792405876,-0.7651236975347315,-0.6105559645399368,-43.066947072332084,-43.83088453811232,0.0661829719493725,-5.928373211621288,0.67875,H6 レンジ圧縮ブレイク(方向),maker-only(理論上限),24,,,48.0
"H6 レンジ圧縮ブレイク(方向) {'channel': 48, 'hold': 24} hold=24",full,5279,-0.35008384491915384,-0.25871375347854314,0.09137009144061085,-0.5339950774442292,-0.39460803565424596,-30.66734481491788,-67.31031080733713,0.06091339429374058,-4.24723915779437,0.65675,H6 レンジ圧縮ブレイク(方向),maker-only(理論上限),24,,,48.0
"H6 レンジ圧縮ブレイク(方向) {'channel': 96, 'hold': 6} hold=1",train,3168,-2.7916917791272513,-0.6336720471541585,2.158019731973093,-3.3324188692359553,-0.7571379560637249,-244.55219985154724,-110.70878673071962,0.22302301048222944,-2.8412855058498536,0.98925,H6 レンジ圧縮ブレイク(方向),taker,6,,,96.0
"H6 レンジ圧縮ブレイク(方向) {'channel': 96, 'hold': 6} hold=1",test,2063,-1.0038996984123159,1.878442303229432,2.882342001641748,-1.1840395483466355,2.223304324798756,-87.94161358091887,-36.212701592328116,0.300235064355528,6.256572020532038,0.75625,H6 レンジ圧縮ブレイク(方向),taker,6,,,96.0
"H6 レンジ圧縮ブレイク(方向) {'channel': 96, 'hold': 6} hold=1",full,5279,-2.0718931779218366,0.36235157681915336,2.43424475474099,-2.4718854743141674,0.4331525148745675,-181.49784238595285,-136.36642601961958,0.25230570846242795,1.436160834518387,0.9915,H6 レンジ圧縮ブレイク(方向),taker,6,,,96.0
"H6 レンジ圧縮ブレイク(方向) {'channel': 96, 'hold': 6} hold=1",train,3168,-1.8799491710023768,-0.6336720471541585,1.2462771238482184,-2.245812756275568,-0.7571379560637249,-164.6835473798082,-83.23143873360644,0.22302301048222944,-2.8412855058498536,0.95,H6 レンジ圧縮ブレイク(方向),half-maker,6,,,96.0
"H6 レンジ圧縮ブレイク(方向) {'channel': 96, 'hold': 6} hold=1",test,2063,0.21209500414191176,1.878442303229432,1.6663472990875199,0.2506280271962315,2.223304324798756,18.579522362831472,-24.610611187497938,0.300235064355528,6.256572020532038,0.4555,H6 レンジ圧縮ブレイク(方向),half-maker,6,,,96.0
"H6 レンジ圧縮ブレイク(方向) {'channel': 96, 'hold': 6} hold=1",full,5279,-1.044000081898162,0.36235157681915336,1.4063516587173157,-1.2470668161734388,0.4331525148745675,-91.454407174279,-88.05010513021398,0.25230570846242795,1.436160834518387,0.874,H6 レンジ圧縮ブレイク(方向),half-maker,6,,,96.0
"H6 レンジ圧縮ブレイク(方向) {'channel': 96, 'hold': 6} hold=1",train,3168,-0.9682065628775028,-0.6336720471541585,0.3345345157233441,-1.1569381692450054,-0.7571379560637249,-84.81489490806925,-55.7540907364932,0.22302301048222944,-2.8412855058498536,0.79725,H6 レンジ圧縮ブレイク(方向),maker-only(理論上限),6,,,96.0
"H6 レンジ圧縮ブレイク(方向) {'channel': 96, 'hold': 6} hold=1",test,2063,1.4280897066961393,1.878442303229432,0.4503525965332919,1.689753509779345,2.223304324798756,125.1006583065818,-18.92773380247731,0.300235064355528,6.256572020532038,0.17675,H6 レンジ圧縮ブレイク(方向),maker-only(理論上限),6,,,96.0
"H6 レンジ圧縮ブレイク(方向) {'channel': 96, 'hold': 6} hold=1",full,5279,-0.01610698587448863,0.36235157681915336,0.37845856269364186,-0.01925280697057197,0.4331525148745675,-1.410971962605204,-55.7540907364932,0.25230570846242795,1.436160834518387,0.50925,H6 レンジ圧縮ブレイク(方向),maker-only(理論上限),6,,,96.0
"H6 レンジ圧縮ブレイク(方向) {'channel': 96, 'hold': 6} hold=2",train,3168,-2.830482609777811,-0.9094273229487458,1.9210552868290651,-3.4689703772654203,-1.116078087116957,-247.95027661653623,-110.01092379857779,0.19900868210946704,-4.569787173649564,0.99075,H6 レンジ圧縮ブレイク(方向),taker,6,,,96.0
"H6 レンジ圧縮ブレイク(方向) {'channel': 96, 'hold': 6} hold=2",test,2063,-0.13555808048694862,2.419000630260169,2.5545587107471177,-0.16099068454590734,2.8743003582762126,-11.874887850656698,-25.847811795268992,0.266326406250644,9.08284185678385,0.54575,H6 レンジ圧縮ブレイク(方向),taker,6,,,96.0
"H6 レンジ圧縮ブレイク(方向) {'channel': 96, 'hold': 6} hold=2",full,5279,-1.7474222982882985,0.41841550602043054,2.1658378043087296,-2.1235516852440472,0.5089680672315756,-153.07419333005495,-124.63310569508432,0.22483252150366925,1.8610097116826667,0.978,H6 レンジ圧縮ブレイク(方向),taker,6,,,96.0
"H6 レンジ圧縮ブレイク(方向) {'channel': 96, 'hold': 6} hold=2",train,3168,-2.019211477945379,-0.9094273229487458,1.109784154996633,-2.4770673145406366,-1.116078087116957,-176.8829254680152,-84.71488629063484,0.19900868210946704,-4.569787173649564,0.96,H6 レンジ圧縮ブレイク(方向),half-maker,6,,,96.0
"H6 レンジ圧縮ブレイク(方向) {'channel': 96, 'hold': 6} hold=2",test,2063,0.9419764701986268,2.419000630260169,1.477024160061542,1.1194631604260592,2.8743003582762126,82.51713878939971,-24.969061795268992,0.266326406250644,9.08284185678385,0.28375,H6 レンジ圧縮ブレイク(方向),half-maker,6,,,96.0
"H6 レンジ圧縮ブレイク(方向) {'channel': 96, 'hold': 6} hold=2",full,5279,-0.8331277872616861,0.41841550602043054,1.2515432932821167,-1.0132974046920953,0.5089680672315756,-72.9819941641237,-91.67248612710144,0.22483252150366925,1.8610097116826667,0.821,H6 レンジ圧縮ブレイク(方向),half-maker,6,,,96.0
"H6 レンジ圧縮ブレイク(方向) {'channel': 96, 'hold': 6} hold=2",train,3168,-1.2079403461129472,-0.9094273229487458,0.29851302316420053,-1.4824548763190641,-1.116078087116957,-105.81557431949417,-60.84048498452699,0.19900868210946704,-4.569787173649564,0.85375,H6 レンジ圧縮ブレイク(方向),maker-only(理論上限),6,,,96.0
"H6 レンジ圧縮ブレイク(方向) {'channel': 96, 'hold': 6} hold=2",test,2063,2.0195110208842033,2.419000630260169,0.39948960937596595,2.4001256726658005,2.8743003582762126,176.90916542945618,-24.090311795268995,0.266326406250644,9.08284185678385,0.1005,H6 レンジ圧縮ブレイク(方向),maker-only(理論上限),6,,,96.0
"H6 レンジ圧縮ブレイク(方向) {'channel': 96, 'hold': 6} hold=2",full,5279,0.08116672376492637,0.41841550602043054,0.3372487822555039,0.09874343082818218,0.5089680672315756,7.11020500180755,-60.84048498452699,0.22483252150366925,1.8610097116826667,0.47775,H6 レンジ圧縮ブレイク(方向),maker-only(理論上限),6,,,96.0
"H6 レンジ圧縮ブレイク(方向) {'channel': 96, 'hold': 6} hold=3",train,3168,-2.814089457136438,-1.0394536458379484,1.7746358112984901,-3.521605202098626,-1.3015841017111125,-246.514236445152,-111.45275507694494,0.1843154830425956,-5.639535152875512,0.99575,H6 レンジ圧縮ブレイク(方向),taker,6,,,96.0
"H6 レンジ圧縮ブレイク(方向) {'channel': 96, 'hold': 6} hold=3",test,2063,-1.2744034823000936,1.046529597007064,2.3209330793071583,-1.4964937533351341,1.2302220720868697,-111.63774504948817,-39.81793908847001,0.2431452995469999,4.304132545259303,0.83525,H6 レンジ圧縮ブレイク(方向),taker,6,,,96.0
"H6 レンジ圧縮ブレイク(方向) {'channel': 96, 'hold': 6} hold=3",full,5279,-2.178805428587976,-0.19213537880500883,1.9866700497829672,-2.667915458501764,-0.2354505927246188,-190.86335554430667,-142.30449234758763,0.20695590135336306,-0.9283880167154586,0.9955,H6 レンジ圧縮ブレイク(方向),taker,6,,,96.0
"H6 レンジ圧縮ブレイク(方向) {'channel': 96, 'hold': 6} hold=3",train,3168,-2.0650081637691398,-1.0394536458379484,1.0255545179311918,-2.585899939829516,-1.3015841017111125,-180.89471514617665,-89.12256340677263,0.1843154830425956,-5.639535152875512,0.9715,H6 レンジ圧縮ブレイク(方向),half-maker,6,,,96.0
"H6 レンジ圧縮ブレイク(方向) {'channel': 96, 'hold': 6} hold=3",test,2063,-0.2962959173067649,1.046529597007064,1.342825514313829,-0.34824321273463615,1.2302220720868697,-25.955522356072603,-28.14369918217745,0.2431452995469999,4.304132545259303,0.61875,H6 レンジ圧縮ブレイク(方向),half-maker,6,,,96.0
"H6 レンジ圧縮ブレイク(方向) {'channel': 96, 'hold': 6} hold=3",full,5279,-1.340687329711515,-0.19213537880500883,1.1485519509065059,-1.642892329380034,-0.2354505927246188,-117.44421008272869,-102.44893611709773,0.20695590135336306,-0.9283880167154586,0.93725,H6 レンジ圧縮ブレイク(方向),half-maker,6,,,96.0
"H6 レンジ圧縮ブレイク(方向) {'channel': 96, 'hold': 6} hold=3",train,3168,-1.3159268704018414,-1.0394536458379484,0.2764732245638934,-1.647996405595874,-1.3015841017111125,-115.27519384720131,-67.31240149960823,0.1843154830425956,-5.639535152875512,0.8885,H6 レンジ圧縮ブレイク(方向),maker-only(理論上限),6,,,96.0
"H6 レンジ圧縮ブレイク(方向) {'channel': 96, 'hold': 6} hold=3",test,2063,0.6818116476865642,1.046529597007064,0.36471794932049983,0.8015432152951856,1.2302220720868697,59.72670033734302,-23.144964259233998,0.2431452995469999,4.304132545259303,0.3645,H6 レンジ圧縮ブレイク(方向),maker-only(理論上限),6,,,96.0
"H6 レンジ圧縮ブレイク(方向) {'channel': 96, 'hold': 6} hold=3",full,5279,-0.5025692308350532,-0.19213537880500883,0.31043385203004464,-0.6159380453703133,-0.2354505927246188,-44.02506462115066,-69.78891463296438,0.20695590135336306,-0.9283880167154586,0.72925,H6 レンジ圧縮ブレイク(方向),maker-only(理論上限),6,,,96.0
"H6 レンジ圧縮ブレイク(方向) {'channel': 96, 'hold': 6} hold=6",train,3168,-2.1930799709616156,-0.7458130249209224,1.447266946040693,-2.849476694078023,-0.9711052059610558,-192.11380545623751,-99.18676118657353,0.1509550795868416,-4.940628874246462,0.9565,H6 レンジ圧縮ブレイク(方向),taker,6,,,96.0
"H6 レンジ圧縮ブレイク(方向) {'channel': 96, 'hold': 6} hold=6",test,2063,-1.069657281196728,0.8278914272296676,1.8975487084263956,-1.3182433597176613,1.0185769241256937,-93.70197783283338,-32.30594628981326,0.1991107060882809,4.157945313410723,0.83,H6 レンジ圧縮ブレイク(方向),taker,6,,,96.0
"H6 レンジ圧縮ブレイク(方向) {'channel': 96, 'hold': 6} hold=6",full,5279,-1.740633847622665,-0.11805671738198138,1.6225771302406837,-2.222730425345158,-0.15082870166751466,-152.47952505174544,-105.69408563870483,0.16953799560356841,-0.6963437131699611,0.97,H6 レンジ圧縮ブレイク(方向),taker,6,,,96.0
"H6 レンジ圧縮ブレイク(方向) {'channel': 96, 'hold': 6} hold=6",train,3168,-1.5826628076314004,-0.7458130249209224,0.8368497827104775,-2.0591932536181896,-0.9711052059610558,-138.64126194851067,-83.54574148401832,0.1509550795868416,-4.940628874246462,0.88025,H6 レンジ圧縮ブレイク(方向),half-maker,6,,,96.0
"H6 レンジ圧縮ブレイク(方向) {'channel': 96, 'hold': 6} hold=6",test,2063,-0.2702159565497407,0.8278914272296676,1.0981073837794084,-0.3329550012778935,1.0185769241256937,-23.670917793757283,-28.526357768870643,0.1991107060882809,4.157945313410723,0.63625,H6 レンジ圧縮ブレイク(方向),half-maker,6,,,96.0
"H6 レンジ圧縮ブレイク(方向) {'channel': 96, 'hold': 6} hold=6",full,5279,-1.0564987792049996,-0.11805671738198138,0.9384420618230181,-1.3500759899840233,-0.15082870166751466,-92.54929305835796,-83.54574148401832,0.16953799560356841,-0.6963437131699611,0.8815,H6 レンジ圧縮ブレイク(方向),half-maker,6,,,96.0
"H6 レンジ圧縮ブレイク(方向) {'channel': 96, 'hold': 6} hold=6",train,3168,-0.9722456443011851,-0.7458130249209224,0.22643261938026238,-1.2658845017937588,-0.9711052059610558,-85.1687184407838,-67.90472178146318,0.1509550795868416,-4.940628874246462,0.75925,H6 レンジ圧縮ブレイク(方向),maker-only(理論上限),6,,,96.0
"H6 レンジ圧縮ブレイク(方向) {'channel': 96, 'hold': 6} hold=6",test,2063,0.5292253680972462,0.8278914272296676,0.29866605913242134,0.6514871770409891,1.0185769241256937,46.36014224531877,-25.107732246517177,0.1991107060882809,4.157945313410723,0.38825,H6 レンジ圧縮ブレイク(方向),maker-only(理論上限),6,,,96.0
"H6 レンジ圧縮ブレイク(方向) {'channel': 96, 'hold': 6} hold=6",full,5279,-0.37236371078733393,-0.11805671738198138,0.25430699340535257,-0.47583494276267646,-0.15082870166751466,-32.61906106497045,-67.90472178146318,0.16953799560356841,-0.6963437131699611,0.68425,H6 レンジ圧縮ブレイク(方向),maker-only(理論上限),6,,,96.0
"H6 レンジ圧縮ブレイク(方向) {'channel': 96, 'hold': 6} hold=12",train,3168,-0.030118283163510944,0.7624543687290041,0.792572651892515,-0.04095293192961688,1.0363027562371347,-2.6383616051235586,-28.8142042555548,0.08160681997515003,9.343022666012203,0.50975,H6 レンジ圧縮ブレイク(方向),taker,6,,,96.0
"H6 レンジ圧縮ブレイク(方向) {'channel': 96, 'hold': 6} hold=12",test,2063,-1.1220482835872343,-0.03800653774692,1.084041745840314,-1.3662408421674532,-0.04632347413306447,-98.29142964224174,-32.47901516120964,0.115100013458944,-0.33020445962395023,0.85075,H6 レンジ圧縮ブレイク(方向),taker,6,,,96.0
"H6 レンジ圧縮ブレイク(方向) {'channel': 96, 'hold': 6} hold=12",full,5279,-0.45993113137268776,0.443127834883053,0.9030589662557407,-0.5994137856570587,0.5776408861517555,-40.289967108247446,-42.513962035475,0.09433258826426912,4.6975053164198926,0.7345,H6 レンジ圧縮ブレイク(方向),taker,6,,,96.0
"H6 レンジ圧縮ブレイク(方向) {'channel': 96, 'hold': 6} hold=12",train,3168,0.3049629278013842,0.7624543687290041,0.45749144092762,0.4147158472989554,1.0363027562371347,26.714752475401255,-23.678225806206232,0.08160681997515003,9.343022666012203,0.3915,H6 レンジ圧縮ブレイク(方向),half-maker,6,,,96.0
"H6 レンジ圧縮ブレイク(方向) {'channel': 96, 'hold': 6} hold=12",test,2063,-0.6663524207612853,-0.03800653774692,0.628345883014365,-0.811974138673569,-0.04632347413306447,-58.37247205868859,-28.166335095248403,0.115100013458944,-0.33020445962395023,0.75275,H6 レンジ圧縮ブレイク(方向),half-maker,6,,,96.0
"H6 レンジ圧縮ブレイク(方向) {'channel': 96, 'hold': 6} hold=12",full,5279,-0.07915108944301903,0.443127834883053,0.5222789243260723,-0.10319636559308591,0.5776408861517555,-6.933635435208467,-32.62302386570146,0.09433258826426912,4.6975053164198926,0.57625,H6 レンジ圧縮ブレイク(方向),half-maker,6,,,96.0
"H6 レンジ圧縮ブレイク(方向) {'channel': 96, 'hold': 6} hold=12",train,3168,0.6400441387662791,0.7624543687290041,0.122410229962725,0.8701053075920376,1.0363027562371347,56.06786655592605,-18.590360437231617,0.08160681997515003,9.343022666012203,0.2885,H6 レンジ圧縮ブレイク(方向),maker-only(理論上限),6,,,96.0
"H6 レンジ圧縮ブレイク(方向) {'channel': 96, 'hold': 6} hold=12",test,2063,-0.21065655793533605,-0.03800653774692,0.17265002018841596,-0.2567610437982392,-0.04632347413306447,-18.45351447513544,-23.8999459755447,0.115100013458944,-0.33020445962395023,0.63375,H6 レンジ圧縮ブレイク(方向),maker-only(理論上限),6,,,96.0
"H6 レンジ圧縮ブレイク(方向) {'channel': 96, 'hold': 6} hold=12",full,5279,0.3016289524866492,0.443127834883053,0.14149888239640365,0.39323821081491256,0.5776408861517555,26.422696237830472,-28.117468079331115,0.09433258826426912,4.6975053164198926,0.4055,H6 レンジ圧縮ブレイク(方向),maker-only(理論上限),6,,,96.0
"H6 レンジ圧縮ブレイク(方向) {'channel': 96, 'hold': 6} hold=24",train,3168,0.07475029846043672,0.5336763017267175,0.458926003266281,0.09727776664104996,0.6951763467167695,6.548126145134256,-51.41640710492963,0.04670534583729028,11.426450059612277,0.433,H6 レンジ圧縮ブレイク(方向),taker,6,,,96.0
"H6 レンジ圧縮ブレイク(方向) {'channel': 96, 'hold': 6} hold=24",test,2063,-1.4182811063495693,-0.8419539352901805,0.576327171059389,-1.696540481426369,-1.0079656336938076,-124.24142491622227,-39.19436015509177,0.05836914698944956,-14.424640049003402,0.8725,H6 レンジ圧縮ブレイク(方向),taker,6,,,96.0
"H6 レンジ圧縮ブレイク(方向) {'channel': 96, 'hold': 6} hold=24",full,5279,-0.47544747901853246,0.02897391371552676,0.5044213927340592,-0.5995949762792798,0.036572548475926385,-41.64919916202344,-51.41640710492963,0.05121767112175981,0.5657015065493128,0.708,H6 レンジ圧縮ブレイク(方向),taker,6,,,96.0
"H6 レンジ圧縮ブレイク(方向) {'channel': 96, 'hold': 6} hold=24",train,3168,0.26918429071560945,0.5336763017267175,0.26449201101110825,0.3505230893323649,0.6951763467167695,23.58054386668739,-47.454988230285736,0.04670534583729028,11.426450059612277,0.3685,H6 レンジ圧縮ブレイク(方向),half-maker,6,,,96.0
"H6 レンジ圧縮ブレイク(方向) {'channel': 96, 'hold': 6} hold=24",test,2063,-1.173894381061962,-0.8419539352901805,0.3319404457717817,-1.4049570143131878,-1.0079656336938076,-102.83314778102788,-35.11060413333577,0.05836914698944956,-14.424640049003402,0.83,H6 レンジ圧縮ブレイク(方向),half-maker,6,,,96.0
"H6 レンジ圧縮ブレイク(方向) {'channel': 96, 'hold': 6} hold=24",full,5279,-0.26165003599282294,0.02897391371552676,0.2906239497083494,-0.33016343723098357,0.036572548475926385,-22.92054315297129,-47.454988230285736,0.05121767112175981,0.5657015065493128,0.61725,H6 レンジ圧縮ブレイク(方向),half-maker,6,,,96.0
"H6 レンジ圧縮ブレイク(方向) {'channel': 96, 'hold': 6} hold=24",train,3168,0.4636182829707825,0.5336763017267175,0.07005801875593541,0.6039229181501904,0.6951763467167695,40.61296158824055,-44.779623256826454,0.04670534583729028,11.426450059612277,0.31275,H6 レンジ圧縮ブレイク(方向),maker-only(理論上限),6,,,96.0
"H6 レンジ圧縮ブレイク(方向) {'channel': 96, 'hold': 6} hold=24",test,2063,-0.9295076557743547,-0.8419539352901805,0.08755372048417433,-1.1127558310112615,-1.0079656336938076,-81.42487064583347,-31.277219631579918,0.05836914698944956,-14.424640049003402,0.7825,H6 レンジ圧縮ブレイク(方向),maker-only(理論上限),6,,,96.0
"H6 レンジ圧縮ブレイク(方向) {'channel': 96, 'hold': 6} hold=24",full,5279,-0.04785259296711304,0.02897391371552676,0.07682650668263973,-0.06040193192787577,0.036572548475926385,-4.191887143919102,-44.779623256826454,0.05121767112175981,0.5657015065493128,0.5215,H6 レンジ圧縮ブレイク(方向),maker-only(理論上限),6,,,96.0
"H6 レンジ圧縮ブレイク(方向) {'channel': 96, 'hold': 12} hold=1",train,3168,-0.5787378462549645,0.9930310645632949,1.5717689108182598,-0.689718918353253,1.184413671377568,-50.697435331934884,-62.43602255316616,0.16283802883339912,6.098274903458042,0.637,H6 レンジ圧縮ブレイク(方向),taker,12,,,96.0
"H6 レンジ圧縮ブレイク(方向) {'channel': 96, 'hold': 12} hold=1",test,2063,-2.5973842384250263,-0.44262507527652944,2.154759163148497,-3.1160736431769975,-0.532808332530869,-227.5308592860323,-63.17694339614069,0.22472929183106616,-1.9695922666336714,0.96525,H6 レンジ圧縮ブレイク(方向),taker,12,,,96.0
"H6 レンジ圧縮ブレイク(方向) {'channel': 96, 'hold': 12} hold=1",full,5279,-1.3689475018131285,0.42813503838658,1.7970825401997088,-1.6420422571416768,0.5145049244486399,-119.91980115883005,-107.60098991293032,0.186617554661558,2.294184162701244,0.928,H6 レンジ圧縮ブレイク(方向),taker,12,,,96.0
"H6 レンジ圧縮ブレイク(方向) {'channel': 96, 'hold': 12} hold=1",train,3168,0.08501808752911567,0.9930310645632949,0.9080129770341792,0.10137832052448287,1.184413671377568,7.447584467550533,-50.20818021503736,0.16283802883339912,6.098274903458042,0.43675,H6 レンジ圧縮ブレイク(方向),half-maker,12,,,96.0
"H6 レンジ圧縮ブレイク(方向) {'channel': 96, 'hold': 12} hold=1",test,2063,-1.688551625724078,-0.44262507527652944,1.2459265504475479,-2.0292035915477395,-0.532808332530869,-147.9171224134292,-48.27717686164118,0.22472929183106616,-1.9695922666336714,0.88825,H6 レンジ圧縮ブレイク(方向),half-maker,12,,,96.0
"H6 レンジ圧縮ブレイク(方向) {'channel': 96, 'hold': 12} hold=1",full,5279,-0.6103693977094431,0.42813503838658,1.038504436096023,-0.7328928139573019,0.5145049244486399,-53.468359239347215,-76.05445514617537,0.186617554661558,2.294184162701244,0.748,H6 レンジ圧縮ブレイク(方向),half-maker,12,,,96.0
"H6 レンジ圧縮ブレイク(方向) {'channel': 96, 'hold': 12} hold=1",train,3168,0.7487740213131964,0.9930310645632949,0.24425704325009862,0.8930743050972627,1.184413671377568,65.59260426703601,-41.27970232968284,0.16283802883339912,6.098274903458042,0.26725,H6 レンジ圧縮ブレイク(方向),maker-only(理論上限),12,,,96.0
"H6 レンジ圧縮ブレイク(方向) {'channel': 96, 'hold': 12} hold=1",test,2063,-0.7797190130231288,-0.44262507527652944,0.3370939377465992,-0.9382368596088662,-0.532808332530869,-68.30338554082608,-34.89252175757635,0.22472929183106616,-1.9695922666336714,0.7335,H6 レンジ圧縮ブレイク(方向),maker-only(理論上限),12,,,96.0
"H6 レンジ圧縮ブレイク(方向) {'channel': 96, 'hold': 12} hold=1",full,5279,0.14820870639424313,0.42813503838658,0.27992633199233696,0.178079738836839,0.5145049244486399,12.983082680135698,-45.363939962926366,0.186617554661558,2.294184162701244,0.45925,H6 レンジ圧縮ブレイク(方向),maker-only(理論上限),12,,,96.0
"H6 レンジ圧縮ブレイク(方向) {'channel': 96, 'hold': 12} hold=2",train,3168,-0.5718965848995194,0.8665037296049435,1.4384003145044635,-0.6878447974684642,1.043392901814692,-50.0981408371979,-66.33766798124363,0.14912457161958262,5.810603311004963,0.6255,H6 レンジ圧縮ブレイク(方向),taker,12,,,96.0
"H6 レンジ圧縮ブレイク(方向) {'channel': 96, 'hold': 12} hold=2",test,2063,-1.2198996441481464,0.7227705763808875,1.9426702205290343,-1.4654729662166028,0.8682465156329362,-106.86320882737763,-36.16110157111424,0.20296044056901252,3.5611401628541706,0.8235,H6 レンジ圧縮ブレイク(方向),taker,12,,,96.0
"H6 レンジ圧縮ブレイク(方向) {'channel': 96, 'hold': 12} hold=2",full,5279,-0.8201659983733075,0.8152600661530932,1.635426064526401,-0.9898784006764101,0.9846668956626744,-71.84654145750173,-82.38508967359483,0.17000707806744536,4.795447786177835,0.81225,H6 レンジ圧縮ブレイク(方向),taker,12,,,96.0
"H6 レンジ圧縮ブレイク(方向) {'channel': 96, 'hold': 12} hold=2",train,3168,0.0354601436380248,0.8665037296049435,0.8310435859669185,0.042680863449174135,1.043392901814692,3.1063085826909727,-53.91348217970613,0.14912457161958262,5.810603311004963,0.45525,H6 レンジ圧縮ブレイク(方向),half-maker,12,,,96.0
"H6 レンジ圧縮ブレイク(方向) {'channel': 96, 'hold': 12} hold=2",test,2063,-0.40078486431038934,0.7227705763808875,1.1235554406912762,-0.4816167844997202,0.8682465156329362,-35.10875411359011,-33.75600171680827,0.20296044056901252,3.5611401628541706,0.64975,H6 レンジ圧縮ブレイク(方向),half-maker,12,,,96.0
"H6 レンジ圧縮ブレイク(方向) {'channel': 96, 'hold': 12} hold=2",full,5279,-0.12995827466069138,0.8152600661530932,0.9452183408137844,-0.1569416457949466,0.9846668956626744,-11.384344860276563,-63.160638533293465,0.17000707806744536,4.795447786177835,0.58125,H6 レンジ圧縮ブレイク(方向),half-maker,12,,,96.0
"H6 レンジ圧縮ブレイク(方向) {'channel': 96, 'hold': 12} hold=2",train,3168,0.6428168721755697,0.8665037296049435,0.2236868574293739,0.7740110584172496,1.043392901814692,56.310758002579895,-44.55400695171564,0.14912457161958262,5.810603311004963,0.2865,H6 レンジ圧縮ブレイク(方向),maker-only(理論上限),12,,,96.0
"H6 レンジ圧縮ブレイク(方向) {'channel': 96, 'hold': 12} hold=2",test,2063,0.41832991552736853,0.7227705763808875,0.3044406608535188,0.5026399631010763,0.8682465156329362,36.645700600197486,-32.02393028823684,0.20296044056901252,3.5611401628541706,0.4325,H6 レンジ圧縮ブレイク(方向),maker-only(理論上限),12,,,96.0
"H6 レンジ圧縮ブレイク(方向) {'channel': 96, 'hold': 12} hold=2",full,5279,0.5602494490519252,0.8152600661530932,0.255010617101168,0.6767073021970867,0.9846668956626744,49.077851736948645,-44.60921581872652,0.17000707806744536,4.795447786177835,0.30225,H6 レンジ圧縮ブレイク(方向),maker-only(理論上限),12,,,96.0
"H6 レンジ圧縮ブレイク(方向) {'channel': 96, 'hold': 12} hold=3",train,3168,-0.44866877892068324,0.9067626864518216,1.3554314653725053,-0.5431101199314823,1.0982759768121535,-39.30338503345185,-71.16459888061281,0.14092838455272838,6.434209044045035,0.592,H6 レンジ圧縮ブレイク(方向),taker,12,,,96.0
"H6 レンジ圧縮ブレイク(方向) {'channel': 96, 'hold': 12} hold=3",test,2063,-1.58586663847619,0.2431281394154838,1.8289947778916738,-1.8539803032318247,0.2845242967671855,-138.92191753051424,-42.284727474044765,0.19123535568771366,1.2713555950004913,0.8915,H6 レンジ圧縮ブレイク(方向),taker,12,,,96.0
"H6 レンジ圧縮ブレイク(方向) {'channel': 96, 'hold': 12} hold=3",full,5279,-0.8864588803928196,0.6547527965202229,1.5412116769130426,-1.0623555479843194,0.7852917299190879,-77.653797922411,-94.00092550312256,0.16050634483427353,4.079295414746813,0.838,H6 レンジ圧縮ブレイク(方向),taker,12,,,96.0
"H6 レンジ圧縮ブレイク(方向) {'channel': 96, 'hold': 12} hold=3",train,3168,0.12335066535102306,0.9067626864518216,0.7834120211007989,0.14939031922823737,1.0982759768121535,10.80551828474962,-59.12520721617286,0.14092838455272838,6.434209044045035,0.421,H6 レンジ圧縮ブレイク(方向),half-maker,12,,,96.0
"H6 レンジ圧縮ブレイク(方向) {'channel': 96, 'hold': 12} hold=3",test,2063,-0.8147957662961378,0.2431281394154838,1.057923905711622,-0.9532562224065207,0.2845242967671855,-71.37610912754167,-33.18819277264803,0.19123535568771366,1.2713555950004913,0.75975,H6 レンジ圧縮ブレイク(方向),half-maker,12,,,96.0
"H6 レンジ圧縮ブレイク(方向) {'channel': 96, 'hold': 12} hold=3",full,5279,-0.23623280056200352,0.6547527965202229,0.8909855970822265,-0.2832812961654105,0.7852917299190879,-20.693993329231507,-68.47824683613555,0.16050634483427353,4.079295414746813,0.6185,H6 レンジ圧縮ブレイク(方向),half-maker,12,,,96.0
"H6 レンジ圧縮ブレイク(方向) {'channel': 96, 'hold': 12} hold=3",train,3168,0.695370109622729,0.9067626864518216,0.21139257682909257,0.8422783478379671,1.0982759768121535,60.914421602951066,-47.26091842736493,0.14092838455272838,6.434209044045035,0.2715,H6 レンジ圧縮ブレイク(方向),maker-only(理論上限),12,,,96.0
"H6 レンジ圧縮ブレイク(方向) {'channel': 96, 'hold': 12} hold=3",test,2063,-0.0437248941160864,0.2431281394154838,0.2868530335315705,-0.05117046888414432,0.2845242967671855,-3.830300724569168,-31.463323725028978,0.19123535568771366,1.2713555950004913,0.574,H6 レンジ圧縮ブレイク(方向),maker-only(理論上限),12,,,96.0
"H6 レンジ圧縮ブレイク(方向) {'channel': 96, 'hold': 12} hold=3",full,5279,0.41399327926881263,0.6547527965202229,0.24075951725141034,0.4965486722612463,0.7852917299190879,36.26581126394798,-50.50233669855816,0.16050634483427353,4.079295414746813,0.3645,H6 レンジ圧縮ブレイク(方向),maker-only(理論上限),12,,,96.0
"H6 レンジ圧縮ブレイク(方向) {'channel': 96, 'hold': 12} hold=6",train,3168,-0.522272112573209,0.6311190808983239,1.1533911934715324,-0.64372972410142,0.7778530972587933,-45.75103706141311,-72.57192028869495,0.11974232026382366,5.270643491021415,0.60725,H6 レンジ圧縮ブレイク(方向),taker,12,,,96.0
"H6 レンジ圧縮ブレイク(方向) {'channel': 96, 'hold': 12} hold=6",test,2063,-0.6871677289284738,0.827133310617863,1.5143010395463368,-0.8267359780357226,0.9949828724907012,-60.195893054134295,-37.00022399629589,0.1586972234199382,5.212021311986891,0.75325,H6 レンジ圧縮ブレイク(方向),taker,12,,,96.0
"H6 レンジ圧縮ブレイク(方向) {'channel': 96, 'hold': 12} hold=6",full,5279,-0.5534522962498112,0.7391750344634379,1.2926273307132488,-0.6783184273587689,0.9058472310363843,-48.48242115148346,-77.99469953402706,0.13469774120940692,5.48765723780241,0.73725,H6 レンジ圧縮ブレイク(方向),taker,12,,,96.0
"H6 レンジ圧縮ブレイク(方向) {'channel': 96, 'hold': 12} hold=6",train,3168,-0.03538325603531012,0.6311190808983239,0.666502336933634,-0.043623251278858174,0.7778530972587933,-3.099573228693166,-65.0767088790262,0.11974232026382366,5.270643491021415,0.45725,H6 レンジ圧縮ブレイク(方向),half-maker,12,,,96.0
"H6 レンジ圧縮ブレイク(方向) {'channel': 96, 'hold': 12} hold=6",test,2063,-0.049040126720259,0.827133310617863,0.876173437338122,-0.059016458213916316,0.9949828724907012,-4.295915100694688,-35.492501774073666,0.1586972234199382,5.212021311986891,0.57425,H6 レンジ圧縮ブレイク(方向),half-maker,12,,,96.0
"H6 レンジ圧縮ブレイク(方向) {'channel': 96, 'hold': 12} hold=6",full,5279,-0.008161936800241855,0.7391750344634379,0.7473369712636796,-0.010005973522063156,0.9058472310363843,-0.7149856637011864,-65.0767088790262,0.13469774120940692,5.48765723780241,0.53975,H6 レンジ圧縮ブレイク(方向),half-maker,12,,,96.0
"H6 レンジ圧縮ブレイク(方向) {'channel': 96, 'hold': 12} hold=6",train,3168,0.4515056005025879,0.6311190808983239,0.1796134803957355,0.5565746048421559,0.7778530972587933,39.5518906040267,-57.58149746935742,0.11974232026382366,5.270643491021415,0.3245,H6 レンジ圧縮ブレイク(方向),maker-only(理論上限),12,,,96.0
"H6 レンジ圧縮ブレイク(方向) {'channel': 96, 'hold': 12} hold=6",test,2063,0.5890874754879553,0.827133310617863,0.2380458351299073,0.7087741206311181,0.9949828724907012,51.60406285274488,-33.98477955185144,0.1586972234199382,5.212021311986891,0.38975,H6 レンジ圧縮ブレイク(方向),maker-only(理論上限),12,,,96.0
"H6 レンジ圧縮ブレイク(方向) {'channel': 96, 'hold': 12} hold=6",full,5279,0.5371284226493275,0.7391750344634379,0.20204661181411038,0.6583654239736145,0.9058472310363843,47.05244982408108,-57.58149746935742,0.13469774120940692,5.48765723780241,0.31875,H6 レンジ圧縮ブレイク(方向),maker-only(理論上限),12,,,96.0
"H6 レンジ圧縮ブレイク(方向) {'channel': 96, 'hold': 12} hold=12",train,3168,-0.047690304632519165,0.8832697158960034,0.9309600205285227,-0.05919653729318053,1.0956852199214375,-4.177670685808678,-35.37711815266662,0.09718187454902028,9.088831842304774,0.47175,H6 レンジ圧縮ブレイク(方向),taker,12,,,96.0
"H6 レンジ圧縮ブレイク(方向) {'channel': 96, 'hold': 12} hold=12",test,2063,-0.29188408653461917,0.9362215319043174,1.2281056184389367,-0.33705228553927563,1.0814787175181106,-25.569045980432637,-28.87351403621529,0.12875184246923477,7.271519490123237,0.61825,H6 レンジ圧縮ブレイク(方向),taker,12,,,96.0
"H6 レンジ圧縮ブレイク(方向) {'channel': 96, 'hold': 12} hold=12",full,5279,-0.11333529463826918,0.9325123853277381,1.0458476799660072,-0.13712933459045978,1.1280438216458235,-9.92817181031238,-35.37711815266662,0.10933015651676344,8.529324525248963,0.56125,H6 レンジ圧縮ブレイク(方向),taker,12,,,96.0
"H6 レンジ圧縮ブレイク(方向) {'channel': 96, 'hold': 12} hold=12",train,3168,0.34490329971997713,0.8832697158960034,0.5383664161760264,0.42813237816160643,1.0956852199214375,30.213529055469994,-27.59712875884306,0.09718187454902028,9.088831842304774,0.34725,H6 レンジ圧縮ブレイク(方向),half-maker,12,,,96.0
"H6 レンジ圧縮ブレイク(方向) {'channel': 96, 'hold': 12} hold=12",test,2063,0.22560484083292306,0.9362215319043174,0.7106166910713945,0.2606419301786516,1.0814787175181106,19.762984056964058,-25.19000375482996,0.12875184246923477,7.271519490123237,0.45675,H6 レンジ圧縮ブレイク(方向),half-maker,12,,,96.0
"H6 レンジ圧縮ブレイク(方向) {'channel': 96, 'hold': 12} hold=12",full,5279,0.32759092795716177,0.9325123853277381,0.6049214573705763,0.3964556768882207,1.1280438216458235,28.69696528904737,-27.59712875884306,0.10933015651676344,8.529324525248963,0.36675,H6 レンジ圧縮ブレイク(方向),half-maker,12,,,96.0
"H6 レンジ圧縮ブレイク(方向) {'channel': 96, 'hold': 12} hold=12",train,3168,0.7374969040724728,0.8832697158960034,0.14577281182353038,0.9150932646720845,1.0956852199214375,64.60472879674862,-26.042984214960335,0.09718187454902028,9.088831842304774,0.2445,H6 レンジ圧縮ブレイク(方向),maker-only(理論上限),12,,,96.0
"H6 レンジ圧縮ブレイク(方向) {'channel': 96, 'hold': 12} hold=12",test,2063,0.7430937682004655,0.9362215319043174,0.19312776370385218,0.8584781353616635,1.0814787175181106,65.09501409436076,-21.50754835493504,0.12875184246923477,7.271519490123237,0.30075,H6 レンジ圧縮ブレイク(方向),maker-only(理論上限),12,,,96.0
"H6 レンジ圧縮ブレイク(方向) {'channel': 96, 'hold': 12} hold=12",full,5279,0.7685171505525925,0.9325123853277381,0.16399523477514516,0.9298438915231513,1.1280438216458235,67.3221023884071,-26.042984214960335,0.10933015651676344,8.529324525248963,0.20125,H6 レンジ圧縮ブレイク(方向),maker-only(理論上限),12,,,96.0
"H6 レンジ圧縮ブレイク(方向) {'channel': 96, 'hold': 12} hold=24",train,3168,0.23202759587461674,0.7494595753725685,0.5174319794979517,0.29348888323361166,0.9484295272721466,20.325617398616426,-51.1637882863905,0.053440132954021835,14.024283510248361,0.40375,H6 レンジ圧縮ブレイク(方向),taker,12,,,96.0
"H6 レンジ圧縮ブレイク(方向) {'channel': 96, 'hold': 12} hold=24",test,2063,-1.7645609933743314,-1.0767580008111455,0.6878029925631858,-2.028099240598183,-1.238432070201503,-154.5755430195914,-48.33731646369886,0.06998697433439588,-15.38512003199945,0.90425,H6 レンジ圧縮ブレイク(方向),taker,12,,,96.0
"H6 レンジ圧縮ブレイク(方向) {'channel': 96, 'hold': 12} hold=24",full,5279,-0.5108097864185761,0.07266475131723808,0.5834745377358141,-0.6232372519439953,0.08870944149842738,-44.74693729026726,-63.82270209669765,0.05979948271456714,1.2151401319653383,0.7,H6 レンジ圧縮ブレイク(方向),taker,12,,,96.0
"H6 レンジ圧縮ブレイク(方向) {'channel': 96, 'hold': 12} hold=24",train,3168,0.45066348590807626,0.7494595753725685,0.29879608946449226,0.5702784981147415,0.9484295272721466,39.47812136554748,-46.77710567108285,0.053440132954021835,14.024283510248361,0.33725,H6 レンジ圧縮ブレイク(方向),half-maker,12,,,96.0
"H6 レンジ圧縮ブレイク(方向) {'channel': 96, 'hold': 12} hold=24",test,2063,-1.4731497278435348,-1.0767580008111455,0.39639172703238973,-1.69400516359888,-1.238432070201503,-129.04791615909366,-43.483748762474086,0.06998697433439588,-15.38512003199945,0.86175,H6 レンジ圧縮ブレイク(方向),half-maker,12,,,96.0
"H6 レンジ圧縮ブレイク(方向) {'channel': 96, 'hold': 12} hold=24",full,5279,-0.26392212958659433,0.07266475131723808,0.33658688090383243,-0.32215823440945707,0.08870944149842738,-23.119578551785665,-52.2189967401564,0.05979948271456714,1.2151401319653383,0.60525,H6 レンジ圧縮ブレイク(方向),half-maker,12,,,96.0
"H6 レンジ圧縮ブレイク(方向) {'channel': 96, 'hold': 12} hold=24",train,3168,0.6692993759415357,0.7494595753725685,0.08016019943103274,0.8470651347775026,0.9484295272721466,58.63062533247852,-42.39042305577524,0.053440132954021835,14.024283510248361,0.27525,H6 レンジ圧縮ブレイク(方向),maker-only(理論上限),12,,,96.0
"H6 レンジ圧縮ブレイク(方向) {'channel': 96, 'hold': 12} hold=24",test,2063,-1.1817384623127394,-1.0767580008111455,0.1049804615015938,-1.359136125903447,-1.238432070201503,-103.52028929859598,-38.98121647531683,0.06998697433439588,-15.38512003199945,0.8125,H6 レンジ圧縮ブレイク(方向),maker-only(理論上限),12,,,96.0
"H6 レンジ圧縮ブレイク(方向) {'channel': 96, 'hold': 12} hold=24",full,5279,-0.017034472754612555,0.07266475131723808,0.08969922407185069,-0.020796526872612645,0.08870944149842738,-1.4922198133040598,-42.39042305577524,0.05979948271456714,1.2151401319653383,0.49725,H6 レンジ圧縮ブレイク(方向),maker-only(理論上限),12,,,96.0
"H6 レンジ圧縮ブレイク(方向) {'channel': 96, 'hold': 24} hold=1",train,3168,-1.1032305467023569,0.02006524717018133,1.1232957938725376,-1.374159434229309,0.02501580680538333,-96.64299589112646,-84.81034715683955,0.11569438022714944,0.17343320505962412,0.77275,H6 レンジ圧縮ブレイク(方向),taker,24,,,96.0
"H6 レンジ圧縮ブレイク(方向) {'channel': 96, 'hold': 24} hold=1",test,2063,-1.1723298929701078,0.21876081918458268,1.39109071215469,-1.5462943451634361,0.28893090639431457,-102.69609862418146,-38.58951504904634,0.14319883887722015,1.5276717388201033,0.827,H6 レンジ圧縮ブレイク(方向),taker,24,,,96.0
"H6 レンジ圧縮ブレイク(方向) {'channel': 96, 'hold': 24} hold=1",full,5279,-1.0808714211805512,0.140115106728142,1.2209865279086936,-1.3811533927423478,0.17923091100663996,-94.68433649541628,-94.99100522424182,0.12570669972153461,1.1146192449449779,0.8855,H6 レンジ圧縮ブレイク(方向),taker,24,,,96.0
"H6 レンジ圧縮ブレイク(方向) {'channel': 96, 'hold': 24} hold=1",train,3168,-0.6283534349364495,0.02006524717018133,0.6484186821066308,-0.7830886247351146,0.02501580680538333,-55.04376090043298,-72.7430265832314,0.11569438022714944,0.17343320505962412,0.64425,H6 レンジ圧縮ブレイク(方向),half-maker,24,,,96.0
"H6 レンジ圧縮ブレイク(方向) {'channel': 96, 'hold': 24} hold=1",test,2063,-0.584183666050678,0.21876081918458268,0.8029444852352602,-0.7710899438195856,0.28893090639431457,-51.17448914603939,-30.11028218646202,0.14319883887722015,1.5276717388201033,0.68625,H6 レンジ圧縮ブレイク(方向),half-maker,24,,,96.0
"H6 レンジ圧縮ブレイク(方向) {'channel': 96, 'hold': 24} hold=1",full,5279,-0.564658182017356,0.140115106728142,0.7047732887454975,-0.7219641081556488,0.17923091100663996,-49.46405674472038,-72.7430265832314,0.12570669972153461,1.1146192449449779,0.74275,H6 レンジ圧縮ブレイク(方向),half-maker,24,,,96.0
"H6 レンジ圧縮ブレイク(方向) {'channel': 96, 'hold': 24} hold=1",train,3168,-0.1534763231705428,0.02006524717018133,0.17354157034072415,-0.19133106698604677,0.02501580680538333,-13.44452590973955,-60.67570600962334,0.11569438022714944,0.17343320505962412,0.4975,H6 レンジ圧縮ブレイク(方向),maker-only(理論上限),24,,,96.0
"H6 レンジ圧縮ブレイク(方向) {'channel': 96, 'hold': 24} hold=1",test,2063,0.003962560868752462,0.21876081918458268,0.21479825831583022,0.005232847991545054,0.28893090639431457,0.34712033210271565,-21.63104932387769,0.14319883887722015,1.5276717388201033,0.5175,H6 レンジ圧縮ブレイク(方向),maker-only(理論上限),24,,,96.0
"H6 レンジ圧縮ブレイク(方向) {'channel': 96, 'hold': 24} hold=1",full,5279,-0.048444942854159866,0.140115106728142,0.1885600495823019,-0.06196381921895149,0.17923091100663996,-4.243776994024405,-60.67570600962334,0.12570669972153461,1.1146192449449779,0.526,H6 レンジ圧縮ブレイク(方向),maker-only(理論上限),24,,,96.0
"H6 レンジ圧縮ブレイク(方向) {'channel': 96, 'hold': 24} hold=2",train,3168,-1.0830697025481202,-0.031088370955110516,1.05198133159301,-1.351125093823081,-0.03880906815354325,-94.87690594321533,-83.98944920018711,0.10807086194360274,-0.28766654023111354,0.7695,H6 レンジ圧縮ブレイク(方向),taker,24,,,96.0
"H6 レンジ圧縮ブレイク(方向) {'channel': 96, 'hold': 24} hold=2",test,2063,-1.0051800443682002,0.2598221315663565,1.2650021759345564,-1.3295523965697187,0.34382508676141676,-88.05377188665433,-38.68505733870838,0.1308679208948257,1.9853767813364063,0.7935,H6 レンジ圧縮ブレイク(方向),taker,24,,,96.0
"H6 レンジ圧縮ブレイク(方向) {'channel': 96, 'hold': 24} hold=2",full,5279,-1.0123600516662423,0.1178179518899194,1.1301780035561617,-1.2963240977268196,0.15095502393178084,-88.68274052596283,-93.00021454882432,0.11643916362506009,1.0118412759241304,0.86875,H6 レンジ圧縮ブレイク(方向),taker,24,,,96.0
"H6 レンジ圧縮ブレイク(方向) {'channel': 96, 'hold': 24} hold=2",train,3168,-0.6381321832093175,-0.031088370955110516,0.6070438122542071,-0.7964272551700433,-0.03880906815354325,-55.900379249136215,-74.42247970729211,0.10807086194360274,-0.28766654023111354,0.65175,H6 レンジ圧縮ブレイク(方向),half-maker,24,,,96.0
"H6 レンジ圧縮ブレイク(方向) {'channel': 96, 'hold': 24} hold=2",test,2063,-0.47082989707204104,0.2598221315663565,0.7306520286383973,-0.623010606933467,0.34382508676141676,-41.244698983510794,-30.09489863250166,0.1308679208948257,1.9853767813364063,0.65925,H6 レンジ圧縮ブレイク(方向),half-maker,24,,,96.0
"H6 レンジ圧縮ブレイク(方向) {'channel': 96, 'hold': 24} hold=2",full,5279,-0.5346004226069565,0.1178179518899194,0.6524183744968761,-0.6848468344685402,0.15095502393178084,-46.830997020369395,-74.42247970729211,0.11643916362506009,1.0118412759241304,0.7325,H6 レンジ圧縮ブレイク(方向),half-maker,24,,,96.0
"H6 レンジ圧縮ブレイク(方向) {'channel': 96, 'hold': 24} hold=2",train,3168,-0.1931946638705139,-0.031088370955110516,0.16210629291540413,-0.2411681686081778,-0.03880906815354325,-16.923852555057017,-65.20827548630716,0.10807086194360274,-0.28766654023111354,0.516,H6 レンジ圧縮ブレイク(方向),maker-only(理論上限),24,,,96.0
"H6 レンジ圧縮ブレイク(方向) {'channel': 96, 'hold': 24} hold=2",test,2063,0.06352025022411807,0.2598221315663565,0.1963018813422385,0.08406156155656225,0.34382508676141676,5.564373919632744,-22.288738281010474,0.1308679208948257,1.9853767813364063,0.50125,H6 レンジ圧縮ブレイク(方向),maker-only(理論上限),24,,,96.0
"H6 レンジ圧縮ブレイク(方向) {'channel': 96, 'hold': 24} hold=2",full,5279,-0.05684079354767097,0.1178179518899194,0.1746587454375901,-0.07282811470717317,0.15095502393178084,-4.979253514775977,-65.20827548630716,0.11643916362506009,1.0118412759241304,0.52775,H6 レンジ圧縮ブレイク(方向),maker-only(理論上限),24,,,96.0
"H6 レンジ圧縮ブレイク(方向) {'channel': 96, 'hold': 24} hold=3",train,3168,-0.9764246505103089,0.01626243199249349,0.9926870825028024,-1.2199059185606345,0.02034298243805554,-85.53479938470305,-85.52016201872509,0.10244283356597336,0.15874640935249473,0.7505,H6 レンジ圧縮ブレイク(方向),taker,24,,,96.0
"H6 レンジ圧縮ブレイク(方向) {'channel': 96, 'hold': 24} hold=3",test,2063,-0.859731697064235,0.3201983241925148,1.1799300212567496,-1.130014415112432,0.42132695585277496,-75.31249666282699,-38.93406683391712,0.12211665177994757,2.622069304434481,0.77625,H6 レンジ圧縮ブレイク(方向),taker,24,,,96.0
"H6 レンジ圧縮ブレイク(方向) {'channel': 96, 'hold': 24} hold=3",full,5279,-0.8951363695742768,0.16621268224517466,1.0613490518194515,-1.144663244068151,0.21279818773851814,-78.41394597470665,-91.90625232781761,0.1096417659959024,1.5159613741663598,0.846,H6 レンジ圧縮ブレイク(方向),taker,24,,,96.0
"H6 レンジ圧縮ブレイク(方向) {'channel': 96, 'hold': 24} hold=3",train,3168,-0.5569132344333875,0.01626243199249349,0.5731756664258812,-0.6962800378360843,0.02034298243805554,-48.78559933636474,-76.75495629670235,0.10244283356597336,0.15874640935249473,0.63275,H6 レンジ圧縮ブレイク(方向),half-maker,24,,,96.0
"H6 レンジ圧縮ブレイク(方向) {'channel': 96, 'hold': 24} hold=3",test,2063,-0.3613541752708209,0.3201983241925148,0.6815524994633354,-0.47526789884492343,0.42132695585277496,-31.654625753723913,-31.795662066319263,0.12211665177994757,2.622069304434481,0.63675,H6 レンジ圧縮ブレイク(方向),half-maker,24,,,96.0
"H6 レンジ圧縮ブレイク(方向) {'channel': 96, 'hold': 24} hold=3",full,5279,-0.44669316816147797,0.16621268224517466,0.6129058504066525,-0.5716057130985644,0.21279818773851814,-39.130321530945466,-76.75495629670235,0.1096417659959024,1.5159613741663598,0.7,H6 レンジ圧縮ブレイク(方向),half-maker,24,,,96.0
"H6 レンジ圧縮ブレイク(方向) {'channel': 96, 'hold': 24} hold=3",train,3168,-0.1374018183564666,0.01626243199249349,0.15366425034896003,-0.17186470376840382,0.02034298243805554,-12.036399288026473,-67.98975057467972,0.10244283356597336,0.15874640935249473,0.49675,H6 レンジ圧縮ブレイク(方向),maker-only(理論上限),24,,,96.0
"H6 レンジ圧縮ブレイク(方向) {'channel': 96, 'hold': 24} hold=3",test,2063,0.13702334652259318,0.3201983241925148,0.18317497766992133,0.18028758494383174,0.42132695585277496,12.003245155379163,-24.65725729872142,0.12211665177994757,2.622069304434481,0.4865,H6 レンジ圧縮ブレイク(方向),maker-only(理論上限),24,,,96.0
"H6 レンジ圧縮ブレイク(方向) {'channel': 96, 'hold': 24} hold=3",full,5279,0.0017500332513210263,0.16621268224517466,0.1644626489938536,0.0022403609369184164,0.21279818773851814,0.1533029128157219,-67.98975057467972,0.1096417659959024,1.5159613741663598,0.50675,H6 レンジ圧縮ブレイク(方向),maker-only(理論上限),24,,,96.0
"H6 レンジ圧縮ブレイク(方向) {'channel': 96, 'hold': 24} hold=6",train,3168,-1.4343224293514412,-0.5682022147818584,0.8661202145695825,-1.7872161297454494,-0.7087993663200823,-125.64664481118626,-91.07238342156256,0.08988244113392911,-6.321615296754235,0.834,H6 レンジ圧縮ブレイク(方向),taker,24,,,96.0
"H6 レンジ圧縮ブレイク(方向) {'channel': 96, 'hold': 24} hold=6",test,2063,-1.3158956140777875,-0.3049738441867794,1.010921769891008,-1.754080309765964,-0.4065174519891481,-115.27245579321419,-43.94583301610158,0.10536764815911623,-2.89437839332085,0.874,H6 レンジ圧縮ブレイク(方向),taker,24,,,96.0
"H6 レンジ圧縮ブレイク(方向) {'channel': 96, 'hold': 24} hold=6",full,5279,-1.3320608027930472,-0.41271361878567425,0.9193471840073727,-1.7089543526818065,-0.5298727717731797,-116.68852632467093,-103.20015008874965,0.0955586976696112,-4.318953992158917,0.9225,H6 レンジ圧縮ブレイク(方向),taker,24,,,96.0
"H6 レンジ圧縮ブレイク(方向) {'channel': 96, 'hold': 24} hold=6",train,3168,-1.0686741529170967,-0.5682022147818584,0.5004719381352382,-1.3325077540853512,-0.7087993663200823,-93.61585579553766,-82.62204537591671,0.08988244113392911,-6.321615296754235,0.75675,H6 レンジ圧縮ブレイク(方向),half-maker,24,,,96.0
"H6 レンジ圧縮ブレイク(方向) {'channel': 96, 'hold': 24} hold=6",test,2063,-0.8894604652516206,-0.3049738441867794,0.5844866210648412,-1.18588993942331,-0.4065174519891481,-77.91673675604196,-37.90141290054443,0.10536764815911623,-2.89437839332085,0.79,H6 レンジ圧縮ブレイク(方向),half-maker,24,,,96.0
"H6 レンジ圧縮ブレイク(方向) {'channel': 96, 'hold': 24} hold=6",full,5279,-0.9440562340415691,-0.41271361878567425,0.5313426152558949,-1.2117919452758708,-0.5298727717731797,-82.69932610204145,-85.2340799228199,0.0955586976696112,-4.318953992158917,0.84775,H6 レンジ圧縮ブレイク(方向),half-maker,24,,,96.0
"H6 レンジ圧縮ブレイク(方向) {'channel': 96, 'hold': 24} hold=6",train,3168,-0.7030258764827526,-0.5682022147818584,0.13482366170089366,-0.8769443591011026,-0.7087993663200823,-61.58506677988913,-76.05100674890792,0.08988244113392911,-6.321615296754235,0.674,H6 レンジ圧縮ブレイク(方向),maker-only(理論上限),24,,,96.0
"H6 レンジ圧縮ブレイク(方向) {'channel': 96, 'hold': 24} hold=6",test,2063,-0.46302531642545386,-0.3049738441867794,0.1580514722386743,-0.6172767269315069,-0.4065174519891481,-40.561017718869756,-31.856992784987316,0.10536764815911623,-2.89437839332085,0.66925,H6 レンジ圧縮ブレイク(方向),maker-only(理論上限),24,,,96.0
"H6 レンジ圧縮ブレイク(方向) {'channel': 96, 'hold': 24} hold=6",full,5279,-0.556051665290091,-0.41271361878567425,0.1433380465044168,-0.7139135492029723,-0.5298727717731797,-48.710125879411976,-76.05100674890792,0.0955586976696112,-4.318953992158917,0.72425,H6 レンジ圧縮ブレイク(方向),maker-only(理論上限),24,,,96.0
"H6 レンジ圧縮ブレイク(方向) {'channel': 96, 'hold': 24} hold=12",train,3168,-0.12788785318832216,0.5958394946782375,0.7237273478665598,-0.16484090998860035,0.7693927502650896,-11.202975939297023,-55.04164698779771,0.07500647137033377,7.943841161869419,0.51825,H6 レンジ圧縮ブレイク(方向),taker,24,,,96.0
"H6 レンジ圧縮ブレイク(方向) {'channel': 96, 'hold': 24} hold=12",test,2063,-1.6186468666578067,-0.7840229722339105,0.8346238944238965,-2.1194386825195237,-1.0279924411727541,-141.79346551922387,-55.818300227277696,0.08700502578605038,-9.011237743459343,0.87625,H6 レンジ圧縮ブレイク(方向),taker,24,,,96.0
"H6 レンジ圧縮ブレイク(方向) {'channel': 96, 'hold': 24} hold=12",full,5279,-0.6697776400300935,0.09487425090337086,0.7646518909334645,-0.8720033370399052,0.12372196883619056,-58.67252126663619,-72.97500772097032,0.07939228442845982,1.1950059327095166,0.755,H6 レンジ圧縮ブレイク(方向),taker,24,,,96.0
"H6 レンジ圧縮ブレイク(方向) {'channel': 96, 'hold': 24} hold=12",train,3168,0.17772096721720723,0.5958394946782375,0.41811852746103023,0.2293000765887897,0.7693927502650896,15.568356728227354,-49.352392935059854,0.07500647137033377,7.943841161869419,0.41175,H6 レンジ圧縮ブレイク(方向),half-maker,24,,,96.0
"H6 レンジ圧縮ブレイク(方向) {'channel': 96, 'hold': 24} hold=12",test,2063,-1.2665886887853965,-0.7840229722339105,0.48256571655148606,-1.6598065151718255,-1.0279924411727541,-110.95316913760074,-51.280859397128296,0.08700502578605038,-9.011237743459343,0.8195,H6 レンジ圧縮ブレイク(方向),half-maker,24,,,96.0
"H6 レンジ圧縮ブレイク(方向) {'channel': 96, 'hold': 24} hold=12",full,5279,-0.34699590788470613,0.09487425090337086,0.44187015878807717,-0.4521817424364942,0.12372196883619056,-30.396841530700257,-57.822545668320615,0.07939228442845982,1.1950059327095166,0.64025,H6 レンジ圧縮ブレイク(方向),half-maker,24,,,96.0
"H6 レンジ圧縮ブレイク(方向) {'channel': 96, 'hold': 24} hold=12",train,3168,0.48332978762273693,0.5958394946782375,0.11250970705550067,0.6240293727206476,0.7693927502650896,42.339689395751755,-43.66313888232203,0.07500647137033377,7.943841161869419,0.3215,H6 レンジ圧縮ブレイク(方向),maker-only(理論上限),24,,,96.0
"H6 レンジ圧縮ブレイク(方向) {'channel': 96, 'hold': 24} hold=12",test,2063,-0.9145305109129855,-0.7840229722339105,0.13050753867907555,-1.1990131521116358,-1.0279924411727541,-80.11287275597753,-48.141364418554325,0.08700502578605038,-9.011237743459343,0.74525,H6 レンジ圧縮ブレイク(方向),maker-only(理論上限),24,,,96.0
"H6 レンジ圧縮ブレイク(方向) {'channel': 96, 'hold': 24} hold=12",full,5279,-0.024214175739318992,0.09487425090337086,0.11908842664268972,-0.031573237186133,0.12372196883619056,-2.121161794764344,-48.141364418554275,0.07939228442845982,1.1950059327095166,0.50275,H6 レンジ圧縮ブレイク(方向),maker-only(理論上限),24,,,96.0
"H6 レンジ圧縮ブレイク(方向) {'channel': 96, 'hold': 24} hold=24",train,3168,-0.640455930145258,-0.0998677420692731,0.540588188075985,-0.8428612539219322,-0.131697336504199,-56.103939480724605,-77.25736673735528,0.056195483544466546,-1.7771489053964529,0.6975,H6 レンジ圧縮ブレイク(方向),taker,24,,,96.0
"H6 レンジ圧縮ブレイク(方向) {'channel': 96, 'hold': 24} hold=24",test,2063,-1.5237789919029732,-0.8739060056101529,0.6498729862928203,-1.9759155027924606,-1.1342033824504185,-133.48303969070045,-53.36490961003734,0.06750070366904788,-12.946620673687555,0.871,H6 レンジ圧縮ブレイク(方向),taker,24,,,96.0
"H6 レンジ圧縮ブレイク(方向) {'channel': 96, 'hold': 24} hold=24",full,5279,-0.9414079820482194,-0.35775488792430543,0.5836530941239141,-1.2364680830044261,-0.47061951811629277,-82.46733922742402,-79.31996756891203,0.06062571477552956,-5.9010419794457665,0.842,H6 レンジ圧縮ブレイク(方向),taker,24,,,96.0
"H6 レンジ圧縮ブレイク(方向) {'channel': 96, 'hold': 24} hold=24",train,3168,-0.4123084487656156,-0.0998677420692731,0.31244070669634244,-0.5431982911853817,-0.131697336504199,-36.118220111867934,-73.1075584062639,0.056195483544466546,-1.7771489053964529,0.6285,H6 レンジ圧縮ブレイク(方向),half-maker,24,,,96.0
"H6 レンジ圧縮ブレイク(方向) {'channel': 96, 'hold': 24} hold=24",test,2063,-1.2494680265083489,-0.8739060056101529,0.37556202089819607,-1.6212003522882839,-1.1342033824504185,-109.45339912213137,-49.79823167685943,0.06750070366904788,-12.946620673687555,0.8245,H6 レンジ圧縮ブレイク(方向),half-maker,24,,,96.0
"H6 レンジ圧縮ブレイク(方向) {'channel': 96, 'hold': 24} hold=24",full,5279,-0.6950507210679098,-0.35775488792430543,0.3372958331436041,-0.9137099717078084,-0.47061951811629277,-60.8864431655489,-73.1075584062639,0.06062571477552956,-5.9010419794457665,0.7765,H6 レンジ圧縮ブレイク(方向),half-maker,24,,,96.0
"H6 レンジ圧縮ブレイク(方向) {'channel': 96, 'hold': 24} hold=24",train,3168,-0.18416096738597285,-0.0998677420692731,0.08429322531669982,-0.24281023593817133,-0.131697336504199,-16.13250074301122,-68.95775007517257,0.056195483544466546,-1.7771489053964529,0.55975,H6 レンジ圧縮ブレイク(方向),maker-only(理論上限),24,,,96.0
"H6 レンジ圧縮ブレイク(方向) {'channel': 96, 'hold': 24} hold=24",test,2063,-0.9751570611137246,-0.8739060056101529,0.1012510555035718,-1.265602568200087,-1.1342033824504185,-85.42375855356228,-46.23155374368153,0.06750070366904788,-12.946620673687555,0.766,H6 レンジ圧縮ブレイク(方向),maker-only(理論上限),24,,,96.0
"H6 レンジ圧縮ブレイク(方向) {'channel': 96, 'hold': 24} hold=24",full,5279,-0.44869346008759997,-0.35775488792430543,0.09093857216329433,-0.5901796410691379,-0.47061951811629277,-39.30554710367375,-68.95775007517257,0.06062571477552956,-5.9010419794457665,0.68875,H6 レンジ圧縮ブレイク(方向),maker-only(理論上限),24,,,96.0
"対照 ランダム {'lookback': 6, 'top_n': 3} hold=1",train,3168,-7.808770178320675,-0.33378596114895887,7.474984217171715,-19.227531313324157,-0.8301079444612884,-684.0482676208911,-247.39826151926084,0.7855639730639732,-0.42489978231445275,1.0,対照 ランダム,taker,1,6.0,3.0,
"対照 ランダム {'lookback': 6, 'top_n': 3} hold=1",test,2063,-9.414111245237372,0.05676450205621291,9.470875747293585,-22.158805116300112,0.13419923049174104,-824.6761450827938,-195.43844171654007,0.9959605752140894,0.0569947279730535,1.0,対照 ランダム,taker,1,6.0,3.0,
"対照 ランダム {'lookback': 6, 'top_n': 3} hold=1",full,5279,-8.500833297365165,-0.2179830100632772,8.282850287301887,-20.490835077591797,-0.5296791049201768,-744.6729968491884,-448.77541203796864,0.8704300056828945,-0.25043140590294677,1.0,対照 ランダム,taker,1,6.0,3.0,
"対照 ランダム {'lookback': 6, 'top_n': 3} hold=1",train,3168,-4.6604510495327975,-0.33378596114895887,4.326665088383839,-11.54643203714155,-0.8301079444612884,-408.255511939073,-148.00659485259442,0.7855639730639732,-0.42489978231445275,1.0,対照 ランダム,half-maker,1,6.0,3.0,
"対照 ランダム {'lookback': 6, 'top_n': 3} hold=1",test,2063,-5.4256438030011465,0.05676450205621291,5.48240830505736,-12.806855435864797,0.13419923049174104,-475.28639714290046,-115.88425657305308,0.9959605752140894,0.0569947279730535,1.0,対照 ランダム,half-maker,1,6.0,3.0,
"対照 ランダム {'lookback': 6, 'top_n': 3} hold=1",full,5279,-5.012230657976392,-0.2179830100632772,4.794247647913115,-12.142361402069088,-0.5296791049201768,-439.07140563873196,-265.0358102278154,0.8704300056828945,-0.25043140590294677,1.0,対照 ランダム,half-maker,1,6.0,3.0,
"対照 ランダム {'lookback': 6, 'top_n': 3} hold=1",train,3168,-1.5121319207449186,-0.33378596114895887,1.1783459595959596,-3.7586985706155316,-0.8301079444612884,-132.46275625725488,-51.549089682489125,0.7855639730639732,-0.42489978231445275,0.99525,対照 ランダム,maker-only(理論上限),1,6.0,3.0,
"対照 ランダム {'lookback': 6, 'top_n': 3} hold=1",test,2063,-1.4371763607649215,0.05676450205621291,1.4939408628211344,-3.3970760654821497,0.13419923049174104,-125.89664920300712,-39.27808531594456,0.9959605752140894,0.0569947279730535,0.959,対照 ランダム,maker-only(理論上限),1,6.0,3.0,
"対照 ランダム {'lookback': 6, 'top_n': 3} hold=1",full,5279,-1.523628018587619,-0.2179830100632772,1.305645008524342,-3.700794758840513,-0.5296791049201768,-133.4698144282754,-84.79607882601292,0.8704300056828945,-0.25043140590294677,0.99975,対照 ランダム,maker-only(理論上限),1,6.0,3.0,
"対照 ランダム {'lookback': 6, 'top_n': 3} hold=2",train,3168,-5.176798113609352,-0.19968321461945324,4.977114898989898,-12.59415780526286,-0.49243029032928787,-453.48751475217927,-164.7856097486635,0.5233585858585859,-0.38154187208349083,1.0,対照 ランダム,taker,2,6.0,3.0,
"対照 ランダム {'lookback': 6, 'top_n': 3} hold=2",test,2063,-5.971777651969637,0.3236658768718551,6.295443528841493,-14.09990095079581,0.7770138659957108,-523.1277223125402,-125.1377891442025,0.6574567781547908,0.4922998554828979,1.0,対照 ランダム,taker,2,6.0,3.0,
"対照 ランダム {'lookback': 6, 'top_n': 3} hold=2",full,5279,-5.517806469263551,-0.013607441669941364,5.50419902759361,-13.17506137942114,-0.032984514528991274,-483.35984670748707,-291.2850035124241,0.5769400770347919,-0.023585537236167384,1.0,対照 ランダム,taker,2,6.0,3.0,
"対照 ランダム {'lookback': 6, 'top_n': 3} hold=2",train,3168,-3.0807596035083424,-0.19968321461945324,2.8810763888888884,-7.563821306340206,-0.49243029032928787,-269.87454126733076,-101.9163999535828,0.5233585858585859,-0.38154187208349083,1.0,対照 ランダム,half-maker,2,6.0,3.0,
"対照 ランダム {'lookback': 6, 'top_n': 3} hold=2",test,2063,-3.317148471164984,0.3236658768718551,3.6408143480368387,-7.9152568838280475,0.7770138659957108,-290.5822060740526,-72.32028914420256,0.6574567781547908,0.4922998554828979,1.0,対照 ランダム,half-maker,2,6.0,3.0,
"対照 ランダム {'lookback': 6, 'top_n': 3} hold=2",full,5279,-3.1984120132428404,-0.013607441669941364,3.184804571572899,-7.712388449716921,-0.032984514528991274,-280.18089236007285,-171.31153035856448,0.5769400770347919,-0.023585537236167384,1.0,対照 ランダム,half-maker,2,6.0,3.0,
"対照 ランダム {'lookback': 6, 'top_n': 3} hold=2",train,3168,-0.984721093407332,-0.19968321461945324,0.7850378787878788,-2.427718872160667,-0.49243029032928787,-86.26156778248229,-42.33139995358276,0.5233585858585859,-0.38154187208349083,0.95075,対照 ランダム,maker-only(理論上限),2,6.0,3.0,
"対照 ランダム {'lookback': 6, 'top_n': 3} hold=2",test,2063,-0.662519290360331,0.3236658768718551,0.9861851672321861,-1.5894476591216367,0.7770138659957108,-58.03668983556499,-22.977396350746798,0.6574567781547908,0.4922998554828979,0.80675,対照 ランダム,maker-only(理論上限),2,6.0,3.0,
"対照 ランダム {'lookback': 6, 'top_n': 3} hold=2",full,5279,-0.8790175572221292,-0.013607441669941364,0.8654101155521878,-2.1297397162019682,-0.032984514528991274,-77.00193801265851,-55.45661729953414,0.5769400770347919,-0.023585537236167384,0.96525,対照 ランダム,maker-only(理論上限),2,6.0,3.0,
"対照 ランダム {'lookback': 6, 'top_n': 3} hold=3",train,3168,-3.4657411775298916,0.4763884520997375,3.9421296296296284,-9.343132527201094,1.3038613777587964,-303.5989271516185,-111.51273862313151,0.41308922558922556,1.15323378725316,1.0,対照 ランダム,taker,3,6.0,3.0,
"対照 ランダム {'lookback': 6, 'top_n': 3} hold=3",test,2063,-5.1600255446915995,-0.2298671992399919,4.930158345451608,-12.956630958331326,-0.5860036061698981,-452.01823771498414,-109.65136841546148,0.5168847956051058,-0.44471650393757745,1.0,対照 ランダム,taker,3,6.0,3.0,
"対照 ランダム {'lookback': 6, 'top_n': 3} hold=3",full,5279,-4.116550347356265,0.22275002518904016,4.3393003725453045,-10.70925008076339,0.5885440422393292,-360.60981042840876,-217.31269283693672,0.4546315590073878,0.4899572429053929,1.0,対照 ランダム,taker,3,6.0,3.0,
"対照 ランダム {'lookback': 6, 'top_n': 3} hold=3",train,3168,-1.804493281906996,0.4763884520997375,2.2808817340067336,-4.918484140105797,1.3038613777587964,-158.07361149505286,-59.92246275533741,0.41308922558922556,1.15323378725316,0.999,対照 ランダム,half-maker,3,6.0,3.0,
"対照 ランダム {'lookback': 6, 'top_n': 3} hold=3",test,2063,-3.082609968669625,-0.2298671992399919,2.8527427694296326,-7.825676297464048,-0.5860036061698981,-270.03663325545915,-68.68157822908839,0.5168847956051058,-0.44471650393757745,1.0,対照 ランダム,half-maker,3,6.0,3.0,
"対照 ランダム {'lookback': 6, 'top_n': 3} hold=3",full,5279,-2.2878738303391533,0.22275002518904016,2.510623855528193,-6.018428023958562,0.5885440422393292,-200.41774753770986,-121.77512678276973,0.4546315590073878,0.4899572429053929,1.0,対照 ランダム,half-maker,3,6.0,3.0,
"対照 ランダム {'lookback': 6, 'top_n': 3} hold=3",train,3168,-0.1432453862841007,0.4763884520997375,0.6196338383838383,-0.39214095750233574,1.3038613777587964,-12.548295838487222,-17.055534430621027,0.41308922558922556,1.15323378725316,0.59025,対照 ランダム,maker-only(理論上限),3,6.0,3.0,
"対照 ランダム {'lookback': 6, 'top_n': 3} hold=3",test,2063,-1.0051943926476512,-0.2298671992399919,0.7753271934076587,-2.5627874221373,-0.5860036061698981,-88.05502879593423,-29.703194526241138,0.5168847956051058,-0.44471650393757745,0.8895,対照 ランダム,maker-only(理論上限),3,6.0,3.0,
"対照 ランダム {'lookback': 6, 'top_n': 3} hold=3",full,5279,-0.45919731332204167,0.22275002518904016,0.6819473385110817,-1.2133783958544733,0.5885440422393292,-40.22568464701085,-35.001137208596454,0.4546315590073878,0.4899572429053929,0.82875,対照 ランダム,maker-only(理論上限),3,6.0,3.0,
"対照 ランダム {'lookback': 6, 'top_n': 3} hold=6",train,3168,-2.605757679467859,-0.15886689663957637,2.446890782828283,-7.315047727809757,-0.4512696811827166,-228.26437272138443,-86.93691319007682,0.2558922558922559,-0.6208351092362393,1.0,対照 ランダム,taker,6,6.0,3.0,
"対照 ランダム {'lookback': 6, 'top_n': 3} hold=6",test,2063,-3.2289903495202568,-0.17934581890141732,3.0496445306188398,-8.280390051247096,-0.46600765564970215,-282.8595546179745,-73.70359346037088,0.317821942155437,-0.5642965293242866,1.0,対照 ランダム,taker,6,6.0,3.0,
"対照 ランダム {'lookback': 6, 'top_n': 3} hold=6",full,5279,-2.810679299009655,-0.12233870420003205,2.6883405948096226,-7.550260891804332,-0.3326881671890683,-246.21550659324578,-151.0119095300423,0.28067184441497756,-0.4358780783837813,1.0,対照 ランダム,taker,6,6.0,3.0,
"対照 ランダム {'lookback': 6, 'top_n': 3} hold=6",train,3168,-1.5742314799729096,-0.15886689663957637,1.415364583333333,-4.460649862131679,-0.4512696811827166,-137.90267764562688,-57.3723298567434,0.2558922558922559,-0.6208351092362393,0.99775,対照 ランダム,half-maker,6,6.0,3.0,
"対照 ランダム {'lookback': 6, 'top_n': 3} hold=6",test,2063,-1.942534540827415,-0.17934581890141732,1.7631887219259976,-5.030867081798643,-0.46600765564970215,-170.16602577648158,-48.76627857926612,0.317821942155437,-0.5642965293242866,0.99425,対照 ランダム,half-maker,6,6.0,3.0,
"対照 ランダム {'lookback': 6, 'top_n': 3} hold=6",full,5279,-1.6770128849160766,-0.12233870420003205,1.5546741807160447,-4.547756637976759,-0.3326881671890683,-146.9063287186483,-94.00399286337611,0.28067184441497756,-0.4358780783837813,1.0,対照 ランダム,half-maker,6,6.0,3.0,
"対照 ランダム {'lookback': 6, 'top_n': 3} hold=6",train,3168,-0.5427052804779602,-0.15886689663957637,0.3838383838383838,-1.5424460673963254,-0.4512696811827166,-47.540982569869314,-30.09540573139938,0.2558922558922559,-0.6208351092362393,0.827,対照 ランダム,maker-only(理論上限),6,6.0,3.0,
"対照 ランダム {'lookback': 6, 'top_n': 3} hold=6",test,2063,-0.6560787321345729,-0.17934581890141732,0.4767329132331556,-1.7051706266712168,-0.46600765564970215,-57.47249693498859,-25.879390498315274,0.317821942155437,-0.5642965293242866,0.78125,対照 ランダム,maker-only(理論上限),6,6.0,3.0,
"対照 ランダム {'lookback': 6, 'top_n': 3} hold=6",full,5279,-0.5433464708224983,-0.12233870420003205,0.4210077666224664,-1.4782021041324207,-0.3326881671890683,-47.59715084405086,-37.92047812414072,0.28067184441497756,-0.4358780783837813,0.8775,対照 ランダム,maker-only(理論上限),6,6.0,3.0,
"対照 ランダム {'lookback': 6, 'top_n': 3} hold=12",train,3168,-1.8788680015995658,-0.64964872550529,1.229219276094276,-5.034370645951301,-1.7469622281952264,-164.58883694012195,-63.57818687492399,0.12742003367003366,-5.098481822627808,0.9975,対照 ランダム,taker,12,6.0,3.0,
"対照 ランダム {'lookback': 6, 'top_n': 3} hold=12",test,2063,-1.1043267800272005,0.42584772312355035,1.530174503150751,-2.5843959445486604,1.0007033257888558,-96.73902593038277,-35.73567266879405,0.15931491355630956,2.6729934669489386,0.898,対照 ランダム,taker,12,6.0,3.0,
"対照 ランダム {'lookback': 6, 'top_n': 3} hold=12",full,5279,-1.5089554880211344,-0.15828932650064462,1.3506661615204898,-3.7902537374864362,-0.3990923072658621,-132.18450075065138,-84.92505448587346,0.14024120729936224,-1.1286934100813637,0.997,対照 ランダム,taker,12,6.0,3.0,
"対照 ランダム {'lookback': 6, 'top_n': 3} hold=12",train,3168,-1.359823388804953,-0.64964872550529,0.7101746632996633,-3.656926284172106,-1.7469622281952264,-119.12052885931388,-48.29777020825727,0.12742003367003366,-5.098481822627808,0.9805,対照 ランダム,half-maker,12,6.0,3.0,
"対照 ランダム {'lookback': 6, 'top_n': 3} hold=12",test,2063,-0.45872571361905734,0.42584772312355035,0.8845734367426079,-1.077509378754773,1.0007033257888558,-40.18437251302942,-27.250776658010533,0.15931491355630956,2.6729934669489386,0.70625,対照 ランダム,half-maker,12,6.0,3.0,
"対照 ランダム {'lookback': 6, 'top_n': 3} hold=12",full,5279,-0.9388033127354113,-0.15828932650064462,0.7805139862347666,-2.3666729052351374,-0.3990923072658621,-82.23917019562202,-57.392971152540106,0.14024120729936224,-1.1286934100813637,0.9565,対照 ランダム,half-maker,12,6.0,3.0,
"対照 ランダム {'lookback': 6, 'top_n': 3} hold=12",train,3168,-0.8407787760103402,-0.64964872550529,0.1911300505050505,-2.262242265184188,-1.7469622281952264,-73.65222077850581,-33.13327443706669,0.12742003367003366,-5.098481822627808,0.9135,対照 ランダム,maker-only(理論上限),12,6.0,3.0,
"対照 ランダム {'lookback': 6, 'top_n': 3} hold=12",test,2063,0.1868753527890862,0.42584772312355035,0.23897237033446433,0.4392959988090505,1.0007033257888558,16.37028090432395,-21.044999225998858,0.15931491355630956,2.6729934669489386,0.4165,対照 ランダム,maker-only(理論上限),12,6.0,3.0,
"対照 ランダム {'lookback': 6, 'top_n': 3} hold=12",full,5279,-0.3686511374496879,-0.15828932650064462,0.2103618109490434,-0.9299193769353221,-0.3990923072658621,-32.293839640592665,-33.13327443706669,0.14024120729936224,-1.1286934100813637,0.75325,対照 ランダム,maker-only(理論上限),12,6.0,3.0,
"対照 ランダム {'lookback': 6, 'top_n': 3} hold=24",train,3168,-0.5438957594235747,0.07892094933063384,0.6228167087542087,-1.5296507868616949,0.2223433039707319,-47.645268525505145,-40.98699643917346,0.06386784511784512,1.2356914372954597,0.7845,対照 ランダム,taker,24,6.0,3.0,
"対照 ランダム {'lookback': 6, 'top_n': 3} hold=24",test,2063,-0.4404020851369526,0.3230895936479884,0.7634916787849408,-1.0161315496148706,0.7482234704594659,-38.57922265799705,-25.433948655352413,0.07820326385522701,4.131408047701242,0.67025,対照 ランダム,taker,24,6.0,3.0,
"対照 ランダム {'lookback': 6, 'top_n': 3} hold=24",full,5279,-0.4168726040049221,0.26395394142666223,0.6808265454315842,-1.0667378209639853,0.6771440546744146,-36.51804011083117,-41.23632530343889,0.06964702910904842,3.789880843494153,0.77025,対照 ランダム,taker,24,6.0,3.0,
"対照 ランダム {'lookback': 6, 'top_n': 3} hold=24",train,3168,-0.2803882888848542,0.07892094933063384,0.35930923821548816,-0.7901555856596151,0.2223433039707319,-24.562014106313228,-34.02726496719901,0.06386784511784512,1.2356914372954597,0.66175,対照 ランダム,half-maker,24,6.0,3.0,
"対照 ランダム {'lookback': 6, 'top_n': 3} hold=24",test,2063,-0.11730869363590245,0.3230895936479884,0.4403982872838907,-0.2713610801825454,0.7482234704594659,-10.276241562505053,-20.42686532201909,0.07820326385522701,4.131408047701242,0.54425,対照 ランダム,half-maker,24,6.0,3.0,
"対照 ランダム {'lookback': 6, 'top_n': 3} hold=24",full,5279,-0.12869460312091627,0.26395394142666223,0.39264854454757847,-0.3300449533242692,0.6771440546744146,-11.273647233392264,-34.02726496719901,0.06964702910904842,3.789880843494153,0.58925,対照 ランダム,half-maker,24,6.0,3.0,
"対照 ランダム {'lookback': 6, 'top_n': 3} hold=24",train,3168,-0.016880818346133558,0.07892094933063384,0.09580176767676768,-0.04757934961760985,0.2223433039707319,-1.4787596871212996,-27.093514967199027,0.06386784511784512,1.2356914372954597,0.5015,対照 ランダム,maker-only(理論上限),24,6.0,3.0,
"対照 ランダム {'lookback': 6, 'top_n': 3} hold=24",test,2063,0.20578469786514786,0.3230895936479884,0.11730489578284052,0.4765390309861503,0.7482234704594659,18.02673953298695,-17.558807301593777,0.07820326385522701,4.131408047701242,0.424,対照 ランダム,maker-only(理論上限),24,6.0,3.0,
"対照 ランダム {'lookback': 6, 'top_n': 3} hold=24",full,5279,0.15948339776308967,0.26395394142666223,0.10447054366357264,0.40922607072574413,0.6771440546744146,13.970745644046655,-27.093514967199027,0.06964702910904842,3.789880843494153,0.38925,対照 ランダム,maker-only(理論上限),24,6.0,3.0,
"対照 ランダム {'lookback': 6, 'top_n': 5} hold=1",train,3168,-6.676839004354462,-0.05524809526355253,6.621590909090909,-20.86913963187729,-0.1746673696617496,-584.8910967814509,-212.69361233751374,0.6938762626262626,-0.07962240278179167,1.0,対照 ランダム,taker,1,6.0,5.0,
"対照 ランダム {'lookback': 6, 'top_n': 5} hold=1",test,2063,-8.478547459390068,-0.18295851125628104,8.295588948133787,-25.950071041330297,-0.5620803720435836,-742.72075744257,-175.32970193213515,0.8734852157052836,-0.20945805145488777,1.0,対照 ランダム,taker,1,6.0,5.0,
"対照 ランダム {'lookback': 6, 'top_n': 5} hold=1",full,5279,-7.4460985164605615,-0.14629741776762714,7.299801098692934,-23.016273358767915,-0.45619253236193097,-652.2782300419451,-394.11600219753063,0.7664709225232051,-0.19087145183018725,1.0,対照 ランダム,taker,1,6.0,5.0,
"対照 ランダム {'lookback': 6, 'top_n': 5} hold=1",train,3168,-3.886450746778704,-0.05524809526355253,3.8312026515151514,-12.233128576049609,-0.1746673696617496,-340.4530854178145,-126.00694765028283,0.6938762626262626,-0.07962240278179167,1.0,対照 ランダム,half-maker,1,6.0,5.0,
"対照 ランダム {'lookback': 6, 'top_n': 5} hold=1",test,2063,-4.985866897102136,-0.18295851125628104,4.802908385845856,-15.297628038454652,-0.5620803720435836,-436.76194018614717,-104.90649013459377,0.8734852157052836,-0.20945805145488777,1.0,対照 ランダム,half-maker,1,6.0,5.0,
"対照 ランダム {'lookback': 6, 'top_n': 5} hold=1",full,5279,-4.371051159006498,-0.14629741776762714,4.224753741238871,-13.584852590943534,-0.45619253236193097,-382.90408152896924,-232.72108751030035,0.7664709225232051,-0.19087145183018725,1.0,対照 ランダム,half-maker,1,6.0,5.0,
"対照 ランダム {'lookback': 6, 'top_n': 5} hold=1",train,3168,-1.0960624892029462,-0.05524809526355253,1.0408143939393937,-3.4633744036603455,-0.1746673696617496,-96.0150740541781,-39.72974515050823,0.6938762626262626,-0.07962240278179167,0.992,対照 ランダム,maker-only(理論上限),1,6.0,5.0,
"対照 ランダム {'lookback': 6, 'top_n': 5} hold=1",test,2063,-1.493186334814206,-0.18295851125628104,1.310227823557925,-4.586833427874475,-0.5620803720435836,-130.80312292972445,-36.79181204049462,0.8734852157052836,-0.20945805145488777,0.9885,対照 ランダム,maker-only(理論上限),1,6.0,5.0,
"対照 ランダム {'lookback': 6, 'top_n': 5} hold=1",full,5279,-1.2960038015524344,-0.14629741776762714,1.1497063837848076,-4.039709188488172,-0.45619253236193097,-113.52993301599325,-71.73563501052557,0.7664709225232051,-0.19087145183018725,0.9995,対照 ランダム,maker-only(理論上限),1,6.0,5.0,
"対照 ランダム {'lookback': 6, 'top_n': 5} hold=2",train,3168,-5.01676923012064,-0.4905223866862965,4.526246843434343,-16.324066295199785,-1.6272457761394064,-439.468984558568,-160.02327325400867,0.47430555555555554,-1.0341906834967305,1.0,対照 ランダム,taker,2,6.0,5.0,
"対照 ランダム {'lookback': 6, 'top_n': 5} hold=2",test,2063,-5.349798993373845,0.2890521942170429,5.6388511875908875,-16.196781778520034,0.894456606447086,-468.64239181954883,-112.88123880631066,0.5929229277750848,0.48750382330752084,1.0,対照 ランダム,taker,2,6.0,5.0,
"対照 ランダム {'lookback': 6, 'top_n': 5} hold=2",full,5279,-5.2011409751573465,-0.22348422198439716,4.9776567531729485,-16.33144167622457,-0.7159910365873801,-455.61994942378357,-275.1629057961185,0.5222580034097368,-0.42791919037201037,1.0,対照 ランダム,taker,2,6.0,5.0,
"対照 ランダム {'lookback': 6, 'top_n': 5} hold=2",train,3168,-3.1093749750701347,-0.4905223866862965,2.6188525883838385,-10.25064196589614,-1.6272457761394064,-272.38124781614374,-100.18027325400882,0.47430555555555554,-1.0341906834967305,1.0,対照 ランダム,half-maker,2,6.0,5.0,
"対照 ランダム {'lookback': 6, 'top_n': 5} hold=2",test,2063,-2.975065595409714,0.2890521942170429,3.2641177896267575,-9.131950402255631,0.894456606447086,-260.61574615789095,-65.77273880631057,0.5929229277750848,0.48750382330752084,1.0,対照 ランダム,half-maker,2,6.0,5.0,
"対照 ランダム {'lookback': 6, 'top_n': 5} hold=2",full,5279,-3.1040061011281748,-0.22348422198439716,2.880521879143777,-9.876397465939888,-0.7159910365873801,-271.9109344588281,-164.82440579611858,0.5222580034097368,-0.42791919037201037,1.0,対照 ランダム,half-maker,2,6.0,5.0,
"対照 ランダム {'lookback': 6, 'top_n': 5} hold=2",train,3168,-1.20198072001963,-0.4905223866862965,0.7114583333333333,-3.986132647597849,-1.6272457761394064,-105.29351107371959,-44.74688648651244,0.47430555555555554,-1.0341906834967305,0.996,対照 ランダム,maker-only(理論上限),2,6.0,5.0,
"対照 ランダム {'lookback': 6, 'top_n': 5} hold=2",test,2063,-0.6003321974455844,0.2890521942170429,0.8893843916626272,-1.8560755677268392,0.894456606447086,-52.5891004962332,-21.635530682717174,0.5929229277750848,0.48750382330752084,0.80825,対照 ランダム,maker-only(理論上限),2,6.0,5.0,
"対照 ランダム {'lookback': 6, 'top_n': 5} hold=2",full,5279,-1.0068712270990023,-0.22348422198439716,0.783387005114605,-3.224137479396246,-0.7159910365873801,-88.20191949387261,-61.35979628085689,0.5222580034097368,-0.42791919037201037,0.99625,対照 ランダム,maker-only(理論上限),2,6.0,5.0,
"対照 ランダム {'lookback': 6, 'top_n': 5} hold=3",train,3168,-3.2264576240210596,0.4049028557769207,3.63136047979798,-10.736902285729299,1.3780414628935702,-282.6376878642448,-103.83205417437338,0.3789772727272727,1.0684093345837788,1.0,対照 ランダム,taker,3,6.0,5.0,
"対照 ランダム {'lookback': 6, 'top_n': 5} hold=3",test,2063,-5.073343393664002,-0.5414480955544525,4.531895298109549,-15.434583527086607,-1.6836254925495477,-444.4248812849666,-106.83434039393092,0.47445467765390203,-1.1412008797801754,1.0,対照 ランダム,taker,3,6.0,5.0,
"対照 ランダム {'lookback': 6, 'top_n': 5} hold=3",full,5279,-3.9998637947187543,-0.006332822943796218,3.9935309717749576,-12.735231450114618,-0.020617976205912568,-350.3880684173629,-212.31782940924666,0.41727599924228076,-0.015176580860859011,1.0,対照 ランダム,taker,3,6.0,5.0,
"対照 ランダム {'lookback': 6, 'top_n': 5} hold=3",train,3168,-1.6950103386675237,0.4049028557769207,2.0999131944444445,-5.727651346600955,1.3780414628935702,-148.48290566727508,-55.93355417437316,0.3789772727272727,1.0684093345837788,1.0,対照 ランダム,half-maker,3,6.0,5.0,
"対照 ランダム {'lookback': 6, 'top_n': 5} hold=3",test,2063,-3.163236752849654,-0.5414480955544525,2.621788657295201,-9.766960768577782,-1.6836254925495477,-277.0995395496297,-69.2125967299783,0.47445467765390203,-1.1412008797801754,1.0,対照 ランダム,half-maker,3,6.0,5.0,
"対照 ランダム {'lookback': 6, 'top_n': 5} hold=3",full,5279,-2.3160553082629853,-0.006332822943796218,2.309722485319189,-7.486265727915205,-0.020617976205912568,-202.8864450038375,-124.06482940924677,0.41727599924228076,-0.015176580860859011,1.0,対照 ランダム,half-maker,3,6.0,5.0,
"対照 ランダム {'lookback': 6, 'top_n': 5} hold=3",train,3168,-0.1635630533139883,0.4049028557769207,0.568465909090909,-0.5565019151766041,1.3780414628935702,-14.328123470305377,-23.452673014202393,0.3789772727272727,1.0684093345837788,0.638,対照 ランダム,maker-only(理論上限),3,6.0,5.0,
"対照 ランダム {'lookback': 6, 'top_n': 5} hold=3",test,2063,-1.2531301120353056,-0.5414480955544525,0.711682016480853,-3.895136054305176,-1.6836254925495477,-109.77419781429276,-33.23612005484603,0.47445467765390203,-1.1412008797801754,0.972,対照 ランダム,maker-only(理論上限),3,6.0,5.0,
"対照 ランダム {'lookback': 6, 'top_n': 5} hold=3",full,5279,-0.6322468218072175,-0.006332822943796218,0.6259139988634211,-2.0576648389398553,-0.020617976205912568,-55.38482159031225,-51.229448249076235,0.41727599924228076,-0.015176580860859011,0.94975,対照 ランダム,maker-only(理論上限),3,6.0,5.0,
"対照 ランダム {'lookback': 6, 'top_n': 5} hold=6",train,3168,-2.481262736224471,-0.12684354430527833,2.354419191919192,-8.762283141769059,-0.4584060028734951,-217.35861569326366,-82.02412688008145,0.24589646464646464,-0.5158412687536864,1.0,対照 ランダム,taker,6,6.0,5.0,
"対照 ランダム {'lookback': 6, 'top_n': 5} hold=6",test,2063,-3.02191080637626,-0.09685021500447105,2.9250605913717886,-9.36536002531266,-0.30740994364611063,-264.71938663856037,-66.66468974131647,0.3048957828405235,-0.3176502282261109,1.0,対照 ランダム,taker,6,6.0,5.0,
"対照 ランダム {'lookback': 6, 'top_n': 5} hold=6",full,5279,-2.688986456594455,-0.10596883962154388,2.5830176169729113,-8.890941808454563,-0.3585887280753951,-235.55521359767425,-144.3702149681158,0.26952074256487973,-0.393175080378219,1.0,対照 ランダム,taker,6,6.0,5.0,
"対照 ランダム {'lookback': 6, 'top_n': 5} hold=6",train,3168,-1.4884754887497227,-0.12684354430527833,1.3616319444444445,-5.3415714213563215,-0.4584060028734951,-130.3904528144757,-51.525626880081276,0.24589646464646464,-0.5158412687536864,1.0,対照 ランダム,half-maker,6,6.0,5.0,
"対照 ランダム {'lookback': 6, 'top_n': 5} hold=6",test,2063,-1.7880523478207582,-0.09685021500447105,1.691202132816287,-5.630316283181446,-0.30740994364611063,-156.6333856690984,-43.19109511435395,0.3048957828405235,-0.3176502282261109,0.991,対照 ランダム,half-maker,6,6.0,5.0,
"対照 ランダム {'lookback': 6, 'top_n': 5} hold=6",full,5279,-1.5996182050316599,-0.10596883962154388,1.4936493654101155,-5.373077144602655,-0.3585887280753951,-140.12655476077342,-87.55396496811623,0.26952074256487973,-0.393175080378219,1.0,対照 ランダム,half-maker,6,6.0,5.0,
"対照 ランダム {'lookback': 6, 'top_n': 5} hold=6",train,3168,-0.4956882412749752,-0.12684354430527833,0.36884469696969696,-1.7911960191896181,-0.4584060028734951,-43.42228993568782,-25.159982252634705,0.24589646464646464,-0.5158412687536864,0.873,対照 ランダム,maker-only(理論上限),6,6.0,5.0,
"対照 ランダム {'lookback': 6, 'top_n': 5} hold=6",test,2063,-0.5541938892652563,-0.09685021500447105,0.4573436742607852,-1.758159673108492,-0.30740994364611063,-48.54738469963644,-25.193940986358488,0.3048957828405235,-0.3176502282261109,0.7475,対照 ランダム,maker-only(理論上限),6,6.0,5.0,
"対照 ランダム {'lookback': 6, 'top_n': 5} hold=6",full,5279,-0.5102499534688635,-0.10596883962154388,0.4042811138473195,-1.726113805195473,-0.3585887280753951,-44.697895923872444,-39.660916212673996,0.26952074256487973,-0.393175080378219,0.9025,対照 ランダム,maker-only(理論上限),6,6.0,5.0,
"対照 ランダム {'lookback': 6, 'top_n': 5} hold=12",train,3168,-1.4059398805419265,-0.21247397145101776,1.1934659090909092,-4.857190375145144,-0.7394201334860594,-123.16033353547277,-50.213237404366616,0.12367424242424241,-1.7180131229117517,0.99825,対照 ランダム,taker,12,6.0,5.0,
"対照 ランダム {'lookback': 6, 'top_n': 5} hold=12",test,2063,-1.4755695590157387,0.020940377969234807,1.4965099369849733,-4.615153752804805,0.06612753424837679,-129.25989336977872,-36.33200499261494,0.1547261269995153,0.1353383450831184,0.98975,対照 ランダム,taker,12,6.0,5.0,
"対照 ランダム {'lookback': 6, 'top_n': 5} hold=12",full,5279,-1.3738328294583515,-0.058858402483545604,1.314974426974806,-4.524184310121156,-0.195418185014345,-120.3477558605516,-74.7501552090304,0.1360863799962114,-0.4325076652430919,1.0,対照 ランダム,taker,12,6.0,5.0,
"対照 ランダム {'lookback': 6, 'top_n': 5} hold=12",train,3168,-0.901962607814654,-0.21247397145101776,0.6894886363636362,-3.136158668107179,-0.7394201334860594,-79.01192444456369,-36.09548740436667,0.12367424242424241,-1.7180131229117517,0.97825,対照 ランダム,half-maker,12,6.0,5.0,
"対照 ランダム {'lookback': 6, 'top_n': 5} hold=12",test,2063,-0.8433591857728885,0.020940377969234807,0.8642995637421231,-2.657572453537925,0.06612753424837679,-73.87826467370503,-26.87794989523348,0.1547261269995153,0.1353383450831184,0.907,対照 ランダム,half-maker,12,6.0,5.0,
"対照 ランダム {'lookback': 6, 'top_n': 5} hold=12",full,5279,-0.8184104009681072,-0.058858402483545604,0.7595519984845616,-2.7134936847314446,-0.195418185014345,-71.6927511248062,-47.91790520903037,0.1360863799962114,-0.4325076652430919,0.98625,対照 ランダム,half-maker,12,6.0,5.0,
"対照 ランダム {'lookback': 6, 'top_n': 5} hold=12",train,3168,-0.3979853350873813,-0.21247397145101776,0.1855113636363636,-1.3859286785195375,-0.7394201334860594,-34.8635153536546,-21.977737404366582,0.12367424242424241,-1.7180131229117517,0.823,対照 ランダム,maker-only(理論上限),12,6.0,5.0,
"対照 ランダム {'lookback': 6, 'top_n': 5} hold=12",test,2063,-0.21114881253003814,0.020940377969234807,0.23208919049927285,-0.6670204431104314,0.06612753424837679,-18.49663597763134,-17.630699895233455,0.1547261269995153,0.1353383450831184,0.64125,対照 ランダム,maker-only(理論上限),12,6.0,5.0,
"対照 ランダム {'lookback': 6, 'top_n': 5} hold=12",full,5279,-0.2629879724778629,-0.058858402483545604,0.2041295699943171,-0.8736168110728043,-0.195418185014345,-23.037746389060786,-21.977737404366582,0.1360863799962114,-0.4325076652430919,0.773,対照 ランダム,maker-only(理論上限),12,6.0,5.0,
"対照 ランダム {'lookback': 6, 'top_n': 5} hold=24",train,3168,-0.7264607429072288,-0.13179533886682485,0.5946654040404041,-2.6139506086710425,-0.4751708906111787,-63.63796107867326,-40.86126070322788,0.06098484848484849,-2.161116115580233,0.93075,対照 ランダム,taker,24,6.0,5.0,
"対照 ランダム {'lookback': 6, 'top_n': 5} hold=24",test,2063,-0.988177396411714,-0.24210371730361901,0.746073679108095,-3.1978661028135185,-0.7890592219172723,-86.56433992566615,-28.092349265454942,0.07581192438196802,-3.1934780613642326,0.922,対照 ランダム,taker,24,6.0,5.0,
"対照 ランダム {'lookback': 6, 'top_n': 5} hold=24",full,5279,-0.7475276878724084,-0.09087870132192537,0.656648986550483,-2.5571690055565366,-0.31216644351535844,-65.48342545762297,-50.50417218767538,0.06698238302708846,-1.3567552722806673,0.97025,対照 ランダム,taker,24,6.0,5.0,
"対照 ランダム {'lookback': 6, 'top_n': 5} hold=24",train,3168,-0.47486667725066317,-0.13179533886682485,0.3430713383838384,-1.713352527495351,-0.4751708906111787,-41.59832092715809,-34.263010703227806,0.06098484848484849,-2.161116115580233,0.83375,対照 ランダム,half-maker,24,6.0,5.0,
"対照 ランダム {'lookback': 6, 'top_n': 5} hold=24",test,2063,-0.6719995001441426,-0.24210371730361901,0.4298957828405235,-2.1853264047564718,-0.7890592219172723,-58.867156212626895,-23.140441281951006,0.07581192438196802,-3.1934780613642326,0.834,対照 ランダム,half-maker,24,6.0,5.0,
"対照 ランダム {'lookback': 6, 'top_n': 5} hold=24",full,5279,-0.46943998186748326,-0.09087870132192537,0.3785612805455579,-1.6117112696495444,-0.31216644351535844,-41.12294241159154,-37.46092218767525,0.06698238302708846,-1.3567552722806673,0.88725,対照 ランダム,half-maker,24,6.0,5.0,
"対照 ランダム {'lookback': 6, 'top_n': 5} hold=24",train,3168,-0.22327261159409756,-0.13179533886682485,0.09147727272727271,-0.8055675714384566,-0.4751708906111787,-19.558680775642948,-27.66476070322777,0.06098484848484849,-2.161116115580233,0.65425,対照 ランダム,maker-only(理論上限),24,6.0,5.0,
"対照 ランダム {'lookback': 6, 'top_n': 5} hold=24",test,2063,-0.3558216038765708,-0.24210371730361901,0.11371788657295201,-1.1595471567258568,-0.7890592219172723,-31.1699724995876,-18.208941281950995,0.07581192438196802,-3.1934780613642326,0.69125,対照 ランダム,maker-only(理論上限),24,6.0,5.0,
"対照 ランダム {'lookback': 6, 'top_n': 5} hold=24",full,5279,-0.1913522758625581,-0.09087870132192537,0.10047357454063267,-0.6575309055187541,-0.31216644351535844,-16.76245936556009,-27.66476070322777,0.06698238302708846,-1.3567552722806673,0.69325,対照 ランダム,maker-only(理論上限),24,6.0,5.0,
"対照 ランダム {'lookback': 24, 'top_n': 3} hold=1",train,3168,-4.426599008152824,-0.20535006034137646,4.221248947811447,-11.413036425916978,-0.5315276433616511,-387.77007311418737,-148.29058448662977,0.4378156565656566,-0.46903315873214174,1.0,対照 ランダム,taker,1,24.0,3.0,
"対照 ランダム {'lookback': 24, 'top_n': 3} hold=1",test,2063,-5.974295935663602,-0.6860425829410314,5.288253352722571,-13.259754677019728,-1.5267828237641365,-523.3483239641315,-134.9600986741296,0.5521085797382452,-1.2425863464507003,1.0,対照 ランダム,taker,1,24.0,3.0,
"対照 ランダム {'lookback': 24, 'top_n': 3} hold=1",full,5279,-5.057615269085237,-0.4035456851994014,4.654069583885837,-12.237635151379374,-0.9799616444594429,-443.0470975718668,-272.5852934234278,0.4841194670707837,-0.8335663253558,1.0,対照 ランダム,taker,1,24.0,3.0,
"対照 ランダム {'lookback': 24, 'top_n': 3} hold=1",train,3168,-2.6443362766713427,-0.20535006034137646,2.4389862163299663,-6.8364769488231625,-0.5315276433616511,-231.6438578364096,-94.2906182698363,0.4378156565656566,-0.46903315873214174,1.0,対照 ランダム,half-maker,1,24.0,3.0,
"対照 ランダム {'lookback': 24, 'top_n': 3} hold=1",test,2063,-3.744250694106001,-0.6860425829410314,3.0582081111649706,-8.324873394491386,-1.5267828237641365,-327.99636080368566,-91.75426534079607,0.5521085797382452,-1.2425863464507003,1.0,対照 ランダム,half-maker,1,24.0,3.0,
"対照 ランダム {'lookback': 24, 'top_n': 3} hold=1",full,5279,-3.093670077445407,-0.4035456851994014,2.690124392246006,-7.503613203970249,-0.9799616444594429,-271.00549878421765,-170.9741722906801,0.4841194670707837,-0.8335663253558,1.0,対照 ランダム,half-maker,1,24.0,3.0,
"対照 ランダム {'lookback': 24, 'top_n': 3} hold=1",train,3168,-0.8620735451898613,-0.20535006034137646,0.6567234848484849,-2.231270013603341,-0.5315276433616511,-75.51764255863185,-42.90471635827119,0.4378156565656566,-0.46903315873214174,0.92075,対照 ランダム,maker-only(理論上限),1,24.0,3.0,
"対照 ランダム {'lookback': 24, 'top_n': 3} hold=1",test,2063,-1.514205452548399,-0.6860425829410314,0.828162869607368,-3.3694442948171632,-1.5267828237641365,-132.64439764323976,-51.32851778133585,0.5521085797382452,-1.2425863464507003,0.9115,対照 ランダム,maker-only(理論上限),1,24.0,3.0,
"対照 ランダム {'lookback': 24, 'top_n': 3} hold=1",full,5279,-1.1297248858055768,-0.4035456851994014,0.7261792006061755,-2.7431026509056275,-0.9799616444594429,-98.96389999656851,-73.99467473121992,0.4841194670707837,-0.8335663253558,0.9825,対照 ランダム,maker-only(理論上限),1,24.0,3.0,
"対照 ランダム {'lookback': 24, 'top_n': 3} hold=2",train,3168,-3.5713912566495747,-0.6575391943600127,2.913852062289562,-8.86885877207672,-1.6477173576230584,-312.8538740825027,-119.5147284420277,0.30124158249158245,-2.1827637105125954,1.0,対照 ランダム,taker,2,24.0,3.0,
"対照 ランダム {'lookback': 24, 'top_n': 3} hold=2",test,2063,-3.607352024260684,0.035684007408405674,3.6430360316690895,-7.929863309190885,0.07889605398653954,-316.00403732523586,-89.84609369855771,0.3788980449184036,0.09417838884887962,1.0,対照 ランダム,taker,2,24.0,3.0,
"対照 ランダム {'lookback': 24, 'top_n': 3} hold=2",full,5279,-3.6159486907969485,-0.40195614170305477,3.213992549093893,-8.528665421295416,-0.9552407447093971,-316.7571053138127,-195.53523883773886,0.33314390351708023,-1.2065540970718875,1.0,対照 ランダム,taker,2,24.0,3.0,
"対照 ランダム {'lookback': 24, 'top_n': 3} hold=2",train,3168,-2.3403964123734804,-0.6575391943600127,1.6828572180134675,-5.842850005061865,-1.6477173576230584,-205.01872572391687,-82.54228500210652,0.30124158249158245,-2.1827637105125954,1.0,対照 ランダム,half-maker,2,24.0,3.0,
"対照 ランダム {'lookback': 24, 'top_n': 3} hold=2",test,2063,-2.0700075421149413,0.035684007408405674,2.105691549523348,-4.567275591842791,0.07889605398653954,-181.33266068926886,-59.898180578302714,0.3788980449184036,0.09417838884887962,0.98325,対照 ランダム,half-maker,2,24.0,3.0,
"対照 ランダム {'lookback': 24, 'top_n': 3} hold=2",full,5279,-2.258810343887812,-0.40195614170305477,1.8568542021847572,-5.35217905029535,-0.9552407447093971,-197.87178612457234,-125.49340076480729,0.33314390351708023,-1.2065540970718875,1.0,対照 ランダム,half-maker,2,24.0,3.0,
"対照 ランダム {'lookback': 24, 'top_n': 3} hold=2",train,3168,-1.109401568097386,-0.6575391943600127,0.45186237373737376,-2.7784147991064754,-1.6477173576230584,-97.18357736533102,-46.63613177440741,0.30124158249158245,-2.1827637105125954,0.9575,対照 ランダム,maker-only(理論上限),2,24.0,3.0,
"対照 ランダム {'lookback': 24, 'top_n': 3} hold=2",test,2063,-0.5326630599691993,0.035684007408405674,0.5683470673776053,-1.1774469106809797,0.07889605398653954,-46.66128405330186,-40.62474057655538,0.3788980449184036,0.09417838884887962,0.68875,対照 ランダム,maker-only(理論上限),2,24.0,3.0,
"対照 ランダム {'lookback': 24, 'top_n': 3} hold=2",full,5279,-0.9016719969786752,-0.40195614170305477,0.49971585527562046,-2.1419391895674913,-0.9552407447093971,-78.98646693533195,-67.05996076305982,0.33314390351708023,-1.2065540970718875,0.94975,対照 ランダム,maker-only(理論上限),2,24.0,3.0,
"対照 ランダム {'lookback': 24, 'top_n': 3} hold=3",train,3168,-1.7934056519111101,0.5214617723313142,2.314867424242424,-4.804054831309739,1.404817343996116,-157.10233510741324,-65.37394271003278,0.2389520202020202,2.1822865188184983,0.9985,対照 ランダム,taker,3,24.0,3.0,
"対照 ランダム {'lookback': 24, 'top_n': 3} hold=3",test,2063,-2.6811792187059784,0.17408819121484914,2.855267409920827,-5.986449426768769,0.38989013448516624,-234.87129955864367,-68.72186166661567,0.2964937792858297,0.5871563026859408,0.997,対照 ランダム,taker,3,24.0,3.0,
"対照 ランダム {'lookback': 24, 'top_n': 3} hold=3",full,5279,-2.1459186946162303,0.3873735955902477,2.5332922902064783,-5.310257288138183,0.9628188633606845,-187.98247764838177,-120.16711556818586,0.2621708656942603,1.4775615687289867,1.0,対照 ランダム,taker,3,24.0,3.0,
"対照 ランダム {'lookback': 24, 'top_n': 3} hold=3",train,3168,-0.815185954941413,0.5214617723313142,1.336647727272727,-2.192896225557712,1.404817343996116,-71.41028965286779,-37.99479901965082,0.2389520202020202,2.1822865188184983,0.8965,対照 ランダム,half-maker,3,24.0,3.0,
"対照 ランダム {'lookback': 24, 'top_n': 3} hold=3",test,2063,-1.4759158482099364,0.17408819121484914,1.650004039424786,-3.3042703121993866,0.38989013448516624,-129.29022830319045,-49.01726033249392,0.2964937792858297,0.5871563026859408,0.942,対照 ランダム,half-maker,3,24.0,3.0,
"対照 ランダム {'lookback': 24, 'top_n': 3} hold=3",full,5279,-1.0759006987836868,0.3873735955902477,1.4632742943739343,-2.67170252288592,0.9628188633606845,-94.24890121345095,-69.62084756739706,0.2621708656942603,1.4775615687289867,0.98675,対照 ランダム,half-maker,3,24.0,3.0,
"対照 ランダム {'lookback': 24, 'top_n': 3} hold=3",train,3168,0.16303374202828377,0.5214617723313142,0.3584280303030303,0.43926942134205516,1.404817343996116,14.28175580167766,-23.67136999251588,0.2389520202020202,2.1822865188184983,0.372,対照 ランダム,maker-only(理論上限),3,24.0,3.0,
"対照 ランダム {'lookback': 24, 'top_n': 3} hold=3",test,2063,-0.2706524777138954,0.17408819121484914,0.44474066892874453,-0.6062957933911352,0.38989013448516624,-23.709157047737236,-32.765593665827275,0.2964937792858297,0.5871563026859408,0.57825,対照 ランダム,maker-only(理論上限),3,24.0,3.0,
"対照 ランダム {'lookback': 24, 'top_n': 3} hold=3",full,5279,-0.005882702951142562,0.3873735955902477,0.3932562985413904,-0.014624141213366693,0.9628188633606845,-0.5153247785200885,-34.54366854026223,0.2621708656942603,1.4775615687289867,0.49775,対照 ランダム,maker-only(理論上限),3,24.0,3.0,
"対照 ランダム {'lookback': 24, 'top_n': 3} hold=6",train,3168,-1.3093844500575849,0.23820077721514205,1.5475852272727273,-3.698768580045216,0.6807546284989587,-114.70207782504444,-49.65964371210136,0.15919612794612795,1.4962724300414474,0.99,対照 ランダム,taker,6,24.0,3.0,
"対照 ランダム {'lookback': 24, 'top_n': 3} hold=6",test,2063,-2.3722483073516516,-0.5003384673128737,1.8719098400387781,-5.377235863682362,-1.1398394662962428,-207.80895172400466,-61.06866437786559,0.19453869768944898,-2.5719225699330366,0.9915,対照 ランダム,taker,6,24.0,3.0,
"対照 ランダム {'lookback': 24, 'top_n': 3} hold=6",full,5279,-1.6760365560675312,0.003321908288091395,1.679358464355623,-4.296422532704162,0.008586757430369688,-146.82080231151576,-96.47849040080341,0.17351771168781965,0.019144491105714492,0.99975,対照 ランダム,taker,6,24.0,3.0,
"対照 ランダム {'lookback': 24, 'top_n': 3} hold=6",train,3168,-0.6549889323808176,0.23820077721514205,0.8931897095959596,-1.8629360722274206,0.6807546284989587,-57.37703047655962,-33.290333716254295,0.15919612794612795,1.4962724300414474,0.876,対照 ランダム,half-maker,6,24.0,3.0,
"対照 ランダム {'lookback': 24, 'top_n': 3} hold=6",test,2063,-1.5821974105993495,-0.5003384673128737,1.0818589432864758,-3.5991730807041438,-1.1398394662962428,-138.60049316850302,-51.13491437786557,0.19453869768944898,-2.5719225699330366,0.9515,対照 ランダム,half-maker,6,24.0,3.0,
"対照 ランダム {'lookback': 24, 'top_n': 3} hold=6",full,5279,-0.9664956076555847,0.003321908288091395,0.9698175159436762,-2.4904992166160635,0.008586757430369688,-84.66501523062922,-66.9150137382897,0.17351771168781965,0.019144491105714492,0.9755,対照 ランダム,half-maker,6,24.0,3.0,
"対照 ランダム {'lookback': 24, 'top_n': 3} hold=6",train,3168,-0.0005934147040497273,0.23820077721514205,0.2387941919191919,-0.0016946765667797932,0.6807546284989587,-0.05198312807475611,-22.115675476253287,0.15919612794612795,1.4962724300414474,0.48975,対照 ランダム,maker-only(理論上限),6,24.0,3.0,
"対照 ランダム {'lookback': 24, 'top_n': 3} hold=6",test,2063,-0.7921465138470468,-0.5003384673128737,0.2918080465341735,-1.804617169154092,-1.1398394662962428,-69.39203461300131,-41.20116437786556,0.19453869768944898,-2.5719225699330366,0.78625,対照 ランダム,maker-only(理論上限),6,24.0,3.0,
"対照 ランダム {'lookback': 24, 'top_n': 3} hold=6",full,5279,-0.25695465924363814,0.003321908288091395,0.2602765675317295,-0.6639581851554305,0.008586757430369688,-22.509228149742704,-42.54618883162205,0.17351771168781965,0.019144491105714492,0.6885,対照 ランダム,maker-only(理論上限),6,24.0,3.0,
"対照 ランダム {'lookback': 24, 'top_n': 3} hold=12",train,3168,-0.6714259408806549,0.3605079816782674,1.0319339225589226,-1.8798971776766218,1.019966955452236,-58.81691242114536,-28.32004424358765,0.1052188552188552,3.4262678578702546,0.92875,対照 ランダム,taker,12,24.0,3.0,
"対照 ランダム {'lookback': 24, 'top_n': 3} hold=12",test,2063,-0.859358032866059,0.38692569633090307,1.2462837291969624,-2.0245127472044007,0.9145312580935611,-75.27976367906678,-34.46092408236681,0.12910001615769914,2.9971002936069575,0.82725,対照 ランダム,taker,12,24.0,3.0,
"対照 ランダム {'lookback': 24, 'top_n': 3} hold=12",full,5279,-0.7273380718565966,0.39233421456128525,1.1196722864178823,-1.891785060239457,1.0275682828718185,-63.714815094637856,-54.64146864616979,0.11498389846561849,3.4120796024201394,0.94375,対照 ランダム,taker,12,24.0,3.0,
"対照 ランダム {'lookback': 24, 'top_n': 3} hold=12",train,3168,-0.23437312101533514,0.3605079816782674,0.5948811026936026,-0.6602604819141639,1.019966955452236,-20.531085400943358,-16.853794243587632,0.1052188552188552,3.4262678578702546,0.72325,対照 ランダム,half-maker,12,24.0,3.0,
"対照 ランダム {'lookback': 24, 'top_n': 3} hold=12",test,2063,-0.3330411803858522,0.38692569633090307,0.7199668767167555,-0.7867922590906791,0.9145312580935611,-29.17440740180065,-27.3159240823668,0.12910001615769914,2.9971002936069575,0.63025,対照 ランダム,half-maker,12,24.0,3.0,
"対照 ランダム {'lookback': 24, 'top_n': 3} hold=12",full,5279,-0.25373985249686953,0.39233421456128525,0.646074067058155,-0.662970558668783,1.0275682828718185,-22.22761107872577,-33.870635312836605,0.11498389846561849,3.4120796024201394,0.713,対照 ランダム,half-maker,12,24.0,3.0,
"対照 ランダム {'lookback': 24, 'top_n': 3} hold=12",train,3168,0.20267969884998466,0.3605079816782674,0.15782828282828282,0.5730797118072253,1.019966955452236,17.754741619258656,-12.478831414464349,0.1052188552188552,3.4262678578702546,0.412,対照 ランダム,maker-only(理論上限),12,24.0,3.0,
"対照 ランダム {'lookback': 24, 'top_n': 3} hold=12",test,2063,0.19327567209435445,0.38692569633090307,0.19365002423654873,0.456941781364598,0.9145312580935611,16.93094887546545,-23.179892259484514,0.12910001615769914,2.9971002936069575,0.3845,対照 ランダム,maker-only(理論上限),12,24.0,3.0,
"対照 ランダム {'lookback': 24, 'top_n': 3} hold=12",full,5279,0.21985836686285765,0.39233421456128525,0.17247584769842772,0.5757321917550806,1.0275682828718185,19.259592937186333,-23.20005732749767,0.11498389846561849,3.4120796024201394,0.30975,対照 ランダム,maker-only(理論上限),12,24.0,3.0,
"対照 ランダム {'lookback': 24, 'top_n': 3} hold=24",train,3168,0.18405578304850953,0.8156319614996881,0.6315761784511784,0.5576031460386888,2.4915072278471797,16.123286595049436,-16.729580520313082,0.06407828282828283,12.728680069118282,0.38925,対照 ランダム,taker,24,24.0,3.0,
"対照 ランダム {'lookback': 24, 'top_n': 3} hold=24",test,2063,-0.42629948653676314,0.3536730453746928,0.7799725319114558,-1.0287334336856093,0.8561558099745256,-37.343835020620446,-22.756073587169006,0.08030376474390047,4.4041900962252996,0.66325,対照 ランダム,taker,24,24.0,3.0,
"対照 ランダム {'lookback': 24, 'top_n': 3} hold=24",full,5279,-0.07102447043693653,0.6203627872507567,0.6913872576876933,-0.1948381538043068,1.7114105366517138,-6.22174361027564,-26.476771503564883,0.07059417819031381,8.78773297110039,0.55775,対照 ランダム,taker,24,24.0,3.0,
"対照 ランダム {'lookback': 24, 'top_n': 3} hold=24",train,3168,0.4517851601528867,0.8156319614996881,0.3638468013468013,1.3755625297724285,2.4915072278471797,39.57638002939288,-13.211663853646419,0.06407828282828283,12.728680069118282,0.20325,対照 ランダム,half-maker,24,24.0,3.0,
"対照 ランダム {'lookback': 24, 'top_n': 3} hold=24",test,2063,-0.09654104413896049,0.3536730453746928,0.4502140895136532,-0.2335535128158351,0.8561558099745256,-8.45699546657294,-20.82292749656853,0.08030376474390047,4.4041900962252996,0.51275,対照 ランダム,half-maker,24,24.0,3.0,
"対照 ランダム {'lookback': 24, 'top_n': 3} hold=24",full,5279,0.22172352476417462,0.6203627872507567,0.39863926248658205,0.6105160787186019,1.7114105366517138,19.422980769341695,-20.822927496568514,0.07059417819031381,8.78773297110039,0.3125,対照 ランダム,half-maker,24,24.0,3.0,
"対照 ランダム {'lookback': 24, 'top_n': 3} hold=24",train,3168,0.7195145372572639,0.8156319614996881,0.09611742424242423,2.1968663353351356,2.4915072278471797,63.029473463736316,-10.230794556693857,0.06407828282828283,12.728680069118282,0.0895,対照 ランダム,maker-only(理論上限),24,24.0,3.0,
"対照 ランダム {'lookback': 24, 'top_n': 3} hold=24",test,2063,0.2332173982588422,0.3536730453746928,0.12045564711585069,0.5646546351408618,0.8561558099745256,20.429844087474578,-19.21751082990186,0.08030376474390047,4.4041900962252996,0.36375,対照 ランダム,maker-only(理論上限),24,24.0,3.0,
"対照 ランダム {'lookback': 24, 'top_n': 3} hold=24",full,5279,0.514471519965286,0.6203627872507567,0.10589126728547074,1.4190939702639895,1.7114105366517138,45.06770514895905,-19.21751082990185,0.07059417819031381,8.78773297110039,0.121,対照 ランダム,maker-only(理論上限),24,24.0,3.0,
"対照 ランダム {'lookback': 24, 'top_n': 5} hold=1",train,3168,-3.7803449550295487,-0.025326015635610023,3.75501893939394,-11.895777994277797,-0.07998120466223153,-331.15821806058847,-124.00465435245522,0.39116161616161615,-0.06474565649904176,1.0,対照 ランダム,taker,1,24.0,5.0,
"対照 ランダム {'lookback': 24, 'top_n': 5} hold=1",test,2063,-4.575893602389924,0.025875665666304237,4.601769268056229,-13.711174482099542,0.07761409270782144,-400.8482795693574,-101.70483095611849,0.47939893359185654,0.05397522575286719,1.0,対照 ランダム,taker,1,24.0,5.0,
"対照 ランダム {'lookback': 24, 'top_n': 5} hold=1",full,5279,-4.08840494500134,0.006916138537208824,4.09532108353855,-12.560576015407909,0.02130268725907171,-358.14427318211744,-217.92668379818357,0.42663383216518275,0.016210947224014467,1.0,対照 ランダム,taker,1,24.0,5.0,
"対照 ランダム {'lookback': 24, 'top_n': 5} hold=1",train,3168,-2.196206697453792,-0.025326015635610023,2.170880681818182,-6.928193776676131,-0.07998120466223153,-192.38770669695216,-75.29109612872259,0.39116161616161615,-0.06474565649904176,1.0,対照 ランダム,half-maker,1,24.0,5.0,
"対照 ランダム {'lookback': 24, 'top_n': 5} hold=1",test,2063,-2.634558168555703,0.025875665666304237,2.6604338342220073,-7.902134166901451,0.07761409270782144,-230.78729556547955,-63.75983095611855,0.47939893359185654,0.05397522575286719,0.99975,対照 ランダム,half-maker,1,24.0,5.0,
"対照 ランダム {'lookback': 24, 'top_n': 5} hold=1",full,5279,-2.360719777355953,0.006916138537208824,2.3676359158931612,-7.266569329346873,0.02130268725907171,-206.79905249638148,-127.98362557445033,0.42663383216518275,0.016210947224014467,1.0,対照 ランダム,half-maker,1,24.0,5.0,
"対照 ランダム {'lookback': 24, 'top_n': 5} hold=1",train,3168,-0.6120684398780342,-0.025326015635610023,0.5867424242424242,-1.9328466972281093,-0.07998120466223153,-53.61719533331579,-28.3166778010803,0.39116161616161615,-0.06474565649904176,0.91175,対照 ランダム,maker-only(理論上限),1,24.0,5.0,
"対照 ランダム {'lookback': 24, 'top_n': 5} hold=1",test,2063,-0.6932227347214804,0.025875665666304237,0.7190984003877846,-2.079567177721923,0.07761409270782144,-60.72631156160169,-26.392241510244567,0.47939893359185654,0.05397522575286719,0.81975,対照 ランダム,maker-only(理論上限),1,24.0,5.0,
"対照 ランダム {'lookback': 24, 'top_n': 5} hold=1",full,5279,-0.6330346097105652,0.006916138537208824,0.6399507482477741,-1.9498746958601028,0.02130268725907171,-55.45383181064552,-39.26179627499259,0.42663383216518275,0.016210947224014467,0.94925,対照 ランダム,maker-only(理論上限),1,24.0,5.0,
"対照 ランダム {'lookback': 24, 'top_n': 5} hold=2",train,3168,-3.1792468490242154,-0.5809040459939119,2.5983428030303033,-10.432110339351556,-1.9309273523237251,-278.5020239745213,-104.38308088045305,0.26931818181818185,-2.156943293141951,1.0,対照 ランダム,taker,2,24.0,5.0,
"対照 ランダム {'lookback': 24, 'top_n': 5} hold=2",test,2063,-3.077109840528497,0.1308155109014589,3.2079253514299566,-9.08415886614994,0.3890368714184075,-269.55482203029635,-74.24704535238217,0.33397964129907903,0.39168708126227825,1.0,対照 ランダム,taker,2,24.0,5.0,
"対照 ランダム {'lookback': 24, 'top_n': 5} hold=2",full,5279,-3.0864367579182987,-0.2421196524058911,2.8443171055124075,-9.64975690731763,-0.7648867215462903,-270.37185999364294,-164.7101858739459,0.2953589695017996,-0.8197470786625827,1.0,対照 ランダム,taker,2,24.0,5.0,
"対照 ランダム {'lookback': 24, 'top_n': 5} hold=2",train,3168,-2.0820640838727,-0.5809040459939119,1.5011600378787882,-6.882074108466716,-1.9309273523237251,-182.3888137472485,-69.92232751028155,0.26931818181818185,-2.156943293141951,1.0,対照 ランダム,half-maker,2,24.0,5.0,
"対照 ランダム {'lookback': 24, 'top_n': 5} hold=2",test,2063,-1.7236318957878287,0.1308155109014589,1.8544474066892878,-5.112640860733976,0.3890368714184075,-150.9901540710138,-47.55335442333455,0.33397964129907903,0.39168708126227825,0.9905,対照 ランダム,half-maker,2,24.0,5.0,
"対照 ランダム {'lookback': 24, 'top_n': 5} hold=2",full,5279,-1.8857974322884445,-0.2421196524058911,1.6436777798825535,-5.932299645584786,-0.7648867215462903,-165.19585506846775,-101.61274157472644,0.2953589695017996,-0.8197470786625827,1.0,対照 ランダム,half-maker,2,24.0,5.0,
"対照 ランダム {'lookback': 24, 'top_n': 5} hold=2",train,3168,-0.9848813187211848,-0.5809040459939119,0.4039772727272727,-3.2704722357624383,-1.9309273523237251,-86.27560351997579,-38.42083523576118,0.26931818181818185,-2.156943293141951,0.98425,対照 ランダム,maker-only(理論上限),2,24.0,5.0,
"対照 ランダム {'lookback': 24, 'top_n': 5} hold=2",test,2063,-0.3701539510471596,0.1308155109014589,0.5009694619486185,-1.1005611686714445,0.3890368714184075,-32.425486111731175,-24.206159697937096,0.33397964129907903,0.39168708126227825,0.68125,対照 ランダム,maker-only(理論上限),2,24.0,5.0,
"対照 ランダム {'lookback': 24, 'top_n': 5} hold=2",full,5279,-0.6851581066585904,-0.2421196524058911,0.44303845425269933,-2.1630961937067688,-0.7648867215462903,-60.019850143292516,-42.369296849329245,0.2953589695017996,-0.8197470786625827,0.9555,対照 ランダム,maker-only(理論上限),2,24.0,5.0,
"対照 ランダム {'lookback': 24, 'top_n': 5} hold=3",train,3168,-1.875361901865758,0.20292092641707032,2.0782828282828287,-6.479666330335113,0.7075120625666094,-164.2817026034404,-65.78269277980068,0.2143308080808081,0.9467650882021779,1.0,対照 ランダム,taker,3,24.0,5.0,
"対照 ランダム {'lookback': 24, 'top_n': 5} hold=3",test,2063,-2.683804646995666,-0.12992679920119143,2.5538778477944737,-7.916344153910935,-0.385305247822629,-235.1012870768203,-63.15276800565237,0.2646631119728551,-0.4909138951502892,1.0,対照 ランダム,taker,3,24.0,5.0,
"対照 ランダム {'lookback': 24, 'top_n': 5} hold=3",full,5279,-2.1203439155514108,0.15001031820498234,2.2703542337563936,-6.80036497329107,0.48450329535279385,-185.74212700230356,-116.75927096955836,0.23466565637431336,0.6392512671973698,1.0,対照 ランダム,taker,3,24.0,5.0,
"対照 ランダム {'lookback': 24, 'top_n': 5} hold=3",train,3168,-0.9969685937849497,0.20292092641707032,1.19988952020202,-3.465777752162527,0.7075120625666094,-87.3344488155616,-40.10918756829218,0.2143308080808081,0.9467650882021779,0.982,対照 ランダム,half-maker,3,24.0,5.0,
"対照 ランダム {'lookback': 24, 'top_n': 5} hold=3",test,2063,-1.60536305707807,-0.12992679920119143,1.4754362578768785,-4.754934758706411,-0.385305247822629,-140.62980380003893,-41.86466202508343,0.2646631119728551,-0.4909138951502892,0.99125,対照 ランダム,half-maker,3,24.0,5.0,
"対照 ランダム {'lookback': 24, 'top_n': 5} hold=3",full,5279,-1.1611660409539493,0.15001031820498234,1.3111763591589316,-3.742890508488553,0.48450329535279385,-101.71814518756597,-66.45616498898967,0.23466565637431336,0.6392512671973698,0.99925,対照 ランダム,half-maker,3,24.0,5.0,
"対照 ランダム {'lookback': 24, 'top_n': 5} hold=3",train,3168,-0.11857528570414168,0.20292092641707032,0.32149621212121215,-0.413344110159877,0.7075120625666094,-10.387195027682813,-17.102900633160235,0.2143308080808081,0.9467650882021779,0.6045,対照 ランダム,maker-only(理論上限),3,24.0,5.0,
"対照 ランダム {'lookback': 24, 'top_n': 5} hold=3",test,2063,-0.5269214671604739,-0.12992679920119143,0.3969946679592826,-1.5629261499403155,-0.385305247822629,-46.158320523257515,-21.26990465083365,0.2646631119728551,-0.4909138951502892,0.76425,対照 ランダム,maker-only(理論上限),3,24.0,5.0,
"対照 ランダム {'lookback': 24, 'top_n': 5} hold=3",full,5279,-0.2019881663564876,0.15001031820498234,0.3519984845614699,-0.652396399190255,0.48450329535279385,-17.69416337282831,-21.26990465083365,0.23466565637431336,0.6392512671973698,0.70325,対照 ランダム,maker-only(理論上限),3,24.0,5.0,
"対照 ランダム {'lookback': 24, 'top_n': 5} hold=6",train,3168,-1.14618965239647,0.2634220900277722,1.4096117424242425,-4.0578731438733815,0.9472164185192067,-100.40621354993078,-40.11425040195743,0.14513888888888887,1.8149655963635984,0.99775,対照 ランダム,taker,6,24.0,5.0,
"対照 ランダム {'lookback': 24, 'top_n': 5} hold=6",test,2063,-1.764001781371879,-0.0223391541299982,1.7416626272418807,-5.281948798573689,-0.06739315243518075,-154.5265560481766,-45.42370131974928,0.18080465341735338,-0.12355408839192032,0.99575,対照 ランダム,taker,6,24.0,5.0,
"対照 ランダム {'lookback': 24, 'top_n': 5} hold=6",full,5279,-1.3659277938567442,0.17847455507297724,1.5444023489297216,-4.450557503561253,0.5880206696740938,-119.6552747418508,-76.14028061115337,0.15957567721159313,1.1184320705487258,1.0,対照 ランダム,taker,6,24.0,5.0,
"対照 ランダム {'lookback': 24, 'top_n': 5} hold=6",train,3168,-0.5502379478510157,0.2634220900277722,0.813660037878788,-1.965604465884862,0.9472164185192067,-48.200844231748974,-24.055048690426535,0.14513888888888887,1.8149655963635984,0.9265,対照 ランダム,half-maker,6,24.0,5.0,
"対照 ランダム {'lookback': 24, 'top_n': 5} hold=6",test,2063,-1.0287739578139534,-0.0223391541299982,1.0064348036839554,-3.0967065781746186,-0.06739315243518075,-90.12059870450233,-31.32561813735207,0.18080465341735338,-0.12355408839192032,0.939,対照 ランダム,half-maker,6,24.0,5.0,
"対照 ランダム {'lookback': 24, 'top_n': 5} hold=6",full,5279,-0.7134083773005783,0.17847455507297724,0.8918829323735555,-2.340642389258903,0.5880206696740938,-62.49457385153065,-43.06049571722563,0.15957567721159313,1.1184320705487258,0.981,対照 ランダム,half-maker,6,24.0,5.0,
"対照 ランダム {'lookback': 24, 'top_n': 5} hold=6",train,3168,0.04571375669443892,0.2634220900277722,0.2177083333333333,0.1642004280102923,0.9472164185192067,4.0045250864328485,-14.232146175227173,0.14513888888888887,1.8149655963635984,0.493,対照 ランダム,maker-only(理論上限),6,24.0,5.0,
"対照 ランダム {'lookback': 24, 'top_n': 5} hold=6",test,2063,-0.29354613425602843,-0.0223391541299982,0.27120698012603,-0.8855819349505587,-0.06739315243518075,-25.71464136082809,-17.79121229321182,0.18080465341735338,-0.12355408839192032,0.66,対照 ランダム,maker-only(理論上限),6,24.0,5.0,
"対照 ランダム {'lookback': 24, 'top_n': 5} hold=6",full,5279,-0.06088896074441235,0.17847455507297724,0.23936351581738965,-0.20051280526522305,0.5880206696740938,-5.333872961210521,-17.79121229321179,0.15957567721159313,1.1184320705487258,0.56775,対照 ランダム,maker-only(理論上限),6,24.0,5.0,
"対照 ランダム {'lookback': 24, 'top_n': 5} hold=12",train,3168,-0.9034194931768297,0.05027368864135205,0.9536931818181819,-3.2749955390678926,0.18449708879005353,-79.13954760229028,-35.220573355650394,0.09760101010101012,0.5150939379553793,0.991,対照 ランダム,taker,12,24.0,5.0,
"対照 ランダム {'lookback': 24, 'top_n': 5} hold=12",test,2063,-1.1268668155762578,0.047151604200766147,1.1740184197770238,-3.4232101928766596,0.14409340777367316,-98.71353304448019,-29.183792034436717,0.12069801260300535,0.3906576685388776,0.95175,対照 ランダム,taker,12,24.0,5.0,
"対照 ランダム {'lookback': 24, 'top_n': 5} hold=12",full,5279,-0.9419537306037848,0.10048801972771731,1.0424417503315022,-3.158108674905223,0.3399881150348728,-82.51514680089156,-55.29723515567353,0.10691418829323737,0.9398941462484401,0.997,対照 ランダム,taker,12,24.0,5.0,
"対照 ランダム {'lookback': 24, 'top_n': 5} hold=12",train,3168,-0.4997736598434964,0.05027368864135205,0.5500473484848485,-1.8255705316425406,0.18449708879005353,-43.78017260229029,-24.24857335565039,0.09760101010101012,0.5150939379553793,0.9205,対照 ランダム,half-maker,12,24.0,5.0,
"対照 ランダム {'lookback': 24, 'top_n': 5} hold=12",test,2063,-0.6303811151399995,0.047151604200766147,0.6775327193407659,-1.9237739821391615,0.14409340777367316,-55.22138568626396,-21.463700623881017,0.12069801260300535,0.3906576685388776,0.8175,対照 ランダム,half-maker,12,24.0,5.0,
"対照 ランダム {'lookback': 24, 'top_n': 5} hold=12",full,5279,-0.5009184966579618,0.10048801972771731,0.6014065163856791,-1.6897158136657124,0.3399881150348728,-43.880460307237456,-35.25664374511777,0.10691418829323737,0.9398941462484401,0.92425,対照 ランダム,half-maker,12,24.0,5.0,
"対照 ランダム {'lookback': 24, 'top_n': 5} hold=12",train,3168,-0.09612782651016312,0.05027368864135205,0.14640151515151512,-0.3525840750646046,0.18449708879005353,-8.420797602290289,-14.088333840658079,0.09760101010101012,0.5150939379553793,0.63425,対照 ランダム,maker-only(理論上限),12,24.0,5.0,
"対照 ランダム {'lookback': 24, 'top_n': 5} hold=12",test,2063,-0.13389541470374175,0.047151604200766147,0.18104701890450797,-0.40926734215718363,0.14409340777367316,-11.729238328047778,-13.777700623881012,0.12069801260300535,0.3906576685388776,0.5495,対照 ランダム,maker-only(理論上限),12,24.0,5.0,
"対照 ランダム {'lookback': 24, 'top_n': 5} hold=12",full,5279,-0.05988326271213868,0.10048801972771731,0.160371282439856,-0.2025753860401291,0.3399881150348728,-5.245773813583349,-15.442324334430902,0.10691418829323737,0.9398941462484401,0.5595,対照 ランダム,maker-only(理論上限),12,24.0,5.0,
"対照 ランダム {'lookback': 24, 'top_n': 5} hold=24",train,3168,-0.2031631541848311,0.39964618924951245,0.6028093434343436,-0.8309652877439834,1.6475555343406394,-17.797092306591207,-13.938484753503023,0.06117424242424243,6.532916034790792,0.71675,対照 ランダム,taker,24,24.0,5.0,
"対照 ランダム {'lookback': 24, 'top_n': 5} hold=24",test,2063,-1.1368235206026227,-0.38175808192109095,0.7550654386815319,-3.5889141744776256,-1.2117511329524362,-99.58574040478976,-27.95906375176717,0.07697527872031024,-4.959489439566818,0.946,対照 ランダム,taker,24,24.0,5.0,
"対照 ランダム {'lookback': 24, 'top_n': 5} hold=24",full,5279,-0.5308664219453041,0.1332934568196137,0.6641598787649177,-1.9326169936061015,0.4883623574288952,-46.503898562408644,-32.18437537456993,0.0675506724758477,1.973236563518622,0.93975,対照 ランダム,taker,24,24.0,5.0,
"対照 ランダム {'lookback': 24, 'top_n': 5} hold=24",train,3168,0.052360835714158886,0.39964618924951245,0.34728535353535356,0.21541392599917328,1.6475555343406394,4.586809208560318,-9.933952483892924,0.06117424242424243,6.532916034790792,0.46975,対照 ランダム,half-maker,24,24.0,5.0,
"対照 ランダム {'lookback': 24, 'top_n': 5} hold=24",test,2063,-0.8170222603020895,-0.38175808192109095,0.4352641783809985,-2.5900732037098115,-1.2117511329524362,-71.57115000246304,-21.98256375176718,0.07697527872031024,-4.959489439566818,0.86875,対照 ランダム,half-maker,24,24.0,5.0,
"対照 ランダム {'lookback': 24, 'top_n': 5} hold=24",full,5279,-0.249449486919731,0.1332934568196137,0.38274294373934453,-0.9125627267710256,0.4883623574288952,-21.85177505416844,-21.982563751767167,0.0675506724758477,1.973236563518622,0.7705,対照 ランダム,half-maker,24,24.0,5.0,
"対照 ランダム {'lookback': 24, 'top_n': 5} hold=24",train,3168,0.3078848256131488,0.39964618924951245,0.09176136363636364,1.2693746120796383,1.6475555343406394,26.970710723711832,-6.41422401895704,0.06117424242424243,6.532916034790792,0.21475,対照 ランダム,maker-only(理論上限),24,24.0,5.0,
"対照 ランダム {'lookback': 24, 'top_n': 5} hold=24",test,2063,-0.4972210000015562,-0.38175808192109095,0.11546291808046533,-1.57852311175108,-1.2117511329524362,-43.556559600136325,-16.00606375176717,0.07697527872031024,-4.959489439566818,0.74825,対照 ランダム,maker-only(理論上限),24,24.0,5.0,
"対照 ランダム {'lookback': 24, 'top_n': 5} hold=24",full,5279,0.03196744810584208,0.1332934568196137,0.10132600871377154,0.11714316783546168,0.4883623574288952,2.8003484540717665,-16.006063751767172,0.0675506724758477,1.973236563518622,0.4585,対照 ランダム,maker-only(理論上限),24,24.0,5.0,
