strategy,split,bars,net_bps_per_bar,gross_bps_per_bar,cost_bps_per_bar,sharpe_net,sharpe_gross,ann_return_pct,max_dd_pct,turnover_per_bar,breakeven_cost_bps,p_value,family,fee_model,hold,lookback,top_n,channel
"H3 短期リバーサル(横断) {'lookback': 1, 'top_n': 3} hold=1",train,3240,-7.329673950908104,6.381771522342925,13.711445473251027,-2.344657774987082,2.042462145815364,-160.51985952488747,-327.9446142387315,1.4876543209876543,4.2898215212429625,0.997,H3 短期リバーサル(横断),taker,1,1.0,3.0,
"H3 短期リバーサル(横断) {'lookback': 1, 'top_n': 3} hold=1",test,2111,-12.21963343005523,3.8160131829244013,16.03564661297963,-3.2370747144065604,1.010627347357997,-267.60997211820955,-307.59432877114625,1.7268277277751458,2.209840114069151,0.9945,H3 短期リバーサル(横断),taker,1,1.0,3.0,
"H3 短期リバーサル(横断) {'lookback': 1, 'top_n': 3} hold=1",full,5399,-9.005564441202308,5.62328658059185,14.628851021794159,-2.6505796493062648,1.6554351454933116,-197.22186126233058,-495.58459371119756,1.5838735568315119,3.5503380660265926,1.0,H3 短期リバーサル(横断),taker,1,1.0,3.0,
"H3 短期リバーサル(横断) {'lookback': 1, 'top_n': 3} hold=1",train,3240,-1.5896919550233306,6.381771522342925,7.971463477366255,-0.5087514953890346,2.042462145815364,-34.81425381501094,-187.061623043542,1.4876543209876543,4.2898215212429625,0.71425,H3 短期リバーサル(横断),half-maker,1,1.0,3.0,
"H3 短期リバーサル(横断) {'lookback': 1, 'top_n': 3} hold=1",test,2111,-5.496930919396773,3.8160131829244013,9.312944102321174,-1.4560679975803836,1.010627347357997,-120.38278713478934,-200.43661649309595,1.7268277277751458,2.209840114069151,0.9015,H3 短期リバーサル(横断),half-maker,1,1.0,3.0,
"H3 短期リバーサル(横断) {'lookback': 1, 'top_n': 3} hold=1",full,5399,-2.8790440979288627,5.62328658059185,8.502330678520712,-0.8475826755518654,1.6554351454933116,-63.0510657446421,-203.81873537403052,1.5838735568315119,3.5503380660265926,0.88775,H3 短期リバーサル(横断),half-maker,1,1.0,3.0,
"H3 短期リバーサル(横断) {'lookback': 1, 'top_n': 3} hold=1",train,3240,4.15029004086144,6.381771522342925,2.231481481481482,1.328387482373357,2.042462145815364,90.89135189486554,-78.43210372944655,1.4876543209876543,4.2898215212429625,0.06075,H3 短期リバーサル(横断),maker-only(理論上限),1,1.0,3.0,
"H3 短期リバーサル(横断) {'lookback': 1, 'top_n': 3} hold=1",test,2111,1.2257715912616804,3.8160131829244013,2.5902415916627195,0.324649549674047,1.010627347357997,26.844397848630802,-116.61048560153951,1.7268277277751458,2.209840114069151,0.3725,H3 短期リバーサル(横断),maker-only(理論上限),1,1.0,3.0,
"H3 短期リバーサル(横断) {'lookback': 1, 'top_n': 3} hold=1",full,5399,3.247476245344581,5.62328658059185,2.375810335247268,0.9560818950334661,1.6554351454933116,71.11972977304632,-116.61048560153924,1.5838735568315119,3.5503380660265926,0.0735,H3 短期リバーサル(横断),maker-only(理論上限),1,1.0,3.0,
"H3 短期リバーサル(横断) {'lookback': 1, 'top_n': 3} hold=2",train,3240,-5.05200026286136,1.7915182556571585,6.8435185185185174,-1.6236463516054231,0.5762301644253341,-110.63880575666379,-252.04452767595717,0.7449588477366255,2.404855330063193,0.9535,H3 短期リバーサル(横断),taker,2,1.0,3.0,
"H3 短期リバーサル(横断) {'lookback': 1, 'top_n': 3} hold=2",test,2111,-5.59747078256748,2.5922892048002764,8.189759987367756,-1.5072950263002731,0.6992150218223192,-122.58461013822782,-172.16733217535304,0.8806252960682142,2.9436915069033796,0.932,H3 短期リバーサル(横断),taker,2,1.0,3.0,
"H3 短期リバーサル(横断) {'lookback': 1, 'top_n': 3} hold=2",full,5399,-5.068712892058727,2.3033158787012895,7.372028770760019,-1.509414342789994,0.686686103685299,-111.00481233608612,-310.60641890174725,0.7991603383342594,2.882169907858837,0.9915,H3 短期リバーサル(横断),taker,2,1.0,3.0,
"H3 短期リバーサル(横断) {'lookback': 1, 'top_n': 3} hold=2",train,3240,-2.1889601394045703,1.7915182556571585,3.980478395061728,-0.7040189988083032,0.5762301644253341,-47.938227052960094,-195.96513955325875,0.7449588477366255,2.404855330063193,0.763,H3 短期リバーサル(横断),half-maker,2,1.0,3.0,
"H3 短期リバーサル(横断) {'lookback': 1, 'top_n': 3} hold=2",test,2111,-2.163059760934764,2.5922892048002764,4.755348965735038,-0.5830518089122774,0.6992150218223192,-47.371008764471334,-125.45186600817178,0.8806252960682142,2.9436915069033796,0.70675,H3 短期リバーサル(横断),half-maker,2,1.0,3.0,
"H3 短期リバーサル(横断) {'lookback': 1, 'top_n': 3} hold=2",full,5399,-1.9820687604294132,2.3033158787012895,4.2853846391307036,-0.5907321715682106,0.686686103685299,-43.40730585340415,-195.96513955325875,0.7991603383342594,2.882169907858837,0.817,H3 短期リバーサル(横断),half-maker,2,1.0,3.0,
"H3 短期リバーサル(横断) {'lookback': 1, 'top_n': 3} hold=2",train,3240,0.6740799840522197,1.7915182556571585,1.1174382716049382,0.2168382443065006,0.5762301644253341,14.76235165074361,-140.11263955325884,0.7449588477366255,2.404855330063193,0.4085,H3 短期リバーサル(横断),maker-only(理論上限),2,1.0,3.0,
"H3 短期リバーサル(横断) {'lookback': 1, 'top_n': 3} hold=2",test,2111,1.2713512606979545,2.5922892048002764,1.3209379441023212,0.3428904762783686,0.6992150218223192,27.842592609285205,-82.81024906330072,0.8806252960682142,2.9436915069033796,0.3455,H3 短期リバーサル(横断),maker-only(理論上限),2,1.0,3.0,
"H3 短期リバーサル(横断) {'lookback': 1, 'top_n': 3} hold=2",full,5399,1.1045753711998998,2.3033158787012895,1.198740507501389,0.32931777244460775,0.686686103685299,24.190200629277804,-140.11263955325884,0.7991603383342594,2.882169907858837,0.31175,H3 短期リバーサル(横断),maker-only(理論上限),2,1.0,3.0,
"H3 短期リバーサル(横断) {'lookback': 1, 'top_n': 3} hold=3",train,3240,-2.8834398262560854,1.7077895976122264,4.591229423868312,-0.9881464040560287,0.5850993421718941,-63.14733219500827,-186.10089774016646,0.49526748971193413,3.448216636641221,0.85425,H3 短期リバーサル(横断),taker,3,1.0,3.0,
"H3 短期リバーサル(横断) {'lookback': 1, 'top_n': 3} hold=3",test,2111,-3.860559576115343,1.6680208754873715,5.528580451602715,-1.0746434112977652,0.46507757605085215,-84.546254716926,-102.47352658829345,0.5850307910942681,2.851167666521329,0.873,H3 短期リバーサル(横断),taker,3,1.0,3.0,
"H3 短期リバーサル(横断) {'lookback': 1, 'top_n': 3} hold=3",full,5399,-2.9018648623588086,2.0579733792908783,4.959838241649689,-0.9075571834020594,0.6440271391300377,-63.550840485657915,-186.10089774016646,0.5312094832376366,3.874127710875681,0.92075,H3 短期リバーサル(横断),taker,3,1.0,3.0,
"H3 短期リバーサル(横断) {'lookback': 1, 'top_n': 3} hold=3",train,3240,-0.959275731605881,1.7077895976122264,2.667065329218107,-0.3288274480771321,0.5850993421718941,-21.008138522168796,-139.25423107350002,0.49526748971193413,3.448216636641221,0.60475,H3 短期リバーサル(横断),half-maker,3,1.0,3.0,
"H3 短期リバーサル(横断) {'lookback': 1, 'top_n': 3} hold=3",test,2111,-1.5350424436346872,1.6680208754873715,3.2030633191220588,-0.4277146621108809,0.46507757605085215,-33.61742951559965,-63.43964216659933,0.5850307910942681,2.851167666521329,0.68075,H3 短期リバーサル(横断),half-maker,3,1.0,3.0,
"H3 短期リバーサル(横断) {'lookback': 1, 'top_n': 3} hold=3",full,5399,-0.8203528539621917,2.0579733792908783,2.8783262332530715,-0.2567163468823267,0.6440271391300377,-17.965727501772,-139.25423107350002,0.5312094832376366,3.874127710875681,0.66425,H3 短期リバーサル(横断),half-maker,3,1.0,3.0,
"H3 短期リバーサル(横断) {'lookback': 1, 'top_n': 3} hold=3",train,3240,0.9648883630443252,1.7077895976122264,0.7429012345679011,0.33066421863783435,0.5850993421718941,21.131055150670726,-92.40756440683336,0.49526748971193413,3.448216636641221,0.306,H3 短期リバーサル(横断),maker-only(理論上限),3,1.0,3.0,
"H3 短期リバーサル(横断) {'lookback': 1, 'top_n': 3} hold=3",test,2111,0.7904746888459692,1.6680208754873715,0.877546186641402,0.22037755947108528,0.46507757605085215,17.311395685726723,-53.00047549993273,0.5850307910942681,2.851167666521329,0.41725,H3 短期リバーサル(横断),maker-only(理論上限),3,1.0,3.0,
"H3 短期リバーサル(横断) {'lookback': 1, 'top_n': 3} hold=3",full,5399,1.2611591544344232,2.0579733792908783,0.7968142248564548,0.3947083429165924,0.6440271391300377,27.619385482113866,-92.40756440683336,0.5312094832376366,3.874127710875681,0.254,H3 短期リバーサル(横断),maker-only(理論上限),3,1.0,3.0,
"H3 短期リバーサル(横断) {'lookback': 1, 'top_n': 3} hold=6",train,3240,-1.2017865935127399,1.1443039414666845,2.346090534979423,-0.41094201813760256,0.39151558465915953,-26.319126397929004,-110.50337317277523,0.25123456790123455,4.554723305100809,0.68175,H3 短期リバーサル(横断),taker,6,1.0,3.0,
"H3 短期リバーサル(横断) {'lookback': 1, 'top_n': 3} hold=6",test,2111,-4.004336312940969,-1.0869590825604216,2.917377230380546,-1.1476544763632592,-0.31186963981897997,-87.6949652534072,-99.4028943359776,0.3023843360176851,-3.594627608279452,0.89475,H3 短期リバーサル(横断),taker,6,1.0,3.0,
"H3 短期リバーサル(横断) {'lookback': 1, 'top_n': 3} hold=6",full,5399,-1.988080531785503,0.5795091453151953,2.567589677100697,-0.6294976002850152,0.18363950838734164,-43.538963646102516,-124.80079235678767,0.2714082854849663,2.135193272672934,0.85725,H3 短期リバーサル(横断),taker,6,1.0,3.0,
"H3 短期リバーサル(横断) {'lookback': 1, 'top_n': 3} hold=6",train,3240,-0.21716725194895375,1.1443039414666845,1.3614711934156376,-0.07429383455744597,0.39151558465915953,-4.755962817682088,-81.44476584028428,0.25123456790123455,4.554723305100809,0.5365,H3 短期リバーサル(横断),half-maker,6,1.0,3.0,
"H3 短期リバーサル(横断) {'lookback': 1, 'top_n': 3} hold=6",test,2111,-2.772435949763959,-1.0869590825604216,1.685476867203537,-0.7951127105783561,-0.31186963981897997,-60.716347299830694,-76.01138851067711,0.3023843360176851,-3.594627608279452,0.80225,H3 短期リバーサル(横断),half-maker,6,1.0,3.0,
"H3 短期リバーサル(横断) {'lookback': 1, 'top_n': 3} hold=6",full,5399,-0.9078419073488785,0.5795091453151953,1.4873510526640734,-0.28761285997866176,0.18363950838734164,-19.88173777094044,-81.44476584028428,0.2714082854849663,2.135193272672934,0.69875,H3 短期リバーサル(横断),half-maker,6,1.0,3.0,
"H3 短期リバーサル(横断) {'lookback': 1, 'top_n': 3} hold=6",train,3240,0.7674520896148314,1.1443039414666845,0.3768518518518518,0.26258706661403514,0.39151558465915953,16.807200762564808,-71.40096399116166,0.25123456790123455,4.554723305100809,0.37225,H3 短期リバーサル(横断),maker-only(理論上限),6,1.0,3.0,
"H3 短期リバーサル(横断) {'lookback': 1, 'top_n': 3} hold=6",test,2111,-1.5405355865869503,-1.0869590825604216,0.4535765040265276,-0.4419747264970012,-0.31186963981897997,-33.73772934625421,-63.421497317077616,0.3023843360176851,-3.594627608279452,0.68975,H3 短期リバーサル(横断),maker-only(理論上限),6,1.0,3.0,
"H3 短期リバーサル(横断) {'lookback': 1, 'top_n': 3} hold=6",full,5399,0.1723967170877453,0.5795091453151953,0.40711242822744953,0.0546298587771682,0.18363950838734164,3.7754881042216213,-71.40096399116166,0.2714082854849663,2.135193272672934,0.47,H3 短期リバーサル(横断),maker-only(理論上限),6,1.0,3.0,
"H3 短期リバーサル(横断) {'lookback': 1, 'top_n': 3} hold=12",train,3240,-2.4204162336057977,-1.2328647932765795,1.187551440329218,-0.8951467543140563,-0.4561165120941484,-53.007115515966966,-109.86774628139561,0.12458847736625513,-9.89549611118774,0.8565,H3 短期リバーサル(横断),taker,12,1.0,3.0,
"H3 短期リバーサル(横断) {'lookback': 1, 'top_n': 3} hold=12",test,2111,0.3922625939314033,1.9059212075426455,1.5136586136112427,0.12241484295819174,0.5946156929351657,8.590550807097733,-71.2334439685742,0.15190273172272223,12.546984415143012,0.44625,H3 短期リバーサル(横断),taker,12,1.0,3.0,
"H3 短期リバーサル(横断) {'lookback': 1, 'top_n': 3} hold=12",full,5399,-1.1269447285643794,0.18751165224688196,1.3144563808112615,-0.38715263629383173,0.06441707765430728,-24.68008955555991,-144.2985370021014,0.1353954436006668,1.3849184821900353,0.724,H3 短期リバーサル(横断),taker,12,1.0,3.0,
"H3 短期リバーサル(横断) {'lookback': 1, 'top_n': 3} hold=12",train,3240,-1.9200818714658798,-1.2328647932765795,0.6872170781893004,-0.7103265293917407,-0.4561165120941484,-42.04979298510277,-104.01516940035704,0.12458847736625513,-9.89549611118774,0.80075,H3 短期リバーサル(横断),half-maker,12,1.0,3.0,
"H3 短期リバーサル(横断) {'lookback': 1, 'top_n': 3} hold=12",test,2111,1.0351648519449834,1.9059212075426455,0.8707563555976631,0.323051768696239,0.5946156929351657,22.670110257595137,-69.24219396857421,0.15190273172272223,12.546984415143012,0.37575,H3 短期リバーサル(横断),half-maker,12,1.0,3.0,
"H3 短期リバーサル(横断) {'lookback': 1, 'top_n': 3} hold=12",full,5399,-0.5712631208592489,0.18751165224688196,0.7587747731061307,-0.19628031191215647,0.06441707765430728,-12.51066234681755,-135.07721012106265,0.1353954436006668,1.3849184821900353,0.61175,H3 短期リバーサル(横断),half-maker,12,1.0,3.0,
"H3 短期リバーサル(横断) {'lookback': 1, 'top_n': 3} hold=12",train,3240,-1.4197475093259624,-1.2328647932765795,0.1868827160493827,-0.5252797342099345,-0.4561165120941484,-31.09247045423858,-98.35558606702375,0.12458847736625513,-9.89549611118774,0.732,H3 短期リバーサル(横断),maker-only(理論上限),12,1.0,3.0,
"H3 短期リバーサル(横断) {'lookback': 1, 'top_n': 3} hold=12",test,2111,1.6780671099585627,1.9059212075426455,0.22785409758408334,0.5235842139688249,0.5946156929351657,36.74966970809252,-67.2509439685742,0.15190273172272223,12.546984415143012,0.31125,H3 短期リバーサル(横断),maker-only(理論上限),12,1.0,3.0,
"H3 短期リバーサル(横断) {'lookback': 1, 'top_n': 3} hold=12",full,5399,-0.015581513154118473,0.18751165224688196,0.20309316540100017,-0.005353273369905219,0.06441707765430728,-0.34123513807519457,-126.04887678772934,0.1353954436006668,1.3849184821900353,0.49475,H3 短期リバーサル(横断),maker-only(理論上限),12,1.0,3.0,
"H3 短期リバーサル(横断) {'lookback': 1, 'top_n': 5} hold=1",train,3240,-9.710037647574627,3.565193833906856,13.275231481481484,-4.29069010431388,1.5766414986167425,-212.6498244818843,-347.3701883745561,1.4303086419753088,2.4926045535061525,1.0,H3 短期リバーサル(横断),taker,1,1.0,5.0,
"H3 短期リバーサル(横断) {'lookback': 1, 'top_n': 5} hold=1",test,2111,-11.638738108018538,3.9837867617114484,15.622524869729986,-4.578467201011259,1.5671515537817284,-254.88836456560597,-264.22264183533804,1.6708668877309334,2.3842633970211127,1.0,H3 短期リバーサル(横断),taker,1,1.0,5.0,
"H3 短期リバーサル(横断) {'lookback': 1, 'top_n': 5} hold=1",full,5399,-10.17012829607989,4.037900968598756,14.208029264678645,-4.2767472008887975,1.6988441573129627,-222.72580968414957,-553.66329566173,1.5273939618447863,2.643653876778313,1.0,H3 短期リバーサル(横断),taker,1,1.0,5.0,
"H3 短期リバーサル(横断) {'lookback': 1, 'top_n': 5} hold=1",train,3240,-4.145153388315366,3.565193833906856,7.710347222222221,-1.8330082932708804,1.5766414986167425,-90.77885920410652,-183.3071078947621,1.4303086419753088,2.4926045535061525,0.98375,H3 短期リバーサル(横断),half-maker,1,1.0,5.0,
"H3 短期リバーサル(横断) {'lookback': 1, 'top_n': 5} hold=1",test,2111,-5.080625838951743,3.9837867617114484,9.064412600663193,-1.998742422280016,1.5671515537817284,-111.26570587304316,-140.49699968193178,1.6708668877309334,2.3842633970211127,0.97525,H3 短期リバーサル(横断),half-maker,1,1.0,5.0,
"H3 短期リバーサル(横断) {'lookback': 1, 'top_n': 5} hold=1",full,5399,-4.211659135124156,4.037900968598756,8.24956010372291,-1.7719110894010637,1.6988441573129627,-92.23533505921903,-237.19391193798728,1.5273939618447863,2.643653876778313,0.996,H3 短期リバーサル(横断),half-maker,1,1.0,5.0,
"H3 短期リバーサル(横断) {'lookback': 1, 'top_n': 5} hold=1",train,3240,1.4197308709438943,3.565193833906856,2.1454629629629625,0.6279137183246986,1.5766414986167425,31.09210607367128,-70.97512543442639,1.4303086419753088,2.4926045535061525,0.2085,H3 短期リバーサル(横断),maker-only(理論上限),1,1.0,5.0,
"H3 短期リバーサル(横断) {'lookback': 1, 'top_n': 5} hold=1",test,2111,1.4774864301150494,3.9837867617114484,2.5063003315963988,0.5812388679560514,1.5671515537817284,32.356952819519584,-66.40320860610547,1.6708668877309334,2.3842633970211127,0.2735,H3 短期リバーサル(横断),maker-only(理論上限),1,1.0,5.0,
"H3 短期リバーサル(横断) {'lookback': 1, 'top_n': 5} hold=1",full,5399,1.7468100258315766,4.037900968598756,2.2910909427671786,0.7349841420366827,1.6988441573129627,38.255139565711524,-70.97512543442639,1.5273939618447863,2.643653876778313,0.1185,H3 短期リバーサル(横断),maker-only(理論上限),1,1.0,5.0,
"H3 短期リバーサル(横断) {'lookback': 1, 'top_n': 5} hold=2",train,3240,-5.917620766939354,0.7621168873816337,6.679737654320988,-2.605499619260714,0.33594754113222336,-129.59589479597184,-244.99769469940756,0.7189506172839508,1.060040660735165,0.99725,H3 短期リバーサル(横断),taker,2,1.0,5.0,
"H3 短期リバーサル(横断) {'lookback': 1, 'top_n': 5} hold=2",test,2111,-6.708828126952441,1.2148810156340109,7.923709142586452,-2.616496803373137,0.47499065240661226,-146.92333598025846,-145.25329886501405,0.8432970156324018,1.4406324143373763,0.99675,H3 短期リバーサル(横断),taker,2,1.0,5.0,
"H3 短期リバーサル(横断) {'lookback': 1, 'top_n': 5} hold=2",full,5399,-5.955050786643228,1.2160457127085056,7.171096499351733,-2.491987901653323,0.5096952731253241,-130.4156122274867,-328.12527513391007,0.7686979070198187,1.5819552799655971,1.0,H3 短期リバーサル(横断),taker,2,1.0,5.0,
"H3 短期リバーサル(横断) {'lookback': 1, 'top_n': 5} hold=2",train,3240,-3.116964902741823,0.7621168873816337,3.8790817901234567,-1.374001869774527,0.33594754113222336,-68.26153137004593,-168.37315136860346,0.7189506172839508,1.060040660735165,0.93025,H3 短期リバーサル(横断),half-maker,2,1.0,5.0,
"H3 短期リバーサル(横断) {'lookback': 1, 'top_n': 5} hold=2",test,2111,-3.379446317383517,1.2148810156340109,4.594327333017527,-1.3201416260116563,0.47499065240661226,-74.00987435069902,-92.35531508938297,0.8432970156324018,1.4406324143373763,0.91375,H3 短期リバーサル(横断),half-maker,2,1.0,5.0,
"H3 短期リバーサル(横断) {'lookback': 1, 'top_n': 5} hold=2",full,5399,-2.946025967232224,1.2160457127085056,4.16207167994073,-1.2344409319538758,0.5096952731253241,-64.51796868238571,-178.78567446850235,0.7686979070198187,1.5819552799655971,0.97375,H3 短期リバーサル(横断),half-maker,2,1.0,5.0,
"H3 短期リバーサル(横断) {'lookback': 1, 'top_n': 5} hold=2",train,3240,-0.3163090385442916,0.7621168873816337,1.0784259259259255,-0.13946059746387485,0.33594754113222336,-6.927167944119986,-101.33798794494413,0.7189506172839508,1.060040660735165,0.5615,H3 短期リバーサル(横断),maker-only(理論上限),2,1.0,5.0,
"H3 短期リバーサル(横断) {'lookback': 1, 'top_n': 5} hold=2",test,2111,-0.05006450781459151,1.2148810156340109,1.2649455234486022,-0.01957282079328656,0.47499065240661226,-1.0964127211395542,-55.52400783977247,0.8432970156324018,1.4406324143373763,0.49075,H3 短期リバーサル(横断),maker-only(理論上限),2,1.0,5.0,
"H3 短期リバーサル(横断) {'lookback': 1, 'top_n': 5} hold=2",full,5399,0.06299885217877817,1.2160457127085056,1.1530468605297275,0.026408517573169473,0.5096952731253241,1.3796748627152418,-101.33798794494413,0.7686979070198187,1.5819552799655971,0.485,H3 短期リバーサル(横断),maker-only(理論上限),2,1.0,5.0,
"H3 短期リバーサル(横断) {'lookback': 1, 'top_n': 5} hold=3",train,3240,-2.5390165841542873,1.9301192183148483,4.469135802469136,-1.1809698239197046,0.8982401517797286,-55.60446319297889,-121.75363510194299,0.4779629629629629,4.038219209182558,0.908,H3 短期リバーサル(横断),taker,3,1.0,5.0,
"H3 短期リバーサル(横断) {'lookback': 1, 'top_n': 5} hold=3",test,2111,-4.56296228663067,0.7916090065952897,5.35457129322596,-1.8328739583931293,0.3183436600819723,-99.92887407721166,-99.97898416977036,0.5635243960208433,1.4047466483882451,0.97025,H3 短期リバーサル(横断),taker,3,1.0,5.0,
"H3 短期リバーサル(横断) {'lookback': 1, 'top_n': 5} hold=3",full,5399,-3.0248388380022733,1.7931367130256952,4.817975551027968,-1.3224592309978935,0.7845492123556791,-66.24397055224979,-179.15744561715908,0.5122059640674198,3.500811858546948,0.97825,H3 短期リバーサル(横断),taker,3,1.0,5.0,
"H3 短期リバーサル(横断) {'lookback': 1, 'top_n': 5} hold=3",train,3240,-0.6629209051419421,1.9301192183148483,2.5930401234567904,-0.30860761010276744,0.8982401517797286,-14.517967822608533,-75.91888510194306,0.4779629629629629,4.038219209182558,0.62275,H3 短期リバーサル(横断),half-maker,3,1.0,5.0,
"H3 短期リバーサル(横断) {'lookback': 1, 'top_n': 5} hold=3",test,2111,-2.308319937033322,0.7916090065952897,3.099928943628612,-0.9281741152824422,0.3183436600819723,-50.55220662102975,-57.158881569529754,0.5635243960208433,1.4047466483882451,0.8315,H3 短期リバーサル(横断),half-maker,3,1.0,5.0,
"H3 短期リバーサル(横断) {'lookback': 1, 'top_n': 5} hold=3",full,5399,-1.0000055355388537,1.7931367130256952,2.7931422485645494,-0.43760125006882394,0.7845492123556791,-21.900121228300897,-75.91888510194306,0.5122059640674198,3.500811858546948,0.746,H3 短期リバーサル(横断),half-maker,3,1.0,5.0,
"H3 短期リバーサル(横断) {'lookback': 1, 'top_n': 5} hold=3",train,3240,1.213174773870404,1.9301192183148483,0.7169444444444443,0.564733112207594,0.8982401517797286,26.56852754776185,-50.65414384225269,0.4779629629629629,4.038219209182558,0.229,H3 短期リバーサル(横断),maker-only(理論上限),3,1.0,5.0,
"H3 短期リバーサル(横断) {'lookback': 1, 'top_n': 5} hold=3",test,2111,-0.05367758743597429,0.7916090065952897,0.8452865940312647,-0.021589145418649695,0.3183436600819723,-1.1755391648478368,-47.022808560142636,0.5635243960208433,1.4047466483882451,0.51975,H3 短期リバーサル(横断),maker-only(理論上限),3,1.0,5.0,
"H3 短期リバーサル(横断) {'lookback': 1, 'top_n': 5} hold=3",full,5399,1.0248277669245658,1.7931367130256952,0.7683089461011298,0.4484891659311098,0.7845492123556791,22.44372809564799,-50.65414384225269,0.5122059640674198,3.500811858546948,0.2445,H3 短期リバーサル(横断),maker-only(理論上限),3,1.0,5.0,
"H3 短期リバーサル(横断) {'lookback': 1, 'top_n': 5} hold=6",train,3240,-1.4566406544020045,0.8304581110300938,2.287098765432099,-0.6605151312362263,0.37700403321019005,-31.9004303314039,-83.27425562298284,0.2416666666666667,3.4363783904693532,0.792,H3 短期リバーサル(横断),taker,6,1.0,5.0,
"H3 短期リバーサル(横断) {'lookback': 1, 'top_n': 5} hold=6",test,2111,-2.0761863705201313,0.7504834542074856,2.8266698247276176,-0.842997345443871,0.30522978978092874,-45.46848151439088,-65.63326799213041,0.29142586451918523,2.575212242899873,0.8185,H3 短期リバーサル(横断),taker,6,1.0,5.0,
"H3 短期リバーサル(横断) {'lookback': 1, 'top_n': 5} hold=6",full,5399,-1.5161266915912566,0.9821970720686802,2.4983237636599367,-0.65682765919666,0.4260478938061351,-33.20317454584852,-95.73611771431439,0.2614187812557881,3.7571786822295623,0.87475,H3 短期リバーサル(横断),taker,6,1.0,5.0,
"H3 短期リバーサル(横断) {'lookback': 1, 'top_n': 5} hold=6",train,3240,-0.4943412716859556,0.8304581110300938,1.3247993827160496,-0.22435357309520182,0.37700403321019005,-10.826073849922428,-64.15242492095973,0.2416666666666667,3.4363783904693532,0.61925,H3 短期リバーサル(横断),half-maker,6,1.0,5.0,
"H3 短期リバーサル(横断) {'lookback': 1, 'top_n': 5} hold=6",test,2111,-0.8814208565457125,0.7504834542074856,1.6319043107531974,-0.35827120182570416,0.30522978978092874,-19.303116758351102,-50.0910179921304,0.29142586451918523,2.575212242899873,0.66125,H3 短期リバーサル(横断),half-maker,6,1.0,5.0,
"H3 短期リバーサル(横断) {'lookback': 1, 'top_n': 5} hold=6",full,5399,-0.463028895703129,0.9821970720686802,1.4452259677718096,-0.2007793057363085,0.4260478938061351,-10.140332815898525,-64.15242492095973,0.2614187812557881,3.7571786822295623,0.63625,H3 短期リバーサル(横断),half-maker,6,1.0,5.0,
"H3 短期リバーサル(横断) {'lookback': 1, 'top_n': 5} hold=6",train,3240,0.46795811103009405,0.8304581110300938,0.36249999999999993,0.21244809427894276,0.37700403321019005,10.248282631559059,-52.75839943079058,0.2416666666666667,3.4363783904693532,0.411,H3 短期リバーサル(横断),maker-only(理論上限),6,1.0,5.0,
"H3 短期リバーサル(横断) {'lookback': 1, 'top_n': 5} hold=6",test,2111,0.31334465742870765,0.7504834542074856,0.43713879677877776,0.1274322124107005,0.30522978978092874,6.862247997688698,-39.963722466760075,0.29142586451918523,2.575212242899873,0.46325,H3 短期リバーサル(横断),maker-only(理論上限),6,1.0,5.0,
"H3 短期リバーサル(横断) {'lookback': 1, 'top_n': 5} hold=6",full,5399,0.5900689001849981,0.9821970720686802,0.39212817188368215,0.2559588874097728,0.4260478938061351,12.922508914051459,-52.75839943079058,0.2614187812557881,3.7571786822295623,0.33825,H3 短期リバーサル(横断),maker-only(理論上限),6,1.0,5.0,
"H3 短期リバーサル(横断) {'lookback': 1, 'top_n': 5} hold=12",train,3240,-1.5233057605605098,-0.3403427975975465,1.182962962962963,-0.7257799341029416,-0.1622734454063907,-33.360396156275165,-71.37149047054642,0.12246913580246915,-2.779008730383192,0.8175,H3 短期リバーサル(横断),taker,12,1.0,5.0,
"H3 短期リバーサル(横断) {'lookback': 1, 'top_n': 5} hold=12",test,2111,0.9452434472695406,2.406636152148746,1.4613927048792044,0.41244159886842047,1.0500714767081682,20.70083149520294,-50.03041727197869,0.1465656087162482,16.420196888125414,0.34075,H3 短期リバーサル(横断),taker,12,1.0,5.0,
"H3 短期リバーサル(横断) {'lookback': 1, 'top_n': 5} hold=12",full,5399,-0.46283783148254576,0.829373689169427,1.2922115206519726,-0.21275309594419034,0.38135871675116756,-10.136148509467752,-96.72082723194843,0.13206149286904983,6.280208341971579,0.6275,H3 短期リバーサル(横断),taker,12,1.0,5.0,
"H3 短期リバーサル(横断) {'lookback': 1, 'top_n': 5} hold=12",train,3240,-1.02367613093088,-0.3403427975975465,0.6833333333333333,-0.48800225533920755,-0.1622734454063907,-22.41850726738627,-67.98674047054645,0.12246913580246915,-2.779008730383192,0.72775,H3 短期リバーサル(横断),half-maker,12,1.0,5.0,
"H3 短期リバーサル(横断) {'lookback': 1, 'top_n': 5} hold=12",test,2111,1.566015593171956,2.406636152148746,0.8406205589767881,0.6834689297516297,1.0500714767081682,34.29574149046583,-46.24566727197872,0.1465656087162482,16.420196888125414,0.265,H3 短期リバーサル(横断),half-maker,12,1.0,5.0,
"H3 短期リバーサル(横断) {'lookback': 1, 'top_n': 5} hold=12",full,5399,0.08422180919165365,0.829373689169427,0.7451518799777738,0.03872918512272174,0.38135871675116756,1.8444576212972148,-90.21582723194844,0.13206149286904983,6.280208341971579,0.4765,H3 短期リバーサル(横断),half-maker,12,1.0,5.0,
"H3 短期リバーサル(横断) {'lookback': 1, 'top_n': 5} hold=12",train,3240,-0.5240465013012505,-0.3403427975975465,0.18370370370370367,-0.24987239934825567,-0.1622734454063907,-11.476618378497387,-64.60199047054647,0.12246913580246915,-2.779008730383192,0.616,H3 短期リバーサル(横断),maker-only(理論上限),12,1.0,5.0,
"H3 短期リバーサル(横断) {'lookback': 1, 'top_n': 5} hold=12",test,2111,2.1867877390743726,2.406636152148746,0.2198484130743723,0.9542640062246271,1.0500714767081682,47.89065148572876,-42.46091727197873,0.1465656087162482,16.420196888125414,0.1975,H3 短期リバーサル(横断),maker-only(理論上限),12,1.0,5.0,
"H3 短期リバーサル(横断) {'lookback': 1, 'top_n': 5} hold=12",full,5399,0.6312814498658524,0.829373689169427,0.19809223930357472,0.2902992484879997,0.38135871675116756,13.825063752062169,-83.71082723194844,0.13206149286904983,6.280208341971579,0.32525,H3 短期リバーサル(横断),maker-only(理論上限),12,1.0,5.0,
"H3 短期リバーサル(横断) {'lookback': 2, 'top_n': 3} hold=1",train,3240,-5.92279165397933,4.661596206102975,10.584387860082304,-1.93837728187868,1.5271368577442201,-129.70913722214732,-268.3188558974095,1.1454732510288066,4.069581024189052,0.98475,H3 短期リバーサル(横断),taker,1,2.0,3.0,
"H3 短期リバーサル(横断) {'lookback': 2, 'top_n': 3} hold=1",test,2111,-4.634026796490618,7.786074261459799,12.420101057950415,-1.165912001917243,1.9605042459089599,-101.48518684314453,-136.69466552256995,1.326543502289594,5.86944510151469,0.86775,H3 短期リバーサル(横断),taker,1,2.0,3.0,
"H3 短期リバーサル(横断) {'lookback': 2, 'top_n': 3} hold=1",full,5399,-5.168582613686629,6.148080965988618,11.316663579675247,-1.5003639796402728,1.7861395456292288,-113.1919592397372,-310.8059325798944,1.2191146508612707,5.043070363927765,0.98875,H3 短期リバーサル(横断),taker,1,2.0,3.0,
"H3 短期リバーサル(横断) {'lookback': 2, 'top_n': 3} hold=1",train,3240,-1.4897026622097835,4.661596206102975,6.1512988683127565,-0.48784030042440607,1.5271368577442201,-32.624488302394255,-160.65462348637095,1.1454732510288066,4.069581024189052,0.71175,H3 短期リバーサル(横断),half-maker,1,2.0,3.0,
"H3 短期リバーサル(横断) {'lookback': 2, 'top_n': 3} hold=1",test,2111,0.5811161057673964,7.786074261459799,7.204958155692404,0.14626181586381135,1.9605042459089599,12.72644271630598,-115.50717952007294,1.326543502289594,5.86944510151469,0.4485,H3 短期リバーサル(横断),half-maker,1,2.0,3.0,
"H3 短期リバーサル(横断) {'lookback': 2, 'top_n': 3} hold=1",full,5399,-0.4245868119949586,6.148080965988618,6.572667777983577,-0.1233077639856817,1.7861395456292288,-9.298451182689595,-160.65462348637095,1.2191146508612707,5.043070363927765,0.569,H3 短期リバーサル(横断),half-maker,1,2.0,3.0,
"H3 短期リバーサル(横断) {'lookback': 2, 'top_n': 3} hold=1",train,3240,2.9433863295597633,4.661596206102975,1.7182098765432106,0.9642184092806844,1.5271368577442201,64.46016061735881,-79.22908616506605,1.1454732510288066,4.069581024189052,0.1425,H3 短期リバーサル(横断),maker-only(理論上限),1,2.0,3.0,
"H3 短期リバーサル(横断) {'lookback': 2, 'top_n': 3} hold=1",test,2111,5.796259008025408,7.786074261459799,1.9898152534343914,1.4593043444612586,1.9605042459089599,126.93807227575644,-98.85217952007297,1.326543502289594,5.86944510151469,0.0655,H3 短期リバーサル(横断),maker-only(理論上限),1,2.0,3.0,
"H3 短期リバーサル(横断) {'lookback': 2, 'top_n': 3} hold=1",full,5399,4.319408989696711,6.148080965988618,1.828671976291906,1.254796985866794,1.7861395456292288,94.59505687435798,-98.85217952007297,1.2191146508612707,5.043070363927765,0.02425,H3 短期リバーサル(横断),maker-only(理論上限),1,2.0,3.0,
"H3 短期リバーサル(横断) {'lookback': 2, 'top_n': 3} hold=2",train,3240,-3.0733485533381293,3.7911576195013765,6.864506172839507,-0.9998680807842993,1.2349581378113244,-67.30633331810503,-189.3698361157559,0.7459876543209877,5.082064827134654,0.8665,H3 短期リバーサル(横断),taker,2,2.0,3.0,
"H3 短期リバーサル(横断) {'lookback': 2, 'top_n': 3} hold=2",test,2111,-0.9554932490226016,7.262294529281518,8.217787778304121,-0.2559736311018769,1.9475873078507573,-20.925302153594973,-82.15105313191997,0.8812569082583295,8.240836992284509,0.59825,H3 短期リバーサル(横断),taker,2,2.0,3.0,
"H3 短期リバーサル(横断) {'lookback': 2, 'top_n': 3} hold=2",full,5399,-1.9256696092955274,5.475469490537775,7.401139099833302,-0.5752373777943758,1.6373354791328496,-42.17216444357205,-189.3698361157559,0.8003951349015251,6.840957986596755,0.81175,H3 短期リバーサル(横断),taker,2,2.0,3.0,
"H3 短期リバーサル(横断) {'lookback': 2, 'top_n': 3} hold=2",train,3240,-0.2005862076591173,3.7911576195013765,3.991743827160493,-0.06531844710413166,1.2349581378113244,-4.392837947734669,-132.82152979493452,0.7459876543209877,5.082064827134654,0.52575,H3 短期リバーサル(横断),half-maker,2,2.0,3.0,
"H3 短期リバーサル(横断) {'lookback': 2, 'top_n': 3} hold=2",test,2111,2.4924579589357108,7.262294529281518,4.769836570345807,0.6682163744729773,1.9475873078507573,54.58482930069207,-61.50557277865375,0.8812569082583295,8.240836992284509,0.249,H3 短期リバーサル(横断),half-maker,2,2.0,3.0,
"H3 短期リバーサル(横断) {'lookback': 2, 'top_n': 3} hold=2",full,5399,1.1746035894449807,5.475469490537775,4.300865901092794,0.3511552487721686,1.6373354791328496,25.72381860884507,-132.82152979493452,0.8003951349015251,6.840957986596755,0.301,H3 短期リバーサル(横断),half-maker,2,2.0,3.0,
"H3 短期リバーサル(横断) {'lookback': 2, 'top_n': 3} hold=2",train,3240,2.6721761380198936,3.7911576195013765,1.1189814814814814,0.8704736648711238,1.2349581378113244,58.52065742263567,-76.78277979493477,0.7459876543209877,5.082064827134654,0.1675,H3 短期リバーサル(横断),maker-only(理論上限),2,2.0,3.0,
"H3 短期リバーサル(横断) {'lookback': 2, 'top_n': 3} hold=2",test,2111,5.940409166894024,7.262294529281518,1.3218853623874938,1.5931153008838768,1.9475873078507573,130.0949607549791,-55.878906111987106,0.8812569082583295,8.240836992284509,0.056,H3 短期リバーサル(横断),maker-only(理論上限),2,2.0,3.0,
"H3 短期リバーサル(横断) {'lookback': 2, 'top_n': 3} hold=2",full,5399,4.2748767881854866,5.475469490537775,1.2005927023522875,1.2783737025600475,1.6373354791328496,93.61980166126214,-76.78277979493477,0.8003951349015251,6.840957986596755,0.0295,H3 短期リバーサル(横断),maker-only(理論上限),2,2.0,3.0,
"H3 短期リバーサル(横断) {'lookback': 2, 'top_n': 3} hold=3",train,3240,-3.026899919605461,1.5938562532340448,4.620756172839506,-1.0276708612970593,0.5406247029325353,-66.28910823935958,-138.42265385715672,0.4998971193415637,3.1883685493794847,0.8485,H3 短期リバーサル(横断),taker,3,2.0,3.0,
"H3 短期リバーサル(横断) {'lookback': 2, 'top_n': 3} hold=3",test,2111,-2.659124093779595,2.8982341882352474,5.557358282014843,-0.7236948549842536,0.7885166647973981,-58.23481765377313,-141.3267909350947,0.5899257855676614,4.912879313194278,0.7725,H3 短期リバーサル(横断),taker,3,2.0,3.0,
"H3 短期リバーサル(横断) {'lookback': 2, 'top_n': 3} hold=3",full,5399,-2.6416307350443393,2.346700437395001,4.988331172439341,-0.8130605495220761,0.721794102350408,-57.85171309747103,-242.24815201872195,0.5359017101932456,4.378975459042262,0.88425,H3 短期リバーサル(横断),taker,3,2.0,3.0,
"H3 短期リバーサル(横断) {'lookback': 2, 'top_n': 3} hold=3",train,3240,-1.0914446726918816,1.5938562532340448,2.6853009259259255,-0.37055241834416375,0.5406247029325353,-23.902638331952204,-86.51053423596656,0.4998971193415637,3.1883685493794847,0.6405,H3 短期リバーサル(横断),half-maker,3,2.0,3.0,
"H3 短期リバーサル(横断) {'lookback': 2, 'top_n': 3} hold=3",test,2111,-0.32288929194791993,2.8982341882352474,3.221123480183167,-0.08788686320101965,0.7885166647973981,-7.071275493659446,-129.50220760176128,0.5899257855676614,4.912879313194278,0.551,H3 短期リバーサル(横断),half-maker,3,2.0,3.0,
"H3 短期リバーサル(横断) {'lookback': 2, 'top_n': 3} hold=3",full,5399,-0.5493914314696038,2.346700437395001,2.8960918688646045,-0.1691014658808529,0.721794102350408,-12.031672349184323,-168.44773535205533,0.5359017101932456,4.378975459042262,0.5995,H3 短期リバーサル(横断),half-maker,3,2.0,3.0,
"H3 短期リバーサル(横断) {'lookback': 2, 'top_n': 3} hold=3",train,3240,0.8440105742216988,1.5938562532340448,0.7498456790123456,0.2863924069542037,0.5406247029325353,18.483831575455202,-77.32226097444916,0.4998971193415637,3.1883685493794847,0.37225,H3 短期リバーサル(横断),maker-only(理論上限),3,2.0,3.0,
"H3 短期リバーサル(横断) {'lookback': 2, 'top_n': 3} hold=3",test,2111,2.013345509883755,2.8982341882352474,0.8848886783514921,0.5478651515782715,0.7885166647973981,44.092266666454236,-117.67762426842788,0.5899257855676614,4.912879313194278,0.30975,H3 短期リバーサル(横断),maker-only(理論上限),3,2.0,3.0,
"H3 短期リバーサル(横断) {'lookback': 2, 'top_n': 3} hold=3",full,5399,1.5428478721051313,2.346700437395001,0.8038525652898685,0.4746850045106555,0.721794102350408,33.788368399102374,-135.2939249182069,0.5359017101932456,4.378975459042262,0.249,H3 短期リバーサル(横断),maker-only(理論上限),3,2.0,3.0,
"H3 短期リバーサル(横断) {'lookback': 2, 'top_n': 3} hold=6",train,3240,-0.13204731570501874,2.2570473345007427,2.389094650205761,-0.04457538110314003,0.7623095772577854,-2.8918362139399103,-102.95638676680102,0.252880658436214,8.925345846764532,0.5,H3 短期リバーサル(横断),taker,6,2.0,3.0,
"H3 短期リバーサル(横断) {'lookback': 2, 'top_n': 3} hold=6",test,2111,-0.1439130584748841,2.7631215222925243,2.9070345807674087,-0.04024651711884043,0.7723050833020713,-3.1516959805999614,-74.79566036337002,0.3009632085899258,9.180927912213303,0.496,H3 短期リバーサル(横断),taker,6,2.0,3.0,
"H3 短期リバーサル(横断) {'lookback': 2, 'top_n': 3} hold=6",full,5399,0.012493381849941178,2.6057976974639425,2.5933043156140023,0.0038870749887337658,0.8106850174242277,0.27360506251371175,-102.95638676680102,0.2721491634253257,9.57488777355342,0.4935,H3 短期リバーサル(横断),taker,6,2.0,3.0,
"H3 短期リバーサル(横断) {'lookback': 2, 'top_n': 3} hold=6",train,3240,0.8728395155707018,2.2570473345007427,1.384207818930041,0.2947835439778315,0.7623095772577854,19.11518539099837,-90.00958864052978,0.252880658436214,8.925345846764532,0.3435,H3 短期リバーサル(横断),half-maker,6,2.0,3.0,
"H3 短期リバーサル(横断) {'lookback': 2, 'top_n': 3} hold=6",test,2111,1.0838818254663756,2.7631215222925243,1.6792396968261485,0.3031034173571334,0.7723050833020713,23.737011977713625,-70.43607703003669,0.3009632085899258,9.180927912213303,0.366,H3 短期リバーサル(横断),half-maker,6,2.0,3.0,
"H3 短期リバーサル(横断) {'lookback': 2, 'top_n': 3} hold=6",full,5399,1.1050336670879481,2.6057976974639425,1.5007640303759955,0.34387556671730585,0.8106850174242277,24.200237309226065,-90.00958864052978,0.2721491634253257,9.57488777355342,0.29625,H3 短期リバーサル(横断),half-maker,6,2.0,3.0,
"H3 短期リバーサル(横断) {'lookback': 2, 'top_n': 3} hold=6",train,3240,1.8777263468464216,2.2570473345007427,0.379320987654321,0.6342502547391515,0.7623095772577854,41.12220699593664,-77.1887553071966,0.252880658436214,8.925345846764532,0.2145,H3 短期リバーサル(横断),maker-only(理論上限),6,2.0,3.0,
"H3 短期リバーサル(横断) {'lookback': 2, 'top_n': 3} hold=6",test,2111,2.311676709407635,2.7631215222925243,0.4514448128848887,0.6462417193540849,0.7723050833020713,50.62571993602722,-66.07649369670334,0.3009632085899258,9.180927912213303,0.24825,H3 短期リバーサル(横断),maker-only(理論上限),6,2.0,3.0,
"H3 短期リバーサル(横断) {'lookback': 2, 'top_n': 3} hold=6",full,5399,2.1975739523259543,2.6057976974639425,0.4082237451379885,0.683783641127861,0.8106850174242277,48.1268695559384,-77.1887553071966,0.2721491634253257,9.57488777355342,0.152,H3 短期リバーサル(横断),maker-only(理論上限),6,2.0,3.0,
"H3 短期リバーサル(横断) {'lookback': 2, 'top_n': 3} hold=12",train,3240,-1.0919845007114894,0.12715130175764638,1.2191358024691357,-0.38230829476434247,0.04452310837077629,-23.914460565581617,-108.6822579150803,0.1266460905349794,1.0039891576639504,0.63675,H3 短期リバーサル(横断),taker,12,2.0,3.0,
"H3 短期リバーサル(横断) {'lookback': 2, 'top_n': 3} hold=12",test,2111,1.593558383598485,3.126915402388948,1.5333570187904622,0.47026623269949547,0.9216089991631848,34.89892860080682,-91.55343251730875,0.15269224696036632,20.478547304373535,0.32525,H3 短期リバーサル(横断),taker,12,2.0,3.0,
"H3 短期リバーサル(横断) {'lookback': 2, 'top_n': 3} hold=12",full,5399,-0.03397757480961052,1.309450220461118,1.343427795270729,-0.011061311403188634,0.426038792329328,-0.7441088883304705,-135.25058212268988,0.13712415879483852,9.54937650644247,0.49225,H3 短期リバーサル(横断),taker,12,2.0,3.0,
"H3 短期リバーサル(横断) {'lookback': 2, 'top_n': 3} hold=12",train,3240,-0.5774011673781563,0.12715130175764638,0.7045524691358024,-0.20219254400757,0.04452310837077629,-12.645085565581624,-103.72253169687016,0.1266460905349794,1.0039891576639504,0.55275,H3 短期リバーサル(横断),half-maker,12,2.0,3.0,
"H3 短期リバーサル(横断) {'lookback': 2, 'top_n': 3} hold=12",test,2111,2.2457177077734416,3.126915402388948,0.8811976946155059,0.6624501304187518,0.9216089991631848,49.18121780023837,-88.67968251730879,0.15269224696036632,20.478547304373535,0.26775,H3 短期リバーサル(横断),half-maker,12,2.0,3.0,
"H3 短期リバーサル(横断) {'lookback': 2, 'top_n': 3} hold=12",full,5399,0.534893203729625,1.309450220461118,0.7745570167314934,0.17411324748243961,0.426038792329328,11.714161161678788,-128.49058212268986,0.13712415879483852,9.54937650644247,0.3775,H3 短期リバーサル(横断),half-maker,12,2.0,3.0,
"H3 短期リバーサル(横断) {'lookback': 2, 'top_n': 3} hold=12",train,3240,-0.06281783404482257,0.12715130175764638,0.1899691358024691,-0.02199748180451308,0.04452310837077629,-1.3757105655816142,-98.81711503020357,0.1266460905349794,1.0039891576639504,0.46025,H3 短期リバーサル(横断),maker-only(理論上限),12,2.0,3.0,
"H3 短期リバーサル(横断) {'lookback': 2, 'top_n': 3} hold=12",test,2111,2.8978770319483975,3.126915402388948,0.22903837044054945,0.8543134291698387,0.9216089991631848,63.4635069996699,-85.95369408371462,0.15269224696036632,20.478547304373535,0.21375,H3 短期リバーサル(横断),maker-only(理論上限),12,2.0,3.0,
"H3 短期リバーサル(横断) {'lookback': 2, 'top_n': 3} hold=12",full,5399,1.1037639822688596,1.309450220461118,0.2056862381922578,0.3591746218596941,0.426038792329328,24.17243121168803,-121.73058212268981,0.13712415879483852,9.54937650644247,0.27425,H3 短期リバーサル(横断),maker-only(理論上限),12,2.0,3.0,
"H3 短期リバーサル(横断) {'lookback': 2, 'top_n': 5} hold=1",train,3240,-6.988248173288397,2.9746376291807395,9.962885802469136,-3.014432346840149,1.2839209612288516,-153.0426349950159,-267.9319033376294,1.068456790123457,2.7840504704331837,0.9995,H3 短期リバーサル(横断),taker,1,2.0,5.0,
"H3 短期リバーサル(横断) {'lookback': 2, 'top_n': 5} hold=1",test,2111,-5.506772478734404,6.238064091611403,11.744836570345809,-2.019796398328382,2.291114946982899,-120.59831728428345,-126.18898929449409,1.248507816200853,4.996415729773741,0.97625,H3 短期リバーサル(横断),taker,1,2.0,5.0,
"H3 短期リバーサル(横断) {'lookback': 2, 'top_n': 5} hold=1",full,5399,-6.195185162856001,4.483088591542961,10.678273754398964,-2.4949246845701776,1.8069672219593729,-135.67455506654642,-338.9781544881297,1.1421374328579368,3.9251743814446747,1.0,H3 短期リバーサル(横断),taker,1,2.0,5.0,
"H3 短期リバーサル(横断) {'lookback': 2, 'top_n': 5} hold=1",train,3240,-2.808147864646421,2.9746376291807395,5.782785493827159,-1.2119551751460564,1.2839209612288516,-61.49843823575662,-153.57585052246432,1.068456790123457,2.7840504704331837,0.92875,H3 短期リバーサル(横断),half-maker,1,2.0,5.0,
"H3 短期リバーサル(横断) {'lookback': 2, 'top_n': 5} hold=1",test,2111,-0.5707350557121394,6.238064091611403,6.808799147323543,-0.2094712386934162,2.291114946982899,-12.499097720095854,-73.7941063706378,1.248507816200853,4.996415729773741,0.5715,H3 短期リバーサル(横断),half-maker,1,2.0,5.0,
"H3 短期リバーサル(横断) {'lookback': 2, 'top_n': 5} hold=1",full,5399,-1.7126513602999731,4.483088591542961,6.195739951842935,-0.6900945408761352,1.8069672219593729,-37.50706479056941,-153.57585052246432,1.1421374328579368,3.9251743814446747,0.85775,H3 短期リバーサル(横断),half-maker,1,2.0,5.0,
"H3 短期リバーサル(横断) {'lookback': 2, 'top_n': 5} hold=1",train,3240,1.3719524439955542,2.9746376291807395,1.6026851851851849,0.5922033193370825,1.2839209612288516,30.045758523502634,-81.52698894134365,1.068456790123457,2.7840504704331837,0.2445,H3 短期リバーサル(横断),maker-only(理論上限),1,2.0,5.0,
"H3 短期リバーサル(横断) {'lookback': 2, 'top_n': 5} hold=1",test,2111,4.365302367310126,6.238064091611403,1.8727617243012784,1.6030294298347065,2.291114946982899,95.60012184409177,-55.90237649970885,1.248507816200853,4.996415729773741,0.0445,H3 短期リバーサル(横断),maker-only(理論上限),1,2.0,5.0,
"H3 短期リバーサル(横断) {'lookback': 2, 'top_n': 5} hold=1",full,5399,2.769882442256056,4.483088591542961,1.7132061492869044,1.116418239983472,1.8069672219593729,60.66042548540762,-81.52698894134365,1.1421374328579368,3.9251743814446747,0.03925,H3 短期リバーサル(横断),maker-only(理論上限),1,2.0,5.0,
"H3 短期リバーサル(横断) {'lookback': 2, 'top_n': 5} hold=2",train,3240,-4.474752917134051,2.2104168359523686,6.68516975308642,-1.9463044239010867,0.9640891360677271,-97.99708888523573,-193.93808764305334,0.7190123456790125,3.0742404483540837,0.9825,H3 短期リバーサル(横断),taker,2,2.0,5.0,
"H3 短期リバーサル(横断) {'lookback': 2, 'top_n': 5} hold=2",test,2111,-2.801274445578099,5.166086994497695,7.967361440075795,-1.0951901231507575,2.022523120047553,-61.34791035816038,-65.05058359982534,0.845949786830886,6.106848272698304,0.85125,H3 短期リバーサル(横断),taker,2,2.0,5.0,
"H3 短期リバーサル(横断) {'lookback': 2, 'top_n': 5} hold=2",full,5399,-3.60597908323567,3.5877697591425486,7.193748842378219,-1.5013354726250434,1.496639964125575,-78.97094192286117,-203.82134575607446,0.7701796629005373,4.658354319082924,0.985,H3 短期リバーサル(横断),taker,2,2.0,5.0,
"H3 短期リバーサル(横断) {'lookback': 2, 'top_n': 5} hold=2",train,3240,-1.6714272998501005,2.2104168359523686,3.8818441358024693,-0.7283236875852611,0.9640891360677271,-36.604257866717205,-121.55851221325074,0.7190123456790125,3.0742404483540837,0.7935,H3 短期リバーサル(横断),half-maker,2,2.0,5.0,
"H3 短期リバーサル(横断) {'lookback': 2, 'top_n': 5} hold=2",test,2111,0.5479439343366334,5.166086994497695,4.618143060161061,0.2144733388699371,2.022523120047553,11.99997216197227,-33.91860654284662,0.845949786830886,6.106848272698304,0.40775,H3 短期リバーサル(横断),half-maker,2,2.0,5.0,
"H3 短期リバーサル(横断) {'lookback': 2, 'top_n': 5} hold=2",full,5399,-0.5867394092219641,3.5877697591425486,4.174509168364512,-0.24464045195844225,1.496639964125575,-12.849593061961013,-121.55851221325074,0.7701796629005373,4.658354319082924,0.64375,H3 短期リバーサル(横断),half-maker,2,2.0,5.0,
"H3 短期リバーサル(横断) {'lookback': 2, 'top_n': 5} hold=2",train,3240,1.13189831743385,2.2104168359523686,1.0785185185185184,0.49365395324649014,0.9640891360677271,24.788573151801316,-66.70251221325077,0.7190123456790125,3.0742404483540837,0.30025,H3 短期リバーサル(横断),maker-only(理論上限),2,2.0,5.0,
"H3 短期リバーサル(横断) {'lookback': 2, 'top_n': 5} hold=2",test,2111,3.897162314251366,5.166086994497695,1.2689246802463285,1.5259196778535182,2.022523120047553,85.34785468210492,-26.76420168503399,0.845949786830886,6.106848272698304,0.06825,H3 短期リバーサル(横断),maker-only(理論上限),2,2.0,5.0,
"H3 短期リバーサル(横断) {'lookback': 2, 'top_n': 5} hold=2",full,5399,2.432500264791742,3.5877697591425486,1.1552694943508055,1.0147781461238417,1.496639964125575,53.27175579893916,-66.70251221325077,0.7701796629005373,4.658354319082924,0.06175,H3 短期リバーサル(横断),maker-only(理論上限),2,2.0,5.0,
"H3 短期リバーサル(横断) {'lookback': 2, 'top_n': 5} hold=3",train,3240,-3.466365375045246,1.0348383286584575,4.5012037037037045,-1.598994839081681,0.47722057870835105,-75.91340171349088,-135.79523291386326,0.48117283950617284,2.150658232747532,0.95625,H3 短期リバーサル(横断),taker,3,2.0,5.0,
"H3 短期リバーサル(横断) {'lookback': 2, 'top_n': 5} hold=3",test,2111,-2.9832787322683325,2.3612025562205363,5.344481288488868,-1.1783569032586747,0.9312083073572763,-65.33380423667649,-86.74877274006406,0.5625769777356704,4.197119060442532,0.87775,H3 短期リバーサル(横断),taker,3,2.0,5.0,
"H3 短期リバーサル(横断) {'lookback': 2, 'top_n': 5} hold=3",full,5399,-3.0746632673107617,1.7578149693997405,4.832478236710503,-1.3280997334587517,0.7585673042580092,-67.33512555410567,-195.55429101933035,0.5138358955362103,3.4209656909340347,0.97475,H3 短期リバーサル(横断),taker,3,2.0,5.0,
"H3 短期リバーサル(横断) {'lookback': 2, 'top_n': 5} hold=3",train,3240,-1.5766431528230234,1.0348383286584575,2.6114814814814817,-0.7276692736134952,0.47722057870835105,-34.528485046824215,-86.29892266362108,0.48117283950617284,2.150658232747532,0.7885,H3 短期リバーサル(横断),half-maker,3,2.0,5.0,
"H3 短期リバーサル(横断) {'lookback': 2, 'top_n': 5} hold=3",test,2111,-0.7329708213256512,2.3612025562205363,3.0941733775461864,-0.2894765079599893,0.9312083073572763,-16.052060987031762,-75.36177274006404,0.5625769777356704,4.197119060442532,0.618,H3 短期リバーサル(横断),half-maker,3,2.0,5.0,
"H3 短期リバーサル(横断) {'lookback': 2, 'top_n': 5} hold=3",full,5399,-1.0438010706076686,1.7578149693997405,2.8016160400074086,-0.45095561505697723,0.7585673042580092,-22.859243446307943,-123.54154101933055,0.5138358955362103,3.4209656909340347,0.74125,H3 短期リバーサル(横断),half-maker,3,2.0,5.0,
"H3 短期リバーサル(横断) {'lookback': 2, 'top_n': 5} hold=3",train,3240,0.3130790693991987,1.0348383286584575,0.7217592592592593,0.14443970990111976,0.47722057870835105,6.856431619842452,-60.23507170524307,0.48117283950617284,2.150658232747532,0.44925,H3 短期リバーサル(横断),maker-only(理論上限),3,2.0,5.0,
"H3 短期リバーサル(横断) {'lookback': 2, 'top_n': 5} hold=3",test,2111,1.5173370896170302,2.3612025562205363,0.8438654666035055,0.5987244384450577,0.9312083073572763,33.22968226261296,-63.97477274006405,0.5625769777356704,4.197119060442532,0.28675,H3 短期リバーサル(横断),maker-only(理論上限),3,2.0,5.0,
"H3 短期リバーサル(横断) {'lookback': 2, 'top_n': 5} hold=3",full,5399,0.9870611260954242,1.7578149693997405,0.7707538433043156,0.426166178453601,0.7585673042580092,21.61663866148979,-73.95419006095247,0.5138358955362103,3.4209656909340347,0.261,H3 短期リバーサル(横断),maker-only(理論上限),3,2.0,5.0,
"H3 短期リバーサル(横断) {'lookback': 2, 'top_n': 5} hold=6",train,3240,-0.690387061871058,1.6626067652894354,2.3529938271604935,-0.3137997020810723,0.7569952637143526,-15.119476654976172,-93.1815828785962,0.2460493827160494,6.75720762611361,0.64725,H3 短期リバーサル(横断),taker,6,2.0,5.0,
"H3 短期リバーサル(横断) {'lookback': 2, 'top_n': 5} hold=6",test,2111,-1.5454151920410049,1.2602693176700324,2.8056845097110377,-0.6165590465499089,0.5024967037000095,-33.844592705698005,-57.88506102842772,0.28858360966366653,4.367085570586734,0.72125,H3 短期リバーサル(横断),taker,6,2.0,5.0,
"H3 短期リバーサル(横断) {'lookback': 2, 'top_n': 5} hold=6",full,5399,-0.8848886700196293,1.645172452410451,2.5300611224300797,-0.38117384282303596,0.7090608204919083,-19.379061873429883,-93.1815828785962,0.26301166882756066,6.255131035608467,0.72575,H3 短期リバーサル(横断),taker,6,2.0,5.0,
"H3 短期リバーサル(横断) {'lookback': 2, 'top_n': 5} hold=6",train,3240,0.3015728146721524,1.6626067652894354,1.361033950617284,0.137229524086976,0.7569952637143526,6.604444641320138,-80.58233287859625,0.2460493827160494,6.75720762611361,0.4335,H3 短期リバーサル(横断),half-maker,6,2.0,5.0,
"H3 短期リバーサル(横断) {'lookback': 2, 'top_n': 5} hold=6",test,2111,-0.35901064443323577,1.2602693176700324,1.6192799621032685,-0.14324651809400918,0.5024967037000095,-7.862333113087863,-50.3882081725116,0.28858360966366653,4.367085570586734,0.54075,H3 短期リバーサル(横断),half-maker,6,2.0,5.0,
"H3 短期リバーサル(横断) {'lookback': 2, 'top_n': 5} hold=6",full,5399,0.18288313957474006,1.645172452410451,1.4622893128357104,0.07882790920615425,0.7090608204919083,4.005140756686807,-80.58233287859625,0.26301166882756066,6.255131035608467,0.436,H3 短期リバーサル(横断),half-maker,6,2.0,5.0,
"H3 短期リバーサル(横断) {'lookback': 2, 'top_n': 5} hold=6",train,3240,1.2935326912153617,1.6626067652894354,0.369074074074074,0.5889472685748433,0.7569952637143526,28.328365937616418,-67.98308287859625,0.2460493827160494,6.75720762611361,0.2415,H3 短期リバーサル(横断),maker-only(理論上限),6,2.0,5.0,
"H3 短期リバーサル(横断) {'lookback': 2, 'top_n': 5} hold=6",test,2111,0.8273939031745337,1.2602693176700324,0.4328754144954997,0.3299948394628467,0.5024967037000095,18.119926479522285,-46.16945817251158,0.28858360966366653,4.367085570586734,0.34475,H3 短期リバーサル(横断),maker-only(理論上限),6,2.0,5.0,
"H3 短期リバーサル(横断) {'lookback': 2, 'top_n': 5} hold=6",full,5399,1.25065494916911,1.645172452410451,0.39451750324134094,0.5391051384089109,0.7090608204919083,27.38934338680351,-67.98308287859625,0.26301166882756066,6.255131035608467,0.1935,H3 短期リバーサル(横断),maker-only(理論上限),6,2.0,5.0,
"H3 短期リバーサル(横断) {'lookback': 2, 'top_n': 5} hold=12",train,3240,-1.5661328191619184,-0.3732470166927822,1.1928858024691358,-0.7311764513661851,-0.17438447066280072,-34.29830873964601,-67.0263372297642,0.12240740740740741,-3.049219198397918,0.81075,H3 短期リバーサル(横断),taker,12,2.0,5.0,
"H3 短期リバーサル(横断) {'lookback': 2, 'top_n': 5} hold=12",test,2111,-0.030914999425018425,1.4375833425929831,1.4684983420180011,-0.0131644951560306,0.6111216660363413,-0.6770384874079035,-58.581538639464725,0.1469445760303174,9.783167105782677,0.49,H3 短期リバーサル(横断),taker,12,2.0,5.0,
"H3 短期リバーサル(横断) {'lookback': 2, 'top_n': 5} hold=12",full,5399,-0.8896921531879425,0.4121044758174291,1.3017966290053713,-0.40059717677872614,0.18547634433579369,-19.48425815481594,-110.0572872822036,0.1323208001481756,3.1144345813805985,0.7275,H3 短期リバーサル(横断),taker,12,2.0,5.0,
"H3 短期リバーサル(横断) {'lookback': 2, 'top_n': 5} hold=12",train,3240,-1.0614954734829058,-0.3732470166927822,0.6882484567901235,-0.49585284889166203,-0.17438447066280072,-23.24675086927564,-58.51409013761365,0.12240740740740741,-3.049219198397918,0.71525,H3 短期リバーサル(横断),half-maker,12,2.0,5.0,
"H3 短期リバーサル(横断) {'lookback': 2, 'top_n': 5} hold=12",test,2111,0.5931257395612451,1.4375833425929831,0.8444576030317384,0.25244885076040957,0.6111216660363413,12.989453696391267,-56.088038639464735,0.1469445760303174,9.783167105782677,0.39475,H3 短期リバーサル(横断),half-maker,12,2.0,5.0,
"H3 短期リバーサル(横断) {'lookback': 2, 'top_n': 5} hold=12",full,5399,-0.3380344387963879,0.4121044758174291,0.7501389146138174,-0.15221477847824705,0.18547634433579369,-7.402954209640895,-91.11653728220368,0.1323208001481756,3.1144345813805985,0.57975,H3 短期リバーサル(横断),half-maker,12,2.0,5.0,
"H3 短期リバーサル(横断) {'lookback': 2, 'top_n': 5} hold=12",train,3240,-0.5568581278038931,-0.3732470166927822,0.1836111111111111,-0.2601780453391683,-0.17438447066280072,-12.19519299890526,-53.65759013761364,0.12240740740740741,-3.049219198397918,0.5975,H3 短期リバーサル(横断),maker-only(理論上限),12,2.0,5.0,
"H3 短期リバーサル(横断) {'lookback': 2, 'top_n': 5} hold=12",test,2111,1.2171664785475074,1.4375833425929831,0.22041686404547606,0.5176197848014497,0.6111216660363413,26.655945880190412,-53.59453863946474,0.1469445760303174,9.783167105782677,0.30775,H3 短期リバーサル(横断),maker-only(理論上限),12,2.0,5.0,
"H3 短期リバーサル(横断) {'lookback': 2, 'top_n': 5} hold=12",full,5399,0.21362327559516583,0.4121044758174291,0.19848120022226332,0.0961652943956726,0.18547634433579369,4.678349735534132,-82.36209577349271,0.1323208001481756,3.1144345813805985,0.4185,H3 短期リバーサル(横断),maker-only(理論上限),12,2.0,5.0,
"H3 短期リバーサル(横断) {'lookback': 3, 'top_n': 3} hold=1",train,3240,-2.9494212321917237,6.024652841882349,8.974074074074073,-0.9289989531596978,1.8986329392370012,-64.59232498499875,-166.99562486355782,0.9697530864197531,6.212563719827757,0.865,H3 短期リバーサル(横断),taker,1,3.0,3.0,
"H3 短期リバーサル(横断) {'lookback': 3, 'top_n': 3} hold=1",test,2111,1.8862765643657258,12.453898544469942,10.567621980104217,0.46634425838253735,3.08058200487018,41.30945675960939,-74.52297239870249,1.1214274435496605,11.105398406382449,0.33225,H3 短期リバーサル(横断),taker,1,3.0,3.0,
"H3 短期リバーサル(横断) {'lookback': 3, 'top_n': 3} hold=1",full,5399,-0.9719906541867719,8.636301004762416,9.608291658949188,-0.27462778148953937,2.4411293727490557,-21.286595326690303,-174.34842964745562,1.0313638328085448,8.373670600068055,0.65725,H3 短期リバーサル(横断),taker,1,3.0,3.0,
"H3 短期リバーサル(横断) {'lookback': 3, 'top_n': 3} hold=1",train,3240,0.8103009900304976,6.024652841882349,5.214351851851851,0.25531969614343486,1.8986329392370012,17.7455916816679,-84.19518651532614,0.9697530864197531,6.212563719827757,0.38775,H3 短期リバーサル(横断),half-maker,1,3.0,3.0,
"H3 短期リバーサル(横断) {'lookback': 3, 'top_n': 3} hold=1",test,2111,6.329016971755589,12.453898544469942,6.124881572714353,1.5651314135680192,3.08058200487018,138.6054716814474,-54.95407126976144,1.1214274435496605,11.105398406382449,0.05975,H3 短期リバーサル(横断),half-maker,1,3.0,3.0,
"H3 短期リバーサル(横断) {'lookback': 3, 'top_n': 3} hold=1",full,5399,3.0586323006814125,8.636301004762416,5.5776687040810025,0.864423453317867,2.4411293727490557,66.98404738492295,-84.19518651532614,1.0313638328085448,8.373670600068055,0.08225,H3 短期リバーサル(横断),half-maker,1,3.0,3.0,
"H3 短期リバーサル(横断) {'lookback': 3, 'top_n': 3} hold=1",train,3240,4.5700232122527185,6.024652841882349,1.45462962962963,1.4402123292431153,1.8986329392370012,100.08350834833455,-59.67878754646716,0.9697530864197531,6.212563719827757,0.04025,H3 短期リバーサル(横断),maker-only(理論上限),1,3.0,3.0,
"H3 短期リバーサル(横断) {'lookback': 3, 'top_n': 3} hold=1",test,2111,10.771757379145448,12.453898544469942,1.682141165324491,2.66431321223251,3.08058200487018,235.90148660328532,-42.970146711588654,1.1214274435496605,11.105398406382449,0.00475,H3 短期リバーサル(横断),maker-only(理論上限),1,3.0,3.0,
"H3 短期リバーサル(横断) {'lookback': 3, 'top_n': 3} hold=1",full,5399,7.089255255549598,8.636301004762416,1.5470457492128173,2.0038110817112162,2.4411293727490557,155.2546900965362,-59.67878754646716,1.0313638328085448,8.373670600068055,0.00075,H3 短期リバーサル(横断),maker-only(理論上限),1,3.0,3.0,
"H3 短期リバーサル(横断) {'lookback': 3, 'top_n': 3} hold=2",train,3240,-2.965104867372368,3.0601780544383312,6.025282921810699,-0.9558735981005868,0.9877208725192714,-64.93579659545486,-184.11703370042346,0.6517489711934156,4.695332389761734,0.85225,H3 短期リバーサル(横断),taker,2,3.0,3.0,
"H3 短期リバーサル(横断) {'lookback': 3, 'top_n': 3} hold=2",test,2111,-4.637179358176157,2.4046649494189807,7.041844307595135,-1.158170816068991,0.6000033198090038,-101.55422794405784,-115.26449562211948,0.7486183483341228,3.212137339099432,0.85675,H3 短期リバーサル(横断),taker,2,3.0,3.0,
"H3 短期リバーサル(横断) {'lookback': 3, 'top_n': 3} hold=2",full,5399,-3.368707309763085,3.0608475460744144,6.4295548558375,-0.9678711331594088,0.8794430960719992,-73.77469008381156,-217.88673297619337,0.6908686793850713,4.430433217494843,0.91625,H3 短期リバーサル(横断),taker,2,3.0,3.0,
"H3 短期リバーサル(横断) {'lookback': 3, 'top_n': 3} hold=2",train,3240,-0.4412751348620789,3.0601780544383312,3.501453189300411,-0.14237352147619278,0.9877208725192714,-9.663925453479528,-138.97193793399217,0.6517489711934156,4.695332389761734,0.5585,H3 短期リバーサル(横断),half-maker,2,3.0,3.0,
"H3 短期リバーサル(横断) {'lookback': 3, 'top_n': 3} hold=2",test,2111,-1.6777209656291812,2.4046649494189807,4.082385915048159,-0.41894121702014625,0.6000033198090038,-36.74208914727907,-89.96208724700175,0.7486183483341228,3.212137339099432,0.65475,H3 短期リバーサル(横断),half-maker,2,3.0,3.0,
"H3 短期リバーサル(横断) {'lookback': 3, 'top_n': 3} hold=2",full,5399,-0.6720813913831388,3.0608475460744144,3.7329289374575536,-0.19315021546482222,0.8794430960719992,-14.71858247129074,-138.97193793399217,0.6908686793850713,4.430433217494843,0.6135,H3 短期リバーサル(横断),half-maker,2,3.0,3.0,
"H3 短期リバーサル(横断) {'lookback': 3, 'top_n': 3} hold=2",train,3240,2.082554597648208,3.0601780544383312,0.9776234567901234,0.672169388087609,0.9877208725192714,45.607945688495754,-99.77553766031966,0.6517489711934156,4.695332389761734,0.2175,H3 短期リバーサル(横断),maker-only(理論上限),2,3.0,3.0,
"H3 短期リバーサル(横断) {'lookback': 3, 'top_n': 3} hold=2",test,2111,1.2817374269177941,2.4046649494189807,1.122927522501184,0.3199078823066163,0.6000033198090038,28.070049649499694,-76.43167058033511,0.7486183483341228,3.212137339099432,0.38825,H3 短期リバーサル(横断),maker-only(理論上限),2,3.0,3.0,
"H3 短期リバーサル(横断) {'lookback': 3, 'top_n': 3} hold=2",full,5399,2.024544526996808,3.0608475460744144,1.0363030190776072,0.5817825291087577,0.8794430960719992,44.337525141230095,-99.77553766031966,0.6908686793850713,4.430433217494843,0.18475,H3 短期リバーサル(横断),maker-only(理論上限),2,3.0,3.0,
"H3 短期リバーサル(横断) {'lookback': 3, 'top_n': 3} hold=3",train,3240,-2.8881149755480093,1.7108047775384108,4.5989197530864185,-0.9707502550606097,0.5749240077192309,-63.24971796450141,-142.4965699291742,0.49866255144032917,3.4307865561529516,0.852,H3 短期リバーサル(横断),taker,3,3.0,3.0,
"H3 短期リバーサル(横断) {'lookback': 3, 'top_n': 3} hold=3",test,2111,-1.8212171414379017,3.693467841982279,5.514684983420179,-0.5050923854623127,1.0226490749047137,-39.88465539749005,-73.183490349722,0.5840833728090951,6.323528478852062,0.68775,H3 短期リバーサル(横断),taker,3,3.0,3.0,
"H3 短期リバーサル(横断) {'lookback': 3, 'top_n': 3} hold=3",full,5399,-2.4317118484313185,2.530920120451808,4.962631968883127,-0.7525600104802616,0.7825001335314994,-53.25448948064587,-166.1376583647182,0.5331851577452614,4.74679402396456,0.862,H3 短期リバーサル(横断),taker,3,3.0,3.0,
"H3 短期リバーサル(横断) {'lookback': 3, 'top_n': 3} hold=3",train,3240,-0.9626520125850464,1.7108047775384108,2.6734567901234563,-0.3236575593313312,0.5749240077192309,-21.082079075612516,-95.55070758740612,0.49866255144032917,3.4307865561529516,0.636,H3 短期リバーサル(横断),half-maker,3,3.0,3.0,
"H3 短期リバーサル(横断) {'lookback': 3, 'top_n': 3} hold=3",test,2111,0.4980628206653679,3.693467841982279,3.1954050213169114,0.138073137768011,1.0226490749047137,10.907575772571557,-63.495990349722,0.5840833728090951,6.323528478852062,0.44225,H3 短期リバーサル(横断),half-maker,3,3.0,3.0,
"H3 短期リバーサル(横断) {'lookback': 3, 'top_n': 3} hold=3",full,5399,-0.35028473229870155,2.530920120451808,2.881204852750509,-0.1083956661990209,0.7825001335314994,-7.671235637341564,-98.09762935628376,0.5331851577452614,4.74679402396456,0.55525,H3 短期リバーサル(横断),half-maker,3,3.0,3.0,
"H3 短期リバーサル(横断) {'lookback': 3, 'top_n': 3} hold=3",train,3240,0.9628109503779162,1.7108047775384108,0.7479938271604939,0.32363898052266865,0.5749240077192309,21.085559813276365,-84.69153285921803,0.49866255144032917,3.4307865561529516,0.36275,H3 短期リバーサル(横断),maker-only(理論上限),3,3.0,3.0,
"H3 短期リバーサル(横断) {'lookback': 3, 'top_n': 3} hold=3",test,2111,2.8173427827686353,3.693467841982279,0.8761250592136428,0.7803842004796584,1.0226490749047137,61.69980694263312,-53.808490349721986,0.5840833728090951,6.323528478852062,0.22125,H3 短期リバーサル(横断),maker-only(理論上限),3,3.0,3.0,
"H3 短期リバーサル(横断) {'lookback': 3, 'top_n': 3} hold=3",full,5399,1.7311423838339146,2.530920120451808,0.7997777366178921,0.5354107219332286,0.7825001335314994,37.912018205962724,-84.69153285921803,0.5331851577452614,4.74679402396456,0.207,H3 短期リバーサル(横断),maker-only(理論上限),3,3.0,3.0,
"H3 短期リバーサル(横断) {'lookback': 3, 'top_n': 3} hold=6",train,3240,-1.2129717224064132,1.1544151088693075,2.36738683127572,-0.3994597065468733,0.3805428847121275,-26.564080720700446,-116.44380610253211,0.2515432098765432,4.589331230351602,0.66775,H3 短期リバーサル(横断),taker,6,3.0,3.0,
"H3 短期リバーサル(横断) {'lookback': 3, 'top_n': 3} hold=6",test,2111,1.3375832401022125,4.272329805710929,2.934746565608716,0.38100123697763216,1.2161114553631034,29.293072958238454,-65.97495717912139,0.3012790146849834,14.18064185511914,0.3455,H3 短期リバーサル(横断),taker,6,3.0,3.0,
"H3 短期リバーサル(横断) {'lookback': 3, 'top_n': 3} hold=6",full,5399,-0.31721702603567575,2.2736331314008864,2.5908501574365626,-0.09838481902383298,0.7052455542839554,-6.947052870181299,-116.44380610253211,0.2714082854849663,8.377169205937252,0.55725,H3 短期リバーサル(横断),taker,6,3.0,3.0,
"H3 短期リバーサル(横断) {'lookback': 3, 'top_n': 3} hold=6",train,3240,-0.2179357141759605,1.1544151088693075,1.3723508230452675,-0.07181592552142897,0.3805428847121275,-4.772792140453535,-102.2308894358656,0.2515432098765432,4.589331230351602,0.52675,H3 短期リバーサル(横断),half-maker,6,3.0,3.0,
"H3 短期リバーサル(横断) {'lookback': 3, 'top_n': 3} hold=6",test,2111,2.578997261892832,4.272329805710929,1.6933325438180957,0.734542072127867,1.2161114553631034,56.480040035453015,-61.59829051245473,0.3012790146849834,14.18064185511914,0.226,H3 短期リバーサル(横断),half-maker,6,3.0,3.0,
"H3 短期リバーサル(横断) {'lookback': 3, 'top_n': 3} hold=6",full,5399,0.7746518385688805,2.2736331314008864,1.4989812928320059,0.24031938275405618,0.7052455542839554,16.96487526465848,-102.2308894358656,0.2714082854849663,8.377169205937252,0.357,H3 短期リバーサル(横断),half-maker,6,3.0,3.0,
"H3 短期リバーサル(横断) {'lookback': 3, 'top_n': 3} hold=6",train,3240,0.777100294054492,1.1544151088693075,0.3773148148148148,0.25615641912817055,0.3805428847121275,17.018496439793374,-88.01797276919882,0.2515432098765432,4.589331230351602,0.3715,H3 短期リバーサル(横断),maker-only(理論上限),6,3.0,3.0,
"H3 短期リバーサル(横断) {'lookback': 3, 'top_n': 3} hold=6",test,2111,3.8204112836834523,4.272329805710929,0.45191852202747507,1.0876964609926576,1.2161114553631034,83.6670071126676,-57.2216238457881,0.3012790146849834,14.18064185511914,0.14275,H3 短期リバーサル(横断),maker-only(理論上限),6,3.0,3.0,
"H3 短期リバーサル(横断) {'lookback': 3, 'top_n': 3} hold=6",full,5399,1.866520703173437,2.2736331314008864,0.40711242822744953,0.5790197552675295,0.7052455542839554,40.87680339949827,-88.01797276919882,0.2714082854849663,8.377169205937252,0.1865,H3 短期リバーサル(横断),maker-only(理論上限),6,3.0,3.0,
"H3 短期リバーサル(横断) {'lookback': 3, 'top_n': 3} hold=12",train,3240,-1.524429383315817,-0.32787588537343004,1.1965534979423866,-0.517617111282504,-0.11134507527355145,-33.38500349461639,-92.0777188623166,0.12427983539094649,-2.6382066273425004,0.72425,H3 短期リバーサル(横断),taker,12,3.0,3.0,
"H3 短期リバーサル(横断) {'lookback': 3, 'top_n': 3} hold=12",test,2111,3.5253276231853445,5.030025238849326,1.5046976156639822,1.0699493693914544,1.5249237683819175,77.20467494775905,-55.36935034828518,0.14984999210484762,33.56707042953929,0.162,H3 短期リバーサル(横断),taker,12,3.0,3.0,
"H3 短期リバーサル(横断) {'lookback': 3, 'top_n': 3} hold=12",full,5399,0.29386790564093235,1.6127078142659867,1.318839908625054,0.09533009511088594,0.5228824859652548,6.435707133536418,-120.94044109077906,0.13459282583194418,11.982123150305592,0.438,H3 短期リバーサル(横断),taker,12,3.0,3.0,
"H3 短期リバーサル(横断) {'lookback': 3, 'top_n': 3} hold=12",train,3240,-1.019362510887833,-0.32787588537343004,0.6914866255144032,-0.3461885372239878,-0.11134507527355145,-22.324038988443544,-86.28605219564996,0.12427983539094649,-2.6382066273425004,0.652,H3 短期リバーサル(横断),half-maker,12,3.0,3.0,
"H3 短期リバーサル(横断) {'lookback': 3, 'top_n': 3} hold=12",test,2111,4.1652889369387,5.030025238849326,0.8647363019106269,1.2637514696154521,1.5249237683819175,91.21982771895753,-53.64393368161851,0.14984999210484762,33.56707042953929,0.1225,H3 短期リバーサル(横断),half-maker,12,3.0,3.0,
"H3 短期リバーサル(横断) {'lookback': 3, 'top_n': 3} hold=12",full,5399,0.8523432405795008,1.6127078142659867,0.7603645736864851,0.2764734557845804,0.5228824859652548,18.666316968691067,-106.70260025377623,0.13459282583194418,11.982123150305592,0.3285,H3 短期リバーサル(横断),half-maker,12,3.0,3.0,
"H3 短期リバーサル(横断) {'lookback': 3, 'top_n': 3} hold=12",train,3240,-0.5142956384598499,-0.32787588537343004,0.18641975308641975,-0.17466246203700667,-0.11134507527355145,-11.263074482270714,-80.49438552898332,0.12427983539094649,-2.6382066273425004,0.5635,H3 短期リバーサル(横断),maker-only(理論上限),12,3.0,3.0,
"H3 短期リバーサル(横断) {'lookback': 3, 'top_n': 3} hold=12",test,2111,4.805250250692056,5.030025238849326,0.2247749881572714,1.4571335119586042,1.5249237683819175,105.23498049015603,-51.91851701495186,0.14984999210484762,33.56707042953929,0.0935,H3 短期リバーサル(横断),maker-only(理論上限),12,3.0,3.0,
"H3 短期リバーサル(横断) {'lookback': 3, 'top_n': 3} hold=12",full,5399,1.4108185755180696,1.6127078142659867,0.20188923874791626,0.457496831257535,0.5228824859652548,30.89692680384572,-100.17010025377631,0.13459282583194418,11.982123150305592,0.23525,H3 短期リバーサル(横断),maker-only(理論上限),12,3.0,3.0,
"H3 短期リバーサル(横断) {'lookback': 3, 'top_n': 5} hold=1",train,3240,-4.793456377068805,3.671080659968231,8.464537037037037,-2.07549905264693,1.5915161819402055,-104.97669465780682,-192.00946045684935,0.9062345679012345,4.050916605918217,0.989,H3 短期リバーサル(横断),taker,1,3.0,5.0,
"H3 短期リバーサル(横断) {'lookback': 3, 'top_n': 5} hold=1",test,2111,-1.5364302945503947,8.457340430224594,9.993770724774986,-0.5531005543605507,3.04681193477838,-33.64782345065365,-78.42356675148243,1.0537186167693038,8.026184880508954,0.71325,H3 短期リバーサル(横断),taker,1,3.0,5.0,
"H3 短期リバーサル(横断) {'lookback': 3, 'top_n': 5} hold=1",full,5399,-3.427532871103271,5.649101690852647,9.076634561955919,-1.3703177815667669,2.2605089109295213,-75.06296987716163,-232.82403512759055,0.9663641415076866,5.84572776266214,0.98075,H3 短期リバーサル(横断),taker,1,3.0,5.0,
"H3 短期リバーサル(横断) {'lookback': 3, 'top_n': 5} hold=1",train,3240,-1.2408637844762134,3.671080659968231,4.911944444444445,-0.5376695757585865,1.5915161819402055,-27.17491688002907,-104.39900518352991,0.9062345679012345,4.050916605918217,0.736,H3 短期リバーサル(横断),half-maker,1,3.0,5.0,
"H3 短期リバーサル(横断) {'lookback': 3, 'top_n': 5} hold=1",test,2111,2.670166105260122,8.457340430224594,5.787174324964472,0.9615965489261185,3.04681193477838,58.47663770519668,-56.911484644038545,1.0537186167693038,8.026184880508954,0.1665,H3 短期リバーサル(横断),half-maker,1,3.0,5.0,
"H3 短期リバーサル(横断) {'lookback': 3, 'top_n': 5} hold=1",full,5399,0.3860113037439232,5.649101690852647,5.263090387108724,0.1544061573695396,2.2605089109295213,8.453647551991917,-104.39900518352991,0.9663641415076866,5.84572776266214,0.4025,H3 短期リバーサル(横断),half-maker,1,3.0,5.0,
"H3 短期リバーサル(横断) {'lookback': 3, 'top_n': 5} hold=1",train,3240,2.3117288081163805,3.671080659968231,1.3593518518518515,1.0021041893373628,1.5915161819402055,50.62686089774873,-53.377305047787374,0.9062345679012345,4.050916605918217,0.127,H3 短期リバーサル(横断),maker-only(理論上限),1,3.0,5.0,
"H3 短期リバーサル(横断) {'lookback': 3, 'top_n': 5} hold=1",test,2111,6.87676250507064,8.457340430224594,1.5805779251539551,2.4772143059952563,3.04681193477838,150.60109886104703,-39.99381394719524,1.0537186167693038,8.026184880508954,0.00625,H3 短期リバーサル(横断),maker-only(理論上限),1,3.0,5.0,
"H3 短期リバーサル(横断) {'lookback': 3, 'top_n': 5} hold=1",full,5399,4.199555478591118,5.649101690852647,1.4495462122615297,1.6803614909757703,2.2605089109295213,91.97026498114548,-53.377305047787374,0.9663641415076866,5.84572776266214,0.00375,H3 短期リバーサル(横断),maker-only(理論上限),1,3.0,5.0,
"H3 短期リバーサル(横断) {'lookback': 3, 'top_n': 5} hold=2",train,3240,-4.607366080791204,1.1438067587149687,5.751172839506173,-2.027260429259468,0.5043775463631928,-100.90131716932736,-188.56922607098682,0.6156172839506174,1.8579835045806168,0.984,H3 短期リバーサル(横断),taker,2,3.0,5.0,
"H3 短期リバーサル(横断) {'lookback': 3, 'top_n': 5} hold=2",test,2111,-3.7401979121607893,3.05009105041619,6.790288962576978,-1.367074300212354,1.114364581147837,-81.91033427632128,-80.75680719088241,0.7164377072477499,4.257301115729024,0.89875,H3 短期リバーサル(横断),taker,2,3.0,5.0,
"H3 短期リバーサル(横断) {'lookback': 3, 'top_n': 5} hold=2",full,5399,-4.067993875327103,2.0961476323595063,6.164141507686609,-1.6517139940346017,0.8517630394025423,-89.08906586966354,-221.87470912544393,0.6563067234673088,3.1938536623324985,0.9885,H3 短期リバーサル(横断),taker,2,3.0,5.0,
"H3 短期リバーサル(横断) {'lookback': 3, 'top_n': 5} hold=2",train,3240,-2.1934926240010806,1.1438067587149687,3.3372993827160493,-0.9665366787200188,0.5043775463631928,-48.03748846562366,-127.22815639329647,0.6156172839506174,1.8579835045806168,0.8515,H3 短期リバーサル(横断),half-maker,2,3.0,5.0,
"H3 短期リバーサル(横断) {'lookback': 3, 'top_n': 5} hold=2",test,2111,-0.8823817113081118,3.05009105041619,3.932472761724301,-0.32258221929211633,1.114364581147837,-19.32415947764765,-62.12020026578696,0.7164377072477499,4.257301115729024,0.6285,H3 短期リバーサル(横断),half-maker,2,3.0,5.0,
"H3 短期リバーサル(横断) {'lookback': 3, 'top_n': 5} hold=2",full,5399,-1.478153164084279,2.0961476323595063,3.574300796443786,-0.6006423768412061,0.8517630394025423,-32.37155429344571,-127.22815639329647,0.6563067234673088,3.1938536623324985,0.82,H3 短期リバーサル(横断),half-maker,2,3.0,5.0,
"H3 短期リバーサル(横断) {'lookback': 3, 'top_n': 5} hold=2",train,3240,0.22038083278904427,1.1438067587149687,0.9234259259259259,0.09717483283867108,0.5043775463631928,4.8263402380800695,-82.71194987799205,0.6156172839506174,1.8579835045806168,0.44875,H3 短期リバーサル(横断),maker-only(理論上限),2,3.0,5.0,
"H3 短期リバーサル(横断) {'lookback': 3, 'top_n': 5} hold=2",test,2111,1.9754344895445648,3.05009105041619,1.0746565608716248,0.7219327024480385,1.114364581147837,43.26201532102597,-51.94670026578698,0.7164377072477499,4.257301115729024,0.2605,H3 短期リバーサル(横断),maker-only(理論上限),2,3.0,5.0,
"H3 短期リバーサル(横断) {'lookback': 3, 'top_n': 5} hold=2",full,5399,1.1116875471585446,2.0961476323595063,0.9844600852009631,0.45178936544924625,0.8517630394025423,24.345957282772126,-82.71194987799205,0.6563067234673088,3.1938536623324985,0.25075,H3 短期リバーサル(横断),maker-only(理論上限),2,3.0,5.0,
"H3 短期リバーサル(横断) {'lookback': 3, 'top_n': 5} hold=3",train,3240,-3.530744557569889,0.9764468004548031,4.507191358024691,-1.6149130268622596,0.44648289540842717,-77.32330581078057,-150.63438829922626,0.48358024691358026,2.019203238111796,0.96025,H3 短期リバーサル(横断),taker,3,3.0,5.0,
"H3 短期リバーサル(横断) {'lookback': 3, 'top_n': 5} hold=3",test,2111,-1.529423841423995,3.8248395408592835,5.354263382283278,-0.5929863302840516,1.480399597317351,-33.49438212718549,-64.65980218737238,0.5638086215063951,6.7839323397361335,0.71725,H3 短期リバーサル(横断),taker,3,3.0,5.0,
"H3 短期リバーサル(横断) {'lookback': 3, 'top_n': 5} hold=3",full,5399,-2.7641438924707833,2.0800402156973963,4.84418410816818,-1.179071670276888,0.8863278198985405,-60.53475124511015,-182.34528995693964,0.5159844415632525,4.03120723833378,0.954,H3 短期リバーサル(横断),taker,3,3.0,5.0,
"H3 短期リバーサル(横断) {'lookback': 3, 'top_n': 5} hold=3",train,3240,-1.639834063742728,0.9764468004548031,2.6162808641975306,-0.7504174299581675,0.44648289540842717,-35.91236599596574,-102.55788829922625,0.48358024691358026,2.019203238111796,0.80275,H3 短期リバーサル(横断),half-maker,3,3.0,5.0,
"H3 短期リバーサル(横断) {'lookback': 3, 'top_n': 5} hold=3",test,2111,0.7248513835878476,3.8248395408592835,3.0999881572714356,0.28097185945378733,1.480399597317351,15.874245300573865,-53.19005218737234,0.5638086215063951,6.7839323397361335,0.3875,H3 短期リバーサル(横断),half-maker,3,3.0,5.0,
"H3 短期リバーサル(横断) {'lookback': 3, 'top_n': 5} hold=3",full,5399,-0.7290401695591326,2.0800402156973963,2.809080385256529,-0.3110178423028154,0.8863278198985405,-15.965979713345005,-110.5825399569397,0.5159844415632525,4.03120723833378,0.67025,H3 短期リバーサル(横断),half-maker,3,3.0,5.0,
"H3 短期リバーサル(横断) {'lookback': 3, 'top_n': 5} hold=3",train,3240,0.2510764300844327,0.9764468004548031,0.7253703703703702,0.1148523673312368,0.44648289540842717,5.498573818849076,-64.90524039559004,0.48358024691358026,2.019203238111796,0.454,H3 短期リバーサル(横断),maker-only(理論上限),3,3.0,5.0,
"H3 短期リバーサル(横断) {'lookback': 3, 'top_n': 5} hold=3",test,2111,2.9791266085996906,3.8248395408592835,0.8457129322595924,1.1536817181447576,1.480399597317351,65.24287272833323,-45.0416101305732,0.5638086215063951,6.7839323397361335,0.14275,H3 短期リバーサル(横断),maker-only(理論上限),3,3.0,5.0,
"H3 短期リバーサル(横断) {'lookback': 3, 'top_n': 5} hold=3",full,5399,1.3060635533525182,2.0800402156973963,0.7739766623448786,0.5567968288083839,0.8863278198985405,28.602791818420148,-64.90524039559004,0.5159844415632525,4.03120723833378,0.19775,H3 短期リバーサル(横断),maker-only(理論上限),3,3.0,5.0,
"H3 短期リバーサル(横断) {'lookback': 3, 'top_n': 5} hold=6",train,3240,0.13980940066388034,2.4520933512811647,2.312283950617284,0.06160266159638505,1.0822443698827657,3.0618258745389793,-73.85801229159567,0.2427777777777778,10.100155680334316,0.476,H3 短期リバーサル(横断),taker,6,3.0,5.0,
"H3 短期リバーサル(横断) {'lookback': 3, 'top_n': 5} hold=6",test,2111,0.9149252574766711,3.732570923038016,2.8176456655613453,0.36886070987496095,1.5038600474233315,20.036863138739097,-35.01431495493507,0.2892468024632876,12.904450079484524,0.33475,H3 短期リバーサル(横断),taker,6,3.0,5.0,
"H3 短期リバーサル(横断) {'lookback': 3, 'top_n': 5} hold=6",full,5399,0.3007130965185877,2.8125486216158277,2.5118355250972404,0.127888005538656,1.1968088263768721,6.585616813757071,-73.85801229159567,0.2613817373587702,10.760310379892186,0.418,H3 短期リバーサル(横断),taker,6,3.0,5.0,
"H3 短期リバーサル(横断) {'lookback': 3, 'top_n': 5} hold=6",train,3240,1.1138680426391896,2.4520933512811647,1.3382253086419753,0.4913189287329707,1.0822443698827657,24.393710133798248,-60.30701229159568,0.2427777777777778,10.100155680334316,0.294,H3 短期リバーサル(横断),half-maker,6,3.0,5.0,
"H3 短期リバーサル(横断) {'lookback': 3, 'top_n': 5} hold=6",test,2111,2.1068129884098776,3.732570923038016,1.6257579346281386,0.8494622484950658,1.5038600474233315,46.13920444617632,-31.486314954935075,0.2892468024632876,12.904450079484524,0.18725,H3 短期リバーサル(横断),half-maker,6,3.0,5.0,
"H3 短期リバーサル(横断) {'lookback': 3, 'top_n': 5} hold=6",full,5399,1.36059455604813,2.8125486216158277,1.451954065567698,0.578990051458854,1.1968088263768721,29.797020777454048,-60.30701229159568,0.2613817373587702,10.760310379892186,0.18975,H3 短期リバーサル(横断),half-maker,6,3.0,5.0,
"H3 短期リバーサル(横断) {'lookback': 3, 'top_n': 5} hold=6",train,3240,2.087926684614498,2.4520933512811647,0.3641666666666666,0.9214745571772682,1.0822443698827657,45.725594393057506,-49.92090921742424,0.2427777777777778,10.100155680334316,0.143,H3 短期リバーサル(横断),maker-only(理論上限),6,3.0,5.0,
"H3 短期リバーサル(横断) {'lookback': 3, 'top_n': 5} hold=6",test,2111,3.2987007193430844,3.732570923038016,0.43387020369493123,1.329434140396769,1.5038600474233315,72.24154575361355,-29.102956475585657,0.2892468024632876,12.904450079484524,0.08775,H3 短期リバーサル(横断),maker-only(理論上限),6,3.0,5.0,
"H3 短期リバーサル(横断) {'lookback': 3, 'top_n': 5} hold=6",full,5399,2.420476015577673,2.8125486216158277,0.3920726060381552,1.0300910279887794,1.1968088263768721,53.008424741151025,-49.92090921742424,0.2613817373587702,10.760310379892186,0.05475,H3 短期リバーサル(横断),maker-only(理論上限),6,3.0,5.0,
"H3 短期リバーサル(横断) {'lookback': 3, 'top_n': 5} hold=12",train,3240,-0.04060383224672215,1.1455690072594504,1.1861728395061728,-0.01842386400981325,0.520005355528456,-0.8892239262032151,-45.434167120344796,0.12209876543209877,9.382314417392868,0.4915,H3 短期リバーサル(横断),taker,12,3.0,5.0,
"H3 短期リバーサル(横断) {'lookback': 3, 'top_n': 5} hold=12",test,2111,1.5454011615446062,3.0227341790718447,1.4773330175272381,0.6652598909250933,1.2991890065673193,33.84428543782687,-54.97853063094568,0.14628138323069637,20.6638337176835,0.2775,H3 短期リバーサル(横断),taker,12,3.0,5.0,
"H3 短期リバーサル(横断) {'lookback': 3, 'top_n': 5} hold=12",full,5399,0.4288745662050553,1.7306989781331905,1.301824411928135,0.19068579814086573,0.7690981350799685,9.392352999890711,-94.62060528446652,0.13183922948694202,13.127344454820308,0.38825,H3 短期リバーサル(横断),taker,12,3.0,5.0,
"H3 短期リバーサル(横断) {'lookback': 3, 'top_n': 5} hold=12",train,3240,0.46090851343228945,1.1455690072594504,0.6846604938271607,0.20921791481720306,0.520005355528456,10.09389644416714,-42.28728059820661,0.12209876543209877,9.382314417392868,0.36425,H3 短期リバーサル(横断),half-maker,12,3.0,5.0,
"H3 短期リバーサル(横断) {'lookback': 3, 'top_n': 5} hold=12",test,2111,2.1743566328852015,3.0227341790718447,0.8483775461866413,0.9356349739714118,1.2991890065673193,47.61841026018592,-53.55228063094568,0.14628138323069637,20.6638337176835,0.2075,H3 短期リバーサル(横断),half-maker,12,3.0,5.0,
"H3 短期リバーサル(横断) {'lookback': 3, 'top_n': 5} hold=12",full,5399,0.9809073500539163,1.7306989781331905,0.7497916280792739,0.4361378085079557,0.7690981350799685,21.481870966180765,-88.88646876232833,0.13183922948694202,13.127344454820308,0.24775,H3 短期リバーサル(横断),half-maker,12,3.0,5.0,
"H3 短期リバーサル(横断) {'lookback': 3, 'top_n': 5} hold=12",train,3240,0.9624208591113022,1.1455690072594504,0.18314814814814812,0.43689850631153176,0.520005355528456,21.077016814537515,-39.18553059820656,0.12209876543209877,9.382314417392868,0.25725,H3 短期リバーサル(横断),maker-only(理論上限),12,3.0,5.0,
"H3 短期リバーサル(横断) {'lookback': 3, 'top_n': 5} hold=12",test,2111,2.8033121042258,3.0227341790718447,0.2194220748460445,1.2053362356835646,1.2991890065673193,61.39253508254502,-52.126030630945664,0.14628138323069637,20.6638337176835,0.15,H3 短期リバーサル(横断),maker-only(理論上限),12,3.0,5.0,
"H3 短期リバーサル(横断) {'lookback': 3, 'top_n': 5} hold=12",full,5399,1.532940133902777,1.7306989781331905,0.19775884423041304,0.6813627191600391,0.7690981350799685,33.57138893247082,-83.19746876232827,0.13183922948694202,13.127344454820308,0.1445,H3 短期リバーサル(横断),maker-only(理論上限),12,3.0,5.0,
"H3 短期リバーサル(横断) {'lookback': 6, 'top_n': 3} hold=1",train,3240,-2.6890639459170447,4.169860951202296,6.858924897119341,-0.8617660919373631,1.3366993488122754,-58.89050041558328,-144.26077718401237,0.734156378600823,5.679799389810303,0.858,H3 短期リバーサル(横断),taker,1,6.0,3.0,
"H3 短期リバーサル(横断) {'lookback': 6, 'top_n': 3} hold=1",test,2111,4.243982818208127,12.27591870957083,8.031935891362702,1.009799976169069,2.9206992282821016,92.94322371875798,-91.60902131122124,0.8436759829464708,14.550513417127467,0.17875,H3 短期リバーサル(横断),taker,1,6.0,3.0,
"H3 短期リバーサル(横断) {'lookback': 6, 'top_n': 3} hold=1",full,5399,0.14679021037421647,7.469149289215976,7.322359078841759,0.04095846245781112,2.084150010868525,3.214705607195341,-180.71094981034136,0.7780453170340186,9.599889782370353,0.476,H3 短期リバーサル(横断),taker,1,6.0,3.0,
"H3 短期リバーサル(横断) {'lookback': 6, 'top_n': 3} hold=1",train,3240,0.1897812186920096,4.169860951202296,3.9800797325102875,0.060832676005833995,1.3366993488122754,4.15620868935501,-81.58769347678412,0.734156378600823,5.679799389810303,0.46625,H3 短期リバーサル(横断),half-maker,1,6.0,3.0,
"H3 短期リバーサル(横断) {'lookback': 6, 'top_n': 3} hold=1",test,2111,7.627193776679624,12.27591870957083,4.648724932891205,1.8147968123135825,2.9206992282821016,167.03554370928376,-80.02891647562419,0.8436759829464708,14.550513417127467,0.03775,H3 短期リバーサル(横断),half-maker,1,6.0,3.0,
"H3 短期リバーサル(横断) {'lookback': 6, 'top_n': 3} hold=1",full,5399,3.2244357620195823,7.469149289215976,4.244713527196393,0.8997728643715139,2.084150010868525,70.61514318822884,-81.58769347678412,0.7780453170340186,9.599889782370353,0.07525,H3 短期リバーサル(横断),half-maker,1,6.0,3.0,
"H3 短期リバーサル(横断) {'lookback': 6, 'top_n': 3} hold=1",train,3240,3.068626383301062,4.169860951202296,1.1012345679012345,0.9836794430273822,1.3366993488122754,67.20291779429326,-62.6931101434508,0.734156378600823,5.679799389810303,0.119,H3 短期リバーサル(横断),maker-only(理論上限),1,6.0,3.0,
"H3 短期リバーサル(横断) {'lookback': 6, 'top_n': 3} hold=1",test,2111,11.01040473515112,12.27591870957083,1.2655139744197064,2.619640770129768,2.9206992282821016,241.12786369980955,-76.05308314229087,0.8436759829464708,14.550513417127467,0.00425,H3 短期リバーサル(横断),maker-only(理論上限),1,6.0,3.0,
"H3 短期リバーサル(横断) {'lookback': 6, 'top_n': 3} hold=1",full,5399,6.302081313664948,7.469149289215976,1.167067975551028,1.7585263666313193,2.084150010868525,138.01558076926236,-76.05308314229096,0.7780453170340186,9.599889782370353,0.002,H3 短期リバーサル(横断),maker-only(理論上限),1,6.0,3.0,
"H3 短期リバーサル(横断) {'lookback': 6, 'top_n': 3} hold=2",train,3240,-2.542095243504179,2.0525035219279184,4.5945987654320986,-0.8338376629614662,0.6733472474715999,-55.671885832741516,-148.11753502372338,0.4920781893004115,4.1710922502904815,0.85525,H3 短期リバーサル(横断),taker,2,6.0,3.0,
"H3 短期リバーサル(横断) {'lookback': 6, 'top_n': 3} hold=2",test,2111,7.35942610512698,12.84272785785081,5.483301752723827,1.822795310023454,3.1811974600269655,161.17143170228084,-54.21097306893709,0.5730301594820779,22.411957983954032,0.02425,H3 短期リバーサル(横断),taker,2,6.0,3.0,
"H3 短期リバーサル(横断) {'lookback': 6, 'top_n': 3} hold=2",full,5399,1.4494132186469588,6.39329171466474,4.943878496017781,0.417834238990438,1.8431687433572181,31.742149488368398,-148.11753502372338,0.5242946224609495,12.194082183516816,0.24825,H3 短期リバーサル(横断),taker,2,6.0,3.0,
"H3 短期リバーサル(横断) {'lookback': 6, 'top_n': 3} hold=2",train,3240,-0.6138545027634383,2.0525035219279184,2.6663580246913576,-0.20140644573010233,0.6733472474715999,-13.4434136105193,-101.61760507845284,0.4920781893004115,4.1710922502904815,0.60075,H3 短期リバーサル(横断),half-maker,2,6.0,3.0,
"H3 短期リバーサル(横断) {'lookback': 6, 'top_n': 3} hold=2",test,2111,9.671304361877334,12.84272785785081,3.171423495973472,2.395807459008938,3.1811974600269655,211.80156552511363,-47.35013973560377,0.5730301594820779,22.411957983954032,0.004,H3 短期リバーサル(横断),half-maker,2,6.0,3.0,
"H3 短期リバーサル(横断) {'lookback': 6, 'top_n': 3} hold=2",full,5399,3.5281314998101365,6.39329171466474,2.865160214854603,1.0172814862833615,1.8431687433572181,77.266079845842,-101.61760507845284,0.5242946224609495,12.194082183516816,0.0485,H3 短期リバーサル(横断),half-maker,2,6.0,3.0,
"H3 短期リバーサル(横断) {'lookback': 6, 'top_n': 3} hold=2",train,3240,1.3143862379773015,2.0525035219279184,0.7381172839506172,0.4312406890219939,0.6733472474715999,28.7850586117029,-88.11552174511937,0.4920781893004115,4.1710922502904815,0.309,H3 短期リバーサル(横断),maker-only(理論上限),2,6.0,3.0,
"H3 短期リバーサル(横断) {'lookback': 6, 'top_n': 3} hold=2",test,2111,11.983182618627692,12.84272785785081,0.8595452392231169,2.9684623273013933,3.1811974600269655,262.43169934794645,-44.57054981143226,0.5730301594820779,22.411957983954032,0.0005,H3 短期リバーサル(横断),maker-only(理論上限),2,6.0,3.0,
"H3 短期リバーサル(横断) {'lookback': 6, 'top_n': 3} hold=2",full,5399,5.606849780973315,6.39329171466474,0.7864419336914243,1.6165756064262882,1.8431687433572181,122.79001020331562,-88.11552174511937,0.5242946224609495,12.194082183516816,0.003,H3 短期リバーサル(横断),maker-only(理論上限),2,6.0,3.0,
"H3 短期リバーサル(横断) {'lookback': 6, 'top_n': 3} hold=3",train,3240,-1.5661103522018478,2.0293628988269594,3.5954732510288068,-0.5148823262298275,0.6670551886080582,-34.29781671322047,-125.54494997008987,0.38395061728395063,5.285478932636132,0.73225,H3 短期リバーサル(横断),taker,3,6.0,3.0,
"H3 短期リバーサル(横断) {'lookback': 6, 'top_n': 3} hold=3",test,2111,2.2261096246705856,6.591615703937916,4.3655060792673295,0.5933832869896324,1.7568873076891875,48.751800780285826,-84.87709556281314,0.4547607768829938,14.494688282305145,0.27275,H3 短期リバーサル(横断),taker,3,6.0,3.0,
"H3 短期リバーサル(横断) {'lookback': 6, 'top_n': 3} hold=3",full,5399,0.005428354153615544,3.9064439743301915,3.9010156201765755,0.001628387377230711,1.1716237419017828,0.11888095596418041,-125.54494997008987,0.41242205346669125,9.471957043746427,0.499,H3 短期リバーサル(横断),taker,3,6.0,3.0,
"H3 短期リバーサル(横断) {'lookback': 6, 'top_n': 3} hold=3",train,3240,-0.05633668965040736,2.0293628988269594,2.0856995884773664,-0.018524411748958476,0.6670551886080582,-1.2337735033439212,-110.6115952896435,0.38395061728395063,5.285478932636132,0.48625,H3 短期リバーサル(横断),half-maker,3,6.0,3.0,
"H3 短期リバーサル(横断) {'lookback': 6, 'top_n': 3} hold=3",test,2111,4.067792081642006,6.591615703937916,2.52382362229591,1.084443564748707,1.7568873076891875,89.08464658795992,-76.5325122294798,0.4547607768829938,14.494688282305145,0.131,H3 短期リバーサル(横断),half-maker,3,6.0,3.0,
"H3 短期リバーサル(横断) {'lookback': 6, 'top_n': 3} hold=3",full,5399,1.6466196241418856,3.9064439743301915,2.2598243501883064,0.4940118261989914,1.1716237419017828,36.06096976870729,-110.6115952896435,0.41242205346669125,9.471957043746427,0.21125,H3 短期リバーサル(横断),half-maker,3,6.0,3.0,
"H3 短期リバーサル(横断) {'lookback': 6, 'top_n': 3} hold=3",train,3240,1.4534369729010321,2.0293628988269594,0.575925925925926,0.47783569649272417,0.6670551886080582,31.830269706532604,-99.71451195631022,0.38395061728395063,5.285478932636132,0.25125,H3 短期リバーサル(横断),maker-only(理論上限),3,6.0,3.0,
"H3 短期リバーサル(横断) {'lookback': 6, 'top_n': 3} hold=3",test,2111,5.9094745386134235,6.591615703937916,0.6821411653244909,1.5752486023324,1.7568873076891875,129.41749239563399,-68.18792889614647,0.4547607768829938,14.494688282305145,0.047,H3 短期リバーサル(横断),maker-only(理論上限),3,6.0,3.0,
"H3 短期リバーサル(横断) {'lookback': 6, 'top_n': 3} hold=3",full,5399,3.2878108941301534,3.9064439743301915,0.6186330802000369,0.9862378497901693,1.1716237419017828,72.00305858145036,-99.71451195631022,0.41242205346669125,9.471957043746427,0.056,H3 短期リバーサル(横断),maker-only(理論上限),3,6.0,3.0,
"H3 短期リバーサル(横断) {'lookback': 6, 'top_n': 3} hold=6",train,3240,-1.7936255234425442,0.5854382625656862,2.3790637860082304,-0.5990711255875631,0.1956327539528448,-39.28039896339172,-129.4129391279026,0.2517489711934156,2.325484230542897,0.75175,H3 短期リバーサル(横断),taker,6,6.0,3.0,
"H3 短期リバーサル(横断) {'lookback': 6, 'top_n': 3} hold=6",test,2111,0.4090200442026202,3.2871188915103735,2.8780988473077533,0.11154053821422111,0.8956419524296625,8.957538968037383,-64.57746802771405,0.2990683720195799,10.991195322035479,0.42725,H3 短期リバーサル(横断),taker,6,6.0,3.0,
"H3 短期リバーサル(横断) {'lookback': 6, 'top_n': 3} hold=6",full,5399,-0.9307787155191987,1.6471215129181662,2.577900228437364,-0.2847321754180077,0.5037469674494883,-20.384053869870453,-129.4129391279026,0.2708526270296968,6.08124621489299,0.68,H3 短期リバーサル(横断),taker,6,6.0,3.0,
"H3 短期リバーサル(横断) {'lookback': 6, 'top_n': 3} hold=6",train,3240,-0.7929053588334908,0.5854382625656862,1.3783436213991767,-0.2649451033595706,0.1956327539528448,-17.36462735845345,-103.79002246123565,0.2517489711934156,2.325484230542897,0.60575,H3 短期リバーサル(横断),half-maker,6,6.0,3.0,
"H3 短期リバーサル(横断) {'lookback': 6, 'top_n': 3} hold=6",test,2111,1.6237681888418116,3.2871188915103735,1.6633507026685612,0.44272199813588065,0.8956419524296625,35.56052333563567,-59.411946670639914,0.2990683720195799,10.991195322035479,0.28825,H3 短期リバーサル(横断),half-maker,6,6.0,3.0,
"H3 短期リバーサル(横断) {'lookback': 6, 'top_n': 3} hold=6",full,5399,0.15503192842721034,1.6471215129181662,1.492089584490955,0.0474301591489108,0.5037469674494883,3.395199232555907,-103.79002246123565,0.2708526270296968,6.08124621489299,0.47325,H3 短期リバーサル(横断),half-maker,6,6.0,3.0,
"H3 短期リバーサル(横断) {'lookback': 6, 'top_n': 3} hold=6",train,3240,0.20781480577556227,0.5854382625656862,0.3776234567901234,0.06944798414928323,0.1956327539528448,4.551144246484814,-78.16710579456911,0.2517489711934156,2.325484230542897,0.4525,H3 短期リバーサル(横断),maker-only(理論上限),6,6.0,3.0,
"H3 短期リバーサル(横断) {'lookback': 6, 'top_n': 3} hold=6",test,2111,2.8385163334810026,3.2871188915103735,0.44860255802936994,0.7735775483033454,0.8956419524296625,62.163507703233954,-54.58861333730658,0.2990683720195799,10.991195322035479,0.1705,H3 短期リバーサル(横断),maker-only(理論上限),6,6.0,3.0,
"H3 短期リバーサル(横断) {'lookback': 6, 'top_n': 3} hold=6",full,5399,1.24084257237362,1.6471215129181662,0.4062789405445453,0.3795474634639017,0.5037469674494883,27.17445233498228,-78.16710579456911,0.2708526270296968,6.08124621489299,0.26575,H3 短期リバーサル(横断),maker-only(理論上限),6,6.0,3.0,
"H3 短期リバーサル(横断) {'lookback': 6, 'top_n': 3} hold=12",train,3240,-0.6510839738570157,0.5549859849907213,1.2060699588477366,-0.227571051988795,0.19410051527166386,-14.258739027468643,-66.16456529247517,0.12520576131687242,4.432591433122277,0.575,H3 短期リバーサル(横断),taker,12,6.0,3.0,
"H3 短期リバーサル(横断) {'lookback': 6, 'top_n': 3} hold=12",test,2111,3.1579139713401805,4.648834546107273,1.4909205747670928,0.9349117642580718,1.3749557339920537,69.15831597234995,-58.38590981466167,0.14732354334438655,31.555272433544868,0.16725,H3 短期リバーサル(横断),taker,12,6.0,3.0,
"H3 短期リバーサル(横断) {'lookback': 6, 'top_n': 3} hold=12",full,5399,0.7811928802517459,2.100495837589524,1.3193029573377784,0.2543437673722428,0.6837219851597538,17.10812407751324,-70.58530337118071,0.13409890720503798,15.663780424234584,0.3325,H3 短期リバーサル(横断),taker,12,6.0,3.0,
"H3 短期リバーサル(横断) {'lookback': 6, 'top_n': 3} hold=12",train,3240,-0.14195331542080175,0.5549859849907213,0.6969393004115226,-0.04963606458309435,0.19410051527166386,-3.1087776077155587,-59.78689541349672,0.12520576131687242,4.432591433122277,0.48825,H3 短期リバーサル(横断),half-maker,12,6.0,3.0,
"H3 短期リバーサル(横断) {'lookback': 6, 'top_n': 3} hold=12",test,2111,3.792881601215436,4.648834546107273,0.8559529448918363,1.1225595786826073,1.3749557339920537,83.06410706661805,-56.10299314799501,0.14732354334438655,31.555272433544868,0.122,H3 短期リバーサル(横断),half-maker,12,6.0,3.0,
"H3 短期リバーサル(横断) {'lookback': 6, 'top_n': 3} hold=12",full,5399,1.3402701785168567,2.100495837589524,0.7602256590726677,0.43638118788588987,0.6837219851597538,29.35191690951916,-59.78689541349672,0.13409890720503798,15.663780424234584,0.237,H3 短期リバーサル(横断),half-maker,12,6.0,3.0,
"H3 短期リバーサル(横断) {'lookback': 6, 'top_n': 3} hold=12",train,3240,0.36717734301541244,0.5549859849907213,0.1878086419753086,0.12841438502585123,0.19410051527166386,8.041183812037533,-54.795787402506626,0.12520576131687242,4.432591433122277,0.40325,H3 短期リバーサル(横断),maker-only(理論上限),12,6.0,3.0,
"H3 短期リバーサル(横断) {'lookback': 6, 'top_n': 3} hold=12",test,2111,4.4278492310906925,4.648834546107273,0.2209853150165798,1.3098524304692993,1.3749557339920537,96.96989816088617,-53.82007648132837,0.14732354334438655,31.555272433544868,0.088,H3 短期リバーサル(横断),maker-only(理論上限),12,6.0,3.0,
"H3 短期リバーサル(横断) {'lookback': 6, 'top_n': 3} hold=12",full,5399,1.899347476781967,2.100495837589524,0.2011483608075569,0.618308722171238,0.6837219851597538,41.59570974152508,-54.795787402506626,0.13409890720503798,15.663780424234584,0.1595,H3 短期リバーサル(横断),maker-only(理論上限),12,6.0,3.0,
"H3 短期リバーサル(横断) {'lookback': 6, 'top_n': 5} hold=1",train,3240,-4.271286171834553,2.0890070380419914,6.360293209876544,-1.8681794692042832,0.9142625131958734,-93.5411671631767,-164.8985012145163,0.6725308641975308,3.1061876104892394,0.991,H3 短期リバーサル(横断),taker,1,6.0,5.0,
"H3 短期リバーサル(横断) {'lookback': 6, 'top_n': 5} hold=1",test,2111,0.03591239983151577,7.4137664974156,7.377854097584084,0.012496070691243664,2.5800786300506737,0.7864815563101955,-93.81529165773614,0.7702510658455707,9.625129813065396,0.51,H3 短期リバーサル(横断),taker,1,6.0,5.0,
"H3 短期リバーサル(横断) {'lookback': 6, 'top_n': 5} hold=1",full,5399,-2.5143383328918727,4.250442182018297,6.764780514910169,-0.9929065504963853,1.679032421406581,-55.06400949033201,-231.50084299951394,0.7121318762733839,5.968616661651266,0.93525,H3 短期リバーサル(横断),taker,1,6.0,5.0,
"H3 短期リバーサル(横断) {'lookback': 6, 'top_n': 5} hold=1",train,3240,-1.595537715044429,2.0890070380419914,3.6845447530864193,-0.6981448530574595,0.9142625131958734,-34.942275959472994,-96.996001214516,0.6725308641975308,3.1061876104892394,0.81325,H3 短期リバーサル(横断),half-maker,1,6.0,5.0,
"H3 短期リバーサル(横断) {'lookback': 6, 'top_n': 5} hold=1",test,2111,3.1471511492393787,7.4137664974156,4.26661534817622,1.0952109045128042,2.5800786300506737,68.92261016834239,-79.04254165773615,0.7702510658455707,9.625129813065396,0.155,H3 短期リバーサル(横断),half-maker,1,6.0,5.0,
"H3 短期リバーサル(横断) {'lookback': 6, 'top_n': 5} hold=1",full,5399,0.3339530173581741,4.250442182018297,3.9164891646601223,0.1319087918671592,1.679032421406581,7.313571080144013,-128.507842999514,0.7121318762733839,5.968616661651266,0.412,H3 短期リバーサル(横断),half-maker,1,6.0,5.0,
"H3 短期リバーサル(横断) {'lookback': 6, 'top_n': 5} hold=1",train,3240,1.0802107417456959,2.0890070380419914,1.0087962962962962,0.4727513856037821,0.9142625131958734,23.656615244230743,-61.640559925597614,0.6725308641975308,3.1061876104892394,0.27525,H3 短期リバーサル(横断),maker-only(理論上限),1,6.0,5.0,
"H3 短期リバーサル(横断) {'lookback': 6, 'top_n': 5} hold=1",test,2111,6.258389898647242,7.4137664974156,1.155376598768356,2.178014542639086,2.5800786300506737,137.0587387803746,-64.26979165773618,0.7702510658455707,9.625129813065396,0.01975,H3 短期リバーサル(横断),maker-only(理論上限),1,6.0,5.0,
"H3 短期リバーサル(横断) {'lookback': 6, 'top_n': 5} hold=1",full,5399,3.182244367608221,4.250442182018297,1.0681978144100757,1.2570770175844854,1.679032421406581,69.69115165062004,-64.26979165773614,0.7121318762733839,5.968616661651266,0.01975,H3 短期リバーサル(横断),maker-only(理論上限),1,6.0,5.0,
"H3 短期リバーサル(横断) {'lookback': 6, 'top_n': 5} hold=2",train,3240,-4.166689973043158,0.17165879238894077,4.338348765432099,-1.830649520861768,0.07543480653311993,-91.25051040964517,-183.83703483855513,0.45820987654320994,0.3746291845211963,0.984,H3 短期リバーサル(横断),taker,2,6.0,5.0,
"H3 短期リバーサル(横断) {'lookback': 6, 'top_n': 5} hold=2",test,2111,2.4401250289438665,7.561986705874231,5.121861676930365,0.8743020755956173,2.7111680250853345,53.43873813387068,-44.80949612486411,0.5329227854097585,14.189647943200447,0.1845,H3 短期リバーサル(横断),taker,2,6.0,5.0,
"H3 短期リバーサル(横断) {'lookback': 6, 'top_n': 5} hold=2",full,5399,-1.5141834220032389,3.134205168476479,4.648388590479718,-0.6083188849698908,1.259537841784438,-33.16061694187093,-183.83703483855513,0.48820151879977775,6.4199004873679755,0.8315,H3 短期リバーサル(横断),taker,2,6.0,5.0,
"H3 短期リバーサル(横断) {'lookback': 6, 'top_n': 5} hold=2",train,3240,-2.341172997734516,0.17165879238894077,2.5128317901234567,-1.0290278996115385,0.07543480653311993,-51.271688650385904,-137.3837848385554,0.45820987654320994,0.3746291845211963,0.8895,H3 短期リバーサル(横断),half-maker,2,6.0,5.0,
"H3 短期リバーサル(横断) {'lookback': 6, 'top_n': 5} hold=2",test,2111,4.601363778351731,7.561986705874231,2.960622927522501,1.649487036698922,2.7111680250853345,100.76986674590292,-37.05877942932709,0.5329227854097585,14.189647943200447,0.04175,H3 短期リバーサル(横断),half-maker,2,6.0,5.0,
"H3 短期リバーサル(横断) {'lookback': 6, 'top_n': 5} hold=2",full,5399,0.44385973413678764,3.134205168476479,2.690345434339693,0.17839164786277048,1.259537841784438,9.72052817759565,-137.3837848385554,0.48820151879977775,6.4199004873679755,0.385,H3 短期リバーサル(横断),half-maker,2,6.0,5.0,
"H3 短期リバーサル(横断) {'lookback': 6, 'top_n': 5} hold=2",train,3240,-0.5156560224258742,0.17165879238894077,0.6873148148148146,-0.22663867476844055,0.07543480653311993,-11.292866891126645,-90.95947561961408,0.45820987654320994,0.3746291845211963,0.5995,H3 短期リバーサル(横断),maker-only(理論上限),2,6.0,5.0,
"H3 短期リバーサル(横断) {'lookback': 6, 'top_n': 5} hold=2",test,2111,6.7626025277595945,7.561986705874231,0.7993841781146374,2.4246524217168623,2.7111680250853345,148.10099535793512,-32.65344995254811,0.5329227854097585,14.189647943200447,0.005,H3 短期リバーサル(横断),maker-only(理論上限),2,6.0,5.0,
"H3 短期リバーサル(横断) {'lookback': 6, 'top_n': 5} hold=2",full,5399,2.4019028902768134,3.134205168476479,0.7323022781996665,0.9653602547087616,1.259537841784438,52.60167329706221,-90.95947561961408,0.48820151879977775,6.4199004873679755,0.0585,H3 短期リバーサル(横断),maker-only(理論上限),2,6.0,5.0,
"H3 短期リバーサル(横断) {'lookback': 6, 'top_n': 5} hold=3",train,3240,-3.4876281309671344,-0.06917134084367883,3.418456790123457,-1.51334628890581,-0.030017040995270194,-76.37905606818025,-150.22693957642147,0.36049382716049383,-0.1918794043951365,0.9685,H3 短期リバーサル(横断),taker,3,6.0,5.0,
"H3 短期リバーサル(横断) {'lookback': 6, 'top_n': 5} hold=3",test,2111,0.8167614562219403,4.968845776449322,4.152084320227381,0.3075071203028747,1.8711307367679149,17.887075891260494,-38.88147207704595,0.4278540975840834,11.61341168521315,0.3865,H3 短期リバーサル(横断),taker,3,6.0,5.0,
"H3 短期リバーサル(横断) {'lookback': 6, 'top_n': 5} hold=3",full,5399,-1.8434086529727904,1.8674915137247463,3.710900166697537,-0.7540141248368961,0.7639028929832955,-40.37064950010411,-154.91972066255525,0.38766438229301725,4.8172893849020095,0.8895,H3 短期リバーサル(横断),taker,3,6.0,5.0,
"H3 短期リバーサル(横断) {'lookback': 6, 'top_n': 5} hold=3",train,3240,-2.0487701062757773,-0.06917134084367883,1.9795987654320988,-0.8893433880420082,-0.030017040995270194,-44.868065327439524,-114.97318957642135,0.36049382716049383,-0.1918794043951365,0.85375,H3 短期リバーサル(横断),half-maker,3,6.0,5.0,
"H3 短期リバーサル(横断) {'lookback': 6, 'top_n': 5} hold=3",test,2111,2.571913043147568,4.968845776449322,2.3969327333017523,0.968685562171637,1.8711307367679149,56.324895644931736,-30.818559474133355,0.4278540975840834,11.61341168521315,0.1615,H3 短期リバーサル(横断),half-maker,3,6.0,5.0,
"H3 短期リバーサル(横断) {'lookback': 6, 'top_n': 5} hold=3",full,5399,-0.27870685634378495,1.8674915137247463,2.1461983700685314,-0.11404024900953119,0.7639028929832955,-6.103680153928891,-114.97318957642135,0.38766438229301725,4.8172893849020095,0.56875,H3 短期リバーサル(横断),half-maker,3,6.0,5.0,
"H3 短期リバーサル(横断) {'lookback': 6, 'top_n': 5} hold=3",train,3240,-0.6099120815844198,-0.06917134084367883,0.5407407407407406,-0.2647276205535676,-0.030017040995270194,-13.357074586698795,-95.44340186509054,0.36049382716049383,-0.1918794043951365,0.612,H3 短期リバーサル(横断),maker-only(理論上限),3,6.0,5.0,
"H3 短期リバーサル(横断) {'lookback': 6, 'top_n': 5} hold=3",test,2111,4.327064630073196,4.968845776449322,0.641781146376125,1.6296635251189087,1.8711307367679149,94.76271539860299,-27.460678626150127,0.4278540975840834,11.61341168521315,0.0455,H3 短期リバーサル(横断),maker-only(理論上限),3,6.0,5.0,
"H3 短期リバーサル(横断) {'lookback': 6, 'top_n': 5} hold=3",full,5399,1.2859949402852204,1.8674915137247463,0.5814965734395258,0.526137926709265,0.7639028929832955,28.163289192246328,-95.44340186509054,0.38766438229301725,4.8172893849020095,0.1885,H3 短期リバーサル(横断),maker-only(理論上限),3,6.0,5.0,
"H3 短期リバーサル(横断) {'lookback': 6, 'top_n': 5} hold=6",train,3240,-2.025033261454803,0.2947352570637163,2.3197685185185186,-0.9034111745090949,0.13165722794345092,-44.34822842586018,-108.22673328136901,0.24290123456790128,1.2133954674541811,0.8715,H3 短期リバーサル(横断),taker,6,6.0,5.0,
"H3 短期リバーサル(横断) {'lookback': 6, 'top_n': 5} hold=6",test,2111,-1.9046917726731813,0.866198800514882,2.7708905731880624,-0.7387341738165935,0.3356849043211338,-41.71274982154267,-64.61851648631298,0.28526764566556134,3.036442490679036,0.78,H3 短期リバーサル(横断),taker,6,6.0,5.0,
"H3 短期リバーサル(横断) {'lookback': 6, 'top_n': 5} hold=6",full,5399,-2.0340634901951473,0.4644547539241345,2.498518244119281,-0.8566699432634173,0.19566484909279191,-44.54599043527372,-127.89619263172838,0.2598999814780515,1.7870518931274246,0.92725,H3 短期リバーサル(横断),taker,6,6.0,5.0,
"H3 短期リバーサル(横断) {'lookback': 6, 'top_n': 5} hold=6",train,3240,-1.0473249281214687,0.2947352570637163,1.342060185185185,-0.46766628459441667,0.13165722794345092,-22.936415925860164,-83.0257332813691,0.24290123456790128,1.2133954674541811,0.71175,H3 短期リバーサル(横断),half-maker,6,6.0,5.0,
"H3 短期リバーサル(横断) {'lookback': 6, 'top_n': 5} hold=6",test,2111,-0.7331972203283207,0.866198800514882,1.5993960208432023,-0.28436831373304383,0.3356849043211338,-16.057019125190223,-57.46778969094829,0.28526764566556134,3.036442490679036,0.60375,H3 短期リバーサル(横断),half-maker,6,6.0,5.0,
"H3 短期リバーサル(横断) {'lookback': 6, 'top_n': 5} hold=6",full,5399,-0.9797293542440451,0.4644547539241345,1.4441841081681792,-0.41282171104813326,0.19566484909279191,-21.456072857944587,-88.31421583636387,0.2598999814780515,1.7870518931274246,0.75625,H3 短期リバーサル(横断),half-maker,6,6.0,5.0,
"H3 短期リバーサル(横断) {'lookback': 6, 'top_n': 5} hold=6",train,3240,-0.06961659478813581,0.2947352570637163,0.36435185185185187,-0.03109808640272104,0.13165722794345092,-1.5246034258601742,-61.95203853864362,0.24290123456790128,1.2133954674541811,0.51025,H3 短期リバーサル(横断),maker-only(理論上限),6,6.0,5.0,
"H3 短期リバーサル(横断) {'lookback': 6, 'top_n': 5} hold=6",test,2111,0.43829733201653936,0.866198800514882,0.42790146849834204,0.16990802119526482,0.3356849043211338,9.598711571162212,-52.04603969094826,0.28526764566556134,3.036442490679036,0.4105,H3 短期リバーサル(横断),maker-only(理論上限),6,6.0,5.0,
"H3 短期リバーサル(横断) {'lookback': 6, 'top_n': 5} hold=6",full,5399,0.07460478170705667,0.4644547539241345,0.38984997221707723,0.03143436001857054,0.19566484909279191,1.6338447193845411,-61.95203853864362,0.2598999814780515,1.7870518931274246,0.47925,H3 短期リバーサル(横断),maker-only(理論上限),6,6.0,5.0,
"H3 短期リバーサル(横断) {'lookback': 6, 'top_n': 5} hold=12",train,3240,-0.43196445175626774,0.747973819848671,1.1799382716049382,-0.20346402965610474,0.352795574985187,-9.460021493462262,-50.60371734565777,0.1217283950617284,6.14461251599821,0.5755,H3 短期リバーサル(横断),taker,12,6.0,5.0,
"H3 短期リバーサル(横断) {'lookback': 6, 'top_n': 5} hold=12",test,2111,0.8194923810659962,2.269823977465806,1.4503315963998107,0.3432577354045389,0.9496491090173667,17.946883145345318,-55.66990538034082,0.1438180956892468,15.78260347967825,0.35725,H3 短期リバーサル(横断),taker,12,6.0,5.0,
"H3 短期リバーサル(横断) {'lookback': 6, 'top_n': 5} hold=12",full,5399,-0.03682937214266316,1.2501126541585033,1.2869420263011668,-0.016528942065088835,0.5611244835265737,-0.8065632499243232,-62.88923494020452,0.13057973698833117,9.573557758584057,0.491,H3 短期リバーサル(横断),taker,12,6.0,5.0,
"H3 短期リバーサル(横断) {'lookback': 6, 'top_n': 5} hold=12",train,3240,0.06670838774990544,0.747973819848671,0.6812654320987654,0.031446677834514165,0.352795574985187,1.4609136917229288,-45.749525026866806,0.1217283950617284,6.14461251599821,0.45825,H3 短期リバーサル(横断),half-maker,12,6.0,5.0,
"H3 短期リバーサル(横断) {'lookback': 6, 'top_n': 5} hold=12",test,2111,1.4367946074989653,2.269823977465806,0.8330293699668404,0.6016651075943388,0.9496491090173667,31.46580190422734,-50.14365538034073,0.1438180956892468,15.78260347967825,0.276,H3 短期リバーサル(横断),half-maker,12,6.0,5.0,
"H3 短期リバーサル(横断) {'lookback': 6, 'top_n': 5} hold=12",full,5399,0.5087068382666716,1.2501126541585033,0.7414058158918317,0.22837270461841627,0.5611244835265737,11.140679758040108,-50.143655380340746,0.13057973698833117,9.573557758584057,0.347,H3 短期リバーサル(横断),half-maker,12,6.0,5.0,
"H3 短期リバーサル(横断) {'lookback': 6, 'top_n': 5} hold=12",train,3240,0.5653812272560788,0.747973819848671,0.18259259259259256,0.26665069012476716,0.352795574985187,12.381848876908125,-42.198133940437046,0.1217283950617284,6.14461251599821,0.345,H3 短期リバーサル(横断),maker-only(理論上限),12,6.0,5.0,
"H3 短期リバーサル(横断) {'lookback': 6, 'top_n': 5} hold=12",test,2111,2.0540968339319363,2.269823977465806,0.2157271435338702,0.8596380917366868,0.9496491090173667,44.98472066310941,-44.900444265762964,0.1438180956892468,15.78260347967825,0.21275,H3 短期リバーサル(横断),maker-only(理論上限),12,6.0,5.0,
"H3 短期リバーサル(横断) {'lookback': 6, 'top_n': 5} hold=12",full,5399,1.0542430486760073,1.2501126541585033,0.19586960548249674,0.47325343978193257,0.5611244835265737,23.08792276600456,-44.900444265762935,0.13057973698833117,9.573557758584057,0.2205,H3 短期リバーサル(横断),maker-only(理論上限),12,6.0,5.0,
"H4 モメンタム(横断) {'lookback': 6, 'top_n': 3} hold=1",train,3240,-11.028785848321636,-4.169860951202296,6.858924897119341,-3.5332604430358625,-1.3366993488122754,-241.53041007824382,-365.23339007052135,0.734156378600823,-5.679799389810303,1.0,H4 モメンタム(横断),taker,1,6.0,3.0,
"H4 モメンタム(横断) {'lookback': 6, 'top_n': 3} hold=1",test,2111,-20.30785460093353,-12.27591870957083,8.031935891362702,-4.829744212962643,-2.9206992282821016,-444.74201576044436,-437.6295606201058,0.8436759829464708,-14.550513417127467,1.0,H4 モメンタム(横断),taker,1,6.0,3.0,
"H4 モメンタム(横断) {'lookback': 6, 'top_n': 3} hold=1",full,5399,-14.791508368057734,-7.469149289215976,7.322359078841759,-4.124977151298297,-2.084150010868525,-323.9340332604644,-804.5999843599567,0.7780453170340186,-9.599889782370353,1.0,H4 モメンタム(横断),taker,1,6.0,3.0,
"H4 モメンタム(横断) {'lookback': 6, 'top_n': 3} hold=1",train,3240,-8.149940683712584,-4.169860951202296,3.9800797325102875,-2.6119550858418927,-1.3366993488122754,-178.48370097330562,-272.890890070522,0.734156378600823,-5.679799389810303,0.9995,H4 モメンタム(横断),half-maker,1,6.0,3.0,
"H4 モメンタム(横断) {'lookback': 6, 'top_n': 3} hold=1",test,2111,-16.92464364246203,-12.27591870957083,4.648724932891205,-4.026007807884736,-2.9206992282821016,-370.6496957699185,-380.353265176866,0.8436759829464708,-14.550513417127467,1.0,H4 モメンタム(横断),half-maker,1,6.0,3.0,
"H4 モメンタム(横断) {'lookback': 6, 'top_n': 3} hold=1",full,5399,-11.71386281641237,-7.469149289215976,4.244713527196393,-3.267761214684284,-2.084150010868525,-256.5335956794309,-639.2545676932909,0.7780453170340186,-9.599889782370353,1.0,H4 モメンタム(横断),half-maker,1,6.0,3.0,
"H4 モメンタム(横断) {'lookback': 6, 'top_n': 3} hold=1",train,3240,-5.271095519103531,-4.169860951202296,1.1012345679012345,-1.6896860066670598,-1.3366993488122754,-115.43699186836731,-180.96150426694086,0.734156378600823,-5.679799389810303,0.97975,H4 モメンタム(横断),maker-only(理論上限),1,6.0,3.0,
"H4 モメンタム(横断) {'lookback': 6, 'top_n': 3} hold=1",test,2111,-13.541432683990536,-12.27591870957083,1.2655139744197064,-3.2217250476464643,-2.9206992282821016,-296.5573757793927,-326.89076517686505,0.8436759829464708,-14.550513417127467,0.99975,H4 モメンタム(横断),maker-only(理論上限),1,6.0,3.0,
"H4 モメンタム(横断) {'lookback': 6, 'top_n': 3} hold=1",full,5399,-8.636217264767003,-7.469149289215976,1.167067975551028,-2.409728073734437,-2.084150010868525,-189.1331580983974,-474.3222652230434,0.7780453170340186,-9.599889782370353,1.0,H4 モメンタム(横断),maker-only(理論上限),1,6.0,3.0,
"H4 モメンタム(横断) {'lookback': 6, 'top_n': 3} hold=2",train,3240,-6.647102287360018,-2.0525035219279184,4.5945987654320986,-2.177330046847313,-0.6733472474715999,-145.5715400931844,-227.34913665235754,0.4920781893004115,-4.1710922502904815,0.99575,H4 モメンタム(横断),taker,2,6.0,3.0,
"H4 モメンタム(横断) {'lookback': 6, 'top_n': 3} hold=2",test,2111,-18.326029610574633,-12.84272785785081,5.483301752723827,-4.535160123947749,-3.1811974600269655,-401.3400484715845,-391.5303344777962,0.5730301594820779,-22.411957983954032,1.0,H4 モメンタム(横断),taker,2,6.0,3.0,
"H4 モメンタム(横断) {'lookback': 6, 'top_n': 3} hold=2",full,5399,-11.337170210682519,-6.39329171466474,4.943878496017781,-3.2643116292307965,-1.8431687433572181,-248.28402761394716,-622.5407698403492,0.5242946224609495,-12.194082183516816,1.0,H4 モメンタム(横断),taker,2,6.0,3.0,
"H4 モメンタム(横断) {'lookback': 6, 'top_n': 3} hold=2",train,3240,-4.718861546619277,-2.0525035219279184,2.6663580246913576,-1.54701717963319,-0.6733472474715999,-103.34306787096217,-167.56397109516203,0.4920781893004115,-4.1710922502904815,0.96675,H4 モメンタム(横断),half-maker,2,6.0,3.0,
"H4 モメンタム(横断) {'lookback': 6, 'top_n': 3} hold=2",test,2111,-16.01415135382428,-12.84272785785081,3.171423495973472,-3.96510221791839,-3.1811974600269655,-350.7099146487517,-344.4962658413147,0.5730301594820779,-22.411957983954032,1.0,H4 モメンタム(横断),half-maker,2,6.0,3.0,
"H4 モメンタム(横断) {'lookback': 6, 'top_n': 3} hold=2",full,5399,-9.258451929519342,-6.39329171466474,2.865160214854603,-2.6676468119969936,-1.8431687433572181,-202.76009725647359,-514.1111863702346,0.5242946224609495,-12.194082183516816,1.0,H4 モメンタム(横断),half-maker,2,6.0,3.0,
"H4 モメンタム(横断) {'lookback': 6, 'top_n': 3} hold=2",train,3240,-2.790620805878537,-2.0525035219279184,0.7381172839506172,-0.9153684072092783,-0.6733472474715999,-61.11459564873996,-110.38938418361577,0.4920781893004115,-4.1710922502904815,0.86075,H4 モメンタム(横断),maker-only(理論上限),2,6.0,3.0,
"H4 モメンタム(横断) {'lookback': 6, 'top_n': 3} hold=2",test,2111,-13.702273097073927,-12.84272785785081,0.8595452392231169,-3.3938224955888088,-3.1811974600269655,-300.079780825919,-297.7823079640709,0.5730301594820779,-22.411957983954032,1.0,H4 モメンタム(横断),maker-only(理論上限),2,6.0,3.0,
"H4 モメンタム(横断) {'lookback': 6, 'top_n': 3} hold=2",full,5399,-7.179733648356164,-6.39329171466474,0.7864419336914243,-2.0696546401869442,-1.8431687433572181,-157.23616689899998,-408.2715994586868,0.5242946224609495,-12.194082183516816,0.99975,H4 モメンタム(横断),maker-only(理論上限),2,6.0,3.0,
"H4 モメンタム(横断) {'lookback': 6, 'top_n': 3} hold=3",train,3240,-5.624836149855764,-2.0293628988269594,3.5954732510288068,-1.845231169975512,-0.6670551886080582,-123.18391168184124,-203.38286744254557,0.38395061728395063,-5.285478932636132,0.98975,H4 モメンタム(横断),taker,3,6.0,3.0,
"H4 モメンタム(横断) {'lookback': 6, 'top_n': 3} hold=3",test,2111,-10.957121783205245,-6.591615703937916,4.3655060792673295,-2.9161723337252585,-1.7568873076891875,-239.9609670521949,-262.2602698425672,0.4547607768829938,-14.494688282305145,0.999,H4 モメンタム(横断),taker,3,6.0,3.0,
"H4 モメンタム(横断) {'lookback': 6, 'top_n': 3} hold=3",full,5399,-7.807459594506768,-3.9064439743301915,3.9010156201765755,-2.3374377930815298,-1.1716237419017828,-170.98336511969822,-443.3981448198968,0.41242205346669125,-9.471957043746427,1.0,H4 モメンタム(横断),taker,3,6.0,3.0,
"H4 モメンタム(横断) {'lookback': 6, 'top_n': 3} hold=3",train,3240,-4.115062487304326,-2.0293628988269594,2.0856995884773664,-1.3513456353277138,-0.6670551886080582,-90.11986847196474,-159.57953410921226,0.38395061728395063,-5.285478932636132,0.9575,H4 モメンタム(横断),half-maker,3,6.0,3.0,
"H4 モメンタム(横断) {'lookback': 6, 'top_n': 3} hold=3",test,2111,-9.115439326233826,-6.591615703937916,2.52382362229591,-2.4279184274420187,-1.7568873076891875,-199.6281212445208,-233.86943650923405,0.4547607768829938,-14.494688282305145,0.9945,H4 モメンタム(横断),half-maker,3,6.0,3.0,
"H4 モメンタム(横断) {'lookback': 6, 'top_n': 3} hold=3",full,5399,-6.166268324518499,-3.9064439743301915,2.2598243501883064,-1.8478195497271515,-1.1716237419017828,-135.04127630695513,-360.86814481989694,0.41242205346669125,-9.471957043746427,0.99925,H4 モメンタム(横断),half-maker,3,6.0,3.0,
"H4 モメンタム(横断) {'lookback': 6, 'top_n': 3} hold=3",train,3240,-2.605288824752885,-2.0293628988269594,0.575925925925926,-0.8561656920408512,-0.6670551886080582,-57.05582526208818,-115.77620077587905,0.38395061728395063,-5.285478932636132,0.86975,H4 モメンタム(横断),maker-only(理論上限),3,6.0,3.0,
"H4 モメンタム(横断) {'lookback': 6, 'top_n': 3} hold=3",test,2111,-7.2737568692624075,-6.591615703937916,0.6821411653244909,-1.938421459580575,-1.7568873076891875,-159.2952754368467,-205.47860317590087,0.4547607768829938,-14.494688282305145,0.9815,H4 モメンタム(横断),maker-only(理論上限),3,6.0,3.0,
"H4 モメンタム(横断) {'lookback': 6, 'top_n': 3} hold=3",full,5399,-4.525077054530231,-3.9064439743301915,0.6186330802000369,-1.3568975198649862,-1.1716237419017828,-99.09918749421205,-278.3381448198965,0.41242205346669125,-9.471957043746427,0.98575,H4 モメンタム(横断),maker-only(理論上限),3,6.0,3.0,
"H4 モメンタム(横断) {'lookback': 6, 'top_n': 3} hold=6",train,3240,-2.9645020485739164,-0.5854382625656862,2.3790637860082304,-0.9893327384427293,-0.1956327539528448,-64.92259486376877,-148.37132752675518,0.2517489711934156,-2.325484230542897,0.8865,H4 モメンタム(横断),taker,6,6.0,3.0,
"H4 モメンタム(横断) {'lookback': 6, 'top_n': 3} hold=6",test,2111,-6.165217738818126,-3.2871188915103735,2.8780988473077533,-1.6759743064719255,-0.8956419524296625,-135.01826848011694,-151.21156702325916,0.2990683720195799,-10.991195322035479,0.97775,H4 モメンタム(横断),taker,6,6.0,3.0,
"H4 モメンタム(横断) {'lookback': 6, 'top_n': 3} hold=6",full,5399,-4.225021741355531,-1.6471215129181662,2.577900228437364,-1.28973376011762,-0.5037469674494883,-92.52797613568612,-278.579171583622,0.2708526270296968,-6.08124621489299,0.9845,H4 モメンタム(横断),taker,6,6.0,3.0,
"H4 モメンタム(横断) {'lookback': 6, 'top_n': 3} hold=6",train,3240,-1.9637818839648635,-0.5854382625656862,1.3783436213991767,-0.6558690084076639,-0.1956327539528448,-43.006823258830515,-121.75966086008836,0.2517489711934156,-2.325484230542897,0.79325,H4 モメンタム(横断),half-maker,6,6.0,3.0,
"H4 モメンタム(横断) {'lookback': 6, 'top_n': 3} hold=6",test,2111,-4.950469594178934,-3.2871188915103735,1.6633507026685612,-1.3473091045649108,-0.8956419524296625,-108.41528411251866,-130.96074173421906,0.2990683720195799,-10.991195322035479,0.9455,H4 モメンタム(横断),half-maker,6,6.0,3.0,
"H4 モメンタム(横断) {'lookback': 6, 'top_n': 3} hold=6",full,5399,-3.1392110974091207,-1.6471215129181662,1.492089584490955,-0.9592297417216994,-0.5037469674494883,-68.74872303325975,-225.8009698850701,0.2708526270296968,-6.08124621489299,0.946,H4 モメンタム(横断),half-maker,6,6.0,3.0,
"H4 モメンタム(横断) {'lookback': 6, 'top_n': 3} hold=6",train,3240,-0.9630617193558096,-0.5854382625656862,0.3776234567901234,-0.3217898109627833,-0.1956327539528448,-21.091051653892233,-95.14799419342175,0.2517489711934156,-2.325484230542897,0.65925,H4 モメンタム(横断),maker-only(理論上限),6,6.0,3.0,
"H4 モメンタム(横断) {'lookback': 6, 'top_n': 3} hold=6",test,2111,-3.735721449539743,-3.2871188915103735,0.44860255802936994,-1.0176183716081169,-0.8956419524296625,-81.81229974492037,-111.86641650515206,0.2990683720195799,-10.991195322035479,0.88925,H4 モメンタム(横断),maker-only(理論上限),6,6.0,3.0,
"H4 モメンタム(横断) {'lookback': 6, 'top_n': 3} hold=6",full,5399,-2.0534004534627113,-1.6471215129181662,0.4062789405445453,-0.62788533697271,-0.5037469674494883,-44.96946993083338,-173.18164465600287,0.2708526270296968,-6.08124621489299,0.85225,H4 モメンタム(横断),maker-only(理論上限),6,6.0,3.0,
"H4 モメンタム(横断) {'lookback': 6, 'top_n': 3} hold=12",train,3240,-1.7610559438384572,-0.5549859849907213,1.2060699588477366,-0.6156062241274418,-0.19410051527166386,-38.56712517006221,-101.77525573433167,0.12520576131687242,-4.432591433122277,0.8095,H4 モメンタム(横断),taker,12,6.0,3.0,
"H4 モメンタム(横断) {'lookback': 6, 'top_n': 3} hold=12",test,2111,-6.139755120874366,-4.648834546107273,1.4909205747670928,-1.8123069186588496,-1.3749557339920537,-134.46063714714862,-164.8858163424794,0.14732354334438655,-31.555272433544868,0.96775,H4 モメンタム(横断),taker,12,6.0,3.0,
"H4 モメンタム(横断) {'lookback': 6, 'top_n': 3} hold=12",full,5399,-3.4197987949273028,-2.100495837589524,1.3193029573377784,-1.111709957419025,-0.6837219851597538,-74.89359360890792,-228.44492072885586,0.13409890720503798,-15.663780424234584,0.96175,H4 モメンタム(横断),taker,12,6.0,3.0,
"H4 モメンタム(横断) {'lookback': 6, 'top_n': 3} hold=12",train,3240,-1.251925285402243,-0.5549859849907213,0.6969393004115226,-0.4377803560754436,-0.19410051527166386,-27.417163750309122,-89.18067240099836,0.12520576131687242,-4.432591433122277,0.73925,H4 モメンタム(横断),half-maker,12,6.0,3.0,
"H4 モメンタム(横断) {'lookback': 6, 'top_n': 3} hold=12",test,2111,-5.50478749099911,-4.648834546107273,0.8559529448918363,-1.6264690193623654,-1.3749557339920537,-120.55484605288049,-153.35956634247927,0.14732354334438655,-31.555272433544868,0.95275,H4 モメンタム(横断),half-maker,12,6.0,3.0,
"H4 モメンタム(横断) {'lookback': 6, 'top_n': 3} hold=12",full,5399,-2.860721496662192,-2.100495837589524,0.7602256590726677,-0.9306032440784004,-0.6837219851597538,-62.64980077690201,-202.16158739552287,0.13409890720503798,-15.663780424234584,0.929,H4 モメンタム(横断),half-maker,12,6.0,3.0,
"H4 モメンタム(横断) {'lookback': 6, 'top_n': 3} hold=12",train,3240,-0.7427946269660293,-0.5549859849907213,0.1878086419753086,-0.2597818455487921,-0.19410051527166386,-16.267202330556042,-76.58608906766501,0.12520576131687242,-4.432591433122277,0.66825,H4 モメンタム(横断),maker-only(理論上限),12,6.0,3.0,
"H4 モメンタム(横断) {'lookback': 6, 'top_n': 3} hold=12",test,2111,-4.869819861123852,-4.648834546107273,0.2209853150165798,-1.4400021496884108,-1.3749557339920537,-106.64905495861237,-141.8333163424794,0.14732354334438655,-31.555272433544868,0.93325,H4 モメンタム(横断),maker-only(理論上限),12,6.0,3.0,
"H4 モメンタム(横断) {'lookback': 6, 'top_n': 3} hold=12",full,5399,-2.3016441983970815,-2.100495837589524,0.2011483608075569,-0.7491039733099326,-0.6837219851597538,-50.40600794489608,-175.87825406218946,0.13409890720503798,-15.663780424234584,0.8845,H4 モメンタム(横断),maker-only(理論上限),12,6.0,3.0,
"H4 モメンタム(横断) {'lookback': 6, 'top_n': 5} hold=1",train,3240,-8.449300247918535,-2.0890070380419914,6.360293209876544,-3.6957783967483935,-0.9142625131958734,-185.0396754294159,-279.8244220156239,0.6725308641975308,-3.1061876104892394,1.0,H4 モメンタム(横断),taker,1,6.0,5.0,
"H4 モメンタム(横断) {'lookback': 6, 'top_n': 5} hold=1",test,2111,-14.79162059499968,-7.4137664974156,7.377854097584084,-5.14629121766332,-2.5800786300506737,-323.93649103049296,-325.72798166342886,0.7702510658455707,-9.625129813065396,1.0,H4 モメンタム(横断),taker,1,6.0,5.0,
"H4 モメンタム(横断) {'lookback': 6, 'top_n': 5} hold=1",full,5399,-11.015222696928467,-4.250442182018297,6.764780514910169,-4.349161665664905,-1.679032421406581,-241.23337706273338,-598.2874940814305,0.7121318762733839,-5.968616661651266,1.0,H4 モメンタム(横断),taker,1,6.0,5.0,
"H4 モメンタム(横断) {'lookback': 6, 'top_n': 5} hold=1",train,3240,-5.773551791128411,-2.0890070380419914,3.6845447530864193,-2.526355959982922,-0.9142625131958734,-126.44078422571219,-195.01976656255678,0.6725308641975308,-3.1061876104892394,0.9995,H4 モメンタム(横断),half-maker,1,6.0,5.0,
"H4 モメンタム(横断) {'lookback': 6, 'top_n': 5} hold=1",test,2111,-11.68038184559182,-7.4137664974156,4.26661534817622,-4.064487802243363,-2.5800786300506737,-255.80036241846082,-276.4557316634284,0.7702510658455707,-9.625129813065396,1.0,H4 モメンタム(横断),half-maker,1,6.0,5.0,
"H4 モメンタム(横断) {'lookback': 6, 'top_n': 5} hold=1",full,5399,-8.16693134667842,-4.250442182018297,3.9164891646601223,-3.2255476084340797,-1.679032421406581,-178.85579649225738,-446.23483862836366,0.7121318762733839,-5.968616661651266,1.0,H4 モメンタム(横断),half-maker,1,6.0,5.0,
"H4 モメンタム(横断) {'lookback': 6, 'top_n': 5} hold=1",train,3240,-3.0978033343382867,-2.0890070380419914,1.0087962962962962,-1.3557477973034748,-0.9142625131958734,-67.84189302200848,-115.20771901107396,0.6725308641975308,-3.1061876104892394,0.9545,H4 モメンタム(横断),maker-only(理論上限),1,6.0,5.0,
"H4 モメンタム(横断) {'lookback': 6, 'top_n': 5} hold=1",test,2111,-8.569143096183955,-7.4137664974156,1.155376598768356,-2.982107293616373,-2.5800786300506737,-187.66423380642863,-227.18770720559925,0.7702510658455707,-9.625129813065396,0.99825,H4 モメンタム(横断),maker-only(理論上限),1,6.0,5.0,
"H4 モメンタム(横断) {'lookback': 6, 'top_n': 5} hold=1",full,5399,-5.318639996428371,-4.250442182018297,1.0681978144100757,-2.1009404448726476,-1.679032421406581,-116.47821592178131,-299.1747910768793,0.7121318762733839,-5.968616661651266,0.9995,H4 モメンタム(横断),maker-only(理論上限),1,6.0,5.0,
"H4 モメンタム(横断) {'lookback': 6, 'top_n': 5} hold=2",train,3240,-4.51000755782104,-0.17165879238894077,4.338348765432099,-1.9772294016759198,-0.07543480653311993,-98.76916551628078,-151.9011479927698,0.45820987654320994,-0.3746291845211963,0.99125,H4 モメンタム(横断),taker,2,6.0,5.0,
"H4 モメンタム(横断) {'lookback': 6, 'top_n': 5} hold=2",test,2111,-12.683848382804598,-7.561986705874231,5.121861676930365,-4.542169796216416,-2.7111680250853345,-277.7762795834207,-271.4839926799985,0.5329227854097585,-14.189647943200447,1.0,H4 モメンタム(横断),taker,2,6.0,5.0,
"H4 モメンタム(横断) {'lookback': 6, 'top_n': 5} hold=2",full,5399,-7.782593758956199,-3.134205168476479,4.648388590479718,-3.1216451436508246,-1.259537841784438,-170.43880332114074,-424.3429954065628,0.48820151879977775,-6.4199004873679755,1.0,H4 モメンタム(横断),taker,2,6.0,5.0,
"H4 モメンタム(横断) {'lookback': 6, 'top_n': 5} hold=2",train,3240,-2.6844905825123972,-0.17165879238894077,2.5128317901234567,-1.1784348459117515,-0.07543480653311993,-58.7903437570215,-103.28713181130627,0.45820987654320994,-0.3746291845211963,0.921,H4 モメンタム(横断),half-maker,2,6.0,5.0,
"H4 モメンタム(横断) {'lookback': 6, 'top_n': 5} hold=2",test,2111,-10.52260963339673,-7.561986705874231,2.960622927522501,-3.7708796482614413,-2.7111680250853345,-230.4451509713884,-226.57574267999885,0.5329227854097585,-14.189647943200447,1.0,H4 モメンタム(横断),half-maker,2,6.0,5.0,
"H4 モメンタム(横断) {'lookback': 6, 'top_n': 5} hold=2",full,5399,-5.824550602816172,-3.134205168476479,2.690345434339693,-2.33874035708402,-1.259537841784438,-127.55765820167417,-329.04747922509995,0.48820151879977775,-6.4199004873679755,1.0,H4 モメンタム(横断),half-maker,2,6.0,5.0,
"H4 モメンタム(横断) {'lookback': 6, 'top_n': 5} hold=2",train,3240,-0.8589736072037552,-0.17165879238894077,0.6873148148148146,-0.3773892650762803,-0.07543480653311993,-18.81152199776224,-78.23600525026981,0.45820987654320994,-0.3746291845211963,0.68225,H4 モメンタム(横断),maker-only(理論上限),2,6.0,5.0,
"H4 モメンタム(横断) {'lookback': 6, 'top_n': 5} hold=2",test,2111,-8.361370883988867,-7.561986705874231,0.7993841781146374,-2.997534770044243,-2.7111680250853345,-183.1140223593562,-181.71696228919737,0.5329227854097585,-14.189647943200447,0.9995,H4 モメンタム(横断),maker-only(理論上限),2,6.0,5.0,
"H4 モメンタム(横断) {'lookback': 6, 'top_n': 5} hold=2",full,5399,-3.8665074466761458,-3.134205168476479,0.7323022781996665,-1.553563580368654,-1.259537841784438,-84.67651308220759,-257.36432227326185,0.48820151879977775,-6.4199004873679755,0.994,H4 モメンタム(横断),maker-only(理論上限),2,6.0,5.0,
"H4 モメンタム(横断) {'lookback': 6, 'top_n': 5} hold=3",train,3240,-3.3492854492797783,0.06917134084367883,3.418456790123457,-1.4495629705092326,0.030017040995270194,-73.34935133922714,-120.79440280914227,0.36049382716049383,0.1918794043951365,0.9625,H4 モメンタム(横断),taker,3,6.0,5.0,
"H4 モメンタム(横断) {'lookback': 6, 'top_n': 5} hold=3",test,2111,-9.1209300966767,-4.968845776449322,4.152084320227381,-3.427105499151407,-1.8711307367679149,-199.7483691172197,-200.4121606160212,0.4278540975840834,-11.61341168521315,1.0,H4 モメンタム(横断),taker,3,6.0,5.0,
"H4 モメンタム(横断) {'lookback': 6, 'top_n': 5} hold=3",full,5399,-5.578391680422283,-1.8674915137247463,3.710900166697537,-2.27602688256644,-0.7639028929832955,-122.166777801248,-312.4195320509158,0.38766438229301725,-4.8172893849020095,0.99975,H4 モメンタム(横断),taker,3,6.0,5.0,
"H4 モメンタム(横断) {'lookback': 6, 'top_n': 5} hold=3",train,3240,-1.910427424588419,0.06917134084367883,1.9795987654320988,-0.8280167401228714,0.030017040995270194,-41.83836059848638,-85.47754819630484,0.36049382716049383,0.1918794043951365,0.846,H4 モメンタム(横断),half-maker,3,6.0,5.0,
"H4 モメンタム(横断) {'lookback': 6, 'top_n': 5} hold=3",test,2111,-7.365778509751073,-4.968845776449322,2.3969327333017523,-2.771024564449332,-1.8711307367679149,-161.3105493635485,-168.19721351170753,0.4278540975840834,-11.61341168521315,0.998,H4 モメンタム(横断),half-maker,3,6.0,5.0,
"H4 モメンタム(横断) {'lookback': 6, 'top_n': 5} hold=3",full,5399,-4.013689883793277,-1.8674915137247463,2.1461983700685314,-1.639887554035928,-0.7639028929832955,-87.89980845507277,-233.05699135970056,0.38766438229301725,-4.8172893849020095,0.99625,H4 モメンタム(横断),half-maker,3,6.0,5.0,
"H4 モメンタム(横断) {'lookback': 6, 'top_n': 5} hold=3",train,3240,-0.47156939989706287,0.06917134084367883,0.5407407407407406,-0.20458197678585585,0.030017040995270194,-10.327369857745676,-63.567313162214454,0.36049382716049383,0.1918794043951365,0.62225,H4 モメンタム(横断),maker-only(理論上限),3,6.0,5.0,
"H4 モメンタム(横断) {'lookback': 6, 'top_n': 5} hold=3",test,2111,-5.610626922825445,-4.968845776449322,0.641781146376125,-2.112414805827289,-1.8711307367679149,-122.87272960987725,-138.47853222903206,0.4278540975840834,-11.61341168521315,0.989,H4 モメンタム(横断),maker-only(理論上限),3,6.0,5.0,
"H4 モメンタム(横断) {'lookback': 6, 'top_n': 5} hold=3",full,5399,-2.4489880871642717,-1.8674915137247463,0.5814965734395258,-1.0015156603790518,-0.7639028929832955,-53.63283910889754,-179.55641374581086,0.38766438229301725,-4.8172893849020095,0.94575,H4 モメンタム(横断),maker-only(理論上限),3,6.0,5.0,
"H4 モメンタム(横断) {'lookback': 6, 'top_n': 5} hold=6",train,3240,-2.614503775582235,-0.2947352570637163,2.3197685185185186,-1.1658447906227725,-0.13165722794345092,-57.25763268525095,-112.40775097088618,0.24290123456790128,-1.2133954674541811,0.93125,H4 モメンタム(横断),taker,6,6.0,5.0,
"H4 モメンタム(横断) {'lookback': 6, 'top_n': 5} hold=6",test,2111,-3.6370893737029446,-0.866198800514882,2.7708905731880624,-1.4045688909045206,-0.3356849043211338,-79.65225728409449,-104.07653845813107,0.28526764566556134,-3.036442490679036,0.9395,H4 モメンタム(横断),taker,6,6.0,5.0,
"H4 モメンタム(横断) {'lookback': 6, 'top_n': 5} hold=6",full,5399,-2.962972998043415,-0.4644547539241345,2.498518244119281,-1.2449635205584104,-0.19566484909279191,-64.8891086571508,-186.59619308315604,0.2598999814780515,-1.7870518931274246,0.97875,H4 モメンタム(横断),taker,6,6.0,5.0,
"H4 モメンタム(横断) {'lookback': 6, 'top_n': 5} hold=6",train,3240,-1.636795442248901,-0.2947352570637163,1.342060185185185,-0.7306736303506804,-0.13165722794345092,-35.84582018525093,-86.42525097088625,0.24290123456790128,-1.2133954674541811,0.8235,H4 モメンタム(横断),half-maker,6,6.0,5.0,
"H4 モメンタム(横断) {'lookback': 6, 'top_n': 5} hold=6",test,2111,-2.465594821358084,-0.866198800514882,1.5993960208432023,-0.9538906737620294,-0.3356849043211338,-53.996526587742046,-84.43478845813087,0.28526764566556134,-3.036442490679036,0.8565,H4 モメンタム(横断),half-maker,6,6.0,5.0,
"H4 モメンタム(横断) {'lookback': 6, 'top_n': 5} hold=6",full,5399,-1.9086388620923131,-0.4644547539241345,1.4441841081681792,-0.8031291728909978,-0.19566484909279191,-41.799191079821654,-135.57744308315637,0.2598999814780515,-1.7870518931274246,0.90925,H4 モメンタム(横断),half-maker,6,6.0,5.0,
"H4 モメンタム(横断) {'lookback': 6, 'top_n': 5} hold=6",train,3240,-0.659087108915568,-0.2947352570637163,0.36435185185185187,-0.2943843483375351,-0.13165722794345092,-14.434007685250938,-60.44275097088615,0.24290123456790128,-1.2133954674541811,0.6545,H4 モメンタム(横断),maker-only(理論上限),6,6.0,5.0,
"H4 モメンタム(横断) {'lookback': 6, 'top_n': 5} hold=6",test,2111,-1.294100269013223,-0.866198800514882,0.42790146849834204,-0.5013298304257672,-0.3356849043211338,-28.340795891389586,-66.66730518313943,0.28526764566556134,-3.036442490679036,0.71675,H4 モメンタム(横断),maker-only(理論上限),6,6.0,5.0,
"H4 モメンタム(横断) {'lookback': 6, 'top_n': 5} hold=6",full,5399,-0.8543047261412111,-0.4644547539241345,0.38984997221707723,-0.3598182158400133,-0.19566484909279191,-18.709273502492525,-86.43295980816458,0.2598999814780515,-1.7870518931274246,0.7295,H4 モメンタム(横断),maker-only(理論上限),6,6.0,5.0,
"H4 モメンタム(横断) {'lookback': 6, 'top_n': 5} hold=12",train,3240,-1.9279120914536096,-0.747973819848671,1.1799382716049382,-0.9088549239817987,-0.352795574985187,-42.22127480283405,-93.06726260999996,0.1217283950617284,-6.14461251599821,0.89125,H4 モメンタム(横断),taker,12,6.0,5.0,
"H4 モメンタム(横断) {'lookback': 6, 'top_n': 5} hold=12",test,2111,-3.720155573865616,-2.269823977465806,1.4503315963998107,-1.5516992262332157,-0.9496491090173667,-81.471407067657,-111.34173665933629,0.1438180956892468,-15.78260347967825,0.92225,H4 モメンタム(横断),taker,12,6.0,5.0,
"H4 モメンタム(横断) {'lookback': 6, 'top_n': 5} hold=12",full,5399,-2.5370546804596708,-1.2501126541585033,1.2869420263011668,-1.1367684276251018,-0.5611244835265737,-55.56149750206679,-167.2671973163344,0.13057973698833117,-9.573557758584057,0.96075,H4 モメンタム(横断),taker,12,6.0,5.0,
"H4 モメンタム(横断) {'lookback': 6, 'top_n': 5} hold=12",train,3240,-1.4292392519474364,-0.747973819848671,0.6812654320987654,-0.6740760334737932,-0.352795574985187,-31.30033961764886,-80.56876260999988,0.1217283950617284,-6.14461251599821,0.81625,H4 モメンタム(横断),half-maker,12,6.0,5.0,
"H4 モメンタム(横断) {'lookback': 6, 'top_n': 5} hold=12",test,2111,-3.102853347432647,-2.269823977465806,0.8330293699668404,-1.2962032181944823,-0.9496491090173667,-67.95248830877497,-103.82348665933625,0.1438180956892468,-15.78260347967825,0.87975,H4 モメンタム(横断),half-maker,12,6.0,5.0,
"H4 モメンタム(横断) {'lookback': 6, 'top_n': 5} hold=12",full,5399,-1.9915184700503354,-1.2501126541585033,0.7414058158918317,-0.8932104286064139,-0.5611244835265737,-43.61425449410235,-144.78519731633472,0.13057973698833117,-9.573557758584057,0.917,H4 モメンタム(横断),half-maker,12,6.0,5.0,
"H4 モメンタム(横断) {'lookback': 6, 'top_n': 5} hold=12",train,3240,-0.9305664124412636,-0.747973819848671,0.18259259259259256,-0.43893459206742697,-0.352795574985187,-20.379404432463673,-68.45970095323422,0.1217283950617284,-6.14461251599821,0.737,H4 モメンタム(横断),maker-only(理論上限),12,6.0,5.0,
"H4 モメンタム(横断) {'lookback': 6, 'top_n': 5} hold=12",test,2111,-2.4855511209996766,-2.269823977465806,0.2157271435338702,-1.03956582702175,-0.9496491090173667,-54.43356954989292,-99.70007388990092,0.1438180956892468,-15.78260347967825,0.8295,H4 モメンタム(横断),maker-only(理論上限),12,6.0,5.0,
"H4 モメンタム(横断) {'lookback': 6, 'top_n': 5} hold=12",full,5399,-1.445982259641001,-1.2501126541585033,0.19586960548249674,-0.6489497357259364,-0.5611244835265737,-31.66701148613792,-126.08747289013363,0.13057973698833117,-9.573557758584057,0.84175,H4 モメンタム(横断),maker-only(理論上限),12,6.0,5.0,
"H4 モメンタム(横断) {'lookback': 18, 'top_n': 3} hold=1",train,3240,-5.601350530874908,-1.1482641111218232,4.4530864197530855,-1.7841519698854817,-0.36598732442350507,-122.66957662616049,-217.96222232785968,0.46635802469135795,-2.4621943878456043,0.9735,H4 モメンタム(横断),taker,1,18.0,3.0,
"H4 モメンタム(横断) {'lookback': 18, 'top_n': 3} hold=1",test,2111,-13.776043016083378,-8.736804108772466,5.039238907310911,-3.4017601814231737,-2.1583160283218845,-301.69534205222595,-345.08344594198013,0.5269224696036633,-16.580815229504353,0.999,H4 モメンタム(横断),taker,1,18.0,3.0,
"H4 モメンタム(横断) {'lookback': 18, 'top_n': 3} hold=1",full,5399,-8.724677314234402,-4.04038392657002,4.684293387664382,-2.4786213669627966,-1.1485026083509695,-191.0704331817334,-485.6909346807323,0.49039945668951035,-8.238964932475717,1.0,H4 モメンタム(横断),taker,1,18.0,3.0,
"H4 モメンタム(横断) {'lookback': 18, 'top_n': 3} hold=1",train,3240,-3.724575839516884,-1.1482641111218232,2.576311728395061,-1.1867572565060789,-0.36598732442350507,-81.56821088541977,-167.39388899452607,0.46635802469135795,-2.4621943878456043,0.91225,H4 モメンタム(横断),half-maker,1,18.0,3.0,
"H4 モメンタム(横断) {'lookback': 18, 'top_n': 3} hold=1",test,2111,-11.651615414630669,-8.736804108772466,2.914811305858203,-2.877805885454781,-2.1583160283218845,-255.17037758041167,-310.79969594197956,0.5269224696036633,-16.580815229504353,0.997,H4 モメンタム(横断),half-maker,1,18.0,3.0,
"H4 モメンタム(横断) {'lookback': 18, 'top_n': 3} hold=1",full,5399,-6.750330212919343,-4.04038392657002,2.7099462863493233,-1.9182847341351303,-1.1485026083509695,-147.83223166293362,-386.9442680140656,0.49039945668951035,-8.238964932475717,0.9985,H4 モメンタム(横断),half-maker,1,18.0,3.0,
"H4 モメンタム(横断) {'lookback': 18, 'top_n': 3} hold=1",train,3240,-1.8478011481588608,-1.1482641111218232,0.6995370370370371,-0.5889000731066938,-0.36598732442350507,-40.466845144679056,-116.82555566119288,0.46635802469135795,-2.4621943878456043,0.74575,H4 モメンタム(横断),maker-only(理論上限),1,18.0,3.0,
"H4 モメンタム(横断) {'lookback': 18, 'top_n': 3} hold=1",test,2111,-9.527187813177964,-8.736804108772466,0.790383704405495,-2.353492758137626,-2.1583160283218845,-208.64541310859738,-276.51594594197985,0.5269224696036633,-16.580815229504353,0.9875,H4 モメンタム(横断),maker-only(理論上限),1,18.0,3.0,
"H4 モメンタム(横断) {'lookback': 18, 'top_n': 3} hold=1",full,5399,-4.775983111604288,-4.04038392657002,0.7355991850342656,-1.3575138027614537,-1.1485026083509695,-104.59403014413388,-288.1976013473986,0.49039945668951035,-8.238964932475717,0.98375,H4 モメンタム(横断),maker-only(理論上限),1,18.0,3.0,
"H4 モメンタム(横断) {'lookback': 18, 'top_n': 3} hold=2",train,3240,-2.801041280636047,0.19885583870551674,2.9998971193415636,-0.8904332759909437,0.06326367491119678,-61.34280404592942,-146.8807750394078,0.31234567901234567,0.6366530804405872,0.8475,H4 モメンタム(横断),taker,2,18.0,3.0,
"H4 モメンタム(横断) {'lookback': 18, 'top_n': 3} hold=2",test,2111,-9.336299939823379,-5.86874901609055,3.467550923732828,-2.363304774029595,-1.4868948764206986,-204.464968682132,-249.59280997460064,0.35922943312805933,-16.337049458857784,0.9915,H4 モメンタム(横断),taker,2,18.0,3.0,
"H4 モメンタム(横断) {'lookback': 18, 'top_n': 3} hold=2",full,5399,-5.3747832553391515,-2.192465542182394,3.1823177131567575,-1.5450325738835788,-0.6307791387704658,-117.70775329192742,-313.2109738729267,0.3309254800271655,-6.625254549762731,0.99425,H4 モメンタム(横断),taker,2,18.0,3.0,
"H4 モメンタム(横断) {'lookback': 18, 'top_n': 3} hold=2",train,3240,-1.5353519802245241,0.19885583870551674,1.734207818930041,-0.48828896682643924,0.06326367491119678,-33.62420836691708,-113.89410837274121,0.31234567901234567,0.6366530804405872,0.6975,H4 モメンタム(横断),half-maker,2,18.0,3.0,
"H4 モメンタム(横断) {'lookback': 18, 'top_n': 3} hold=2",test,2111,-7.871946552803008,-5.86874901609055,2.003197536712458,-1.9935174215397264,-1.4868948764206986,-172.39562950638586,-222.8594766412673,0.35922943312805933,-16.337049458857784,0.9785,H4 モメンタム(横断),half-maker,2,18.0,3.0,
"H4 モメンタム(横断) {'lookback': 18, 'top_n': 3} hold=2",full,5399,-4.0318185087811464,-2.192465542182394,1.8393529665987527,-1.1594985040643369,-0.6307791387704658,-88.2968253423071,-245.98889053959363,0.3309254800271655,-6.625254549762731,0.96525,H4 モメンタム(横断),half-maker,2,18.0,3.0,
"H4 モメンタム(横断) {'lookback': 18, 'top_n': 3} hold=2",train,3240,-0.2696626798130024,0.19885583870551674,0.4685185185185185,-0.08578542498111469,0.06326367491119678,-5.905612687904753,-82.68750587560866,0.31234567901234567,0.6366530804405872,0.51675,H4 モメンタム(横断),maker-only(理論上限),2,18.0,3.0,
"H4 モメンタム(横断) {'lookback': 18, 'top_n': 3} hold=2",test,2111,-6.40759316578264,-5.86874901609055,0.5388441496920889,-1.6232473697226404,-1.4868948764206986,-140.3262903306398,-196.12614330793386,0.35922943312805933,-16.337049458857784,0.951,H4 モメンタム(横断),maker-only(理論上限),2,18.0,3.0,
"H4 モメンタム(横断) {'lookback': 18, 'top_n': 3} hold=2",full,5399,-2.6888537622231414,-2.192465542182394,0.49638822004074834,-0.7735291554292052,-0.6307791387704658,-58.8858973926868,-196.1261433079339,0.3309254800271655,-6.625254549762731,0.89725,H4 モメンタム(横断),maker-only(理論上限),2,18.0,3.0,
"H4 モメンタム(横断) {'lookback': 18, 'top_n': 3} hold=3",train,3240,-2.557990709203427,-0.1652952359523989,2.392695473251029,-0.8243631651348577,-0.05332174364126323,-56.01999653155505,-164.35796171170355,0.24763374485596706,-0.6674988340080255,0.8335,H4 モメンタム(横断),taker,3,18.0,3.0,
"H4 モメンタム(横断) {'lookback': 18, 'top_n': 3} hold=3",test,2111,-6.935734910082022,-4.098335573274821,2.8373993368072,-1.8106920642676256,-1.0705557660070295,-151.8925945307963,-217.35197499603137,0.29196273488078317,-14.037187228528637,0.967,H4 モメンタム(横断),taker,3,18.0,3.0,
"H4 モメンタム(横断) {'lookback': 18, 'top_n': 3} hold=3",full,5399,-4.190147607759801,-1.622172056731833,2.5679755510279683,-1.2310160905047443,-0.4769424290703377,-91.76423260993964,-251.7102075748969,0.26529604247700184,-6.114573144725508,0.975,H4 モメンタム(横断),taker,3,18.0,3.0,
"H4 モメンタム(横断) {'lookback': 18, 'top_n': 3} hold=3",train,3240,-1.5473682812198892,-0.1652952359523989,1.3820730452674894,-0.49892809720936815,-0.05332174364126323,-33.88736535871557,-144.39796171170352,0.24763374485596706,-0.6674988340080255,0.71225,H4 モメンタム(横断),half-maker,3,18.0,3.0,
"H4 モメンタム(横断) {'lookback': 18, 'top_n': 3} hold=3",test,2111,-5.736007292839008,-4.098335573274821,1.6376717195641874,-1.4979807444727185,-1.0705557660070295,-125.61855971317428,-198.02072499603148,0.29196273488078317,-14.037187228528637,0.93725,H4 モメンタム(横断),half-maker,3,18.0,3.0,
"H4 モメンタム(横断) {'lookback': 18, 'top_n': 3} hold=3",full,5399,-3.1051318641035692,-1.622172056731833,1.4829598073717358,-0.9126371535001757,-0.4769424290703377,-68.00238782386818,-198.02072499603128,0.26529604247700184,-6.114573144725508,0.92775,H4 モメンタム(横断),half-maker,3,18.0,3.0,
"H4 モメンタム(横断) {'lookback': 18, 'top_n': 3} hold=3",train,3240,-0.53674585323635,-0.1652952359523989,0.3714506172839506,-0.17312911777885637,-0.05332174364126323,-11.754734185876067,-124.43796171170347,0.24763374485596706,-0.6674988340080255,0.561,H4 モメンタム(横断),maker-only(理論上限),3,18.0,3.0,
"H4 モメンタム(横断) {'lookback': 18, 'top_n': 3} hold=3",test,2111,-4.536279675595996,-4.098335573274821,0.43794410232117476,-1.1849201971875758,-1.0705557660070295,-99.34452489555234,-178.68947499603158,0.29196273488078317,-14.037187228528637,0.892,H4 モメンタム(横断),maker-only(理論上限),3,18.0,3.0,
"H4 モメンタム(横断) {'lookback': 18, 'top_n': 3} hold=3",full,5399,-2.0201161204473363,-1.622172056731833,0.3979440637155029,-0.5939068032504222,-0.4769424290703377,-44.24054303779666,-178.68947499603146,0.26529604247700184,-6.114573144725508,0.82925,H4 モメンタム(横断),maker-only(理論上限),3,18.0,3.0,
"H4 モメンタム(横断) {'lookback': 18, 'top_n': 3} hold=6",train,3240,-2.519934175868278,-0.8977891141398826,1.622145061728395,-0.8071238481049918,-0.28774234913762925,-55.18655845151529,-169.11972951768362,0.16820987654320987,-5.337315100574715,0.823,H4 モメンタム(横断),taker,6,18.0,3.0,
"H4 モメンタム(横断) {'lookback': 18, 'top_n': 3} hold=6",test,2111,-7.080312594005622,-5.124920204932512,1.955392389073109,-1.8588853980010769,-1.3469793820254774,-155.0588458087231,-177.94380382304075,0.1983262276961945,-25.840859600189177,0.9785,H4 モメンタム(横断),taker,6,18.0,3.0,
"H4 モメンタム(横断) {'lookback': 18, 'top_n': 3} hold=6",full,5399,-4.192747040629529,-2.4384561225582826,1.7542909180712476,-1.2310775327276624,-0.7165902997004272,-91.82116018978668,-244.59882273572458,0.18034203864913254,-13.521285113685895,0.97575,H4 モメンタム(横断),taker,6,18.0,3.0,
"H4 モメンタム(横断) {'lookback': 18, 'top_n': 3} hold=6",train,3240,-1.8350190524114873,-0.8977891141398826,0.937229938271605,-0.5879672808607357,-0.28774234913762925,-40.18691724781157,-155.8738961843504,0.16820987654320987,-5.337315100574715,0.744,H4 モメンタム(横断),half-maker,6,18.0,3.0,
"H4 モメンタム(横断) {'lookback': 18, 'top_n': 3} hold=6",test,2111,-6.251361070241212,-5.124920204932512,1.1264408653087004,-1.6421500720661426,-1.3469793820254774,-136.90480743828255,-162.76963715637422,0.1983262276961945,-25.840859600189177,0.9625,H4 モメンタム(横断),half-maker,6,18.0,3.0,
"H4 モメンタム(横断) {'lookback': 18, 'top_n': 3} hold=6",full,5399,-3.4508581105807563,-2.4384561225582826,1.0124019880224735,-1.013703909781792,-0.7165902997004272,-75.57379262171857,-207.53840606905794,0.18034203864913254,-13.521285113685895,0.9475,H4 モメンタム(横断),half-maker,6,18.0,3.0,
"H4 モメンタム(横断) {'lookback': 18, 'top_n': 3} hold=6",train,3240,-1.1501039289546973,-0.8977891141398826,0.25231481481481477,-0.3685917025804805,-0.28774234913762925,-25.187276044107872,-142.6280628510171,0.16820987654320987,-5.337315100574715,0.648,H4 モメンタム(横断),maker-only(理論上限),6,18.0,3.0,
"H4 モメンタム(横断) {'lookback': 18, 'top_n': 3} hold=6",test,2111,-5.422409546476804,-5.124920204932512,0.2974893415442918,-1.4250008394512335,-1.3469793820254774,-118.75076906784201,-147.59547048970765,0.1983262276961945,-25.840859600189177,0.93725,H4 モメンタム(横断),maker-only(理論上限),6,18.0,3.0,
"H4 モメンタム(横断) {'lookback': 18, 'top_n': 3} hold=6",full,5399,-2.708969180531981,-2.4384561225582826,0.2705130579736988,-0.7960227488686104,-0.7165902997004272,-59.326425053650375,-170.47798940239133,0.18034203864913254,-13.521285113685895,0.90075,H4 モメンタム(横断),maker-only(理論上限),6,18.0,3.0,
"H4 モメンタム(横断) {'lookback': 18, 'top_n': 3} hold=12",train,3240,-0.9209290539743419,0.13323761269232456,1.0541666666666663,-0.3155454221607138,0.04567930462519592,-20.168346282038087,-119.28490984391253,0.10967078189300411,1.2148870500650981,0.644,H4 モメンタム(横断),taker,12,18.0,3.0,
"H4 モメンタム(横断) {'lookback': 18, 'top_n': 3} hold=12",test,2111,-8.153526263217124,-6.844667902250757,1.3088583609663667,-2.3490088857251537,-1.9732716643496364,-178.56222516445501,-190.93259868546423,0.13232275382914893,-51.727066616890255,0.99275,H4 モメンタム(横断),taker,12,18.0,3.0,
"H4 モメンタム(横断) {'lookback': 18, 'top_n': 3} hold=12",full,5399,-3.631859937089903,-2.475982305429719,1.155877631660184,-1.1535203765987003,-0.7869107445457102,-79.53773262226888,-208.30508556589376,0.11884916959930851,-20.832979429114367,0.9695,H4 モメンタム(横断),taker,12,18.0,3.0,
"H4 モメンタム(横断) {'lookback': 18, 'top_n': 3} hold=12",train,3240,-0.4760988070607614,0.13323761269232456,0.6093364197530864,-0.16318719762353728,0.04567930462519592,-10.426563874630675,-110.75740984391258,0.10967078189300411,1.2148870500650981,0.569,H4 モメンタム(横断),half-maker,12,18.0,3.0,
"H4 モメンタム(横断) {'lookback': 18, 'top_n': 3} hold=12",test,2111,-7.598339148105802,-6.844667902250757,0.753671245855045,-2.1898856154947848,-1.9732716643496364,-166.40362734351706,-179.42051535213102,0.13232275382914893,-51.727066616890255,0.99075,H4 モメンタム(横断),half-maker,12,18.0,3.0,
"H4 モメンタム(横断) {'lookback': 18, 'top_n': 3} hold=12",full,5399,-3.143057998459292,-2.475982305429719,0.6670756930295734,-0.9986417264892844,-0.7869107445457102,-68.8329701662585,-182.4734188992273,0.11884916959930851,-20.832979429114367,0.946,H4 モメンタム(横断),half-maker,12,18.0,3.0,
"H4 モメンタム(横断) {'lookback': 18, 'top_n': 3} hold=12",train,3240,-0.031268560147182344,0.13323761269232456,0.1645061728395062,-0.010719754082913976,0.04567930462519592,-0.6847814672232934,-102.22990984391251,0.10967078189300411,1.2148870500650981,0.49425,H4 モメンタム(横断),maker-only(理論上限),12,18.0,3.0,
"H4 モメンタム(横断) {'lookback': 18, 'top_n': 3} hold=12",test,2111,-7.043152032994478,-6.844667902250757,0.1984841307437233,-2.030365464224243,-1.9732716643496364,-154.24502952257907,-167.90843201879767,0.13232275382914893,-51.727066616890255,0.98425,H4 モメンタム(横断),maker-only(理論上限),12,18.0,3.0,
"H4 モメンタム(横断) {'lookback': 18, 'top_n': 3} hold=12",full,5399,-2.6542560598286813,-2.475982305429719,0.17827375439896279,-0.8435266919092642,-0.7869107445457102,-58.12820771024811,-167.90843201879753,0.11884916959930851,-20.832979429114367,0.9085,H4 モメンタム(横断),maker-only(理論上限),12,18.0,3.0,
"H4 モメンタム(横断) {'lookback': 18, 'top_n': 5} hold=1",train,3240,-5.825740430594654,-1.6734564799773703,4.152283950617284,-2.4436869801323406,-0.7020588668741263,-127.58371543002292,-217.93651908409544,0.4285185185185185,-3.9052139117881586,0.999,H4 モメンタム(横断),taker,1,18.0,5.0,
"H4 モメンタム(横断) {'lookback': 18, 'top_n': 5} hold=1",test,2111,-11.935290081601961,-7.208146547731756,4.727143533870204,-4.265551433437906,-2.5766974687819615,-261.3828527870829,-261.23476860053745,0.483846518237802,-14.897588958548793,1.0,H4 モメンタム(横断),taker,1,18.0,5.0,
"H4 モメンタム(横断) {'lookback': 18, 'top_n': 5} hold=1",full,5399,-8.192995372795519,-3.8151846671092824,4.377810705686238,-3.211645183736531,-1.4959072461944916,-179.42659866422187,-458.34491336729116,0.45056491942952404,-8.467558175500702,1.0,H4 モメンタム(横断),taker,1,18.0,5.0,
"H4 モメンタム(横断) {'lookback': 18, 'top_n': 5} hold=1",train,3240,-4.070987344174902,-1.6734564799773703,2.397530864197531,-1.707861889640635,-0.7020588668741263,-89.15462283743035,-170.1317690840955,0.4285185185185185,-3.9052139117881586,0.979,H4 モメンタム(横断),half-maker,1,18.0,5.0,
"H4 モメンタム(横断) {'lookback': 18, 'top_n': 5} hold=1",test,2111,-9.934603203345212,-7.208146547731756,2.7264566556134535,-3.551016216512604,-2.5766974687819615,-217.56781015326015,-229.29526860053767,0.483846518237802,-14.897588958548793,0.999,H4 モメンタム(横断),half-maker,1,18.0,5.0,
"H4 モメンタム(横断) {'lookback': 18, 'top_n': 5} hold=1",full,5399,-6.342013709524544,-3.8151846671092824,2.526829042415262,-2.486463149131516,-1.4959072461944916,-138.8901002385875,-365.44241336729186,0.45056491942952404,-8.467558175500702,1.0,H4 モメンタム(横断),half-maker,1,18.0,5.0,
"H4 モメンタム(横断) {'lookback': 18, 'top_n': 5} hold=1",train,3240,-2.3162342577551467,-1.6734564799773703,0.6427777777777777,-0.9717252533430059,-0.7020588668741263,-50.725530244837714,-122.98035555518312,0.4285185185185185,-3.9052139117881586,0.875,H4 モメンタム(横断),maker-only(理論上限),1,18.0,5.0,
"H4 モメンタム(横断) {'lookback': 18, 'top_n': 5} hold=1",test,2111,-7.933916325088458,-7.208146547731756,0.7257697773567029,-2.8361240718641287,-2.5766974687819615,-173.7527675194372,-197.3557686005375,0.483846518237802,-14.897588958548793,0.99725,H4 モメンタム(横断),maker-only(理論上限),1,18.0,5.0,
"H4 モメンタム(横断) {'lookback': 18, 'top_n': 5} hold=1",full,5399,-4.491032046253567,-3.8151846671092824,0.6758473791442858,-1.7608907400621983,-1.4959072461944916,-98.35360181295312,-272.5462439029562,0.45056491942952404,-8.467558175500702,0.99825,H4 モメンタム(横断),maker-only(理論上限),1,18.0,5.0,
"H4 モメンタム(横断) {'lookback': 18, 'top_n': 5} hold=2",train,3240,-3.2106896390273296,-0.4099488982865891,2.800740740740741,-1.3584222423786805,-0.17355098797473242,-70.31410309469852,-140.46166778158758,0.2867901234567901,-1.4294386896777322,0.94325,H4 モメンタム(横断),taker,2,18.0,5.0,
"H4 モメンタム(横断) {'lookback': 18, 'top_n': 5} hold=2",test,2111,-8.739620177702895,-5.459444905320135,3.2801752723827566,-3.1836709707521518,-1.99022623701523,-191.39768189169337,-196.56587753464643,0.33263855992420654,-16.412543712803764,0.999,H4 モメンタム(横断),taker,2,18.0,5.0,
"H4 モメンタム(横断) {'lookback': 18, 'top_n': 5} hold=2",full,5399,-5.377194805509561,-2.3891599842463638,2.988034821263197,-2.1359273861024572,-0.9497013261583388,-117.76056624065939,-300.58591197799143,0.3049083163548805,-7.835666841784788,0.99975,H4 モメンタム(横断),taker,2,18.0,5.0,
"H4 モメンタム(横断) {'lookback': 18, 'top_n': 5} hold=2",train,3240,-2.0254118612495517,-0.4099488982865891,1.6154629629629629,-0.8572806523588637,-0.17355098797473242,-44.356519761365185,-109.64191778158718,0.2867901234567901,-1.4294386896777322,0.8425,H4 モメンタム(横断),half-maker,2,18.0,5.0,
"H4 モメンタム(横断) {'lookback': 18, 'top_n': 5} hold=2",test,2111,-7.34901146145467,-5.459444905320135,1.8895665561345334,-2.678202196358739,-1.99022623701523,-160.94335100585727,-171.40362753464655,0.33263855992420654,-16.412543712803764,0.9955,H4 モメンタム(横断),half-maker,2,18.0,5.0,
"H4 モメンタム(横断) {'lookback': 18, 'top_n': 5} hold=2",full,5399,-4.1118586321441235,-2.3891599842463638,1.7226986478977586,-1.6340108945549685,-0.9497013261583388,-90.0497040439563,-237.1999119779912,0.3049083163548805,-7.835666841784788,0.99675,H4 モメンタム(横断),half-maker,2,18.0,5.0,
"H4 モメンタム(横断) {'lookback': 18, 'top_n': 5} hold=2",train,3240,-0.8401340834717741,-0.4099488982865891,0.4301851851851851,-0.3556668199846148,-0.17355098797473242,-18.398936428031853,-80.51122656542738,0.2867901234567901,-1.4294386896777322,0.6445,H4 モメンタム(横断),maker-only(理論上限),2,18.0,5.0,
"H4 モメンタム(横断) {'lookback': 18, 'top_n': 5} hold=2",test,2111,-5.9584027452064445,-5.459444905320135,0.49895783988630976,-2.171974709218465,-1.99022623701523,-130.48902012002114,-146.24137753464674,0.33263855992420654,-16.412543712803764,0.98725,H4 モメンタム(横断),maker-only(理論上限),2,18.0,5.0,
"H4 モメンタム(横断) {'lookback': 18, 'top_n': 5} hold=2",full,5399,-2.8465224587786846,-2.3891599842463638,0.45736247453232076,-1.1314574499659869,-0.9497013261583388,-62.33884184725319,-173.8139119779913,0.3049083163548805,-7.835666841784788,0.97075,H4 モメンタム(横断),maker-only(理論上限),2,18.0,5.0,
"H4 モメンタム(横断) {'lookback': 18, 'top_n': 5} hold=3",train,3240,-2.822295574605156,-0.5324035992965136,2.2898919753086417,-1.2152298376841288,-0.22948540788278274,-61.8082730838529,-138.15051251910734,0.2342592592592593,-2.2727110167598203,0.92375,H4 モメンタム(横断),taker,3,18.0,5.0,
"H4 モメンタム(横断) {'lookback': 18, 'top_n': 5} hold=3",test,2111,-6.531589399503074,-3.8554406548323015,2.6761487446707726,-2.40309398704976,-1.4199350728693034,-143.04180784911733,-160.38806985964143,0.26972998578872576,-14.29370428934139,0.9925,H4 モメンタム(横断),taker,3,18.0,5.0,
"H4 モメンタム(横断) {'lookback': 18, 'top_n': 5} hold=3",full,5399,-4.21314394603574,-1.774044112733276,2.439099833302463,-1.6973840086426857,-0.715496234086851,-92.2678524181827,-245.75946675968746,0.24812002222633825,-7.149943389554313,0.9965,H4 モメンタム(横断),taker,3,18.0,5.0,
"H4 モメンタム(横断) {'lookback': 18, 'top_n': 5} hold=3",train,3240,-1.8530440313952794,-0.5324035992965136,1.3206404320987655,-0.7983688842274053,-0.22948540788278274,-40.58166428755662,-119.49404511910531,0.2342592592592593,-2.2727110167598203,0.83425,H4 モメンタム(横断),half-maker,3,18.0,5.0,
"H4 モメンタム(横断) {'lookback': 18, 'top_n': 5} hold=3",test,2111,-5.395812516509231,-3.8554406548323015,1.5403718616769304,-1.9863480834804395,-1.4199350728693034,-118.16829411155216,-142.48131985964142,0.26972998578872576,-14.29370428934139,0.9785,H4 モメンタム(横断),half-maker,3,18.0,5.0,
"H4 モメンタム(横断) {'lookback': 18, 'top_n': 5} hold=3",full,5399,-3.1796840460542617,-1.774044112733276,1.4056399333209855,-1.2817999355454386,-0.715496234086851,-69.63508060858832,-194.30496675968806,0.24812002222633825,-7.149943389554313,0.9835,H4 モメンタム(横断),half-maker,3,18.0,5.0,
"H4 モメンタム(横断) {'lookback': 18, 'top_n': 5} hold=3",train,3240,-0.8837924881854021,-0.5324035992965136,0.35138888888888886,-0.38091406750753776,-0.22948540788278274,-19.355055491260305,-100.99529511910532,0.2342592592592593,-2.2727110167598203,0.6665,H4 モメンタム(横断),maker-only(理論上限),3,18.0,5.0,
"H4 モメンタム(横断) {'lookback': 18, 'top_n': 5} hold=3",test,2111,-4.26003563351539,-3.8554406548323015,0.40459497868308847,-1.568831078047778,-1.4199350728693034,-93.29478037398702,-124.57456985964149,0.26972998578872576,-14.29370428934139,0.9465,H4 モメンタム(横断),maker-only(理論上限),3,18.0,5.0,
"H4 モメンタム(横断) {'lookback': 18, 'top_n': 5} hold=3",full,5399,-2.146224146072784,-1.774044112733276,0.3721800333395073,-0.8655266543110824,-0.715496234086851,-47.00230879899397,-142.85046675968772,0.24812002222633825,-7.149943389554313,0.9195,H4 モメンタム(横断),maker-only(理論上限),3,18.0,5.0,
"H4 モメンタム(横断) {'lookback': 18, 'top_n': 5} hold=6",train,3240,-1.9452274297772632,-0.383483602616769,1.561743827160494,-0.8388753769117747,-0.16556956590221342,-42.600480712122064,-113.35973889187458,0.15925925925925927,-2.407920295500643,0.825,H4 モメンタム(横断),taker,6,18.0,5.0,
"H4 モメンタム(横断) {'lookback': 18, 'top_n': 5} hold=6",test,2111,-4.427476131517394,-2.5668413612663277,1.860634770251066,-1.652694362122522,-0.9593648981690844,-96.96172728023092,-121.15847270033325,0.18484130743723354,-13.88673017332962,0.9605,H4 モメンタム(横断),taker,6,18.0,5.0,
"H4 モメンタム(横断) {'lookback': 18, 'top_n': 5} hold=6",full,5399,-2.8094227220199537,-1.13172314802477,1.6776995739951845,-1.1395651742631054,-0.4596135948782504,-61.52635761223699,-159.84293143884102,0.1693276532691239,-6.683628611010427,0.96175,H4 モメンタム(横断),taker,6,18.0,5.0,
"H4 モメンタム(横断) {'lookback': 18, 'top_n': 5} hold=6",train,3240,-1.2837999606414598,-0.383483602616769,0.9003163580246915,-0.5540037593811463,-0.16556956590221342,-28.11521913804797,-100.82800910068302,0.15925925925925927,-2.407920295500643,0.7275,H4 モメンタム(横断),half-maker,6,18.0,5.0,
"H4 モメンタム(横断) {'lookback': 18, 'top_n': 5} hold=6",test,2111,-3.6357897269697865,-2.5668413612663277,1.068948365703458,-1.3581023177316713,-0.9593648981690844,-79.62379502063833,-108.48147270033328,0.18484130743723354,-13.88673017332962,0.92325,H4 モメンタム(横断),half-maker,6,18.0,5.0,
"H4 モメンタム(横断) {'lookback': 18, 'top_n': 5} hold=6",full,5399,-2.0975686749742053,-1.13172314802477,0.9658455269494352,-0.8513980472658806,-0.4596135948782504,-45.93675398193509,-124.36043143884076,0.1693276532691239,-6.683628611010427,0.90725,H4 モメンタム(横断),half-maker,6,18.0,5.0,
"H4 モメンタム(横断) {'lookback': 18, 'top_n': 5} hold=6",train,3240,-0.6223724915056588,-0.383483602616769,0.2388888888888889,-0.268687371439298,-0.16556956590221342,-13.629957563973926,-88.34000910068289,0.15925925925925927,-2.407920295500643,0.601,H4 モメンタム(横断),maker-only(理論上限),6,18.0,5.0,
"H4 モメンタム(横断) {'lookback': 18, 'top_n': 5} hold=6",test,2111,-2.844103322422178,-2.5668413612663277,0.2772619611558503,-1.062875173465177,-0.9593648981690844,-62.2858627610457,-95.80447270033318,0.18484130743723354,-13.88673017332962,0.872,H4 モメンタム(横断),maker-only(理論上限),6,18.0,5.0,
"H4 モメンタム(横断) {'lookback': 18, 'top_n': 5} hold=6",full,5399,-1.3857146279284562,-1.13172314802477,0.2539914799036858,-0.5627088949242195,-0.4596135948782504,-30.34715035163319,-95.80447270033325,0.1693276532691239,-6.683628611010427,0.80425,H4 モメンタム(横断),maker-only(理論上限),6,18.0,5.0,
"H4 モメンタム(横断) {'lookback': 18, 'top_n': 5} hold=12",train,3240,-0.2909201749827766,0.7415798250172237,1.0325,-0.13283932734960105,0.3390086996791481,-6.371151832122808,-83.72460185552998,0.10586419753086419,7.005010591999431,0.54525,H4 モメンタム(横断),taker,12,18.0,5.0,
"H4 モメンタム(横断) {'lookback': 18, 'top_n': 5} hold=12",test,2111,-4.878279485141708,-3.610941730523044,1.267337754618664,-1.9476151851393015,-1.443737433476918,-106.83432072460339,-115.42333717020475,0.1262908574135481,-28.592265540638202,0.971,H4 モメンタム(横断),taker,12,18.0,5.0,
"H4 モメンタム(横断) {'lookback': 18, 'top_n': 5} hold=12",full,5399,-1.9386429798589202,-0.8133049542986314,1.1253380255602887,-0.8358235518467241,-0.3511030624387993,-42.45628125891035,-115.4233371702047,0.11409520281533618,-7.128301052367387,0.90425,H4 モメンタム(横断),taker,12,18.0,5.0,
"H4 モメンタム(横断) {'lookback': 18, 'top_n': 5} hold=12",train,3240,0.14593167686907557,0.7415798250172237,0.5956481481481481,0.06667903126039625,0.3390086996791481,3.1959037234327554,-77.84135185552992,0.10586419753086419,7.005010591999431,0.45,H4 モメンタム(横断),half-maker,12,18.0,5.0,
"H4 モメンタム(横断) {'lookback': 18, 'top_n': 5} hold=12",test,2111,-4.339328750892538,-3.610941730523044,0.7283870203694931,-1.733801726172504,-1.443737433476918,-95.03129964454658,-104.25283717020473,0.1262908574135481,-28.592265540638202,0.9575,H4 モメンタム(横断),half-maker,12,18.0,5.0,
"H4 モメンタム(横断) {'lookback': 18, 'top_n': 5} hold=12",full,5399,-1.4615453691902778,-0.8133049542986314,0.6482404148916466,-0.6305832472234546,-0.3511030624387993,-32.00784358526708,-104.25283717020469,0.11409520281533618,-7.128301052367387,0.832,H4 モメンタム(横断),half-maker,12,18.0,5.0,
"H4 モメンタム(横断) {'lookback': 18, 'top_n': 5} hold=12",train,3240,0.5827835287209278,0.7415798250172237,0.15879629629629627,0.2663943006495163,0.3390086996791481,12.762959278988317,-72.91236975046903,0.10586419753086419,7.005010591999431,0.353,H4 モメンタム(横断),maker-only(理論上限),12,18.0,5.0,
"H4 モメンタム(横断) {'lookback': 18, 'top_n': 5} hold=12",test,2111,-3.800378016643367,-3.610941730523044,0.1894362861203221,-1.5192843406950192,-1.443737433476918,-83.22827856448973,-93.43769925369156,0.1262908574135481,-28.592265540638202,0.937,H4 モメンタム(横断),maker-only(理論上限),12,18.0,5.0,
"H4 モメンタム(横断) {'lookback': 18, 'top_n': 5} hold=12",full,5399,-0.9844477585216351,-0.8133049542986314,0.17114280422300424,-0.4249414630214575,-0.3511030624387993,-21.55940591162381,-93.43769925369146,0.11409520281533618,-7.128301052367387,0.74125,H4 モメンタム(横断),maker-only(理論上限),12,18.0,5.0,
"H4 モメンタム(横断) {'lookback': 42, 'top_n': 3} hold=1",train,3240,-3.812394221250039,-0.48644257515950556,3.3259516460905347,-1.15432932240044,-0.14732832344046806,-83.49143344537585,-154.5043606081207,0.34084362139917695,-1.427172300196316,0.9285,H4 モメンタム(横断),taker,1,42.0,3.0,
"H4 モメンタム(横断) {'lookback': 42, 'top_n': 3} hold=1",test,2111,-9.802505224059374,-6.001502539707566,3.801002684351808,-2.474768584346088,-1.5154201323535634,-214.67486440690027,-229.11649859632334,0.38938891520606345,-15.412617836158972,0.995,H4 モメンタム(横断),taker,1,42.0,3.0,
"H4 モメンタム(横断) {'lookback': 42, 'top_n': 3} hold=1",full,5399,-6.052142759817906,-2.537201721353995,3.5149410384639124,-1.693623072051917,-0.7101657762636957,-132.54192644001216,-338.17162224453364,0.3601901586713589,-7.0440617553600715,0.99825,H4 モメンタム(横断),taker,1,42.0,3.0,
"H4 モメンタム(横断) {'lookback': 42, 'top_n': 3} hold=1",train,3240,-2.405051114254155,-0.48644257515950556,1.9186085390946503,-0.7283326256086086,-0.14732832344046806,-52.670619402166,-121.00596539648645,0.34084362139917695,-1.427172300196316,0.8115,H4 モメンタム(横断),half-maker,1,42.0,3.0,
"H4 モメンタム(横断) {'lookback': 42, 'top_n': 3} hold=1",test,2111,-8.194045568288017,-6.001502539707566,2.1925430285804515,-2.0688917921987295,-1.5154201323535634,-179.44959794550758,-196.4023319296565,0.38938891520606345,-15.412617836158972,0.9785,H4 モメンタム(横断),half-maker,1,42.0,3.0,
"H4 モメンタム(横断) {'lookback': 42, 'top_n': 3} hold=1",full,5399,-4.56481485958947,-2.537201721353995,2.027613138235475,-1.2775785878143657,-0.7101657762636957,-99.9694454250094,-259.5544770328994,0.3601901586713589,-7.0440617553600715,0.98475,H4 モメンタム(横断),half-maker,1,42.0,3.0,
"H4 モメンタム(横断) {'lookback': 42, 'top_n': 3} hold=1",train,3240,-0.9977080072582709,-0.48644257515950556,0.5112654320987655,-0.30216980525888076,-0.14732832344046806,-21.849805358956132,-92.8009653964863,0.34084362139917695,-1.427172300196316,0.62675,H4 モメンタム(横断),maker-only(理論上限),1,42.0,3.0,
"H4 モメンタム(横断) {'lookback': 42, 'top_n': 3} hold=1",test,2111,-6.5855859125166605,-6.001502539707566,0.5840833728090954,-1.6628681374223182,-1.5154201323535634,-144.22433148411486,-165.3839014922286,0.38938891520606345,-15.412617836158972,0.95425,H4 モメンタム(横断),maker-only(理論上限),1,42.0,3.0,
"H4 モメンタム(横断) {'lookback': 42, 'top_n': 3} hold=1",full,5399,-3.0774869593610332,-2.537201721353995,0.5402852380070384,-0.8613756131604554,-0.7101657762636957,-67.39696441000663,-186.98020954062162,0.3601901586713589,-7.0440617553600715,0.921,H4 モメンタム(横断),maker-only(理論上限),1,42.0,3.0,
"H4 モメンタム(横断) {'lookback': 42, 'top_n': 3} hold=2",train,3240,-2.9774678994795107,-0.6620872410432959,2.3153806584362138,-0.9087973445556001,-0.20219965520382616,-65.20654699860128,-151.31676262453203,0.23539094650205764,-2.812713279257358,0.8765,H4 モメンタム(横断),taker,2,42.0,3.0,
"H4 モメンタム(横断) {'lookback': 42, 'top_n': 3} hold=2",test,2111,-6.10813083392915,-3.475413322481181,2.6327175114479706,-1.5611393394712125,-0.8882526195657486,-133.76806526304836,-154.1288470057667,0.2673298594662877,-13.000468146056303,0.9515,H4 モメンタム(横断),taker,2,42.0,3.0,
"H4 モメンタム(横断) {'lookback': 42, 'top_n': 3} hold=2",full,5399,-4.15049904856767,-1.7101397227665962,2.4403593258010736,-1.1732428359339333,-0.48354503419405837,-90.89592916363198,-241.1043773494348,0.2480088905352843,-6.895477493067105,0.97775,H4 モメンタム(横断),taker,2,42.0,3.0,
"H4 モメンタム(横断) {'lookback': 42, 'top_n': 3} hold=2",train,3240,-1.9963207801379466,-0.6620872410432959,1.3342335390946503,-0.6095118125339342,-0.20219965520382616,-43.71942508502103,-130.51793275786383,0.23539094650205764,-2.812713279257358,0.774,H4 モメンタム(横断),half-maker,2,42.0,3.0,
"H4 モメンタム(横断) {'lookback': 42, 'top_n': 3} hold=2",test,2111,-4.992269472804882,-3.475413322481181,1.5168561503237012,-1.2759782448700199,-0.8882526195657486,-109.33070145442692,-139.4311115054577,0.2673298594662877,-13.000468146056303,0.91475,H4 モメンタム(横断),half-maker,2,42.0,3.0,
"H4 モメンタム(横断) {'lookback': 42, 'top_n': 3} hold=2",full,5399,-3.1163260535685957,-1.7101397227665962,1.4061863308020006,-0.8810514938398425,-0.48354503419405837,-68.24754057315225,-189.23596414943324,0.2480088905352843,-6.895477493067105,0.92875,H4 モメンタム(横断),half-maker,2,42.0,3.0,
"H4 モメンタム(横断) {'lookback': 42, 'top_n': 3} hold=2",train,3240,-1.0151736607963826,-0.6620872410432959,0.3530864197530864,-0.31001593020709134,-0.20219965520382616,-22.23230317144078,-109.97625413928024,0.23539094650205764,-2.812713279257358,0.63575,H4 モメンタム(横断),maker-only(理論上限),2,42.0,3.0,
"H4 モメンタム(横断) {'lookback': 42, 'top_n': 3} hold=2",test,2111,-3.876408111680613,-3.475413322481181,0.40099478919943154,-0.9907382030079519,-0.8882526195657486,-84.89333764580542,-131.90652817212444,0.2673298594662877,-13.000468146056303,0.8595,H4 モメンタム(横断),maker-only(理論上限),2,42.0,3.0,
"H4 モメンタム(横断) {'lookback': 42, 'top_n': 3} hold=2",full,5399,-2.082153058569523,-1.7101397227665962,0.3720133358029265,-0.588718509323688,-0.48354503419405837,-45.599151982672545,-137.62470219751657,0.2480088905352843,-6.895477493067105,0.83275,H4 モメンタム(横断),maker-only(理論上限),2,42.0,3.0,
"H4 モメンタム(横断) {'lookback': 42, 'top_n': 3} hold=3",train,3240,-1.5265972964038725,0.33541402046855545,1.8620113168724277,-0.47447531766507617,0.10421691094582841,-33.432480791244814,-137.4302077902325,0.18960905349794235,1.7689768198341613,0.72725,H4 モメンタム(横断),taker,3,42.0,3.0,
"H4 モメンタム(横断) {'lookback': 42, 'top_n': 3} hold=3",test,2111,-5.120112119736332,-2.974841316009819,2.145270803726512,-1.329664948314744,-0.7726317048053073,-112.13045542222567,-141.78368085595125,0.21616927206695088,-13.76162896588034,0.92425,H4 モメンタム(横断),taker,3,42.0,3.0,
"H4 モメンタム(横断) {'lookback': 42, 'top_n': 3} hold=3",full,5399,-2.9972472626076923,-1.0251999698991652,1.9720472927085264,-0.8620627664430842,-0.29483309703177485,-65.63971505110845,-195.61853613256937,0.19997530406865466,-5.126632884364552,0.9275,H4 モメンタム(横断),taker,3,42.0,3.0,
"H4 モメンタム(横断) {'lookback': 42, 'top_n': 3} hold=3",train,3240,-0.7377984280911156,0.33541402046855545,1.0732124485596708,-0.22929561191167988,0.10421691094582841,-16.157785575195433,-120.93020779023237,0.18960905349794235,1.7689768198341613,0.607,H4 モメンタム(横断),half-maker,3,42.0,3.0,
"H4 モメンタム(横断) {'lookback': 42, 'top_n': 3} hold=3",test,2111,-4.209603671923288,-2.974841316009819,1.234762355913469,-1.0933061209401373,-0.7726317048053073,-92.19032041512001,-135.64409752261798,0.21616927206695088,-13.76162896588034,0.8835,H4 モメンタム(横断),half-maker,3,42.0,3.0,
"H4 モメンタム(横断) {'lookback': 42, 'top_n': 3} hold=3",full,5399,-2.1612050943049197,-1.0251999698991652,1.136005124405754,-0.6216035168535391,-0.29483309703177485,-47.33039156527774,-154.0827027992359,0.19997530406865466,-5.126632884364552,0.858,H4 モメンタム(横断),half-maker,3,42.0,3.0,
"H4 モメンタム(横断) {'lookback': 42, 'top_n': 3} hold=3",train,3240,0.051000440221640984,0.33541402046855545,0.28441358024691354,0.01584742420476076,0.10421691094582841,1.1169096408539376,-104.45694413315165,0.18960905349794235,1.7689768198341613,0.47825,H4 モメンタム(横断),maker-only(理論上限),3,42.0,3.0,
"H4 モメンタム(横断) {'lookback': 42, 'top_n': 3} hold=3",test,2111,-3.2990952241102467,-2.974841316009819,0.32425390810042626,-0.8568437942321807,-0.7726317048053073,-72.2501854080144,-129.50451418928458,0.21616927206695088,-13.76162896588034,0.81875,H4 モメンタム(横断),maker-only(理論上限),3,42.0,3.0,
"H4 モメンタム(横断) {'lookback': 42, 'top_n': 3} hold=3",full,5399,-1.325162926002148,-1.0251999698991652,0.29996295610298207,-0.3811104067236052,-0.29483309703177485,-29.021068079447044,-129.50451418928458,0.19997530406865466,-5.126632884364552,0.74775,H4 モメンタム(横断),maker-only(理論上限),3,42.0,3.0,
"H4 モメンタム(横断) {'lookback': 42, 'top_n': 3} hold=6",train,3240,-2.0352915409182257,-0.7472514174614358,1.28804012345679,-0.6462340837788701,-0.2372256580518367,-44.572884746109146,-122.96337969149762,0.13024691358024693,-5.737190977666001,0.806,H4 モメンタム(横断),taker,6,42.0,3.0,
"H4 モメンタム(横断) {'lookback': 42, 'top_n': 3} hold=6",test,2111,-2.432144174991339,-0.9614746660698176,1.4706695089215218,-0.683065359336566,-0.2701840683226682,-53.26395743231033,-104.62272657807826,0.1466919311542713,-6.55438004329403,0.7785,H4 モメンタム(横断),taker,6,42.0,3.0,
"H4 モメンタム(横断) {'lookback': 42, 'top_n': 3} hold=6",full,5399,-2.194905656911075,-0.8358268151502558,1.35907884176082,-0.6621474257184868,-0.2521881588504301,-48.06843388635255,-139.92068115357077,0.1366919799962956,-6.114673407853973,0.88175,H4 モメンタム(横断),taker,6,42.0,3.0,
"H4 モメンタム(横断) {'lookback': 42, 'top_n': 3} hold=6",train,3240,-1.4889566643750167,-0.7472514174614358,0.7417052469135802,-0.4727628803479971,-0.2372256580518367,-32.60815094981287,-111.57750994321907,0.13024691358024693,-5.737190977666001,0.73,H4 モメンタム(横断),half-maker,6,42.0,3.0,
"H4 モメンタム(横断) {'lookback': 42, 'top_n': 3} hold=6",test,2111,-1.8068283688962823,-0.9614746660698176,0.8453537028264645,-0.5075956415518247,-0.2701840683226682,-39.56954127882858,-99.57594905848963,0.1466919311542713,-6.55438004329403,0.7165,H4 モメンタム(横断),half-maker,6,42.0,3.0,
"H4 モメンタム(横断) {'lookback': 42, 'top_n': 3} hold=6",full,5399,-1.6178852210278871,-0.8358268151502558,0.7820584058776316,-0.4881362031146181,-0.2521881588504301,-35.43168634051072,-111.81106140529226,0.1366919799962956,-6.114673407853973,0.80525,H4 モメンタム(横断),half-maker,6,42.0,3.0,
"H4 モメンタム(横断) {'lookback': 42, 'top_n': 3} hold=6",train,3240,-0.9426217878318064,-0.7472514174614358,0.19537037037037033,-0.2992630709857515,-0.2372256580518367,-20.64341715351656,-100.19209327655227,0.13024691358024693,-5.737190977666001,0.64575,H4 モメンタム(横断),maker-only(理論上限),6,42.0,3.0,
"H4 モメンタム(横断) {'lookback': 42, 'top_n': 3} hold=6",test,2111,-1.1815125628012244,-0.9614746660698176,0.22003789673140692,-0.3319938775178677,-0.2701840683226682,-25.875125125346816,-94.52969905848963,0.1466919311542713,-6.55438004329403,0.6465,H4 モメンタム(横断),maker-only(理論上限),6,42.0,3.0,
"H4 モメンタム(横断) {'lookback': 42, 'top_n': 3} hold=6",full,5399,-1.0408647851446984,-0.8358268151502558,0.2050379699944434,-0.31405176347843156,-0.2521881588504301,-22.794938794668898,-100.19209327655227,0.1366919799962956,-6.114673407853973,0.708,H4 モメンタム(横断),maker-only(理論上限),6,42.0,3.0,
"H4 モメンタム(横断) {'lookback': 42, 'top_n': 3} hold=12",train,3240,-1.8586780437284791,-1.0154424470206598,0.8432355967078187,-0.604127352852051,-0.3299227747297429,-40.7050491576537,-107.40666915389629,0.08590534979423868,-11.820479742563846,0.79825,H4 モメンタム(横断),taker,12,42.0,3.0,
"H4 モメンタム(横断) {'lookback': 42, 'top_n': 3} hold=12",test,2111,-1.2236560497501086,-0.27596143424402847,0.9476946155060791,-0.3610587664619906,-0.08145625030599417,-26.798067489527376,-80.82344210666233,0.09363650718458866,-2.9471564301305775,0.63825,H4 モメンタム(横断),taker,12,42.0,3.0,
"H4 モメンタム(横断) {'lookback': 42, 'top_n': 3} hold=12",full,5399,-1.6018368510318435,-0.7173675048566255,0.8844693461752177,-0.500343841301855,-0.22406515343154382,-35.080227037597375,-107.40666915389629,0.08902883249984564,-8.0576986658549,0.79875,H4 モメンタム(横断),taker,12,42.0,3.0,
"H4 モメンタム(横断) {'lookback': 42, 'top_n': 3} hold=12",train,3240,-1.5014892577202485,-1.0154424470206598,0.4860468106995885,-0.4879804690193397,-0.3299227747297429,-32.88261474407344,-99.10175277141565,0.08590534979423868,-11.820479742563846,0.74675,H4 モメンタム(横断),half-maker,12,42.0,3.0,
"H4 モメンタム(横断) {'lookback': 42, 'top_n': 3} hold=12",test,2111,-0.82003612238551,-0.27596143424402847,0.5440746881414811,-0.24201640632225277,-0.08145625030599417,-17.95879108024267,-78.48219210666232,0.09363650718458866,-2.9471564301305775,0.59725,H4 モメンタム(横断),half-maker,12,42.0,3.0,
"H4 モメンタム(横断) {'lookback': 42, 'top_n': 3} hold=12",full,5399,-1.2263738023191186,-0.7173675048566255,0.509006297462493,-0.3830824449064458,-0.22406515343154382,-26.857586270788698,-99.10175277141565,0.08902883249984564,-8.0576986658549,0.733,H4 モメンタム(横断),half-maker,12,42.0,3.0,
"H4 モメンタム(横断) {'lookback': 42, 'top_n': 3} hold=12",train,3240,-1.1443004717120182,-1.0154424470206598,0.12885802469135801,-0.3718237078090891,-0.3299227747297429,-25.060180330493196,-93.91258610474893,0.08590534979423868,-11.820479742563846,0.69175,H4 モメンタム(横断),maker-only(理論上限),12,42.0,3.0,
"H4 モメンタム(横断) {'lookback': 42, 'top_n': 3} hold=12",test,2111,-0.41641619502091204,-0.27596143424402847,0.140454760776883,-0.12291291933643138,-0.08145625030599417,-9.119514670957972,-76.14094210666231,0.09363650718458866,-2.9471564301305775,0.5515,H4 モメンタム(横断),maker-only(理論上限),12,42.0,3.0,
"H4 モメンタム(横断) {'lookback': 42, 'top_n': 3} hold=12",full,5399,-0.8509107536063941,-0.7173675048566255,0.13354324874976847,-0.2657878555672986,-0.22406515343154382,-18.63494550398003,-93.91258610474893,0.08902883249984564,-8.0576986658549,0.66575,H4 モメンタム(横断),maker-only(理論上限),12,42.0,3.0,
"H4 モメンタム(横断) {'lookback': 42, 'top_n': 5} hold=1",train,3240,-2.261654471876584,0.7680831824444044,3.029737654320988,-0.9249963120366009,0.3140704532891254,-49.53023293409719,-85.33711042086202,0.3064197530864198,2.5066372996775486,0.8915,H4 モメンタム(横断),taker,1,42.0,5.0,
"H4 モメンタム(横断) {'lookback': 42, 'top_n': 5} hold=1",test,2111,-6.458175268537444,-2.9455509198875127,3.5126243486499282,-2.302764058721874,-1.0503081600874105,-141.43403838097,-152.83684363114696,0.35272382756987214,-8.350870255012808,0.99425,H4 モメンタム(横断),taker,1,42.0,5.0,
"H4 モメンタム(横断) {'lookback': 42, 'top_n': 5} hold=1",full,5399,-3.9155487099556274,-0.6957580079737782,3.219790701981849,-1.5120479438297263,-0.26865345290586773,-85.75051674802823,-215.98416860414326,0.3249120207445823,-2.1413735520752644,0.99675,H4 モメンタム(横断),taker,1,42.0,5.0,
"H4 モメンタム(横断) {'lookback': 42, 'top_n': 5} hold=1",train,3240,-0.9766004595309045,0.7680831824444044,1.7446836419753085,-0.39939917819075527,0.3140704532891254,-21.38755006372681,-56.684979149553605,0.3064197530864198,2.5066372996775486,0.6895,H4 モメンタム(横断),half-maker,1,42.0,5.0,
"H4 モメンタム(横断) {'lookback': 42, 'top_n': 5} hold=1",test,2111,-4.966405964889881,-2.9455509198875127,2.0208550450023686,-1.7709108504844577,-1.0503081600874105,-108.76429063108839,-130.03684363114695,0.35272382756987214,-8.350870255012808,0.9725,H4 モメンタム(横断),half-maker,1,42.0,5.0,
"H4 モメンタム(横断) {'lookback': 42, 'top_n': 5} hold=1",full,5399,-2.5493373745231387,-0.6957580079737782,1.8535793665493614,-0.9844594493294929,-0.26865345290586773,-55.83048850205674,-146.055537332835,0.3249120207445823,-2.1413735520752644,0.96225,H4 モメンタム(横断),half-maker,1,42.0,5.0,
"H4 モメンタム(横断) {'lookback': 42, 'top_n': 5} hold=1",train,3240,0.3084535528147744,0.7680831824444044,0.4596296296296296,0.12613151614811002,0.3140704532891254,6.755132806643559,-38.537856371350685,0.3064197530864198,2.5066372996775486,0.405,H4 モメンタム(横断),maker-only(理論上限),1,42.0,5.0,
"H4 モメンタム(横断) {'lookback': 42, 'top_n': 5} hold=1",test,2111,-3.47463666124232,-2.9455509198875127,0.529085741354808,-1.2389648752331917,-1.0503081600874105,-76.0945428812068,-107.23684363114694,0.35272382756987214,-8.350870255012808,0.9105,H4 モメンタム(横断),maker-only(理論上限),1,42.0,5.0,
"H4 モメンタム(横断) {'lookback': 42, 'top_n': 5} hold=1",full,5399,-1.1831260390906515,-0.6957580079737782,0.48736803111687343,-0.4568483002517799,-0.26865345290586773,-25.910460256085265,-107.23684363114698,0.3249120207445823,-2.1413735520752644,0.7845,H4 モメンタム(横断),maker-only(理論上限),1,42.0,5.0,
"H4 モメンタム(横断) {'lookback': 42, 'top_n': 5} hold=2",train,3240,-1.3673298235512497,0.7246300529919606,2.09195987654321,-0.5594150205149964,0.2965564934989519,-29.944523135772368,-79.72282549447726,0.2097530864197531,3.4546812414566688,0.7615,H4 モメンタム(横断),taker,2,42.0,5.0,
"H4 モメンタム(横断) {'lookback': 42, 'top_n': 5} hold=2",test,2111,-2.6298844104076604,-0.18822169131718183,2.4416627190904787,-0.9621559130658466,-0.06891172897715929,-57.594468587927764,-97.16983971600162,0.2417811463761251,-0.7784796049580149,0.85525,H4 モメンタム(横断),taker,2,42.0,5.0,
"H4 モメンタム(横断) {'lookback': 42, 'top_n': 5} hold=2",full,5399,-1.9316825183709312,0.29683202135864906,2.22851453972958,-0.7551976119599804,0.11610430237738005,-42.30384715232339,-113.88532526073777,0.2224115576958696,1.3346069980973903,0.90475,H4 モメンタム(横断),taker,2,42.0,5.0,
"H4 モメンタム(横断) {'lookback': 42, 'top_n': 5} hold=2",train,3240,-0.47866470009445883,0.7246300529919606,1.2032947530864198,-0.19587622742940095,0.2965564934989519,-10.482756932068648,-58.43707549447711,0.2097530864197531,3.4546812414566688,0.58175,H4 モメンタム(横断),half-maker,2,42.0,5.0,
"H4 モメンタム(横断) {'lookback': 42, 'top_n': 5} hold=2",test,2111,-1.5903889106445148,-0.18822169131718183,1.402167219327333,-0.5820640007002602,-0.06891172897715929,-34.82951714311488,-81.23233971600159,0.2417811463761251,-0.7784796049580149,0.739,H4 モメンタム(横断),half-maker,2,42.0,5.0,
"H4 モメンタム(横断) {'lookback': 42, 'top_n': 5} hold=2",full,5399,-0.9842339167780433,0.29683202135864906,1.281065938136692,-0.3848961047232541,0.11610430237738005,-21.554722777439146,-81.23233971600156,0.2224115576958696,1.3346069980973903,0.74225,H4 モメンタム(横断),half-maker,2,42.0,5.0,
"H4 モメンタム(横断) {'lookback': 42, 'top_n': 5} hold=2",train,3240,0.410000423362331,0.7246300529919606,0.3146296296296296,0.16779276914698138,0.2965564934989519,8.979009271635048,-40.429576299125365,0.2097530864197531,3.4546812414566688,0.39,H4 モメンタム(横断),maker-only(理論上限),2,42.0,5.0,
"H4 モメンタム(横断) {'lookback': 42, 'top_n': 5} hold=2",test,2111,-0.5508934108813685,-0.18822169131718183,0.3626717195641876,-0.2016744543465802,-0.06891172897715929,-12.06456569830197,-65.74673646656598,0.2417811463761251,-0.7784796049580149,0.5895,H4 モメンタム(横断),maker-only(理論上限),2,42.0,5.0,
"H4 モメンタム(横断) {'lookback': 42, 'top_n': 5} hold=2",full,5399,-0.036785315185155654,0.29683202135864906,0.3336173365438043,-0.014387742081581613,0.11610430237738005,-0.8055984025549088,-65.746736466566,0.2224115576958696,1.3346069980973903,0.50025,H4 モメンタム(横断),maker-only(理論上限),2,42.0,5.0,
"H4 モメンタム(横断) {'lookback': 42, 'top_n': 5} hold=3",train,3240,-0.5014772917193538,1.20009678235472,1.701574074074074,-0.2117202446594087,0.5065708420996264,-10.98235268865385,-61.554108523632365,0.16999999999999998,7.059392837380706,0.5995,H4 モメンタム(横断),taker,3,42.0,5.0,
"H4 モメンタム(横断) {'lookback': 42, 'top_n': 5} hold=3",test,2111,-2.263664063296784,-0.2568426516435392,2.0068214116532452,-0.8487069664801363,-0.09628294276725231,-49.57424298619957,-94.87430114345477,0.19668403600189485,-1.3058642524554702,0.8235,H4 モメンタム(横断),taker,3,42.0,5.0,
"H4 モメンタム(横断) {'lookback': 42, 'top_n': 5} hold=3",full,5399,-1.278404729273305,0.5427565968982084,1.8211613261715136,-0.5140296049938303,0.21820789890979295,-27.997063571085377,-94.8743011434547,0.18058899796258565,3.005479863234284,0.811,H4 モメンタム(横断),taker,3,42.0,5.0,
"H4 モメンタム(横断) {'lookback': 42, 'top_n': 5} hold=3",train,3240,0.22180974531768285,1.20009678235472,0.978287037037037,0.09364672651843439,0.5065708420996264,4.857633422457255,-52.67085852363231,0.16999999999999998,7.059392837380706,0.429,H4 モメンタム(横断),half-maker,3,42.0,5.0,
"H4 モメンタム(横断) {'lookback': 42, 'top_n': 5} hold=3",test,2111,-1.4077663844715833,-0.2568426516435392,1.1509237328280437,-0.5278161258819106,-0.09628294276725231,-30.830083819927673,-81.69630114345475,0.19668403600189485,-1.3058642524554702,0.728,H4 モメンタム(横断),half-maker,3,42.0,5.0,
"H4 モメンタム(横断) {'lookback': 42, 'top_n': 5} hold=3",full,5399,-0.5032658146594874,0.5427565968982084,1.0460224115576957,-0.20236235901455532,0.21820789890979295,-11.021521341042774,-81.69630114345469,0.18058899796258565,3.005479863234284,0.637,H4 モメンタム(横断),half-maker,3,42.0,5.0,
"H4 モメンタム(横断) {'lookback': 42, 'top_n': 5} hold=3",train,3240,0.94509678235472,1.20009678235472,0.255,0.3989602334939174,0.5065708420996264,20.697619533568368,-46.87071468552987,0.16999999999999998,7.059392837380706,0.2835,H4 モメンタム(横断),maker-only(理論上限),3,42.0,5.0,
"H4 モメンタム(横断) {'lookback': 42, 'top_n': 5} hold=3",test,2111,-0.551868705646382,-0.2568426516435392,0.29502605400284226,-0.20689127355418702,-0.09628294276725231,-12.085924653655765,-68.51830114345479,0.19668403600189485,-1.3058642524554702,0.60725,H4 モメンタム(横断),maker-only(理論上限),3,42.0,5.0,
"H4 モメンタム(横断) {'lookback': 42, 'top_n': 5} hold=3",full,5399,0.27187309995433,0.5427565968982084,0.2708834969438785,0.10930872465009622,0.21820789890979295,5.9540208889998265,-68.5183011434547,0.18058899796258565,3.005479863234284,0.42775,H4 モメンタム(横断),maker-only(理論上限),3,42.0,5.0,
"H4 モメンタム(横断) {'lookback': 42, 'top_n': 5} hold=6",train,3240,-1.4401949558054137,-0.251074585435043,1.1891203703703703,-0.6159673716396401,-0.10735128931014103,-31.54026953213856,-72.23835984037136,0.11808641975308642,-2.1261935619695222,0.804,H4 モメンタム(横断),taker,6,42.0,5.0,
"H4 モメンタム(横断) {'lookback': 42, 'top_n': 5} hold=6",test,2111,-0.657007172209533,0.7345371195952988,1.3915442918048317,-0.2559535339832703,0.28638605705127756,-14.388457071388771,-78.36331672466628,0.13567029843675982,5.414133587519818,0.61375,H4 モメンタム(横断),taker,6,42.0,5.0,
"H4 モメンタム(横断) {'lookback': 42, 'top_n': 5} hold=6",full,5399,-1.1700969315119787,0.09870284622463904,1.2687997777366178,-0.481776973425636,0.04064787607498255,-25.625122800112333,-78.3633167246662,0.12513428412669012,0.7887754096607847,0.7965,H4 モメンタム(横断),taker,6,42.0,5.0,
"H4 モメンタム(横断) {'lookback': 42, 'top_n': 5} hold=6",train,3240,-0.9341995854350434,-0.251074585435043,0.683125,-0.39954076104646263,-0.10735128931014103,-20.45897092102745,-66.14287506032504,0.11808641975308642,-2.1261935619695222,0.709,H4 モメンタム(横断),half-maker,6,42.0,5.0,
"H4 モメンタム(横断) {'lookback': 42, 'top_n': 5} hold=6",test,2111,-0.06298775013468773,0.7345371195952988,0.7975248697299858,-0.02454913969874217,0.28638605705127756,-1.3794317279496613,-71.9355667246663,0.13567029843675982,5.414133587519818,0.517,H4 モメンタム(横断),half-maker,6,42.0,5.0,
"H4 モメンタム(横断) {'lookback': 42, 'top_n': 5} hold=6",full,5399,-0.6295477557386872,0.09870284622463904,0.7282506019633266,-0.2592565953322157,0.04064787607498255,-13.787095850677247,-71.93556672466626,0.12513428412669012,0.7887754096607847,0.66525,H4 モメンタム(横断),half-maker,6,42.0,5.0,
"H4 モメンタム(横断) {'lookback': 42, 'top_n': 5} hold=6",train,3240,-0.42820421506467243,-0.251074585435043,0.17712962962962958,-0.18310202363815808,-0.10735128931014103,-9.377672309916326,-60.82712506032507,0.11808641975308642,-2.1261935619695222,0.59325,H4 モメンタム(横断),maker-only(理論上限),6,42.0,5.0,
"H4 モメンタム(横断) {'lookback': 42, 'top_n': 5} hold=6",test,2111,0.5310316719401585,0.7345371195952988,0.20350544765513973,0.20702797895251976,0.28638605705127756,11.629593615489473,-65.50781672466631,0.13567029843675982,5.414133587519818,0.42525,H4 モメンタム(横断),maker-only(理論上限),6,42.0,5.0,
"H4 モメンタム(横断) {'lookback': 42, 'top_n': 5} hold=6",full,5399,-0.08899857996539572,0.09870284622463904,0.18770142619003516,-0.03665205318055668,0.04064787607498255,-1.9490689012421663,-65.50781672466626,0.12513428412669012,0.7887754096607847,0.5255,H4 モメンタム(横断),maker-only(理論上限),6,42.0,5.0,
"H4 モメンタム(横断) {'lookback': 42, 'top_n': 5} hold=12",train,3240,-0.6194847343525802,0.17204304342519755,0.7915277777777777,-0.2709528971424922,0.0751894095185323,-13.566715682321506,-68.94597094412602,0.07919753086419754,2.1723283737242403,0.65025,H4 モメンタム(横断),taker,12,42.0,5.0,
"H4 モメンタム(横断) {'lookback': 42, 'top_n': 5} hold=12",test,2111,-0.6044233930647464,0.32542028291819936,0.9298436759829466,-0.24254172846619043,0.13069367740946025,-13.236872308117945,-64.07441206405261,0.0907626717195642,3.5853977935298476,0.59425,H4 モメンタム(横断),taker,12,42.0,5.0,
"H4 モメンタム(横断) {'lookback': 42, 'top_n': 5} hold=12",full,5399,-0.6215915076547732,0.2247411465404486,0.8463326541952214,-0.2624656829114972,0.09489296404960226,-13.612854017639533,-68.94597094412602,0.08386738284867569,2.67972051716405,0.66575,H4 モメンタム(横断),taker,12,42.0,5.0,
"H4 モメンタム(横断) {'lookback': 42, 'top_n': 5} hold=12",train,3240,-0.28311899361183934,0.17204304342519755,0.45516203703703706,-0.12380170973320079,0.0751894095185323,-6.200305960099281,-65.15690886338764,0.07919753086419754,2.1723283737242403,0.5685,H4 モメンタム(横断),half-maker,12,42.0,5.0,
"H4 モメンタム(横断) {'lookback': 42, 'top_n': 5} hold=12",test,2111,-0.20757355886294662,0.32542028291819936,0.5329938417811464,-0.08333271621002432,0.13069367740946025,-4.545860939098531,-60.136351998702786,0.0907626717195642,3.5853977935298476,0.532,H4 モメンタム(横断),half-maker,12,42.0,5.0,
"H4 モメンタム(横断) {'lookback': 42, 'top_n': 5} hold=12",full,5399,-0.2613257176936695,0.2247411465404486,0.4860668642341174,-0.11035307434601369,0.09489296404960226,-5.723033217491363,-65.15690886338764,0.08386738284867569,2.67972051716405,0.574,H4 モメンタム(横断),half-maker,12,42.0,5.0,
"H4 モメンタム(横断) {'lookback': 42, 'top_n': 5} hold=12",train,3240,0.053246747128900866,0.17204304342519755,0.11879629629629629,0.02327470187519376,0.0751894095185323,1.1661037621229289,-61.37565886338759,0.07919753086419754,2.1723283737242403,0.491,H4 モメンタム(横断),maker-only(理論上限),12,42.0,5.0,
"H4 モメンタム(横断) {'lookback': 42, 'top_n': 5} hold=12",test,2111,0.18927627533885266,0.32542028291819936,0.13614400757934625,0.07601112298890148,0.13069367740946025,4.145150429920872,-58.64209981278056,0.0907626717195642,3.5853977935298476,0.4725,H4 モメンタム(横断),maker-only(理論上限),12,42.0,5.0,
"H4 モメンタム(横断) {'lookback': 42, 'top_n': 5} hold=12",full,5399,0.098940072267435,0.2247411465404486,0.12580107427301349,0.04177805896489324,0.09489296404960226,2.1667875826568266,-61.37565886338759,0.08386738284867569,2.67972051716405,0.48,H4 モメンタム(横断),maker-only(理論上限),12,42.0,5.0,
"H5 BTCリードラグ(横断) {'lookback': 1, 'top_n': 3} hold=1",train,3240,-9.196891015479325,4.0353106306112085,13.232201646090534,-3.1041591677269382,1.3630866290511578,-201.41191323899724,-372.03336450822474,1.4358024691358025,2.8104914968143415,0.99975,H5 BTCリードラグ(横断),taker,1,1.0,3.0,
"H5 BTCリードラグ(横断) {'lookback': 1, 'top_n': 3} hold=1",test,2111,-12.513254380370073,3.5189578413258062,16.032212221695875,-3.336850160014343,0.9380948556767693,-274.0402709301046,-301.58609316277426,1.7258803094899733,2.0389350420051535,0.9935,H5 BTCリードラグ(横断),taker,1,1.0,3.0,
"H5 BTCリードラグ(横断) {'lookback': 1, 'top_n': 3} hold=1",full,5399,-10.250578038082963,4.089253412185604,14.33983145026857,-3.1090231562838655,1.2406333071983364,-224.48765903401693,-562.0112641802518,1.552262764709514,2.6343822097355116,1.0,H5 BTCリードラグ(横断),taker,1,1.0,3.0,
"H5 BTCリードラグ(横断) {'lookback': 1, 'top_n': 3} hold=1",train,3240,-3.6576420442859106,4.0353106306112085,7.692952674897119,-1.2353006782604965,1.3630866290511578,-80.10236076986143,-243.6565905227949,1.4358024691358025,2.8104914968143415,0.90925,H5 BTCリードラグ(横断),half-maker,1,1.0,3.0,
"H5 BTCリードラグ(横断) {'lookback': 1, 'top_n': 3} hold=1",test,2111,-5.791558501639614,3.5189578413258062,9.310516342965418,-1.5442541993857646,0.9380948556767693,-126.83513118590754,-182.06314571498936,1.7258803094899733,2.0389350420051535,0.90375,H5 BTCリードラグ(横断),half-maker,1,1.0,3.0,
"H5 BTCリードラグ(横断) {'lookback': 1, 'top_n': 3} hold=1",full,5399,-4.244859386480814,4.089253412185604,8.334112798666421,-1.2878439213671353,1.2406333071983364,-92.96242056392983,-271.6721208395318,1.552262764709514,2.6343822097355116,0.95875,H5 BTCリードラグ(横断),half-maker,1,1.0,3.0,
"H5 BTCリードラグ(横断) {'lookback': 1, 'top_n': 3} hold=1",train,3240,1.8816069269075049,4.0353106306112085,2.153703703703704,0.6356126834871497,1.3630866290511578,41.207191699274354,-131.9870285400548,1.4358024691358025,2.8104914968143415,0.23425,H5 BTCリードラグ(横断),maker-only(理論上限),1,1.0,3.0,
"H5 BTCリードラグ(横断) {'lookback': 1, 'top_n': 3} hold=1",test,2111,0.9301373770908451,3.5189578413258062,2.58882046423496,0.24797298581533764,0.9380948556767693,20.370008558289506,-140.98277084013867,1.7258803094899733,2.0389350420051535,0.4105,H5 BTCリードラグ(横断),maker-only(理論上限),1,1.0,3.0,
"H5 BTCリードラグ(横断) {'lookback': 1, 'top_n': 3} hold=1",full,5399,1.7608592651213322,4.089253412185604,2.3283941470642713,0.5342513062618673,1.2406333071983364,38.56281790615718,-140.98277084013853,1.552262764709514,2.6343822097355116,0.22,H5 BTCリードラグ(横断),maker-only(理論上限),1,1.0,3.0,
"H5 BTCリードラグ(横断) {'lookback': 1, 'top_n': 3} hold=2",train,3240,-5.259140402975927,1.4096610373532894,6.668801440329217,-1.7565759362985425,0.47139939017298615,-115.17517482517279,-252.78158434559282,0.7252057613168724,1.9438083817667717,0.96225,H5 BTCリードラグ(横断),taker,2,1.0,3.0,
"H5 BTCリードラグ(横断) {'lookback': 1, 'top_n': 3} hold=2",test,2111,-7.469130836582802,0.6428618998770116,8.111992736459813,-2.0369632001321643,0.1756558794586643,-163.57396532116334,-195.00082749928947,0.872098531501658,0.7371436559697836,0.97075,H5 BTCリードラグ(横断),taker,2,1.0,3.0,
"H5 BTCリードラグ(横断) {'lookback': 1, 'top_n': 3} hold=2",full,5399,-5.82667974871718,1.4113890294516158,7.238068778168795,-1.779556278816135,0.431701642265417,-127.60428649690625,-336.87868644952863,0.7840340803852566,1.8001628561325946,0.9955,H5 BTCリードラグ(横断),taker,2,1.0,3.0,
"H5 BTCリードラグ(横断) {'lookback': 1, 'top_n': 3} hold=2",train,3240,-2.4686440037989734,1.4096610373532894,3.878305041152263,-0.8253030032472448,0.47139939017298615,-54.06330368319752,-192.92613715646993,0.7252057613168724,1.9438083817667717,0.812,H5 BTCリードラグ(横断),half-maker,2,1.0,3.0,
"H5 BTCリードラグ(横断) {'lookback': 1, 'top_n': 3} hold=2",test,2111,-4.067208366979138,0.6428618998770116,4.71007026685615,-1.1104182124280582,0.1756558794586643,-89.07186323684311,-145.7245774992897,0.872098531501658,0.7371436559697836,0.854,H5 BTCリードラグ(横断),half-maker,2,1.0,3.0,
"H5 BTCリードラグ(横断) {'lookback': 1, 'top_n': 3} hold=2",full,5399,-2.7956709199217253,1.4113890294516158,4.20705994937334,-0.8546848767232191,0.431701642265417,-61.22519314628578,-202.31740592707177,0.7840340803852566,1.8001628561325946,0.8965,H5 BTCリードラグ(横断),half-maker,2,1.0,3.0,
"H5 BTCリードラグ(横断) {'lookback': 1, 'top_n': 3} hold=2",train,3240,0.3218523953779794,1.4096610373532894,1.0878086419753084,0.10763535452779337,0.47139939017298615,7.048567458777749,-139.63488715647006,0.7252057613168724,1.9438083817667717,0.45725,H5 BTCリードラグ(横断),maker-only(理論上限),2,1.0,3.0,
"H5 BTCリードラグ(横断) {'lookback': 1, 'top_n': 3} hold=2",test,2111,-0.6652858973754753,0.6428618998770116,1.308147797252487,-0.18175793949628757,0.1756558794586643,-14.569761152522908,-110.96877272084184,0.872098531501658,0.7371436559697836,0.56125,H5 BTCリードラグ(横断),maker-only(理論上限),2,1.0,3.0,
"H5 BTCリードラグ(横断) {'lookback': 1, 'top_n': 3} hold=2",full,5399,0.23533790887373005,1.4113890294516158,1.1760511205778845,0.07198111400544337,0.431701642265417,5.153900204334688,-139.63488715647006,0.7840340803852566,1.8001628561325946,0.46175,H5 BTCリードラグ(横断),maker-only(理論上限),2,1.0,3.0,
"H5 BTCリードラグ(横断) {'lookback': 1, 'top_n': 3} hold=3",train,3240,-3.511501727955679,0.9432822226616048,4.4547839506172835,-1.2428057590983832,0.3338654675339431,-76.90188784222937,-186.50353426622695,0.48004115226337446,1.96500282989087,0.911,H5 BTCリードラグ(横断),taker,3,1.0,3.0,
"H5 BTCリードラグ(横断) {'lookback': 1, 'top_n': 3} hold=3",test,2111,-3.7703340274096795,1.7364163278721765,5.506750355281857,-1.0679503948643534,0.4925998450925258,-82.57031520027198,-86.75264373090155,0.5834517606189799,2.9761095005181315,0.87125,H5 BTCリードラグ(横断),taker,3,1.0,3.0,
"H5 BTCリードラグ(横断) {'lookback': 1, 'top_n': 3} hold=3",full,5399,-3.2727902688398873,1.5965528193863268,4.8693430882262145,-1.0491435063128938,0.5121696789920194,-71.67410688759352,-186.50353426622695,0.5213928505278755,3.0620918905388197,0.954,H5 BTCリードラグ(横断),taker,3,1.0,3.0,
"H5 BTCリードラグ(横断) {'lookback': 1, 'top_n': 3} hold=3",train,3240,-1.6441406168445685,0.9432822226616048,2.5874228395061727,-0.5821391604395422,0.3338654675339431,-36.00667950889605,-138.53693655868668,0.48004115226337446,1.96500282989087,0.718,H5 BTCリードラグ(横断),half-maker,3,1.0,3.0,
"H5 BTCリードラグ(横断) {'lookback': 1, 'top_n': 3} hold=3",test,2111,-1.454547670232986,1.7364163278721765,3.1909639981051634,-0.4123837724492123,0.4925998450925258,-31.85459397810239,-73.3198501410562,0.5834517606189799,2.9761095005181315,0.674,H5 BTCリードラグ(横断),half-maker,3,1.0,3.0,
"H5 BTCリードラグ(横断) {'lookback': 1, 'top_n': 3} hold=3",full,5399,-1.229163362622686,1.5965528193863268,2.825716182009014,-0.3942800103177411,0.5121696789920194,-26.91867764143683,-138.53693655868668,0.5213928505278755,3.0620918905388197,0.73725,H5 BTCリードラグ(横断),half-maker,3,1.0,3.0,
"H5 BTCリードラグ(横断) {'lookback': 1, 'top_n': 3} hold=3",train,3240,0.2232204942665426,0.9432822226616048,0.7200617283950617,0.07902413478062965,0.3338654675339431,4.888528824437284,-109.06464351820998,0.48004115226337446,1.96500282989087,0.4235,H5 BTCリードラグ(横断),maker-only(理論上限),3,1.0,3.0,
"H5 BTCリードラグ(横断) {'lookback': 1, 'top_n': 3} hold=3",test,2111,0.8612386869437062,1.7364163278721765,0.8751776409284697,0.24429847040956212,0.4925998450925258,18.861127244067166,-62.49693347438953,0.5834517606189799,2.9761095005181315,0.40425,H5 BTCリードラグ(横断),maker-only(理論上限),3,1.0,3.0,
"H5 BTCリードラグ(横断) {'lookback': 1, 'top_n': 3} hold=3",full,5399,0.8144635435945135,1.5965528193863268,0.7820892757918132,0.26129746913648666,0.5121696789920194,17.836751604719844,-109.06464351820998,0.5213928505278755,3.0620918905388197,0.32625,H5 BTCリードラグ(横断),maker-only(理論上限),3,1.0,3.0,
"H5 BTCリードラグ(横断) {'lookback': 1, 'top_n': 3} hold=6",train,3240,-1.2802432370721335,0.9802248699237516,2.2604681069958845,-0.4588224793856565,0.3518256513225601,-28.037326891879722,-100.06188169353155,0.24135802469135803,4.061289742395083,0.6975,H5 BTCリードラグ(横断),taker,6,1.0,3.0,
"H5 BTCリードラグ(横断) {'lookback': 1, 'top_n': 3} hold=6",test,2111,-3.2578491080038474,-0.3512092848552601,2.906639823148586,-0.9418026126641965,-0.10167788714585922,-71.34689546528425,-78.08160093349554,0.3012790146849834,-1.1657276734739843,0.85775,H5 BTCリードラグ(横断),taker,6,1.0,3.0,
"H5 BTCリードラグ(横断) {'lookback': 1, 'top_n': 3} hold=6",full,5399,-1.7398763036716816,0.7724870969580651,2.512363400629746,-0.5668112752127612,0.25201449852941227,-38.10329105040983,-100.06188169353155,0.26504908316354875,2.9145058256300445,0.82475,H5 BTCリードラグ(横断),taker,6,1.0,3.0,
"H5 BTCリードラグ(横断) {'lookback': 1, 'top_n': 3} hold=6",train,3240,-0.33102770209270976,0.9802248699237516,1.3112525720164607,-0.11873985250403334,0.3518256513225601,-7.249506675830345,-80.79786791442291,0.24135802469135803,4.061289742395083,0.55325,H5 BTCリードラグ(横断),half-maker,6,1.0,3.0,
"H5 BTCリードラグ(横断) {'lookback': 1, 'top_n': 3} hold=6",test,2111,-2.030488457443292,-0.3512092848552601,1.679279172588031,-0.5874619875726134,-0.10167788714585922,-44.4676972180081,-63.89829178723435,0.3012790146849834,-1.1657276734739843,0.7575,H5 BTCリードラグ(横断),half-maker,6,1.0,3.0,
"H5 BTCリードラグ(横断) {'lookback': 1, 'top_n': 3} hold=6",full,5399,-0.6824814157294699,0.7724870969580651,1.4549685126875347,-0.2225184257420389,0.25201449852941227,-14.94634300447539,-80.79786791442291,0.26504908316354875,2.9145058256300445,0.64175,H5 BTCリードラグ(横断),half-maker,6,1.0,3.0,
"H5 BTCリードラグ(横断) {'lookback': 1, 'top_n': 3} hold=6",train,3240,0.6181878328867136,0.9802248699237516,0.362037037037037,0.2218618066315923,0.3518256513225601,13.538313540219027,-71.42911791442292,0.24135802469135803,4.061289742395083,0.395,H5 BTCリードラグ(横断),maker-only(理論上限),6,1.0,3.0,
"H5 BTCリードラグ(横断) {'lookback': 1, 'top_n': 3} hold=6",test,2111,-0.8031278068827363,-0.3512092848552601,0.45191852202747507,-0.23247967579115728,-0.10167788714585922,-17.588498970731926,-59.45120845390098,0.3012790146849834,-1.1657276734739843,0.62175,H5 BTCリードラグ(横断),maker-only(理論上限),6,1.0,3.0,
"H5 BTCリードラグ(横断) {'lookback': 1, 'top_n': 3} hold=6",full,5399,0.374913472212741,0.7724870969580651,0.39757362474532315,0.12229860534789032,0.25201449852941227,8.210605041459027,-71.42911791442292,0.26504908316354875,2.9145058256300445,0.428,H5 BTCリードラグ(横断),maker-only(理論上限),6,1.0,3.0,
"H5 BTCリードラグ(横断) {'lookback': 1, 'top_n': 3} hold=12",train,3240,-2.432524252721649,-1.2799007959315252,1.1526234567901232,-0.9246180504618133,-0.4868697896124829,-53.27228113460411,-127.07726815470548,0.1205761316872428,-10.614876908237566,0.84525,H5 BTCリードラグ(横断),taker,12,1.0,3.0,
"H5 BTCリードラグ(横断) {'lookback': 1, 'top_n': 3} hold=12",test,2111,1.1584378072740782,2.670359487362504,1.5119216800884254,0.3664332068763599,0.8446804498426198,25.36978797930231,-55.83356219867517,0.15206063477025106,17.561149152094224,0.3805,H5 BTCリードラグ(横断),taker,12,1.0,3.0,
"H5 BTCリードラグ(横断) {'lookback': 1, 'top_n': 3} hold=12",full,5399,-0.8229081387391469,0.4698466924024217,1.2927548311415693,-0.2886876048607,0.16488076477125213,-18.021688238387316,-142.1732233933474,0.13304933012286224,3.5313721006227494,0.658,H5 BTCリードラグ(横断),taker,12,1.0,3.0,
"H5 BTCリードラグ(横断) {'lookback': 1, 'top_n': 3} hold=12",train,3240,-1.946644623092019,-1.2799007959315252,0.6667438271604939,-0.7402866135835956,-0.4868697896124829,-42.631517245715216,-121.37810148803878,0.1205761316872428,-10.614876908237566,0.79325,H5 BTCリードラグ(横断),half-maker,12,1.0,3.0,
"H5 BTCリードラグ(横断) {'lookback': 1, 'top_n': 3} hold=12",test,2111,1.8003531712406027,2.670359487362504,0.870006316121901,0.5695595078969067,0.8446804498426198,39.4277344501692,-53.98731219867516,0.15206063477025106,17.561149152094224,0.3145,H5 BTCリードラグ(横断),half-maker,12,1.0,3.0,
"H5 BTCリードラグ(横断) {'lookback': 1, 'top_n': 3} hold=12",full,5399,-0.2763177207605094,0.4698466924024217,0.7461644131629314,-0.09696332609896242,0.16488076477125213,-6.051358084655157,-133.2711400600141,0.13304933012286224,3.5313721006227494,0.5485,H5 BTCリードラグ(横断),half-maker,12,1.0,3.0,
"H5 BTCリードラグ(横断) {'lookback': 1, 'top_n': 3} hold=12",train,3240,-1.4607649934623896,-1.2799007959315252,0.18086419753086422,-0.5556562210640733,-0.4868697896124829,-31.990753356826335,-115.67893482137208,0.1205761316872428,-10.614876908237566,0.729,H5 BTCリードラグ(横断),maker-only(理論上限),12,1.0,3.0,
"H5 BTCリードラグ(横断) {'lookback': 1, 'top_n': 3} hold=12",test,2111,2.4422685352071265,2.670359487362504,0.2280909521553766,0.7725764082350045,0.8446804498426198,53.48568092103607,-52.14106219867515,0.15206063477025106,17.561149152094224,0.249,H5 BTCリードラグ(横断),maker-only(理論上限),12,1.0,3.0,
"H5 BTCリードラグ(横断) {'lookback': 1, 'top_n': 3} hold=12",full,5399,0.2702726972181288,0.4698466924024217,0.19957399518429333,0.09484816421518957,0.16488076477125213,5.918972069077022,-124.36905672668065,0.13304933012286224,3.5313721006227494,0.42675,H5 BTCリードラグ(横断),maker-only(理論上限),12,1.0,3.0,
"H5 BTCリードラグ(横断) {'lookback': 1, 'top_n': 5} hold=1",train,3240,-9.454334819181444,3.3909583906950993,12.845293209876544,-4.442161337972226,1.5950742744620157,-207.0499325400736,-343.4368143655177,1.384135802469136,2.4498740547322218,1.0,H5 BTCリードラグ(横断),taker,1,1.0,5.0,
"H5 BTCリードラグ(横断) {'lookback': 1, 'top_n': 5} hold=1",test,2111,-12.156047756013033,3.412876924233294,15.56892468024633,-4.791264524939002,1.3446718603540933,-266.21744585668546,-271.63458170700216,1.6659403126480343,2.048618968112057,1.0,H5 BTCリードラグ(横断),taker,1,1.0,5.0,
"H5 BTCリードラグ(横断) {'lookback': 1, 'top_n': 5} hold=1",full,5399,-10.15545086622675,3.774702865945875,13.930153732172625,-4.413090215784625,1.641116706536256,-222.40437397036584,-550.4104217627832,1.497869975921467,2.5200470846100873,1.0,H5 BTCリードラグ(横断),taker,1,1.0,5.0,
"H5 BTCリードラグ(横断) {'lookback': 1, 'top_n': 5} hold=1",train,3240,-4.069790066095024,3.3909583906950993,7.460748456790123,-1.9141031364212309,1.5950742744620157,-89.12840244748102,-191.3315631498097,1.384135802469136,2.4498740547322218,0.979,H5 BTCリードラグ(横断),half-maker,1,1.0,5.0,
"H5 BTCリードラグ(横断) {'lookback': 1, 'top_n': 5} hold=1",test,2111,-5.621040650375895,3.412876924233294,9.03391757460919,-2.21528598426985,1.3446718603540933,-123.10079024323211,-149.64519081187558,1.6659403126480343,2.048618968112057,0.9735,H5 BTCリードラグ(横断),half-maker,1,1.0,5.0,
"H5 BTCリードラグ(横断) {'lookback': 1, 'top_n': 5} hold=1",full,5399,-4.313776482081537,3.774702865945875,8.088479348027413,-1.875539576161141,1.641116706536256,-94.47170495758566,-239.56153513003918,1.497869975921467,2.5200470846100873,0.99625,H5 BTCリードラグ(横断),half-maker,1,1.0,5.0,
"H5 BTCリードラグ(横断) {'lookback': 1, 'top_n': 5} hold=1",train,3240,1.3147546869913957,3.3909583906950993,2.076203703703703,0.6185273921575081,1.5950742744620157,28.793127645111564,-86.33178294390245,1.384135802469136,2.4498740547322218,0.2145,H5 BTCリードラグ(横断),maker-only(理論上限),1,1.0,5.0,
"H5 BTCリードラグ(横断) {'lookback': 1, 'top_n': 5} hold=1",test,2111,0.9139664552612448,3.412876924233294,2.49891046897205,0.3601343640343383,1.3446718603540933,20.01586537022126,-87.59604841159248,1.6659403126480343,2.048618968112057,0.35525,H5 BTCリードラグ(横断),maker-only(理論上限),1,1.0,5.0,
"H5 BTCリードラグ(横断) {'lookback': 1, 'top_n': 5} hold=1",full,5399,1.5278979020636763,3.774702865945875,2.2468049638821994,0.6643563166956865,1.641116706536256,33.46096405519451,-87.59604841159243,1.497869975921467,2.5200470846100873,0.1535,H5 BTCリードラグ(横断),maker-only(理論上限),1,1.0,5.0,
"H5 BTCリードラグ(横断) {'lookback': 1, 'top_n': 5} hold=2",train,3240,-4.639201527695171,1.8471410648974216,6.486342592592592,-2.158552426259336,0.8611923723718522,-101.59851345652424,-203.49479132780442,0.6977777777777778,2.6471766853625467,0.9895,H5 BTCリードラグ(横断),taker,2,1.0,5.0,
"H5 BTCリードラグ(横断) {'lookback': 1, 'top_n': 5} hold=2",test,2111,-8.124181129269605,-0.27877610795269353,7.845405021316911,-3.2366602395375685,-0.11134008325252709,-177.91956673100435,-173.18297110732078,0.8363808621506397,-0.33331239459001805,0.9995,H5 BTCリードラグ(横断),taker,2,1.0,5.0,
"H5 BTCリードラグ(横断) {'lookback': 1, 'top_n': 5} hold=2",full,5399,-5.642473494955087,1.3804103724277623,7.022883867382849,-2.4532371722349464,0.6014523737561752,-123.5701695395164,-309.6661218835383,0.7531024263752547,1.832964978046603,1.0,H5 BTCリードラグ(横断),taker,2,1.0,5.0,
"H5 BTCリードラグ(横断) {'lookback': 1, 'top_n': 5} hold=2",train,3240,-1.9193635647322076,1.8471410648974216,3.7665046296296296,-0.8944990955293485,0.8611923723718522,-42.03406206763535,-131.54406492656503,0.6977777777777778,2.6471766853625467,0.831,H5 BTCリードラグ(横断),half-maker,2,1.0,5.0,
"H5 BTCリードラグ(横断) {'lookback': 1, 'top_n': 5} hold=2",test,2111,-4.828764265224128,-0.27877610795269353,4.549988157271436,-1.9268930448081718,-0.11134008325252709,-105.74993740840841,-115.59008150644937,0.8363808621506397,-0.33331239459001805,0.9725,H5 BTCリードラグ(横断),half-maker,2,1.0,5.0,
"H5 BTCリードラグ(横断) {'lookback': 1, 'top_n': 5} hold=2",full,5399,-2.695858381045103,1.3804103724277623,4.076268753472865,-1.1739571978688126,0.6014523737561752,-59.03929854488775,-161.01948480539582,0.7531024263752547,1.832964978046603,0.96375,H5 BTCリードラグ(横断),half-maker,2,1.0,5.0,
"H5 BTCリードラグ(横断) {'lookback': 1, 'top_n': 5} hold=2",train,3240,0.8004743982307554,1.8471410648974216,1.0466666666666666,0.37325037448443177,0.8611923723718522,17.530389321253544,-79.583372186925,0.6977777777777778,2.6471766853625467,0.3435,H5 BTCリードラグ(横断),maker-only(理論上限),2,1.0,5.0,
"H5 BTCリードラグ(横断) {'lookback': 1, 'top_n': 5} hold=2",test,2111,-1.5333474011786525,-0.27877610795269353,1.2545712932259592,-0.6123588572191478,-0.11134008325252709,-33.58030808581249,-84.72371312209854,0.8363808621506397,-0.33331239459001805,0.71875,H5 BTCリードラグ(横断),maker-only(理論上限),2,1.0,5.0,
"H5 BTCリードラグ(横断) {'lookback': 1, 'top_n': 5} hold=2",full,5399,0.25075673286488037,1.3804103724277623,1.1296536395628818,0.10926256120687548,0.6014523737561752,5.49157244974088,-84.72371312209856,0.7531024263752547,1.832964978046603,0.43825,H5 BTCリードラグ(横断),maker-only(理論上限),2,1.0,5.0,
"H5 BTCリードラグ(横断) {'lookback': 1, 'top_n': 5} hold=3",train,3240,-2.99088495066189,1.3489452962516912,4.339830246913581,-1.457213164633474,0.6571546148968178,-65.50038041949539,-130.69364462920217,0.4641975308641975,2.905972579691143,0.9415,H5 BTCリードラグ(横断),taker,3,1.0,5.0,
"H5 BTCリードラグ(横断) {'lookback': 1, 'top_n': 5} hold=3",test,2111,-5.399888441654795,-0.07376338244115109,5.326125059213643,-2.1803798200571864,-0.029790850411428215,-118.25755687224002,-115.06334358478121,0.5596399810516344,-0.13180506207319276,0.9845,H5 BTCリードラグ(横断),taker,3,1.0,5.0,
"H5 BTCリードラグ(横断) {'lookback': 1, 'top_n': 5} hold=3",full,5399,-3.5945842493042073,1.136449275422594,4.731033524726802,-1.613425493693086,0.5100529395209501,-78.72139505976213,-194.92422282286168,0.5025375069457306,2.2614218037765683,0.992,H5 BTCリードラグ(横断),taker,3,1.0,5.0,
"H5 BTCリードラグ(横断) {'lookback': 1, 'top_n': 5} hold=3",train,3240,-1.1691179753532475,1.3489452962516912,2.5180632716049383,-0.5699779768597101,0.6571546148968178,-25.603683660236122,-83.28314462920211,0.4641975308641975,2.905972579691143,0.72,H5 BTCリードラグ(横断),half-maker,3,1.0,5.0,
"H5 BTCリードラグ(横断) {'lookback': 1, 'top_n': 5} hold=3",test,2111,-3.1565558978366983,-0.07376338244115109,3.082792515395547,-1.2753742226244658,-0.029790850411428215,-69.1285741626237,-68.17859358478118,0.5596399810516344,-0.13180506207319276,0.9005,H5 BTCリードラグ(横断),half-maker,3,1.0,5.0,
"H5 BTCリードラグ(横断) {'lookback': 1, 'top_n': 5} hold=3",full,5399,-1.6059706171501047,1.136449275422594,2.7424198925726984,-0.721262879759654,0.5100529395209501,-35.17075651558729,-87.66447282286175,0.5025375069457306,2.2614218037765683,0.86125,H5 BTCリードラグ(横断),half-maker,3,1.0,5.0,
"H5 BTCリードラグ(横断) {'lookback': 1, 'top_n': 5} hold=3",train,3240,0.6526489999553949,1.3489452962516912,0.6962962962962962,0.3180740514522825,0.6571546148968178,14.293013099023149,-59.536297303228935,0.4641975308641975,2.905972579691143,0.32925,H5 BTCリードラグ(横断),maker-only(理論上限),3,1.0,5.0,
"H5 BTCリードラグ(横断) {'lookback': 1, 'top_n': 5} hold=3",test,2111,-0.9132233540186029,-0.07376338244115109,0.8394599715774513,-0.3689263348513643,-0.029790850411428215,-19.999591453007405,-49.73293714832262,0.5596399810516344,-0.13180506207319276,0.6535,H5 BTCリードラグ(横断),maker-only(理論上限),3,1.0,5.0,
"H5 BTCリードラグ(横断) {'lookback': 1, 'top_n': 5} hold=3",full,5399,0.3826430150039982,1.136449275422594,0.753806260418596,0.17179862433399168,0.5100529395209501,8.379882028587561,-59.536297303228935,0.5025375069457306,2.2614218037765683,0.39175,H5 BTCリードラグ(横断),maker-only(理論上限),3,1.0,5.0,
"H5 BTCリードラグ(横断) {'lookback': 1, 'top_n': 5} hold=6",train,3240,-1.0315420200229193,1.1876555108412783,2.2191975308641974,-0.499096961289385,0.5755954041666408,-22.590770238501932,-67.22815222021684,0.23370370370370372,5.0818857040752,0.7205,H5 BTCリードラグ(横断),taker,6,1.0,5.0,
"H5 BTCリードラグ(横断) {'lookback': 1, 'top_n': 5} hold=6",test,2111,-2.893759511069918,-0.08809868681600912,2.805660824253908,-1.209284665210852,-0.03687503507319393,-63.3733332924312,-66.59371206019881,0.2900994789199432,-0.30368440213683084,0.91275,H5 BTCリードラグ(横断),taker,6,1.0,5.0,
"H5 BTCリードラグ(横断) {'lookback': 1, 'top_n': 5} hold=6",full,5399,-1.5116115712348561,0.9382217312285633,2.449833302463419,-0.6870960748475634,0.4270963019048404,-33.104293410043354,-86.80173366744681,0.25612150398221895,3.6631899963140104,0.876,H5 BTCリードラグ(横断),taker,6,1.0,5.0,
"H5 BTCリードラグ(横断) {'lookback': 1, 'top_n': 5} hold=6",train,3240,-0.09722103236859832,1.1876555108412783,1.2848765432098765,-0.04709230951762914,0.5755954041666408,-2.1291406088723033,-53.29090222021681,0.23370370370370372,5.0818857040752,0.5245,H5 BTCリードラグ(横断),half-maker,6,1.0,5.0,
"H5 BTCリードラグ(横断) {'lookback': 1, 'top_n': 5} hold=6",test,2111,-1.7085037081329209,-0.08809868681600912,1.6204050213169114,-0.7147398522939992,-0.03687503507319393,-37.416231208110965,-55.39450774051329,0.2900994789199432,-0.30368440213683084,0.8035,H5 BTCリードラグ(横断),half-maker,6,1.0,5.0,
"H5 BTCリードラグ(横断) {'lookback': 1, 'top_n': 5} hold=6",full,5399,-0.4787860479898106,0.9382217312285633,1.4170077792183737,-0.2178562538359294,0.4270963019048404,-10.485414450976853,-55.39450774051326,0.25612150398221895,3.6631899963140104,0.64775,H5 BTCリードラグ(横断),half-maker,6,1.0,5.0,
"H5 BTCリードラグ(横断) {'lookback': 1, 'top_n': 5} hold=6",train,3240,0.8370999552857227,1.1876555108412783,0.35055555555555556,0.4056921462702913,0.5755954041666408,18.332489020757325,-41.944588742399105,0.23370370370370372,5.0818857040752,0.3135,H5 BTCリードラグ(横断),maker-only(理論上限),6,1.0,5.0,
"H5 BTCリードラグ(横断) {'lookback': 1, 'top_n': 5} hold=6",test,2111,-0.5232479051959232,-0.08809868681600912,0.43514921837991466,-0.21900568549534546,-0.03687503507319393,-11.459129123790717,-49.00141063458897,0.2900994789199432,-0.30368440213683084,0.6205,H5 BTCリードラグ(横断),maker-only(理論上限),6,1.0,5.0,
"H5 BTCリードラグ(横断) {'lookback': 1, 'top_n': 5} hold=6",full,5399,0.5540394752552348,0.9382217312285633,0.3841822559733284,0.25221072267945877,0.4270963019048404,12.13346450808964,-49.00141063458897,0.25612150398221895,3.6631899963140104,0.34775,H5 BTCリードラグ(横断),maker-only(理論上限),6,1.0,5.0,
"H5 BTCリードラグ(横断) {'lookback': 1, 'top_n': 5} hold=12",train,3240,-2.2562504505999086,-1.1218831666492917,1.1343672839506174,-1.153686037567392,-0.574326834672176,-49.411884868138,-96.09342410614927,0.11777777777777779,-9.525423113060022,0.9055,H5 BTCリードラグ(横断),taker,12,1.0,5.0,
"H5 BTCリードラグ(横断) {'lookback': 1, 'top_n': 5} hold=12",test,2111,0.5802759122763496,2.0446292992967203,1.4643533870203695,0.26043565176771893,0.9174432328310985,12.708042478852056,-42.92362968203698,0.14741828517290387,13.869577284111106,0.4175,H5 BTCリードラグ(横断),taker,12,1.0,5.0,
"H5 BTCリードラグ(横断) {'lookback': 1, 'top_n': 5} hold=12",full,5399,-1.0001093745399285,0.26404139412093464,1.264150768660863,-0.4840175614200826,0.12783830229152526,-21.902395302424434,-116.6259837801444,0.12957955176884609,2.0376779400499228,0.76725,H5 BTCリードラグ(横断),taker,12,1.0,5.0,
"H5 BTCリードラグ(横断) {'lookback': 1, 'top_n': 5} hold=12",train,3240,-1.7774001419579335,-1.1218831666492917,0.6555169753086421,-0.9095339112063884,-0.574326834672176,-38.925063108878746,-89.20817410614919,0.11777777777777779,-9.525423113060022,0.8455,H5 BTCリードラグ(横断),half-maker,12,1.0,5.0,
"H5 BTCリードラグ(横断) {'lookback': 1, 'top_n': 5} hold=12",test,2111,1.201888891906857,2.0446292992967203,0.8427404073898627,0.5395113305463412,0.9174432328310985,26.321366732760172,-40.321473759483396,0.14741828517290387,13.869577284111106,0.32925,H5 BTCリードラグ(横断),half-maker,12,1.0,5.0,
"H5 BTCリードラグ(横断) {'lookback': 1, 'top_n': 5} hold=12",full,5399,-0.4652186540361319,0.26404139412093464,0.7292600481570661,-0.225248020819722,0.12783830229152526,-10.188288523391288,-106.49023378014424,0.12957955176884609,2.0376779400499228,0.6315,H5 BTCリードラグ(横断),half-maker,12,1.0,5.0,
"H5 BTCリードラグ(横断) {'lookback': 1, 'top_n': 5} hold=12",train,3240,-1.298549833315958,-1.1218831666492917,0.1766666666666667,-0.664752579341887,-0.574326834672176,-28.43824134961948,-82.32292410614923,0.11777777777777779,-9.525423113060022,0.77175,H5 BTCリードラグ(横断),maker-only(理論上限),12,1.0,5.0,
"H5 BTCリードラグ(横断) {'lookback': 1, 'top_n': 5} hold=12",test,2111,1.8235018715373636,2.0446292992967203,0.2211274277593557,0.8183495750170378,0.9174432328310985,39.934690986668265,-39.02408296143766,0.14741828517290387,13.869577284111106,0.24725,H5 BTCリードラグ(横断),maker-only(理論上限),12,1.0,5.0,
"H5 BTCリードラグ(横断) {'lookback': 1, 'top_n': 5} hold=12",full,5399,0.06967206646766555,0.26404139412093464,0.1943693276532691,0.03373519410134684,0.12783830229152526,1.5258182556418756,-96.35448378014421,0.12957955176884609,2.0376779400499228,0.469,H5 BTCリードラグ(横断),maker-only(理論上限),12,1.0,5.0,
"H5 BTCリードラグ(横断) {'lookback': 2, 'top_n': 3} hold=1",train,3240,-5.6401121686399565,4.624728366339467,10.264840534979424,-1.9121071333648991,1.568915562903662,-123.51845649321504,-259.4845990955685,1.1112139917695472,4.1618701713563215,0.98,H5 BTCリードラグ(横断),taker,1,2.0,3.0,
"H5 BTCリードラグ(横断) {'lookback': 2, 'top_n': 3} hold=1",test,2111,-4.006956666997143,8.38191906330445,12.388875730301592,-1.0179045606067263,2.1305087678126835,-87.75235100723742,-133.27059180462732,1.3222801200063161,6.338988945295807,0.84525,H5 BTCリードラグ(横断),taker,1,2.0,3.0,
"H5 BTCリードラグ(横断) {'lookback': 2, 'top_n': 3} hold=1",full,5399,-4.781702307429001,6.334260525194325,11.115962832623325,-1.4178702042480062,1.8792463253934328,-104.71928053269511,-295.85049129773864,1.1971970117923072,5.290909067431925,0.98325,H5 BTCリードラグ(横断),taker,1,2.0,3.0,
"H5 BTCリードラグ(横断) {'lookback': 2, 'top_n': 3} hold=1",train,3240,-1.3411023949774048,4.624728366339467,5.965830761316872,-0.4548935814296141,1.568915562903662,-29.370142450005165,-160.20599422939662,1.1112139917695472,4.1618701713563215,0.697,H5 BTCリードラグ(横断),half-maker,1,2.0,3.0,
"H5 BTCリードラグ(横断) {'lookback': 2, 'top_n': 3} hold=1",test,2111,1.1957711081489149,8.38191906330445,7.186147955155534,0.3038560970713932,2.1305087678126835,26.187387268461233,-104.80046084975798,1.3222801200063161,6.338988945295807,0.38225,H5 BTCリードラグ(横断),half-maker,1,2.0,3.0,
"H5 BTCリードラグ(横断) {'lookback': 2, 'top_n': 3} hold=1",full,5399,-0.12161864996156771,6.334260525194325,6.455879175155893,-0.03607568483538785,1.8792463253934328,-2.663448434158333,-160.20599422939662,1.1971970117923072,5.290909067431925,0.51725,H5 BTCリードラグ(横断),half-maker,1,2.0,3.0,
"H5 BTCリードラグ(横断) {'lookback': 2, 'top_n': 3} hold=1",train,3240,2.9579073786851438,4.624728366339467,1.6668209876543214,1.003510056794989,1.568915562903662,64.77817159320465,-85.31428168901172,1.1112139917695472,4.1618701713563215,0.15175,H5 BTCリードラグ(横断),maker-only(理論上限),1,2.0,3.0,
"H5 BTCリードラグ(横断) {'lookback': 2, 'top_n': 3} hold=1",test,2111,6.398498883294977,8.38191906330445,1.9834201800094744,1.6262771344774745,2.1305087678126835,140.12712554416,-86.23180994127202,1.3222801200063161,6.338988945295807,0.0425,H5 BTCリードラグ(横断),maker-only(理論上限),1,2.0,3.0,
"H5 BTCリードラグ(横断) {'lookback': 2, 'top_n': 3} hold=1",full,5399,4.538465007505862,6.334260525194325,1.795795517688461,1.3464871849147733,1.8792463253934328,99.39238366437839,-86.23180994127195,1.1971970117923072,5.290909067431925,0.01975,H5 BTCリードラグ(横断),maker-only(理論上限),1,2.0,3.0,
"H5 BTCリードラグ(横断) {'lookback': 2, 'top_n': 3} hold=2",train,3240,-3.959859604964985,2.718432576104975,6.678292181069959,-1.342496862602707,0.9229775697402901,-86.72092534873318,-209.62991356227434,0.7252057613168725,3.7484983174550077,0.92,H5 BTCリードラグ(横断),taker,2,2.0,3.0,
"H5 BTCリードラグ(横断) {'lookback': 2, 'top_n': 3} hold=2",test,2111,-1.3697841605434828,6.82313388777485,8.192918048318331,-0.3707254641064125,1.8485398333759582,-29.998273115902276,-86.6859545313469,0.8765198168324649,7.784346408084692,0.633,H5 BTCリードラグ(横断),taker,2,2.0,3.0,
"H5 BTCリードラグ(横断) {'lookback': 2, 'top_n': 3} hold=2",full,5399,-2.5984890088380443,4.681238718518873,7.279727727356917,-0.7960441547040189,1.435683058692458,-56.90690929355316,-209.62991356227434,0.7860097548928813,5.955700536002687,0.8805,H5 BTCリードラグ(横断),taker,2,2.0,3.0,
"H5 BTCリードラグ(横断) {'lookback': 2, 'top_n': 3} hold=2",train,3240,-1.1646178354176593,2.718432576104975,3.8830504115226336,-0.39525525715719706,0.9229775697402901,-25.50513059564674,-147.20922243172922,0.7252057613168725,3.7484983174550077,0.6555,H5 BTCリードラグ(横断),half-maker,2,2.0,3.0,
"H5 BTCリードラグ(横断) {'lookback': 2, 'top_n': 3} hold=2",test,2111,2.0692850009913344,6.82313388777485,4.753848886783514,0.5604507787290276,1.8485398333759582,45.31734152171022,-59.91240236548558,0.8765198168324649,7.784346408084692,0.28975,H5 BTCリードラグ(横断),half-maker,2,2.0,3.0,
"H5 BTCリードラグ(横断) {'lookback': 2, 'top_n': 3} hold=2",full,5399,0.4518675386707528,4.681238718518873,4.229371179848119,0.13854523442248748,1.435683058692458,9.895899096889487,-147.20922243172922,0.7860097548928813,5.955700536002687,0.42,H5 BTCリードラグ(横断),half-maker,2,2.0,3.0,
"H5 BTCリードラグ(横断) {'lookback': 2, 'top_n': 3} hold=2",train,3240,1.6306239341296647,2.718432576104975,1.0878086419753086,0.5536564641356916,0.9229775697402901,35.71066415743965,-100.7147481322345,0.7252057613168725,3.7484983174550077,0.27775,H5 BTCリードラグ(横断),maker-only(理論上限),2,2.0,3.0,
"H5 BTCリードラグ(横断) {'lookback': 2, 'top_n': 3} hold=2",test,2111,5.5083541625261505,6.82313388777485,1.314779725248697,1.4923595433222148,1.8485398333759582,120.63295615932267,-50.4342998957428,0.8765198168324649,7.784346408084692,0.07325,H5 BTCリードラグ(横断),maker-only(理論上限),2,2.0,3.0,
"H5 BTCリードラグ(横断) {'lookback': 2, 'top_n': 3} hold=2",full,5399,3.5022240861795497,4.681238718518873,1.179014632339322,1.0741428551738568,1.435683058692458,76.69870748733214,-100.7147481322345,0.7860097548928813,5.955700536002687,0.0615,H5 BTCリードラグ(横断),maker-only(理論上限),2,2.0,3.0,
"H5 BTCリードラグ(横断) {'lookback': 2, 'top_n': 3} hold=3",train,3240,-4.431434084409681,0.04693525715410426,4.478369341563785,-1.580049321508286,0.016714748457554468,-97.04840644857204,-176.9246053544294,0.48384773662551434,0.09700418871739176,0.9465,H5 BTCリードラグ(横断),taker,3,2.0,3.0,
"H5 BTCリードラグ(横断) {'lookback': 2, 'top_n': 3} hold=3",test,2111,-2.506488424427885,3.0030647099476084,5.509553134375492,-0.6943488604966478,0.8314029428379103,-54.89209649497069,-122.81780195423254,0.5842412758566239,5.140110488675192,0.77025,H5 BTCリードラグ(横断),taker,3,2.0,3.0,
"H5 BTCリードラグ(横断) {'lookback': 2, 'top_n': 3} hold=3",full,5399,-3.4811207631758023,1.4028392294154184,4.883959992591219,-1.1071739430754302,0.4457431581297881,-76.23654471355007,-259.25447816138785,0.5240476631474964,2.6769306077805766,0.948,H5 BTCリードラグ(横断),taker,3,2.0,3.0,
"H5 BTCリードラグ(横断) {'lookback': 2, 'top_n': 3} hold=3",train,3240,-2.5551352160969247,0.04693525715410426,2.602070473251029,-0.9109527577429191,0.016714748457554468,-55.957461232522654,-127.7504386877634,0.48384773662551434,0.09700418871739176,0.818,H5 BTCリードラグ(横断),half-maker,3,2.0,3.0,
"H5 BTCリードラグ(横断) {'lookback': 2, 'top_n': 3} hold=3",test,2111,-0.18989281413260656,3.0030647099476084,3.1929575240802146,-0.052604658821586436,0.8314029428379103,-4.1586526295040835,-111.14155195423263,0.5842412758566239,5.140110488675192,0.5415,H5 BTCリードラグ(横断),half-maker,3,2.0,3.0,
"H5 BTCリードラグ(横断) {'lookback': 2, 'top_n': 3} hold=3",full,5399,-1.4321765142408143,1.4028392294154184,2.8350157436562324,-0.455472788976378,0.4457431581297881,-31.364665661873836,-185.82906149472248,0.5240476631474964,2.6769306077805766,0.739,H5 BTCリードラグ(横断),half-maker,3,2.0,3.0,
"H5 BTCリードラグ(横断) {'lookback': 2, 'top_n': 3} hold=3",train,3240,-0.6788363477841669,0.04693525715410426,0.7257716049382715,-0.24185657227997098,0.016714748457554468,-14.866516016473255,-84.85980286530203,0.48384773662551434,0.09700418871739176,0.58675,H5 BTCリードラグ(横断),maker-only(理論上限),3,2.0,3.0,
"H5 BTCリードラグ(横断) {'lookback': 2, 'top_n': 3} hold=3",test,2111,2.126702796162671,3.0030647099476084,0.876361913784936,0.5889174395369953,0.8314029428379103,46.5747912359625,-99.46530195423264,0.5842412758566239,5.140110488675192,0.2925,H5 BTCリードラグ(横断),maker-only(理論上限),3,2.0,3.0,
"H5 BTCリードラグ(横断) {'lookback': 2, 'top_n': 3} hold=3",full,5399,0.6167677346941735,1.4028392294154184,0.7860714947212447,0.19604195338220906,0.4457431581297881,13.5072133898024,-118.68717567226064,0.5240476631474964,2.6769306077805766,0.38475,H5 BTCリードラグ(横断),maker-only(理論上限),3,2.0,3.0,
"H5 BTCリードラグ(横断) {'lookback': 2, 'top_n': 3} hold=6",train,3240,-0.6324300149664992,1.686139943881237,2.318569958847737,-0.22729464898944754,0.6065448327505683,-13.850217327766332,-93.81803686406947,0.24485596707818927,6.886252207783876,0.58625,H5 BTCリードラグ(横断),taker,6,2.0,3.0,
"H5 BTCリードラグ(横断) {'lookback': 2, 'top_n': 3} hold=6",test,2111,-1.0716909810612225,1.845804676604971,2.9174956576661932,-0.3038823965050381,0.5230787038344296,-23.470032485240775,-84.12461984033904,0.3012790146849834,6.126562377850776,0.59175,H5 BTCリードラグ(横断),taker,6,2.0,3.0,
"H5 BTCリードラグ(横断) {'lookback': 2, 'top_n': 3} hold=6",full,5399,-0.7064546545486559,1.8481233537244806,2.554578008273137,-0.22834461916553198,0.5973940867175803,-15.471356934615562,-103.69474329243715,0.26745693646971663,6.909984755372903,0.6315,H5 BTCリードラグ(横断),taker,6,2.0,3.0,
"H5 BTCリードラグ(横断) {'lookback': 2, 'top_n': 3} hold=6",train,3240,0.34321298914872705,1.686139943881237,1.3429269547325102,0.12343072641954013,0.6065448327505683,7.516364462357123,-80.35095353073609,0.24485596707818927,6.886252207783876,0.4175,H5 BTCリードラグ(横断),half-maker,6,2.0,3.0,
"H5 BTCリードラグ(横断) {'lookback': 2, 'top_n': 3} hold=6",test,2111,0.16109758675813662,1.845804676604971,1.684707089846834,0.04567751162172922,0.5230787038344296,3.5280371500031915,-79.69128650700576,0.3012790146849834,6.126562377850776,0.45525,H5 BTCリードラグ(横断),half-maker,6,2.0,3.0,
"H5 BTCリードラグ(横断) {'lookback': 2, 'top_n': 3} hold=6",full,5399,0.37024164723562547,1.8481233537244806,1.477881706488856,0.11970253970642267,0.5973940867175803,8.108292074460199,-84.30849329243723,0.26745693646971663,6.909984755372903,0.42225,H5 BTCリードラグ(横断),half-maker,6,2.0,3.0,
"H5 BTCリードラグ(横断) {'lookback': 2, 'top_n': 3} hold=6",train,3240,1.3188559932639523,1.686139943881237,0.3672839506172839,0.47443874554134696,0.6065448327505683,28.88294625248055,-67.20769383446648,0.24485596707818927,6.886252207783876,0.26675,H5 BTCリードラグ(横断),maker-only(理論上限),6,2.0,3.0,
"H5 BTCリードラグ(横断) {'lookback': 2, 'top_n': 3} hold=6",test,2111,1.393886154577495,1.845804676604971,0.4519185220274751,0.3950867826832708,0.5230787038344296,30.526106785247137,-75.2579531736724,0.3012790146849834,6.126562377850776,0.32975,H5 BTCリードラグ(横断),maker-only(理論上限),6,2.0,3.0,
"H5 BTCリードラグ(横断) {'lookback': 2, 'top_n': 3} hold=6",full,5399,1.4469379490199061,1.8481233537244806,0.4011854047045749,0.46777489337952627,0.5973940867175803,31.687941083535943,-75.25795317367249,0.26745693646971663,6.909984755372903,0.2275,H5 BTCリードラグ(横断),maker-only(理論上限),6,2.0,3.0,
"H5 BTCリードラグ(横断) {'lookback': 2, 'top_n': 3} hold=12",train,3240,-2.0397301869061955,-0.8503526148897349,1.1893775720164608,-0.7717583972212526,-0.321803196247761,-44.67009109324568,-90.13400438285466,0.12283950617283951,-6.9224685232229675,0.80725,H5 BTCリードラグ(横断),taker,12,2.0,3.0,
"H5 BTCリードラグ(横断) {'lookback': 2, 'top_n': 3} hold=12",test,2111,1.4676605343041738,3.003899283712038,1.5362387494078635,0.4428149991925754,0.9053305461973231,32.141765701261406,-84.01710104699607,0.15285015000789515,19.6525766154425,0.331,H5 BTCリードラグ(横断),taker,12,2.0,3.0,
"H5 BTCリードラグ(横断) {'lookback': 2, 'top_n': 3} hold=12",full,5399,-0.686343206963661,0.6400907005500764,1.326433907513737,-0.23498369360615673,0.21902997196698434,-15.030916232504177,-149.192900151552,0.13490152497376057,4.744873719363656,0.631,H5 BTCリードラグ(横断),taker,12,2.0,3.0,
"H5 BTCリードラグ(横断) {'lookback': 2, 'top_n': 3} hold=12",train,3240,-1.537171030527595,-0.8503526148897349,0.68681841563786,-0.5817506080226906,-0.321803196247761,-33.66404556855433,-85.51233771618803,0.12283950617283951,-6.9224685232229675,0.72575,H5 BTCリードラグ(横断),half-maker,12,2.0,3.0,
"H5 BTCリードラグ(横断) {'lookback': 2, 'top_n': 3} hold=12",test,2111,2.121142296502184,3.003899283712038,0.8827569872098531,0.6397667667780176,0.9053305461973231,46.45301629339783,-81.55918438032937,0.15285015000789515,19.6525766154425,0.27575,H5 BTCリードラグ(横断),half-maker,12,2.0,3.0,
"H5 BTCリードラグ(横断) {'lookback': 2, 'top_n': 3} hold=12",full,5399,-0.1243023969371127,0.6400907005500764,0.764393097487189,-0.0425540455680856,0.21902997196698434,-2.722222492922768,-133.65790773361047,0.13490152497376057,4.744873719363656,0.51425,H5 BTCリードラグ(横断),half-maker,12,2.0,3.0,
"H5 BTCリードラグ(横断) {'lookback': 2, 'top_n': 3} hold=12",train,3240,-1.0346118741489945,-0.8503526148897349,0.18425925925925926,-0.391558898991823,-0.321803196247761,-22.65800004386298,-80.89067104952133,0.12283950617283951,-6.9224685232229675,0.6495,H5 BTCリードラグ(横断),maker-only(理論上限),12,2.0,3.0,
"H5 BTCリードラグ(横断) {'lookback': 2, 'top_n': 3} hold=12",test,2111,2.7746240587001942,3.003899283712038,0.22927522501184272,0.8364195600949466,0.9053305461973231,60.764266885534255,-79.10126771366272,0.15285015000789515,19.6525766154425,0.21975,H5 BTCリードラグ(横断),maker-only(理論上限),12,2.0,3.0,
"H5 BTCリードラグ(横断) {'lookback': 2, 'top_n': 3} hold=12",full,5399,0.43773841308943545,0.6400907005500764,0.20235228746064085,0.149812016901249,0.21902997196698434,9.586471246658638,-127.0616577336106,0.13490152497376057,4.744873719363656,0.38575,H5 BTCリードラグ(横断),maker-only(理論上限),12,2.0,3.0,
"H5 BTCリードラグ(横断) {'lookback': 2, 'top_n': 5} hold=1",train,3240,-7.035480810516651,2.674673510471006,9.710154320987655,-3.194262232507767,1.214986632829339,-154.07702975031467,-261.11009698779003,1.0412345679012347,2.5687521264898208,0.9995,H5 BTCリードラグ(横断),taker,1,2.0,5.0,
"H5 BTCリードラグ(横断) {'lookback': 2, 'top_n': 5} hold=1",test,2111,-7.023485502138571,4.716685033152758,11.74017053529133,-2.596237936766549,1.744784599325467,-153.8143324968347,-151.9593499938083,1.247276172430128,3.7815883421896976,0.98975,H5 BTCリードラグ(横断),taker,1,2.0,5.0,
"H5 BTCリードラグ(横断) {'lookback': 2, 'top_n': 5} hold=1",full,5399,-6.836995567469367,3.6870737046180566,10.524069272087424,-2.8371804069984905,1.5308878232110412,-149.73020292757914,-370.3683848360144,1.1251713280237081,3.276899804311728,0.99975,H5 BTCリードラグ(横断),taker,1,2.0,5.0,
"H5 BTCリードラグ(横断) {'lookback': 2, 'top_n': 5} hold=1",train,3240,-2.9613295759487475,2.674673510471006,5.636003086419753,-1.345226896514261,1.214986632829339,-64.85311771327757,-149.61359698779012,1.0412345679012347,2.5687521264898208,0.94475,H5 BTCリードラグ(横断),half-maker,1,2.0,5.0,
"H5 BTCリードラグ(横断) {'lookback': 2, 'top_n': 5} hold=1",test,2111,-2.088857363815502,4.716685033152758,6.805542396968263,-0.7724357662299517,1.744784599325467,-45.7459762675595,-91.0531033735254,1.247276172430128,3.7815883421896976,0.76525,H5 BTCリードラグ(横断),half-maker,1,2.0,5.0,
"H5 BTCリードラグ(横断) {'lookback': 2, 'top_n': 5} hold=1",full,5399,-2.418839427443436,3.6870737046180566,6.1059131320614926,-1.004197490589178,1.5308878232110412,-52.97258346101125,-168.47657205734333,1.1251713280237081,3.276899804311728,0.93,H5 BTCリードラグ(横断),half-maker,1,2.0,5.0,
"H5 BTCリードラグ(横断) {'lookback': 2, 'top_n': 5} hold=1",train,3240,1.1128216586191544,2.674673510471006,1.5618518518518512,0.5055529568369285,1.214986632829339,24.370794323759483,-70.02487121765198,1.0412345679012347,2.5687521264898208,0.2835,H5 BTCリードラグ(横断),maker-only(理論上限),1,2.0,5.0,
"H5 BTCリードラグ(横断) {'lookback': 2, 'top_n': 5} hold=1",test,2111,2.845770774507569,4.716685033152758,1.8709142586451915,1.0526274076305866,1.744784599325467,62.322379961715754,-71.87835337352541,1.247276172430128,3.7815883421896976,0.14775,H5 BTCリードラグ(横断),maker-only(理論上限),1,2.0,5.0,
"H5 BTCリードラグ(横断) {'lookback': 2, 'top_n': 5} hold=1",full,5399,1.999316712582496,3.6870737046180566,1.6877569920355615,0.8301520367162901,1.5308878232110412,43.78503600555666,-71.8783533735254,1.1251713280237081,3.276899804311728,0.1015,H5 BTCリードラグ(横断),maker-only(理論上限),1,2.0,5.0,
"H5 BTCリードラグ(横断) {'lookback': 2, 'top_n': 5} hold=2",train,3240,-5.161489099439148,1.3023071968571478,6.463796296296295,-2.379568883872692,0.6020621722474047,-113.03661127771736,-213.15502645752355,0.695246913580247,1.8731578255425547,0.9925,H5 BTCリードラグ(横断),taker,2,2.0,5.0,
"H5 BTCリードラグ(横断) {'lookback': 2, 'top_n': 5} hold=2",test,2111,-3.728388669433897,4.198139042550944,7.926527711984841,-1.4458535367844556,1.6309095498093635,-81.65171186060235,-81.48503583662767,0.8425390810042633,4.982723219849908,0.9045,H5 BTCリードラグ(横断),taker,2,2.0,5.0,
"H5 BTCリードラグ(横断) {'lookback': 2, 'top_n': 5} hold=2",full,5399,-4.365780318979169,2.679070579335333,7.044850898314502,-1.8676227949307134,1.1484574664785285,-95.6105889856438,-239.34834049540495,0.7545841822559733,3.5503932395266236,0.99525,H5 BTCリードラグ(横断),taker,2,2.0,5.0,
"H5 BTCリードラグ(横断) {'lookback': 2, 'top_n': 5} hold=2",train,3240,-2.451026136476185,1.3023071968571478,3.753333333333334,-1.132134077487987,0.6020621722474047,-53.67747238882846,-140.91702645752352,0.695246913580247,1.8731578255425547,0.8895,H5 BTCリードラグ(横断),half-maker,2,2.0,5.0,
"H5 BTCリードラグ(横断) {'lookback': 2, 'top_n': 5} hold=2",test,2111,-0.3970291241946731,4.198139042550944,4.595168166745618,-0.15416812740182256,1.6309095498093635,-8.694937819863341,-45.495116566053845,0.8425390810042633,4.982723219849908,0.5515,H5 BTCリードラグ(横断),half-maker,2,2.0,5.0,
"H5 BTCリードラグ(横断) {'lookback': 2, 'top_n': 5} hold=2",full,5399,-1.4092930065138982,2.679070579335333,4.0883635858492315,-0.603804156419635,1.1484574664785285,-30.86351684265437,-140.91702645752352,0.7545841822559733,3.5503932395266236,0.807,H5 BTCリードラグ(横断),half-maker,2,2.0,5.0,
"H5 BTCリードラグ(横断) {'lookback': 2, 'top_n': 5} hold=2",train,3240,0.25943682648677857,1.3023071968571478,1.0428703703703701,0.11993511800567526,0.6020621722474047,5.681666500060452,-83.57763767344126,0.695246913580247,1.8731578255425547,0.45675,H5 BTCリードラグ(横断),maker-only(理論上限),2,2.0,5.0,
"H5 BTCリードラグ(横断) {'lookback': 2, 'top_n': 5} hold=2",test,2111,2.934330421044549,4.198139042550944,1.263808621506395,1.1399969730993207,1.6309095498093635,64.26183622087562,-35.577975246548995,0.8425390810042633,4.982723219849908,0.1315,H5 BTCリードラグ(横断),maker-only(理論上限),2,2.0,5.0,
"H5 BTCリードラグ(横断) {'lookback': 2, 'top_n': 5} hold=2",full,5399,1.547194305951373,2.679070579335333,1.1318762733839598,0.6632802453224473,1.1484574664785285,33.883555300335075,-83.57763767344126,0.7545841822559733,3.5503932395266236,0.15825,H5 BTCリードラグ(横断),maker-only(理論上限),2,2.0,5.0,
"H5 BTCリードラグ(横断) {'lookback': 2, 'top_n': 5} hold=3",train,3240,-3.75754244674514,0.5929822446128846,4.350524691358025,-1.8138446133492236,0.28579065716557706,-82.29017958371857,-139.15887800097047,0.4660493827160494,1.2723592533415538,0.97225,H5 BTCリードラグ(横断),taker,3,2.0,5.0,
"H5 BTCリードラグ(横断) {'lookback': 2, 'top_n': 5} hold=3",test,2111,-2.7651837353122546,2.57628950012119,5.341473235433445,-1.118096500588307,1.0408742733675278,-60.55752380333838,-77.27228282702674,0.5617243012790146,4.586394952568588,0.86125,H5 BTCリードラグ(横断),taker,3,2.0,5.0,
"H5 BTCリードラグ(横断) {'lookback': 2, 'top_n': 5} hold=3",full,5399,-3.207819961341884,1.5334932448074037,4.741313206149287,-1.4341652747428955,0.6846875879120649,-70.25125715338726,-191.7108857986092,0.504463789590665,3.0398480058434325,0.98025,H5 BTCリードラグ(横断),taker,3,2.0,5.0,
"H5 BTCリードラグ(横断) {'lookback': 2, 'top_n': 5} hold=3",train,3240,-1.931817138103164,0.5929822446128846,2.5247993827160493,-0.9325384063851334,0.28579065716557706,-42.30679532445929,-90.223519218887,0.4660493827160494,1.2723592533415538,0.8415,H5 BTCリードラグ(横断),half-maker,3,2.0,5.0,
"H5 BTCリードラグ(横断) {'lookback': 2, 'top_n': 5} hold=3",test,2111,-0.5157403435547937,2.57628950012119,3.092029843675983,-0.20858040142459608,1.0408742733675278,-11.294713523849982,-65.67528282702672,0.5617243012790146,4.586394952568588,0.5815,H5 BTCリードラグ(横断),half-maker,3,2.0,5.0,
"H5 BTCリードラグ(横断) {'lookback': 2, 'top_n': 5} hold=3",full,5399,-1.215511200460239,1.5334932448074037,2.749004445267642,-0.543466536207513,0.6846875879120649,-26.619695290079235,-119.96713579860902,0.504463789590665,3.0398480058434325,0.77575,H5 BTCリードラグ(横断),half-maker,3,2.0,5.0,
"H5 BTCリードラグ(横断) {'lookback': 2, 'top_n': 5} hold=3",train,3240,-0.10609182946118872,0.5929822446128846,0.6990740740740741,-0.05116423906632622,0.28579065716557706,-2.323411065200033,-63.91599340173333,0.4660493827160494,1.2723592533415538,0.52275,H5 BTCリードラグ(横断),maker-only(理論上限),3,2.0,5.0,
"H5 BTCリードラグ(横断) {'lookback': 2, 'top_n': 5} hold=3",test,2111,1.7337030482026679,2.57628950012119,0.8425864519185219,0.7007497451226589,1.0408742733675278,37.96809675563843,-54.09557231492917,0.5617243012790146,4.586394952568588,0.252,H5 BTCリードラグ(横断),maker-only(理論上限),3,2.0,5.0,
"H5 BTCリードラグ(横断) {'lookback': 2, 'top_n': 5} hold=3",full,5399,0.7767975604214056,1.5334932448074037,0.7566956843859973,0.34702626561940025,0.6846875879120649,17.011866573228783,-69.71389946935793,0.504463789590665,3.0398480058434325,0.3025,H5 BTCリードラグ(横断),maker-only(理論上限),3,2.0,5.0,
"H5 BTCリードラグ(横断) {'lookback': 2, 'top_n': 5} hold=6",train,3240,-1.2666504631572943,0.9975624998056686,2.2642129629629633,-0.6116418535504592,0.4824601383098914,-27.73964514314475,-87.78105091134324,0.23740740740740743,4.201901325234485,0.77275,H5 BTCリードラグ(横断),taker,6,2.0,5.0,
"H5 BTCリードラグ(横断) {'lookback': 2, 'top_n': 5} hold=6",test,2111,-2.718245597794807,0.09440243631225162,2.8126480341070583,-1.1020396979598672,0.03827105289120578,-59.52957859170627,-64.95331123020742,0.28943628612032213,0.32615964493480054,0.86475,H5 BTCリードラグ(横断),taker,6,2.0,5.0,
"H5 BTCリードラグ(横断) {'lookback': 2, 'top_n': 5} hold=6",full,5399,-1.6656850682849913,0.8143853151193428,2.4800703834043336,-0.7464120195350052,0.3651794694836149,-36.47850299544132,-92.78795815827769,0.25823300611224304,3.153684059912015,0.88525,H5 BTCリードラグ(横断),taker,6,2.0,5.0,
"H5 BTCリードラグ(横断) {'lookback': 2, 'top_n': 5} hold=6",train,3240,-0.31259953723136863,0.9975624998056686,1.3101620370370368,-0.15111726411923812,0.4824601383098914,-6.845929865366973,-75.1288009113434,0.23740740740740743,4.201901325234485,0.58075,H5 BTCリードラグ(横断),half-maker,6,2.0,5.0,
"H5 BTCリードラグ(横断) {'lookback': 2, 'top_n': 5} hold=6",test,2111,-1.5289987953315192,0.09440243631225162,1.6234012316437707,-0.6201099777507886,0.03827105289120578,-33.48507361776027,-55.52789965369509,0.28943628612032213,0.32615964493480054,0.7165,H5 BTCリードラグ(横断),half-maker,6,2.0,5.0,
"H5 BTCリードラグ(横断) {'lookback': 2, 'top_n': 5} hold=6",full,5399,-0.6193246311670061,0.8143853151193428,1.4337099462863494,-0.27772132204689925,0.3651794694836149,-13.563209422557431,-75.1288009113434,0.25823300611224304,3.153684059912015,0.66425,H5 BTCリードラグ(横断),half-maker,6,2.0,5.0,
"H5 BTCリードラグ(横断) {'lookback': 2, 'top_n': 5} hold=6",train,3240,0.6414513886945566,0.9975624998056686,0.3561111111111111,0.3102433369164131,0.4824601383098914,14.047785412410791,-62.47655091134331,0.23740740740740743,4.201901325234485,0.35175,H5 BTCリードラグ(横断),maker-only(理論上限),6,2.0,5.0,
"H5 BTCリードラグ(横断) {'lookback': 2, 'top_n': 5} hold=6",test,2111,-0.3397519928682316,0.09440243631225162,0.4341544291804831,-0.13776512456726522,0.03827105289120578,-7.440568643814272,-50.8465580925165,0.28943628612032213,0.32615964493480054,0.53175,H5 BTCリードラグ(横断),maker-only(理論上限),6,2.0,5.0,
"H5 BTCリードラグ(横断) {'lookback': 2, 'top_n': 5} hold=6",full,5399,0.4270358059509787,0.8143853151193428,0.38734950916836447,0.1915154480233107,0.3651794694836149,9.352084150326432,-62.47655091134331,0.25823300611224304,3.153684059912015,0.3665,H5 BTCリードラグ(横断),maker-only(理論上限),6,2.0,5.0,
"H5 BTCリードラグ(横断) {'lookback': 2, 'top_n': 5} hold=12",train,3240,-1.32609982431244,-0.1653282193741686,1.1607716049382717,-0.6611040268762507,-0.08244743502085951,-29.041586152442434,-74.79538314668423,0.11950617283950617,-1.3834282819532702,0.77475,H5 BTCリードラグ(横断),taker,12,2.0,5.0,
"H5 BTCリードラグ(横断) {'lookback': 2, 'top_n': 5} hold=12",test,2111,0.9710356929540419,2.4413104442567413,1.4702747513027001,0.41924787007794845,1.0527104019332552,21.265681675693518,-49.65565699296296,0.1468498342018001,16.62453660589026,0.33925,H5 BTCリードラグ(横断),taker,12,2.0,5.0,
"H5 BTCリードラグ(横断) {'lookback': 2, 'top_n': 5} hold=12",full,5399,-0.3935454942816789,0.8896458374464185,1.2831913317280979,-0.1848792597823727,0.4177120618151453,-8.618646324768768,-89.54443088514644,0.13054269309131322,6.8149799608019475,0.6035,H5 BTCリードラグ(横断),taker,12,2.0,5.0,
"H5 BTCリードラグ(横断) {'lookback': 2, 'top_n': 5} hold=12",train,3240,-0.8353436514729338,-0.1653282193741686,0.6700154320987654,-0.4166145036709706,-0.08244743502085951,-18.294025967257248,-70.23588314668419,0.11950617283950617,-1.3834282819532702,0.66975,H5 BTCリードラグ(横断),half-maker,12,2.0,5.0,
"H5 BTCリードラグ(横断) {'lookback': 2, 'top_n': 5} hold=12",test,2111,1.5960356929540411,2.4413104442567413,0.8452747513027004,0.6888953674974587,1.0527104019332552,34.9531816756935,-47.08790699296294,0.1468498342018001,16.62453660589026,0.251,H5 BTCリードラグ(横断),half-maker,12,2.0,5.0,
"H5 BTCリードラグ(横断) {'lookback': 2, 'top_n': 5} hold=12",full,5399,0.15014315176388485,0.8896458374464185,0.739502685682534,0.07053656008326971,0.4177120618151453,3.2881350236290783,-75.16174539595177,0.13054269309131322,6.8149799608019475,0.43475,H5 BTCリードラグ(横断),half-maker,12,2.0,5.0,
"H5 BTCリードラグ(横断) {'lookback': 2, 'top_n': 5} hold=12",train,3240,-0.3445874786334279,-0.1653282193741686,0.17925925925925923,-0.17186112675948176,-0.08244743502085951,-7.5464657820720715,-65.6763831466842,0.11950617283950617,-1.3834282819532702,0.53325,H5 BTCリードラグ(横断),maker-only(理論上限),12,2.0,5.0,
"H5 BTCリードラグ(横断) {'lookback': 2, 'top_n': 5} hold=12",test,2111,2.221035692954041,2.4413104442567413,0.2202747513027001,0.9580294216542127,1.0527104019332552,48.64068167569349,-44.57048436861416,0.1468498342018001,16.62453660589026,0.182,H5 BTCリードラグ(横断),maker-only(理論上限),12,2.0,5.0,
"H5 BTCリードラグ(横断) {'lookback': 2, 'top_n': 5} hold=12",full,5399,0.6938317978094484,0.8896458374464185,0.19581403963696978,0.3258464484366473,0.4177120618151453,15.194916372026917,-69.41307277160307,0.13054269309131322,6.8149799608019475,0.281,H5 BTCリードラグ(横断),maker-only(理論上限),12,2.0,5.0,
"H5 BTCリードラグ(横断) {'lookback': 3, 'top_n': 3} hold=1",train,3240,-3.693848962669502,5.0086716134621865,8.702520576131688,-1.2089121456319913,1.6402099956667795,-80.8952922824621,-177.42374869391784,0.940843621399177,5.323596291181241,0.91275,H5 BTCリードラグ(横断),taker,1,3.0,3.0,
"H5 BTCリードラグ(横断) {'lookback': 3, 'top_n': 3} hold=1",test,2111,0.6964660166402497,11.305971780101483,10.609505763461234,0.17431562553211422,2.8305569196391107,15.252605764421467,-82.72851943005199,1.125217116690352,10.047813539627098,0.44275,H5 BTCリードラグ(横断),taker,1,3.0,3.0,
"H5 BTCリードラグ(横断) {'lookback': 3, 'top_n': 3} hold=1",full,5399,-1.908090892675617,7.554757165606781,9.462848058282399,-0.5523551055753361,2.187625446960719,-41.78719054959601,-200.79633616689577,1.0156819164042723,7.438113294713577,0.797,H5 BTCリードラグ(横断),taker,1,3.0,3.0,
"H5 BTCリードラグ(横断) {'lookback': 3, 'top_n': 3} hold=1",train,3240,-0.04822139065304134,5.0086716134621865,5.056893004115226,-0.01578816280186592,1.6402099956667795,-1.0560484553016054,-86.28934617374216,0.940843621399177,5.323596291181241,0.51625,H5 BTCリードラグ(横断),half-maker,1,3.0,3.0,
"H5 BTCリードラグ(横断) {'lookback': 3, 'top_n': 3} hold=1",test,2111,5.157306060853101,11.305971780101483,6.148665719248381,1.2910226904788773,2.8305569196391107,112.94500273268294,-65.51822506964137,1.125217116690352,10.047813539627098,0.0965,H5 BTCリードラグ(横断),half-maker,1,3.0,3.0,
"H5 BTCリードラグ(横断) {'lookback': 3, 'top_n': 3} hold=1",full,5399,2.061571699162378,7.554757165606781,5.493185466444403,0.5969224467041627,2.187625446960719,45.148420211656074,-86.28934617374216,1.0156819164042723,7.438113294713577,0.1635,H5 BTCリードラグ(横断),half-maker,1,3.0,3.0,
"H5 BTCリードラグ(横断) {'lookback': 3, 'top_n': 3} hold=1",train,3240,3.597406181363418,5.0086716134621865,1.4112654320987656,1.1780278714234071,1.6402099956667795,78.78319537185885,-69.0134905752409,0.940843621399177,5.323596291181241,0.09225,H5 BTCリードラグ(横断),maker-only(理論上限),1,3.0,3.0,
"H5 BTCリードラグ(横断) {'lookback': 3, 'top_n': 3} hold=1",test,2111,9.618146105065954,11.305971780101483,1.6878256750355285,2.407941353978934,2.8305569196391107,210.6373997009444,-52.111427776671825,1.125217116690352,10.047813539627098,0.00975,H5 BTCリードラグ(横断),maker-only(理論上限),1,3.0,3.0,
"H5 BTCリードラグ(横断) {'lookback': 3, 'top_n': 3} hold=1",full,5399,6.031234291000371,7.554757165606781,1.5235228746064087,1.7464608706519442,2.187625446960719,132.08403097290812,-69.0134905752409,1.0156819164042723,7.438113294713577,0.00225,H5 BTCリードラグ(横断),maker-only(理論上限),1,3.0,3.0,
"H5 BTCリードラグ(横断) {'lookback': 3, 'top_n': 3} hold=2",train,3240,-4.602229737580914,1.2269112089211425,5.829140946502057,-1.5456377948984714,0.41267934660227473,-100.78883125302202,-206.1475147990321,0.6294238683127571,1.9492606980571274,0.9475,H5 BTCリードラグ(横断),taker,2,3.0,3.0,
"H5 BTCリードラグ(横断) {'lookback': 3, 'top_n': 3} hold=2",test,2111,-5.110192951004248,1.9224140283104514,7.0326069793147,-1.301419605141628,0.48919943728460447,-111.91322562699304,-119.21673221233178,0.7462498026211906,2.5760998817795366,0.88825,H5 BTCリードラグ(横断),taker,2,3.0,3.0,
"H5 BTCリードラグ(横断) {'lookback': 3, 'top_n': 3} hold=2",full,5399,-4.584601493039022,1.7226467628108257,6.307248255849848,-1.3566716011624402,0.5098866827545597,-100.40277269755458,-252.02909754885727,0.6766067790331542,2.54600872499744,0.971,H5 BTCリードラグ(横断),taker,2,3.0,3.0,
"H5 BTCリードラグ(横断) {'lookback': 3, 'top_n': 3} hold=2",train,3240,-2.1597271655644534,1.2269112089211425,3.3866383744855963,-0.7260485586799618,0.41267934660227473,-47.298024925861526,-145.6909335576037,0.6294238683127571,1.9492606980571274,0.77825,H5 BTCリードラグ(横断),half-maker,2,3.0,3.0,
"H5 BTCリードラグ(横断) {'lookback': 3, 'top_n': 3} hold=2",test,2111,-2.153576813312792,1.9224140283104514,4.075990841623243,-0.5483893028014977,0.48919943728460447,-47.16333221155014,-95.00638890402175,0.7462498026211906,2.5760998817795366,0.71275,H5 BTCリードラグ(横断),half-maker,2,3.0,3.0,
"H5 BTCリードラグ(横断) {'lookback': 3, 'top_n': 3} hold=2",full,5399,-1.9384324493889633,1.7226467628108257,3.66107921219979,-0.5738358698376914,0.5098866827545597,-42.4516706416183,-145.6909335576037,0.6766067790331542,2.54600872499744,0.8085,H5 BTCリードラグ(横断),half-maker,2,3.0,3.0,
"H5 BTCリードラグ(横断) {'lookback': 3, 'top_n': 3} hold=2",train,3240,0.2827754064520071,1.2269112089211425,0.9441358024691356,0.09510954544370209,0.41267934660227473,6.192781401298956,-101.99650817997887,0.6294238683127571,1.9492606980571274,0.448,H5 BTCリードラグ(横断),maker-only(理論上限),2,3.0,3.0,
"H5 BTCリードラグ(横断) {'lookback': 3, 'top_n': 3} hold=2",test,2111,0.8030393243786659,1.9224140283104514,1.1193747039317858,0.20440308628989448,0.48919943728460447,17.586561203892785,-85.25055557068843,0.7462498026211906,2.5760998817795366,0.43375,H5 BTCリードラグ(横断),maker-only(理論上限),2,3.0,3.0,
"H5 BTCリードラグ(横断) {'lookback': 3, 'top_n': 3} hold=2",full,5399,0.7077365942610943,1.7226467628108257,1.0149101685497313,0.20950996010037837,0.5098866827545597,15.499431414317966,-101.99650817997887,0.6766067790331542,2.54600872499744,0.37175,H5 BTCリードラグ(横断),maker-only(理論上限),2,3.0,3.0,
"H5 BTCリードラグ(横断) {'lookback': 3, 'top_n': 3} hold=3",train,3240,-4.005704094548929,0.4331847943399589,4.438888888888888,-1.3789026195185694,0.1489337136616092,-87.72491967062156,-171.24967722689007,0.48292181069958845,0.8970081382582873,0.92175,H5 BTCリードラグ(横断),taker,3,3.0,3.0,
"H5 BTCリードラグ(横断) {'lookback': 3, 'top_n': 3} hold=3",test,2111,-0.8604429260360251,4.652505123861336,5.512948049897363,-0.24222634392436398,1.3079574677482297,-18.84370008018895,-85.33205106025771,0.5826622453813358,7.984909200383156,0.58875,H5 BTCリードラグ(横断),taker,3,3.0,3.0,
"H5 BTCリードラグ(横断) {'lookback': 3, 'top_n': 3} hold=3",full,5399,-2.748892739260504,2.1155420326108287,4.864434771871333,-0.867006287914271,0.6663136031954723,-60.200750989805044,-209.40314021246218,0.5231833055504106,4.043596212201746,0.88875,H5 BTCリードラグ(横断),taker,3,3.0,3.0,
"H5 BTCリードラグ(横断) {'lookback': 3, 'top_n': 3} hold=3",train,3240,-2.148451008129177,0.4331847943399589,2.5816358024691355,-0.7394639416975584,0.1489337136616092,-47.05107707802898,-121.3175938935566,0.48292181069958845,0.8970081382582873,0.7855,H5 BTCリードラグ(横断),half-maker,3,3.0,3.0,
"H5 BTCリードラグ(横断) {'lookback': 3, 'top_n': 3} hold=3",test,2111,1.4590344148766534,4.652505123861336,3.1934707089846834,0.41061395319163496,1.3079574677482297,31.95285368579871,-76.16455106025774,0.5826622453813358,7.984909200383156,0.34225,H5 BTCリードラグ(横断),half-maker,3,3.0,3.0,
"H5 BTCリードラグ(横断) {'lookback': 3, 'top_n': 3} hold=3",full,5399,-0.7090628324876455,2.1155420326108287,2.824604865098475,-0.22358109821434638,0.6663136031954723,-15.528476031479435,-137.74939021246226,0.5231833055504106,4.043596212201746,0.62075,H5 BTCリードラグ(横断),half-maker,3,3.0,3.0,
"H5 BTCリードラグ(横断) {'lookback': 3, 'top_n': 3} hold=3",train,3240,-0.29119792170942455,0.4331847943399589,0.7243827160493826,-0.10015976157148132,0.1489337136616092,-6.377234485436397,-99.31867630629519,0.48292181069958845,0.8970081382582873,0.533,H5 BTCリードラグ(横断),maker-only(理論上限),3,3.0,3.0,
"H5 BTCリードラグ(横断) {'lookback': 3, 'top_n': 3} hold=3",test,2111,3.7785117557893333,4.652505123861336,0.8739933680720038,1.0626262222283167,1.3079574677482297,82.74940745178641,-66.9970510602577,0.5826622453813358,7.984909200383156,0.154,H5 BTCリードラグ(横断),maker-only(理論上限),3,3.0,3.0,
"H5 BTCリードラグ(横断) {'lookback': 3, 'top_n': 3} hold=3",full,5399,1.3307670742852131,2.1155420326108287,0.7847749583256157,0.4193110970098196,0.6663136031954723,29.14379892684617,-99.31867630629519,0.5231833055504106,4.043596212201746,0.25675,H5 BTCリードラグ(横断),maker-only(理論上限),3,3.0,3.0,
"H5 BTCリードラグ(横断) {'lookback': 3, 'top_n': 3} hold=6",train,3240,-2.584814218751887,-0.2854572228671136,2.2993569958847737,-0.8833563786925696,-0.09761399840238168,-56.60743139066633,-127.70997769283913,0.24506172839506174,-1.1648380378960301,0.82675,H5 BTCリードラグ(横断),taker,6,3.0,3.0,
"H5 BTCリードラグ(横断) {'lookback': 3, 'top_n': 3} hold=6",test,2111,2.03343639207913,4.960169378025758,2.9267329859466287,0.5891473824171171,1.4358499885127944,44.53225698653295,-53.35780653333963,0.29969998420969524,16.550449247121776,0.26475,H5 BTCリードラグ(横断),taker,6,3.0,3.0,
"H5 BTCリードラグ(横断) {'lookback': 3, 'top_n': 3} hold=6",full,5399,-0.8596544709581788,1.6860484369877367,2.5457029079459157,-0.2740098901435569,0.5373111336215319,-18.826432913984117,-127.70997769283913,0.26690127801444713,6.317123880150445,0.67775,H5 BTCリードラグ(横断),taker,6,3.0,3.0,
"H5 BTCリードラグ(横断) {'lookback': 3, 'top_n': 3} hold=6",train,3240,-1.6189320171057973,-0.2854572228671136,1.3334747942386833,-0.5535390361228327,-0.09761399840238168,-35.45461117461696,-102.4383110261726,0.24506172839506174,-1.1648380378960301,0.72125,H5 BTCリードラグ(横断),half-maker,6,3.0,3.0,
"H5 BTCリードラグ(横断) {'lookback': 3, 'top_n': 3} hold=6",test,2111,3.2720278968951737,4.960169378025758,1.688141481130586,0.9478451147067605,1.4358499885127944,71.65741094200429,-49.889889866672945,0.29969998420969524,16.550449247121776,0.16425,H5 BTCリードラグ(横断),half-maker,6,3.0,3.0,
"H5 BTCリードラグ(横断) {'lookback': 3, 'top_n': 3} hold=6",full,5399,0.21302102450394372,1.6860484369877367,1.473027412483793,0.0679084349355517,0.5373111336215319,4.665160436636367,-102.4383110261726,0.26690127801444713,6.317123880150445,0.4605,H5 BTCリードラグ(横断),half-maker,6,3.0,3.0,
"H5 BTCリードラグ(横断) {'lookback': 3, 'top_n': 3} hold=6",train,3240,-0.6530498154597066,-0.2854572228671136,0.36759259259259264,-0.22332538419684184,-0.09761399840238168,-14.301790958567576,-83.14982118589393,0.24506172839506174,-1.1648380378960301,0.58875,H5 BTCリードラグ(横断),maker-only(理論上限),6,3.0,3.0,
"H5 BTCリードラグ(横断) {'lookback': 3, 'top_n': 3} hold=6",test,2111,4.5106194017112164,4.960169378025758,0.4495499763145428,1.3060245649443745,1.4358499885127944,98.78256489747564,-46.42197320000629,0.29969998420969524,16.550449247121776,0.08225,H5 BTCリードラグ(横断),maker-only(理論上限),6,3.0,3.0,
"H5 BTCリードラグ(横断) {'lookback': 3, 'top_n': 3} hold=6",full,5399,1.2856965199660653,1.6860484369877367,0.4003519170216707,0.40978986884162644,0.5373111336215319,28.156753787256832,-83.14982118589393,0.26690127801444713,6.317123880150445,0.258,H5 BTCリードラグ(横断),maker-only(理論上限),6,3.0,3.0,
"H5 BTCリードラグ(横断) {'lookback': 3, 'top_n': 3} hold=12",train,3240,-2.276992152307213,-1.107419107039724,1.1695730452674897,-0.7969914538013042,-0.38772878655526605,-49.866128135527966,-101.79954459891228,0.12170781893004112,-9.0989972277482,0.82475,H5 BTCリードラグ(横断),taker,12,3.0,3.0,
"H5 BTCリードラグ(横断) {'lookback': 3, 'top_n': 3} hold=12",test,2111,3.999872145070249,5.52103115343911,1.5211590083688613,1.223068128392733,1.6861349764723657,87.59719997703846,-49.867110497910375,0.15000789515237642,36.80493715234725,0.13725,H5 BTCリードラグ(横断),taker,12,3.0,3.0,
"H5 BTCリードラグ(横断) {'lookback': 3, 'top_n': 3} hold=12",full,5399,0.033589760952135894,1.3420728133692499,1.308483052417114,0.011111369239253991,0.4437210035035316,0.735615764851776,-133.60405624810303,0.13311106995122554,10.08235313457409,0.47925,H5 BTCリードラグ(横断),taker,12,3.0,3.0,
"H5 BTCリードラグ(横断) {'lookback': 3, 'top_n': 3} hold=12",train,3240,-1.7834864938709998,-1.107419107039724,0.6760673868312757,-0.6244166359121317,-0.38772878655526605,-39.05835421577489,-97.79954459891222,0.12170781893004112,-9.0989972277482,0.75775,H5 BTCリードラグ(横断),half-maker,12,3.0,3.0,
"H5 BTCリードラグ(横断) {'lookback': 3, 'top_n': 3} hold=12",test,2111,4.647945727890397,5.52103115343911,0.8730854255487129,1.4206890706631259,1.6861349764723657,101.79001144079969,-48.314193831243735,0.15000789515237642,36.80493715234725,0.10425,H5 BTCリードラグ(横断),half-maker,12,3.0,3.0,
"H5 BTCリードラグ(横断) {'lookback': 3, 'top_n': 3} hold=12",full,5399,0.5879979846972738,1.3420728133692499,0.7540748286719762,0.1944914139514674,0.4437210035035316,12.877155864870296,-126.93863958143625,0.13311106995122554,10.08235313457409,0.36975,H5 BTCリードラグ(横断),half-maker,12,3.0,3.0,
"H5 BTCリードラグ(横断) {'lookback': 3, 'top_n': 3} hold=12",train,3240,-1.289980835434786,-1.107419107039724,0.1825617283950617,-0.45166539333034394,-0.38772878655526605,-28.250580296021816,-93.79954459891229,0.12170781893004112,-9.0989972277482,0.6845,H5 BTCリードラグ(横断),maker-only(理論上限),12,3.0,3.0,
"H5 BTCリードラグ(横断) {'lookback': 3, 'top_n': 3} hold=12",test,2111,5.2960193107105455,5.52103115343911,0.22501184272856464,1.6178239591192214,1.6861349764723657,115.98282290456095,-46.76127716457706,0.15000789515237642,36.80493715234725,0.07625,H5 BTCリードラグ(横断),maker-only(理論上限),12,3.0,3.0,
"H5 BTCリードラグ(横断) {'lookback': 3, 'top_n': 3} hold=12",full,5399,1.1424062084424114,1.3420728133692499,0.1996666049268383,0.37776558642961655,0.4437210035035316,25.01869596488881,-120.27322291476965,0.13311106995122554,10.08235313457409,0.27375,H5 BTCリードラグ(横断),maker-only(理論上限),12,3.0,3.0,
"H5 BTCリードラグ(横断) {'lookback': 3, 'top_n': 5} hold=1",train,3240,-4.643334709009252,3.5871128218549466,8.230447530864199,-2.1039452395836666,1.626856911001417,-101.68903012730262,-190.1905902188159,0.8806790123456789,4.073121729449088,0.99025,H5 BTCリードラグ(横断),taker,1,3.0,5.0,
"H5 BTCリードラグ(横断) {'lookback': 3, 'top_n': 5} hold=1",test,2111,-2.55131307887626,7.4140824682578,9.96539554713406,-0.9235507233028232,2.685222795358688,-55.8737564273901,-95.05766665630904,1.0504973945997158,7.057687630993966,0.8265,H5 BTCリードラグ(横断),taker,1,3.0,5.0,
"H5 BTCリードラグ(横断) {'lookback': 3, 'top_n': 5} hold=1",full,5399,-3.7631057148397726,5.162825013072804,8.925930727912577,-1.5438292518409664,2.119349493966189,-82.41201515499101,-243.6365699451446,0.9499166512317097,5.435029490617334,0.99025,H5 BTCリードラグ(横断),taker,1,3.0,5.0,
"H5 BTCリードラグ(横断) {'lookback': 3, 'top_n': 5} hold=1",train,3240,-1.1886202028364112,3.5871128218549466,4.775733024691359,-0.5389166586703064,1.626856911001417,-26.030782442117406,-97.79219238886738,0.8806790123456789,4.073121729449088,0.732,H5 BTCリードラグ(横断),half-maker,1,3.0,5.0,
"H5 BTCリードラグ(横断) {'lookback': 3, 'top_n': 5} hold=1",test,2111,1.6435116487409824,7.4140824682578,5.770570819516816,0.5951072097341683,2.685222795358688,35.99290510742751,-75.28666665630904,1.0504973945997158,7.057687630993966,0.2775,H5 BTCリードラグ(横断),half-maker,1,3.0,5.0,
"H5 BTCリードラグ(横断) {'lookback': 3, 'top_n': 5} hold=1",full,5399,-0.012577839307267233,5.162825013072804,5.175402852380071,-0.00516226220374414,2.119349493966189,-0.2754546808291524,-107.88017211519627,0.9499166512317097,5.435029490617334,0.503,H5 BTCリードラグ(横断),half-maker,1,3.0,5.0,
"H5 BTCリードラグ(横断) {'lookback': 3, 'top_n': 5} hold=1",train,3240,2.2660943033364283,3.5871128218549466,1.3210185185185181,1.0277192510138315,1.626856911001417,49.62746524306778,-48.173212489902376,0.8806790123456789,4.073121729449088,0.1195,H5 BTCリードラグ(横断),maker-only(理論上限),1,3.0,5.0,
"H5 BTCリードラグ(横断) {'lookback': 3, 'top_n': 5} hold=1",test,2111,5.838336376358227,7.4140824682578,1.575746091899573,2.114454929049454,2.685222795358688,127.85956664224516,-56.38491334972744,1.0504973945997158,7.057687630993966,0.019,H5 BTCリードラグ(横断),maker-only(理論上限),1,3.0,5.0,
"H5 BTCリードラグ(横断) {'lookback': 3, 'top_n': 5} hold=1",full,5399,3.7379500362252394,5.162825013072804,1.4248749768475637,1.5344329948627822,2.119349493966189,81.86110579333274,-56.384913349727505,0.9499166512317097,5.435029490617334,0.0085,H5 BTCリードラグ(横断),maker-only(理論上限),1,3.0,5.0,
"H5 BTCリードラグ(横断) {'lookback': 3, 'top_n': 5} hold=2",train,3240,-4.453551757625537,1.1150284892880433,5.56858024691358,-2.0389105452231093,0.5112532574216024,-97.53278349199925,-183.98776437602967,0.5958641975308643,1.8712795531406088,0.98275,H5 BTCリードラグ(横断),taker,2,3.0,5.0,
"H5 BTCリードラグ(横断) {'lookback': 3, 'top_n': 5} hold=2",test,2111,-4.684359763088908,2.071514230279165,6.755873993368072,-1.7322106930943564,0.7655700596697501,-102.58747881164709,-102.5165489605488,0.7126480341070583,2.906784458999812,0.95,H5 BTCリードラグ(横断),taker,2,3.0,5.0,
"H5 BTCリードラグ(横断) {'lookback': 3, 'top_n': 5} hold=2",full,5399,-4.37737073825668,1.662757063188032,6.040127801444713,-1.8240809257501915,0.6931339080233263,-95.86441916782128,-237.31406121207797,0.642859788849787,2.5865003411755745,0.99525,H5 BTCリードラグ(横断),taker,2,3.0,5.0,
"H5 BTCリードラグ(横断) {'lookback': 3, 'top_n': 5} hold=2",train,3240,-2.116159782316895,1.1150284892880433,3.231188271604939,-0.9699794563084486,0.5112532574216024,-46.34389923274,-121.79667887477545,0.5958641975308643,1.8712795531406088,0.8465,H5 BTCリードラグ(横断),half-maker,2,3.0,5.0,
"H5 BTCリードラグ(横断) {'lookback': 3, 'top_n': 5} hold=2",test,2111,-1.8409087919851652,2.071514230279165,3.91242302226433,-0.6808352739179746,0.7655700596697501,-40.315902544475115,-72.94682452092478,0.7126480341070583,2.906784458999812,0.74825,H5 BTCリードラグ(横断),half-maker,2,3.0,5.0,
"H5 BTCリードラグ(横断) {'lookback': 3, 'top_n': 5} hold=2",full,5399,-1.8394516791716644,1.662757063188032,3.502208742359696,-0.7669962751914744,0.6931339080233263,-40.28399177385945,-129.23078603164592,0.642859788849787,2.5865003411755745,0.87,H5 BTCリードラグ(横断),half-maker,2,3.0,5.0,
"H5 BTCリードラグ(横断) {'lookback': 3, 'top_n': 5} hold=2",train,3240,0.22123219299174676,1.1150284892880433,0.893796296296296,0.10144590760172188,0.5112532574216024,4.844985026519255,-74.84748426166126,0.5958641975308643,1.8712795531406088,0.443,H5 BTCリードラグ(横断),maker-only(理論上限),2,3.0,5.0,
"H5 BTCリードラグ(横断) {'lookback': 3, 'top_n': 5} hold=2",test,2111,1.0025421791185776,2.071514230279165,1.0689720511605874,0.37062329517537734,0.7655700596697501,21.955673722696847,-63.05732452092481,0.7126480341070583,2.906784458999812,0.3645,H5 BTCリードラグ(横断),maker-only(理論上限),2,3.0,5.0,
"H5 BTCリードラグ(横断) {'lookback': 3, 'top_n': 5} hold=2",full,5399,0.6984673799133514,1.662757063188032,0.9642896832746805,0.2912244856297431,0.6931339080233263,15.296435620102395,-74.84748426166126,0.642859788849787,2.5865003411755745,0.338,H5 BTCリードラグ(横断),maker-only(理論上限),2,3.0,5.0,
"H5 BTCリードラグ(横断) {'lookback': 3, 'top_n': 5} hold=3",train,3240,-3.773289424752894,0.594843291296488,4.368132716049383,-1.7652153570763194,0.27806565159779967,-82.63503840208838,-152.0236113153716,0.46888888888888886,1.2686231330967757,0.97225,H5 BTCリードラグ(横断),taker,3,3.0,5.0,
"H5 BTCリードラグ(横断) {'lookback': 3, 'top_n': 5} hold=3",test,2111,-2.4856374425905243,2.855338398243205,5.340975840833728,-0.9884279542087693,1.1343305110476356,-54.43545999273248,-75.77504290307758,0.5608716248223591,5.090894728624497,0.825,H5 BTCリードラグ(横断),taker,3,3.0,5.0,
"H5 BTCリードラグ(横断) {'lookback': 3, 'top_n': 5} hold=3",full,5399,-3.2496814816527912,1.5040784738945316,4.753759955547324,-1.4193791705703511,0.6563146451858602,-71.16802444819612,-199.1959887457913,0.5059455454713837,2.9728070290513164,0.97875,H5 BTCリードラグ(横断),taker,3,3.0,5.0,
"H5 BTCリードラグ(横断) {'lookback': 3, 'top_n': 5} hold=3",train,3240,-1.94088973339487,0.594843291296488,2.535733024691358,-0.9082725831743027,0.27806565159779967,-42.50548516134766,-103.73055260460634,0.46888888888888886,1.2686231330967757,0.84425,H5 BTCリードラグ(横断),half-maker,3,3.0,5.0,
"H5 BTCリードラグ(横断) {'lookback': 3, 'top_n': 5} hold=3",test,2111,-0.23580324079042872,2.855338398243205,3.0911416390336335,-0.09377773295983112,1.1343305110476356,-5.164090973310389,-65.75714949211752,0.5608716248223591,5.090894728624497,0.52675,H5 BTCリードラグ(横断),half-maker,3,3.0,5.0,
"H5 BTCリードラグ(横断) {'lookback': 3, 'top_n': 5} hold=3",full,5399,-1.2522606629826678,1.5040784738945316,2.7563391368771994,-0.5470545649651037,0.6563146451858602,-27.424508519320423,-128.1778541430792,0.5059455454713837,2.9728070290513164,0.784,H5 BTCリードラグ(横断),half-maker,3,3.0,5.0,
"H5 BTCリードラグ(横断) {'lookback': 3, 'top_n': 5} hold=3",train,3240,-0.10849004203684504,0.594843291296488,0.7033333333333333,-0.05073931904012048,0.27806565159779967,-2.3759319206069063,-77.0442848024284,0.46888888888888886,1.2686231330967757,0.523,H5 BTCリードラグ(横断),maker-only(理論上限),3,3.0,5.0,
"H5 BTCリードラグ(横断) {'lookback': 3, 'top_n': 5} hold=3",test,2111,2.0140309610096656,2.855338398243205,0.8413074372335385,0.8004402876849157,1.1343305110476356,44.10727804611168,-56.49964949211752,0.5608716248223591,5.090894728624497,0.216,H5 BTCリードラグ(横断),maker-only(理論上限),3,3.0,5.0,
"H5 BTCリードラグ(横断) {'lookback': 3, 'top_n': 5} hold=3",full,5399,0.7451601556874566,1.5040784738945316,0.7589183182070753,0.32530857361528315,0.6563146451858602,16.3190074095553,-78.91783634090139,0.5059455454713837,2.9728070290513164,0.30775,H5 BTCリードラグ(横断),maker-only(理論上限),3,3.0,5.0,
"H5 BTCリードラグ(横断) {'lookback': 3, 'top_n': 5} hold=6",train,3240,-0.9340021705708038,1.3019083232563566,2.23591049382716,-0.4335907629418153,0.6051380469375565,-20.4546475355006,-80.20060372897818,0.23512345679012348,5.537126499541343,0.687,H5 BTCリードラグ(横断),taker,6,3.0,5.0,
"H5 BTCリードラグ(横断) {'lookback': 3, 'top_n': 5} hold=6",test,2111,-0.057368066651641236,2.7592117533388847,2.816579819990526,-0.02339457281265943,1.1250107733655468,-1.256360659670943,-44.756033410615906,0.2883941260066319,9.567503303709568,0.49025,H5 BTCリードラグ(横断),taker,6,3.0,5.0,
"H5 BTCリードラグ(横断) {'lookback': 3, 'top_n': 5} hold=6",full,5399,-0.6758852418791002,1.7889693608251045,2.4648546027042046,-0.2973493810315806,0.7874151996980927,-14.801886797152294,-80.20060372897818,0.2564178551583627,6.976773749707265,0.67425,H5 BTCリードラグ(横断),taker,6,3.0,5.0,
"H5 BTCリードラグ(横断) {'lookback': 3, 'top_n': 5} hold=6",train,3240,0.007610483750183745,1.3019083232563566,1.2942978395061728,0.003536304602631474,0.6051380469375565,0.16666959412902402,-67.55339359863876,0.23512345679012348,5.537126499541343,0.49925,H5 BTCリードラグ(横断),half-maker,6,3.0,5.0,
"H5 BTCリードラグ(横断) {'lookback': 3, 'top_n': 5} hold=6",test,2111,1.134626248838648,2.7592117533388847,1.6245855045002369,0.462837828779925,1.1250107733655468,24.848314849566393,-41.142033410615895,0.2883941260066319,9.567503303709568,0.3055,H5 BTCリードラグ(横断),half-maker,6,3.0,5.0,
"H5 BTCリードラグ(横断) {'lookback': 3, 'top_n': 5} hold=6",full,5399,0.3642286681042303,1.7889693608251045,1.4247406927208743,0.16033431223228214,0.7874151996980927,7.976607831482643,-67.55339359863876,0.2564178551583627,6.976773749707265,0.398,H5 BTCリードラグ(横断),half-maker,6,3.0,5.0,
"H5 BTCリードラグ(横断) {'lookback': 3, 'top_n': 5} hold=6",train,3240,0.9492231380711722,1.3019083232563566,0.35268518518518516,0.44123037332609616,0.6051380469375565,20.78798672375867,-57.005621596302134,0.23512345679012348,5.537126499541343,0.30775,H5 BTCリードラグ(横断),maker-only(理論上限),6,3.0,5.0,
"H5 BTCリードラグ(横断) {'lookback': 3, 'top_n': 5} hold=6",test,2111,2.3266205643289366,2.7592117533388847,0.43259118900994786,0.948837026034052,1.1250107733655468,50.95299035880371,-37.528033410615905,0.2883941260066319,9.567503303709568,0.15975,H5 BTCリードラグ(横断),maker-only(理論上限),6,3.0,5.0,
"H5 BTCリードラグ(横断) {'lookback': 3, 'top_n': 5} hold=6",full,5399,1.4043425780875611,1.7889693608251045,0.3846267827375439,0.6182145777569206,0.7874151996980927,30.75510246011759,-57.005621596302134,0.2564178551583627,6.976773749707265,0.168,H5 BTCリードラグ(横断),maker-only(理論上限),6,3.0,5.0,
"H5 BTCリードラグ(横断) {'lookback': 3, 'top_n': 5} hold=12",train,3240,-0.43930403158166553,0.7161280671837658,1.155432098765432,-0.21242193596013825,0.34633477652132455,-9.620758291638476,-53.23388002018912,0.11895061728395061,6.020381260185265,0.58925,H5 BTCリードラグ(横断),taker,12,3.0,5.0,
"H5 BTCリードラグ(横断) {'lookback': 3, 'top_n': 5} hold=12",test,2111,2.1184575987494103,3.5965959218190457,1.4781383230696352,0.9422872686409126,1.5979653231728517,46.39422141261209,-48.3451877973063,0.14637612505921363,24.570919064595486,0.20475,H5 BTCリードラグ(横断),taker,12,3.0,5.0,
"H5 BTCリードラグ(横断) {'lookback': 3, 'top_n': 5} hold=12",full,5399,0.434899786263768,1.7181929887086655,1.2832932024448973,0.2033259712810055,0.8028810378396959,9.52430531917652,-90.93872837518269,0.12994999073902574,13.221955453303996,0.36825,H5 BTCリードラグ(横断),taker,12,3.0,5.0,
"H5 BTCリードラグ(横断) {'lookback': 3, 'top_n': 5} hold=12",train,3240,0.049199054838086856,0.7161280671837658,0.6669290123456789,0.023797491910773343,0.34633477652132455,1.0774593009541023,-47.94738002018909,0.11895061728395061,6.020381260185265,0.464,H5 BTCリードラグ(横断),half-maker,12,3.0,5.0,
"H5 BTCリードラグ(横断) {'lookback': 3, 'top_n': 5} hold=12",test,2111,2.7477446664898184,3.5965959218190457,0.8488512553292277,1.2219427201249462,1.5979653231728517,60.17560819612703,-46.22443779730631,0.14637612505921363,24.570919064595486,0.147,H5 BTCリードラグ(横断),half-maker,12,3.0,5.0,
"H5 BTCリードラグ(横断) {'lookback': 3, 'top_n': 5} hold=12",full,5399,0.9790838944319473,1.7181929887086655,0.7391090942767179,0.45776475798275257,0.8028810378396959,21.441937288059645,-83.8074783751827,0.12994999073902574,13.221955453303996,0.2335,H5 BTCリードラグ(横断),half-maker,12,3.0,5.0,
"H5 BTCリードラグ(横断) {'lookback': 3, 'top_n': 5} hold=12",train,3240,0.5377021412578398,0.7161280671837658,0.17842592592592593,0.26007710518324184,0.34633477652132455,11.775676893546692,-44.01061691080732,0.11895061728395061,6.020381260185265,0.3445,H5 BTCリードラグ(横断),maker-only(理論上限),12,3.0,5.0,
"H5 BTCリードラグ(横断) {'lookback': 3, 'top_n': 5} hold=12",test,2111,3.3770317342302247,3.5965959218190457,0.21956418758882043,1.5008753945952498,1.5979653231728517,73.95699497964192,-44.1036877973063,0.14637612505921363,24.570919064595486,0.10225,H5 BTCリードラグ(横断),maker-only(理論上限),12,3.0,5.0,
"H5 BTCリードラグ(横断) {'lookback': 3, 'top_n': 5} hold=12",full,5399,1.5232680026001262,1.7181929887086655,0.19492498610853862,0.7119564727308656,0.8028810378396959,33.35956925694277,-76.67622837518273,0.12994999073902574,13.221955453303996,0.1365,H5 BTCリードラグ(横断),maker-only(理論上限),12,3.0,5.0,
"H6 レンジ圧縮ブレイク(方向) {'channel': 6, 'hold': 3} hold=1",train,3240,-2.749747657380529,2.498877155857364,5.248624813237893,-0.778099371261547,0.7071840608524034,-60.21947369663357,-104.11649625111934,0.5439179717114764,4.5942169331056855,0.838,H6 レンジ圧縮ブレイク(方向),taker,3,,,6.0
"H6 レンジ圧縮ブレイク(方向) {'channel': 6, 'hold': 3} hold=1",test,2111,-6.104052098784146,0.8053622037605855,6.909414302544733,-1.751126266009616,0.23115057597522268,-133.67874096337277,-145.9617410738618,0.7192083298212573,1.1197898722345718,0.979,H6 レンジ圧縮ブレイク(方向),taker,3,,,6.0
"H6 レンジ圧縮ブレイク(方向) {'channel': 6, 'hold': 3} hold=1",full,5399,-4.078256202306505,1.8302932520828656,5.908549454389371,-1.1611798784048482,0.5212908242491475,-89.31381083051247,-227.4455559219689,0.6137833636045296,2.9819857634038986,0.98175,H6 レンジ圧縮ブレイク(方向),taker,3,,,6.0
"H6 レンジ圧縮ブレイク(方向) {'channel': 6, 'hold': 3} hold=1",train,3240,-0.5333737295451898,2.498877155857364,3.0322508854025543,-0.15095445955549092,0.7071840608524034,-11.680884677039657,-73.70512220533668,0.5439179717114764,4.5942169331056855,0.564,H6 レンジ圧縮ブレイク(方向),half-maker,3,,,6.0
"H6 レンジ圧縮ブレイク(方向) {'channel': 6, 'hold': 3} hold=1",test,2111,-3.188751194877722,0.8053622037605855,3.994113398638309,-0.9151051102710034,0.23115057597522268,-69.83365116782211,-96.61007989363813,0.7192083298212573,1.1197898722345718,0.8655,H6 レンジ圧縮ブレイク(方向),half-maker,3,,,6.0
"H6 レンジ圧縮ブレイク(方向) {'channel': 6, 'hold': 3} hold=1",full,5399,-1.5843189978152163,1.8302932520828656,3.414612249898083,-0.45121453738335493,0.5212908242491475,-34.696586052153236,-109.38189238577681,0.6137833636045296,2.9819857634038986,0.79825,H6 レンジ圧縮ブレイク(方向),half-maker,3,,,6.0
"H6 レンジ圧縮ブレイク(方向) {'channel': 6, 'hold': 3} hold=1",train,3240,1.6830001982901504,2.498877155857364,0.8158769575672145,0.4763078589347901,0.7071840608524034,36.85770434255429,-62.67045419458901,0.5439179717114764,4.5942169331056855,0.25975,H6 レンジ圧縮ブレイク(方向),maker-only(理論上限),3,,,6.0
"H6 レンジ圧縮ブレイク(方向) {'channel': 6, 'hold': 3} hold=1",test,2111,-0.2734502909713002,0.8053622037605855,1.0788124947318858,-0.07848807385418423,0.23115057597522268,-5.988561372271474,-71.79853537518184,0.7192083298212573,1.1197898722345718,0.5465,H6 レンジ圧縮ブレイク(方向),maker-only(理論上限),3,,,6.0
"H6 レンジ圧縮ブレイク(方向) {'channel': 6, 'hold': 3} hold=1",full,5399,0.9096182066760727,1.8302932520828656,0.9206750454067945,0.25907950436336896,0.5212908242491475,19.920638726205993,-71.79853537518174,0.6137833636045296,2.9819857634038986,0.35125,H6 レンジ圧縮ブレイク(方向),maker-only(理論上限),3,,,6.0
"H6 レンジ圧縮ブレイク(方向) {'channel': 6, 'hold': 3} hold=2",train,3240,0.0350970519525013,4.228265638470477,4.1931685865179755,0.00986102616320086,1.1891694829359758,0.7686254377597784,-70.1451523733997,0.435996350041528,9.697938154912858,0.487,H6 レンジ圧縮ブレイク(方向),taker,3,,,6.0
"H6 レンジ圧縮ブレイク(方向) {'channel': 6, 'hold': 3} hold=2",test,2111,-0.3618785039768331,5.216233342783547,5.57811184676038,-0.10298244104032106,1.484743946909661,-7.925139237092645,-98.48564195942701,0.5813051146827436,8.973314032563414,0.55725,H6 レンジ圧縮ブレイク(方向),taker,3,,,6.0
"H6 レンジ圧縮ブレイク(方向) {'channel': 6, 'hold': 3} hold=2",full,5399,-0.1861726325647559,4.562241674367133,4.748414306931889,-0.052624201286076935,1.2903934160083748,-4.077180653168154,-98.485641959427,0.4944063125653965,9.2277172811455,0.5665,H6 レンジ圧縮ブレイク(方向),taker,3,,,6.0
"H6 レンジ圧縮ブレイク(方向) {'channel': 6, 'hold': 3} hold=2",train,3240,1.804684082680343,4.228265638470477,2.4235815557901335,0.5073514840968284,1.1891694829359758,39.52258141069951,-44.868625100643285,0.435996350041528,9.697938154912858,0.2435,H6 レンジ圧縮ブレイク(方向),half-maker,3,,,6.0
"H6 レンジ圧縮ブレイク(方向) {'channel': 6, 'hold': 3} hold=2",test,2111,1.9911985833912993,5.216233342783547,3.2250347593922473,0.5668218196732967,1.484743946909661,43.60724897626945,-75.8911764574428,0.5813051146827436,8.973314032563414,0.27725,H6 レンジ圧縮ブレイク(方向),half-maker,3,,,6.0
"H6 レンジ圧縮ブレイク(方向) {'channel': 6, 'hold': 3} hold=2",full,5399,1.8172297864771414,4.562241674367133,2.745011887889992,0.5138991276578785,1.2903934160083748,39.797332323849396,-75.89117645744305,0.4944063125653965,9.2277172811455,0.2075,H6 レンジ圧縮ブレイク(方向),half-maker,3,,,6.0
"H6 レンジ圧縮ブレイク(方向) {'channel': 6, 'hold': 3} hold=2",train,3240,3.5742711134081846,4.228265638470477,0.6539945250622919,1.0051727576016813,1.1891694829359758,78.27653738363924,-36.995604858142414,0.435996350041528,9.697938154912858,0.08325,H6 レンジ圧縮ブレイク(方向),maker-only(理論上限),3,,,6.0
"H6 レンジ圧縮ブレイク(方向) {'channel': 6, 'hold': 3} hold=2",test,2111,4.344275670759432,5.216233342783547,0.8719576720241153,1.2366620549790217,1.484743946909661,95.13963718963156,-53.29671095545861,0.5813051146827436,8.973314032563414,0.0895,H6 レンジ圧縮ブレイク(方向),maker-only(理論上限),3,,,6.0
"H6 レンジ圧縮ブレイク(方向) {'channel': 6, 'hold': 3} hold=2",full,5399,3.8206322055190385,4.562241674367133,0.7416094688480949,1.080642021011417,1.2903934160083748,83.67184530086695,-53.29671095545878,0.4944063125653965,9.2277172811455,0.033,H6 レンジ圧縮ブレイク(方向),maker-only(理論上限),3,,,6.0
"H6 レンジ圧縮ブレイク(方向) {'channel': 6, 'hold': 3} hold=3",train,3240,0.5941399606407196,4.203526481227257,3.609386520586538,0.16822140459579607,1.1906194860373196,13.011665138031761,-88.1766229692,0.37669786388367166,11.158880589047754,0.4105,H6 レンジ圧縮ブレイク(方向),taker,3,,,6.0
"H6 レンジ圧縮ブレイク(方向) {'channel': 6, 'hold': 3} hold=3",test,2111,-5.581180618375549,-0.7921362016192453,4.789044416756303,-1.5632635490686255,-0.2220775288752172,-122.2278555424245,-143.85491456201007,0.49962338584921273,-1.585466621569058,0.97575,H6 レンジ圧縮ブレイク(方向),taker,3,,,6.0
"H6 レンジ圧縮ブレイク(方向) {'channel': 6, 'hold': 3} hold=3",full,5399,-1.8869115704703636,2.191540974147416,4.07845254461778,-0.5323142070398212,0.6186375216176832,-41.323363393300966,-143.85491456201015,0.4256945083801919,5.148154206842925,0.83225,H6 レンジ圧縮ブレイク(方向),taker,3,,,6.0
"H6 レンジ圧縮ブレイク(方向) {'channel': 6, 'hold': 3} hold=3",train,3240,2.116309823021235,4.203526481227257,2.0872166582060228,0.5994105791098602,1.1906194860373196,46.347185124165044,-80.3342177377451,0.37669786388367166,11.158880589047754,0.212,H6 レンジ圧縮ブレイク(方向),half-maker,3,,,6.0
"H6 レンジ圧縮ブレイク(方向) {'channel': 6, 'hold': 3} hold=3",test,2111,-3.5613759493843062,-0.7921362016192453,2.7692397477650608,-0.9981524980388045,-0.2220775288752172,-77.9941332915163,-109.53766521875056,0.49962338584921273,-1.585466621569058,0.88925,H6 レンジ圧縮ブレイク(方向),half-maker,3,,,6.0
"H6 レンジ圧縮ブレイク(方向) {'channel': 6, 'hold': 3} hold=3",full,5399,-0.16695617944661778,2.191540974147416,2.358497153594034,-0.04712213676184359,0.6186375216176832,-3.656340329880929,-109.5376652187507,0.4256945083801919,5.148154206842925,0.55125,H6 レンジ圧縮ブレイク(方向),half-maker,3,,,6.0
"H6 レンジ圧縮ブレイク(方向) {'channel': 6, 'hold': 3} hold=3",train,3240,3.63847968540175,4.203526481227257,0.5650467958255075,1.0306117184272563,1.1906194860373196,79.68270511029831,-72.49181250629016,0.37669786388367166,11.158880589047754,0.09375,H6 レンジ圧縮ブレイク(方向),maker-only(理論上限),3,,,6.0
"H6 レンジ圧縮ブレイク(方向) {'channel': 6, 'hold': 3} hold=3",test,2111,-1.5415712803930646,-0.7921362016192453,0.7494350787738191,-0.4321823638209302,-0.2220775288752172,-33.76041104060811,-82.31798336022949,0.49962338584921273,-1.585466621569058,0.72,H6 レンジ圧縮ブレイク(方向),maker-only(理論上限),3,,,6.0
"H6 レンジ圧縮ブレイク(方向) {'channel': 6, 'hold': 3} hold=3",full,5399,1.552999211577128,2.191540974147416,0.6385417625702879,0.43839507862943056,0.6186375216176832,34.010682733539106,-82.31798336022965,0.4256945083801919,5.148154206842925,0.23625,H6 レンジ圧縮ブレイク(方向),maker-only(理論上限),3,,,6.0
"H6 レンジ圧縮ブレイク(方向) {'channel': 6, 'hold': 3} hold=6",train,3240,3.5485337969519017,5.576336275856936,2.0278024789050346,0.986862734431577,1.549916540268475,77.71289015324665,-90.12571482306532,0.21050334860543285,26.490487266828293,0.1215,H6 レンジ圧縮ブレイク(方向),taker,3,,,6.0
"H6 レンジ圧縮ブレイク(方向) {'channel': 6, 'hold': 3} hold=6",test,2111,-3.9548458808307907,-1.2647321775441231,2.6901137032866678,-1.1736737667536923,-0.37484867157389495,-86.61112479019431,-99.91854358826953,0.27666693005027476,-4.571316771810427,0.917,H6 レンジ圧縮ブレイク(方向),taker,3,,,6.0
"H6 レンジ圧縮ブレイク(方向) {'channel': 6, 'hold': 3} hold=6",full,5399,0.6386091209164736,2.928956687775301,2.2903475668588276,0.18204635689500626,0.834252238652283,13.98553974807077,-99.91854358826937,0.23679665370160854,12.369079723002034,0.40025,H6 レンジ圧縮ブレイク(方向),taker,3,,,6.0
"H6 レンジ圧縮ブレイク(方向) {'channel': 6, 'hold': 3} hold=6",train,3240,4.404557524950344,5.576336275856936,1.171778750906592,1.2247856969011177,1.549916540268475,96.45980979641253,-84.66422704895483,0.21050334860543285,26.490487266828293,0.07675,H6 レンジ圧縮ブレイク(方向),half-maker,3,,,6.0
"H6 レンジ圧縮ブレイク(方向) {'channel': 6, 'hold': 3} hold=6",test,2111,-2.817289226725163,-1.2647321775441231,1.5525570491810399,-0.8357731390100854,-0.37484867157389495,-61.69863406528107,-81.11682098686013,0.27666693005027476,-4.571316771810427,0.85275,H6 レンジ圧縮ブレイク(方向),half-maker,3,,,6.0
"H6 レンジ圧縮ブレイク(方向) {'channel': 6, 'hold': 3} hold=6",full,5399,1.6061854140696807,2.928956687775301,1.3227712737056203,0.4577753382914196,0.834252238652283,35.17546056812601,-84.66422704895483,0.23679665370160854,12.369079723002034,0.2375,H6 レンジ圧縮ブレイク(方向),half-maker,3,,,6.0
"H6 レンジ圧縮ブレイク(方向) {'channel': 6, 'hold': 3} hold=6",train,3240,5.260581252948787,5.576336275856936,0.3157550229081492,1.4623783315174337,1.549916540268475,115.20672943957845,-79.20273927484436,0.21050334860543285,26.490487266828293,0.04025,H6 レンジ圧縮ブレイク(方向),maker-only(理論上限),3,,,6.0
"H6 レンジ圧縮ブレイク(方向) {'channel': 6, 'hold': 3} hold=6",test,2111,-1.6797325726195356,-1.2647321775441231,0.4150003950754121,-0.4979793383063029,-0.37484867157389495,-36.78614334036783,-62.44433253588735,0.27666693005027476,-4.571316771810427,0.744,H6 レンジ圧縮ブレイク(方向),maker-only(理論上限),3,,,6.0
"H6 レンジ圧縮ブレイク(方向) {'channel': 6, 'hold': 3} hold=6",full,5399,2.5737617072228876,2.928956687775301,0.3551949805524127,0.7332248033510206,0.834252238652283,56.365381388181234,-79.20273927484436,0.23679665370160854,12.369079723002034,0.121,H6 レンジ圧縮ブレイク(方向),maker-only(理論上限),3,,,6.0
"H6 レンジ圧縮ブレイク(方向) {'channel': 6, 'hold': 3} hold=12",train,3240,2.395932157840659,3.433715980858513,1.0377838230178542,0.6638003426170462,0.9510278018024536,52.47091425671042,-55.85935926854697,0.10729137234287488,32.00365421634522,0.1665,H6 レンジ圧縮ブレイク(方向),taker,3,,,6.0
"H6 レンジ圧縮ブレイク(方向) {'channel': 6, 'hold': 3} hold=12",test,2111,-0.9316401538628842,0.44011531174864044,1.3717554656115252,-0.29670333408761773,0.1401672106215426,-20.402919369597164,-83.41241520234702,0.14005003153902024,3.1425577482002716,0.61225,H6 レンジ圧縮ブレイク(方向),taker,3,,,6.0
"H6 レンジ圧縮ブレイク(方向) {'channel': 6, 'hold': 3} hold=12",full,5399,1.231329195061223,2.403350694817493,1.1720214997562695,0.359175588493143,0.7008955714775169,26.966109371840787,-83.412415202347,0.12053000414977087,19.93985407841755,0.248,H6 レンジ圧縮ブレイク(方向),taker,3,,,6.0
"H6 レンジ圧縮ブレイク(方向) {'channel': 6, 'hold': 3} hold=12",train,3240,2.8343555400924294,3.433715980858513,0.5993604407660833,0.785220091079434,0.9510278018024536,62.07238632802421,-54.248262966551074,0.10729137234287488,32.00365421634522,0.12825,H6 レンジ圧縮ブレイク(方向),half-maker,3,,,6.0
"H6 レンジ圧縮ブレイク(方向) {'channel': 6, 'hold': 3} hold=12",test,2111,-0.3507999447113873,0.44011531174864044,0.7909152564600279,-0.11173563624336236,0.1401672106215426,-7.682518789179382,-77.43442214064947,0.14005003153902024,3.1425577482002716,0.53525,H6 レンジ圧縮ブレイク(方向),half-maker,3,,,6.0
"H6 レンジ圧縮ブレイク(方向) {'channel': 6, 'hold': 3} hold=12",full,5399,1.7269424418270298,2.403350694817493,0.6764082529904629,0.5037429867918264,0.7008955714775169,37.82003947601195,-77.43442214064919,0.12053000414977087,19.93985407841755,0.1745,H6 レンジ圧縮ブレイク(方向),half-maker,3,,,6.0
"H6 レンジ圧縮ブレイク(方向) {'channel': 6, 'hold': 3} hold=12",train,3240,3.2727789223442,3.433715980858513,0.16093705851431228,0.9065287612431436,0.9510278018024536,71.67385839933797,-53.17568629252272,0.10729137234287488,32.00365421634522,0.10075,H6 レンジ圧縮ブレイク(方向),maker-only(理論上限),3,,,6.0
"H6 レンジ圧縮ブレイク(方向) {'channel': 6, 'hold': 3} hold=12",test,2111,0.23004026444011072,0.44011531174864044,0.21007504730853033,0.07326775111775553,0.1401672106215426,5.0378817912384255,-71.4564290789519,0.14005003153902024,3.1425577482002716,0.4595,H6 レンジ圧縮ブレイク(方向),maker-only(理論上限),3,,,6.0
"H6 レンジ圧縮ブレイク(方向) {'channel': 6, 'hold': 3} hold=12",full,5399,2.2225556885928364,2.403350694817493,0.1807950062246563,0.6482226861885297,0.7008955714775169,48.67396958018311,-71.45642907895191,0.12053000414977087,19.93985407841755,0.11775,H6 レンジ圧縮ブレイク(方向),maker-only(理論上限),3,,,6.0
"H6 レンジ圧縮ブレイク(方向) {'channel': 6, 'hold': 6} hold=1",train,3240,-1.6062364139924463,1.8167149538412812,3.4229513678337273,-0.4729326942584442,0.5347518592973843,-35.17657746643457,-110.19946370404689,0.34792373136364946,5.221589647595648,0.731,H6 レンジ圧縮ブレイク(方向),taker,6,,,6.0
"H6 レンジ圧縮ブレイク(方向) {'channel': 6, 'hold': 6} hold=1",test,2111,-3.760073809029438,0.4088173157258422,4.16889112475528,-1.1995758929372817,0.1304174300707587,-82.34561641774468,-109.00291502689743,0.42437523038990826,0.9633392489713131,0.92525,H6 レンジ圧縮ブレイク(方向),taker,6,,,6.0
"H6 レンジ圧縮ブレイク(方向) {'channel': 6, 'hold': 6} hold=1",full,5399,-2.3636265436419555,1.3506161785807413,3.7142427222226964,-0.7177450315634462,0.41004511988378295,-51.76342130575882,-138.2784531217351,0.37784471675803183,3.574527097187555,0.89975,H6 レンジ圧縮ブレイク(方向),taker,6,,,6.0
"H6 レンジ圧縮ブレイク(方向) {'channel': 6, 'hold': 6} hold=1",train,3240,-0.15570352859831946,1.8167149538412812,1.9724184824396003,-0.0458421866295523,0.5347518592973843,-3.409907276303196,-96.22750409160086,0.34792373136364946,5.221589647595648,0.51575,H6 レンジ圧縮ブレイク(方向),half-maker,6,,,6.0
"H6 レンジ圧縮ブレイク(方向) {'channel': 6, 'hold': 6} hold=1",test,2111,-1.9939096694442289,0.4088173157258422,2.4027269851700717,-0.6361636309310099,0.1304174300707587,-43.66662176082861,-79.97189685098056,0.42437523038990826,0.9633392489713131,0.77825,H6 レンジ圧縮ブレイク(方向),half-maker,6,,,6.0
"H6 レンジ圧縮ブレイク(方向) {'channel': 6, 'hold': 6} hold=1",full,5399,-0.7898887200991306,1.3506161785807413,2.140504898679872,-0.23985730629610966,0.41004511988378295,-17.298562970170963,-96.22750409160086,0.37784471675803183,3.574527097187555,0.6895,H6 レンジ圧縮ブレイク(方向),half-maker,6,,,6.0
"H6 レンジ圧縮ブレイク(方向) {'channel': 6, 'hold': 6} hold=1",train,3240,1.2948293567958062,1.8167149538412812,0.5218855970454742,0.3811571349200152,0.5347518592973843,28.35676291382816,-85.31053765250509,0.34792373136364946,5.221589647595648,0.30725,H6 レンジ圧縮ブレイク(方向),maker-only(理論上限),6,,,6.0
"H6 レンジ圧縮ブレイク(方向) {'channel': 6, 'hold': 6} hold=1",test,2111,-0.22774552985901975,0.4088173157258422,0.6365628455848624,-0.07265902496497717,0.1304174300707587,-4.987627103912533,-60.496147912666146,0.42437523038990826,0.9633392489713131,0.55275,H6 レンジ圧縮ブレイク(方向),maker-only(理論上限),6,,,6.0
"H6 レンジ圧縮ブレイク(方向) {'channel': 6, 'hold': 6} hold=1",full,5399,0.7838491034436937,1.3506161785807413,0.5667670751370476,0.23799149935365885,0.41004511988378295,17.166295365416893,-85.31053765250509,0.37784471675803183,3.574527097187555,0.36325,H6 レンジ圧縮ブレイク(方向),maker-only(理論上限),6,,,6.0
"H6 レンジ圧縮ブレイク(方向) {'channel': 6, 'hold': 6} hold=2",train,3240,-1.4556015456041886,1.4162666166852211,2.8718681622894096,-0.435422793304564,0.42410183663420553,-31.87767384873173,-109.94397955304515,0.29299740515095096,4.833717267753846,0.70575,H6 レンジ圧縮ブレイク(方向),taker,6,,,6.0
"H6 レンジ圧縮ブレイク(方向) {'channel': 6, 'hold': 6} hold=2",test,2111,-0.4323518533330414,3.1244668059550027,3.5568186592880444,-0.1343459883132205,0.9706782730621725,-9.468505587993606,-90.75563345465235,0.363120382710923,8.604493040651931,0.57925,H6 レンジ圧縮ブレイク(方向),taker,6,,,6.0
"H6 レンジ圧縮ブレイク(方向) {'channel': 6, 'hold': 6} hold=2",full,5399,-1.0336334327772303,2.1056122982875136,3.139245731064744,-0.314097413496201,0.640193170119421,-22.636572177821343,-109.94397955304515,0.3204192832985593,6.571428150675791,0.7205,H6 レンジ圧縮ブレイク(方向),taker,6,,,6.0
"H6 レンジ圧縮ブレイク(方向) {'channel': 6, 'hold': 6} hold=2",train,3240,-0.23941551832269703,1.4162666166852211,1.6556821350079183,-0.07165691257748848,0.42410183663420553,-5.243199851267065,-91.58844788489569,0.29299740515095096,4.833717267753846,0.53775,H6 レンジ圧縮ブレイク(方向),half-maker,6,,,6.0
"H6 レンジ圧縮ブレイク(方向) {'channel': 6, 'hold': 6} hold=2",test,2111,1.0737171892777886,3.1244668059550027,2.0507496166772143,0.3336555808486496,0.9706782730621725,23.51440644518357,-74.95174729078455,0.363120382710923,8.604493040651931,0.3795,H6 レンジ圧縮ブレイク(方向),half-maker,6,,,6.0
"H6 レンジ圧縮ブレイク(方向) {'channel': 6, 'hold': 6} hold=2",full,5399,0.29567497028122236,2.1056122982875136,1.8099373280062916,0.08987965808483096,0.640193170119421,6.475281849158771,-91.58844788489569,0.3204192832985593,6.571428150675791,0.47575,H6 レンジ圧縮ブレイク(方向),half-maker,6,,,6.0
"H6 レンジ圧縮ブレイク(方向) {'channel': 6, 'hold': 6} hold=2",train,3240,0.9767705089587948,1.4162666166852211,0.43949610772642633,0.29245954699830806,0.42410183663420553,21.391274146197606,-82.50030039073586,0.29299740515095096,4.833717267753846,0.35875,H6 レンジ圧縮ブレイク(方向),maker-only(理論上限),6,,,6.0
"H6 レンジ圧縮ブレイク(方向) {'channel': 6, 'hold': 6} hold=2",test,2111,2.5797862318886184,3.1244668059550027,0.5446805740663845,0.8015522833493812,0.9706782730621725,56.49731847836075,-59.14786112691672,0.363120382710923,8.604493040651931,0.2105,H6 レンジ圧縮ブレイク(方向),maker-only(理論上限),6,,,6.0
"H6 レンジ圧縮ブレイク(方向) {'channel': 6, 'hold': 6} hold=2",full,5399,1.624983373339675,2.1056122982875136,0.4806289249478388,0.4940493806450628,0.640193170119421,35.58713587613888,-82.50030039073586,0.3204192832985593,6.571428150675791,0.23125,H6 レンジ圧縮ブレイク(方向),maker-only(理論上限),6,,,6.0
"H6 レンジ圧縮ブレイク(方向) {'channel': 6, 'hold': 6} hold=3",train,3240,1.9487369939486359,4.472558495283307,2.52382150133467,0.5941120435766526,1.3640591828265558,42.67734016747512,-60.100720078187095,0.2587050984461323,17.28825029791435,0.242,H6 レンジ圧縮ブレイク(方向),taker,6,,,6.0
"H6 レンジ圧縮ブレイク(方向) {'channel': 6, 'hold': 6} hold=3",test,2111,-3.368339295888568,-0.21600543441535636,3.15233386147321,-1.1040945347477904,-0.07082557447291689,-73.76663057995965,-96.58914973158059,0.32220773871922687,-0.6703918263229064,0.8985,H6 レンジ圧縮ブレイク(方向),taker,6,,,6.0
"H6 レンジ圧縮ブレイク(方向) {'channel': 6, 'hold': 6} hold=3",full,5399,-0.14350193565420788,2.6270653560408053,2.7705672916950146,-0.0449793596211903,0.8237254088526467,-3.142692390827153,-96.58914973158055,0.28368729802145776,9.26042644264636,0.5555,H6 レンジ圧縮ブレイク(方向),taker,6,,,6.0
"H6 レンジ圧縮ブレイク(方向) {'channel': 6, 'hold': 6} hold=3",train,3240,3.016618920781371,4.472558495283307,1.4559395745019341,0.9199339889595222,1.3640591828265558,66.06395436511202,-52.661480347855196,0.2587050984461323,17.28825029791435,0.1395,H6 レンジ圧縮ブレイク(方向),half-maker,6,,,6.0
"H6 レンジ圧縮ブレイク(方向) {'channel': 6, 'hold': 6} hold=3",test,2111,-2.0338281691913824,-0.21600543441535636,1.8178227347760254,-0.6668628541271042,-0.07082557447291689,-44.54083690529128,-74.65067411643183,0.32220773871922687,-0.6703918263229064,0.78575,H6 レンジ圧縮ブレイク(方向),half-maker,6,,,6.0
"H6 レンジ圧縮ブレイク(方向) {'channel': 6, 'hold': 6} hold=3",full,5399,1.0290162366772055,2.6270653560408053,1.5980491193636004,0.32262978642287454,0.8237254088526467,22.5354555832308,-74.65067411643204,0.28368729802145776,9.26042644264636,0.32375,H6 レンジ圧縮ブレイク(方向),half-maker,6,,,6.0
"H6 レンジ圧縮ブレイク(方向) {'channel': 6, 'hold': 6} hold=3",train,3240,4.084500847614108,4.472558495283307,0.3880576476691984,1.2457066045578205,1.3640591828265558,89.45056856274897,-51.59338850671661,0.2587050984461323,17.28825029791435,0.06475,H6 レンジ圧縮ブレイク(方向),maker-only(理論上限),6,,,6.0
"H6 レンジ圧縮ブレイク(方向) {'channel': 6, 'hold': 6} hold=3",test,2111,-0.6993170424941973,-0.21600543441535636,0.4833116080788402,-0.2293093966162163,-0.07082557447291689,-15.315043230622921,-54.095880345655836,0.32220773871922687,-0.6703918263229064,0.62375,H6 レンジ圧縮ブレイク(方向),maker-only(理論上限),6,,,6.0
"H6 レンジ圧縮ブレイク(方向) {'channel': 6, 'hold': 6} hold=3",full,5399,2.2015344090086195,2.6270653560408053,0.4255309470321866,0.6903104297196144,0.8237254088526467,48.21360355728877,-54.095880345655885,0.28368729802145776,9.26042644264636,0.1475,H6 レンジ圧縮ブレイク(方向),maker-only(理論上限),6,,,6.0
"H6 レンジ圧縮ブレイク(方向) {'channel': 6, 'hold': 6} hold=6",train,3240,3.513191378830478,5.419864238583356,1.9066728597528777,1.0516550788529615,1.6224719506212628,76.93889119638747,-49.57020548252092,0.19613341756263922,27.633558349904405,0.09325,H6 レンジ圧縮ブレイク(方向),taker,6,,,6.0
"H6 レンジ圧縮ブレイク(方向) {'channel': 6, 'hold': 6} hold=6",test,2111,-1.601791188882323,0.8345504901915085,2.4363416790738306,-0.516977684101787,0.26896319696659543,-35.07922703652287,-86.14559513071623,0.24951284087511175,3.3447196034661184,0.76075,H6 レンジ圧縮ブレイク(方向),taker,6,,,6.0
"H6 レンジ圧縮ブレイク(方向) {'channel': 6, 'hold': 6} hold=6",full,5399,1.449787202097574,3.5634097113594523,2.1136225092618783,0.44685219389384323,1.097774900031205,31.750339725936872,-86.14559513071637,0.21704430250453638,16.41789104915562,0.24375,H6 レンジ圧縮ブレイク(方向),taker,6,,,6.0
"H6 レンジ圧縮ブレイク(方向) {'channel': 6, 'hold': 6} hold=6",train,3240,4.319427745534938,5.419864238583356,1.100436493048418,1.2931780378966982,1.6224719506212628,94.59546762721514,-42.246903218601275,0.19613341756263922,27.633558349904405,0.052,H6 レンジ圧縮ブレイク(方向),half-maker,6,,,6.0
"H6 レンジ圧縮ブレイク(方向) {'channel': 6, 'hold': 6} hold=6",test,2111,-0.5707549800017409,0.8345504901915085,1.4053054701932493,-0.1841307085780111,0.26896319696659543,-12.499534062038126,-78.26506956575017,0.24951284087511175,3.3447196034661184,0.63775,H6 レンジ圧縮ブレイク(方向),half-maker,6,,,6.0
"H6 レンジ圧縮ブレイク(方向) {'channel': 6, 'hold': 6} hold=6",full,5399,2.3438152298501107,3.5634097113594523,1.2195944815093414,0.7223617058096983,1.097774900031205,51.32955353371742,-78.26506956575025,0.21704430250453638,16.41789104915562,0.1265,H6 レンジ圧縮ブレイク(方向),half-maker,6,,,6.0
"H6 レンジ圧縮ブレイク(方向) {'channel': 6, 'hold': 6} hold=6",train,3240,5.125664112239397,5.419864238583356,0.2942001263439588,1.5344743986658405,1.6224719506212628,112.25204405804278,-41.73145424321739,0.19613341756263922,27.633558349904405,0.0255,H6 レンジ圧縮ブレイク(方向),maker-only(理論上限),6,,,6.0
"H6 レンジ圧縮ブレイク(方向) {'channel': 6, 'hold': 6} hold=6",test,2111,0.46028122887884143,0.8345504901915085,0.3742692613126676,0.14838475078938912,0.26896319696659543,10.080158912446628,-74.3914323432287,0.24951284087511175,3.3447196034661184,0.484,H6 レンジ圧縮ブレイク(方向),maker-only(理論上限),6,,,6.0
"H6 レンジ圧縮ブレイク(方向) {'channel': 6, 'hold': 6} hold=6",full,5399,3.2378432576026475,3.5634097113594523,0.3255664537568046,0.9976124448714574,1.097774900031205,70.90876734149798,-74.3914323432284,0.21704430250453638,16.41789104915562,0.05025,H6 レンジ圧縮ブレイク(方向),maker-only(理論上限),6,,,6.0
"H6 レンジ圧縮ブレイク(方向) {'channel': 6, 'hold': 6} hold=12",train,3240,1.2943689189623588,2.332779566668805,1.0384106477064468,0.3928404964625514,0.7077917817177233,28.34667932527566,-48.75577435488609,0.10692146447867798,21.817691873590103,0.297,H6 レンジ圧縮ブレイク(方向),taker,6,,,6.0
"H6 レンジ圧縮ブレイク(方向) {'channel': 6, 'hold': 6} hold=12",test,2111,-1.488511358574829,-0.16242914715891524,1.326082211415914,-0.5326931899543789,-0.058118279448371425,-32.59839875278875,-97.77693121211081,0.13643893642431448,-1.1904896902286983,0.7265,H6 レンジ圧縮ブレイク(方向),taker,6,,,6.0
"H6 レンジ圧縮ブレイク(方向) {'channel': 6, 'hold': 6} hold=12",full,5399,0.3171504161016503,1.4694497797110933,1.1522993636094432,0.10224229161333372,0.4735932405072139,6.945594112626143,-97.77693121211074,0.1186661748989646,12.383055078350845,0.41875,H6 レンジ圧縮ブレイク(方向),taker,6,,,6.0
"H6 レンジ圧縮ブレイク(方向) {'channel': 6, 'hold': 6} hold=12",train,3240,1.7333831444565735,2.332779566668805,0.5993964222122319,0.5260600958664522,0.7077917817177233,37.96109086359896,-46.22751929833741,0.10692146447867798,21.817691873590103,0.24225,H6 レンジ圧縮ブレイク(方向),half-maker,6,,,6.0
"H6 レンジ圧縮ブレイク(方向) {'channel': 6, 'hold': 6} hold=12",test,2111,-0.9277994551851078,-0.16242914715891524,0.7653703080261929,-0.3320546373612708,-0.058118279448371425,-20.31880806855386,-91.88459223327587,0.13643893642431448,-1.1904896902286983,0.639,H6 レンジ圧縮ブレイク(方向),half-maker,6,,,6.0
"H6 レンジ圧縮ブレイク(方向) {'channel': 6, 'hold': 6} hold=12",full,5399,0.8043004667321485,1.4694497797110933,0.6651493129789451,0.2592865187072851,0.4735932405072139,17.614180221434054,-91.88459223327582,0.1186661748989646,12.383055078350845,0.30925,H6 レンジ圧縮ブレイク(方向),half-maker,6,,,6.0
"H6 レンジ圧縮ブレイク(方向) {'channel': 6, 'hold': 6} hold=12",train,3240,2.172397369950789,2.332779566668805,0.16038219671801696,0.6591872044594254,0.7077917817177233,47.57550240192228,-45.17360108719123,0.10692146447867798,21.817691873590103,0.18275,H6 レンジ圧縮ブレイク(方向),maker-only(理論上限),6,,,6.0
"H6 レンジ圧縮ブレイク(方向) {'channel': 6, 'hold': 6} hold=12",test,2111,-0.36708755179538655,-0.16242914715891524,0.20465840463647172,-0.13135972400527568,-0.058118279448371425,-8.039217384318965,-85.99225325444102,0.13643893642431448,-1.1904896902286983,0.55775,H6 レンジ圧縮ブレイク(方向),maker-only(理論上限),6,,,6.0
"H6 レンジ圧縮ブレイク(方向) {'channel': 6, 'hold': 6} hold=12",full,5399,1.2914505173626463,1.4694497797110933,0.1779992623484469,0.4162641746545346,0.4735932405072139,28.282766330241955,-85.99225325444078,0.1186661748989646,12.383055078350845,0.21375,H6 レンジ圧縮ブレイク(方向),maker-only(理論上限),6,,,6.0
"H6 レンジ圧縮ブレイク(方向) {'channel': 6, 'hold': 12} hold=1",train,3240,1.6504584297394629,3.9837965561539392,2.3333381264144766,0.5193538744524573,1.2542317442455704,36.14503961129424,-42.74442551279401,0.23087945717877692,17.254876656562676,0.24575,H6 レンジ圧縮ブレイク(方向),taker,12,,,6.0
"H6 レンジ圧縮ブレイク(方向) {'channel': 6, 'hold': 12} hold=1",test,2111,-4.406172447576585,-1.6818364835909316,2.724335963985655,-1.678158371563681,-0.6410313790476916,-96.49517660192723,-93.41893378338885,0.2697957542860951,-6.233739622927828,0.9745,H6 レンジ圧縮ブレイク(方向),taker,12,,,6.0
"H6 レンジ圧縮ブレイク(方向) {'channel': 6, 'hold': 12} hold=1",full,5399,-0.7781670754155967,1.7075151806011586,2.485682256016756,-0.2621865920287766,0.5756649813489829,-17.04185895160157,-112.36638482405563,0.2460432313433027,6.939899022130271,0.6865,H6 レンジ圧縮ブレイク(方向),taker,12,,,6.0
"H6 レンジ圧縮ブレイク(方向) {'channel': 6, 'hold': 12} hold=1",train,3240,2.643967900062619,3.9837965561539392,1.3398286560913213,0.8322057768075991,1.2542317442455704,57.90289701137136,-40.76206748883286,0.23087945717877692,17.254876656562676,0.1365,H6 レンジ圧縮ブレイク(方向),half-maker,12,,,6.0
"H6 レンジ圧縮ブレイク(方向) {'channel': 6, 'hold': 12} hold=1",test,2111,-3.24635128129833,-1.6818364835909316,1.564514797707399,-1.236905376385468,-0.6410313790476916,-71.09509306043343,-69.10073789937718,0.2697957542860951,-6.233739622927828,0.93275,H6 レンジ圧縮ブレイク(方向),half-maker,12,,,6.0
"H6 レンジ圧縮ブレイク(方向) {'channel': 6, 'hold': 12} hold=1",full,5399,0.2801416290853042,1.7075151806011586,1.427373551515855,0.09441776136032087,0.5756649813489829,6.135101676968162,-81.57551924566964,0.2460432313433027,6.939899022130271,0.45425,H6 レンジ圧縮ブレイク(方向),half-maker,12,,,6.0
"H6 レンジ圧縮ブレイク(方向) {'channel': 6, 'hold': 12} hold=1",train,3240,3.6374773703857732,3.9837965561539392,0.34631918576816545,1.1451351897691373,1.2542317442455704,79.66075441144844,-38.77970946487158,0.23087945717877692,17.254876656562676,0.0695,H6 レンジ圧縮ブレイク(方向),maker-only(理論上限),12,,,6.0
"H6 レンジ圧縮ブレイク(方向) {'channel': 6, 'hold': 12} hold=1",test,2111,-2.086530115020074,-1.6818364835909316,0.4046936314291426,-0.7952307747624116,-0.6410313790476916,-45.69500951893962,-51.10280964832059,0.2697957542860951,-6.233739622927828,0.83075,H6 レンジ圧縮ブレイク(方向),maker-only(理論上限),12,,,6.0
"H6 レンジ圧縮ブレイク(方向) {'channel': 6, 'hold': 12} hold=1",full,5399,1.3384503335862046,1.7075151806011586,0.36906484701495407,0.451211709785983,0.5756649813489829,29.31206230553788,-55.50209932572013,0.2460432313433027,6.939899022130271,0.23775,H6 レンジ圧縮ブレイク(方向),maker-only(理論上限),12,,,6.0
"H6 レンジ圧縮ブレイク(方向) {'channel': 6, 'hold': 12} hold=2",train,3240,0.40900452738000687,2.4299442711788313,2.020939743798824,0.12902724922874673,0.7672601905324672,8.95719914962215,-43.52203621549825,0.20138909276575986,12.065917959147635,0.42875,H6 レンジ圧縮ブレイク(方向),taker,12,,,6.0
"H6 レンジ圧縮ブレイク(方向) {'channel': 6, 'hold': 12} hold=2",test,2111,-2.4427783454738243,-0.044914273359286716,2.397864072114537,-0.9165500787936237,-0.016857842400380046,-53.496845765876756,-67.35319015184389,0.23919672172864395,-0.18777127476788574,0.871,H6 レンジ圧縮ブレイク(方向),taker,12,,,6.0
"H6 レンジ圧縮ブレイク(方向) {'channel': 6, 'hold': 12} hold=2",full,5399,-0.7830226895952997,1.3842027758298423,2.167225465425143,-0.26300153108301966,0.46525846596197556,-17.148196902137062,-75.68311581368167,0.21606965115149684,6.406280421396668,0.691,H6 レンジ圧縮ブレイク(方向),taker,12,,,6.0
"H6 レンジ圧縮ブレイク(方向) {'channel': 6, 'hold': 12} hold=2",train,3240,1.268432579705099,2.4299442711788313,1.161511691473732,0.40033144399239884,0.7672601905324672,27.77867349554167,-38.70693065039866,0.20138909276575986,12.065917959147635,0.29375,H6 レンジ圧縮ブレイク(方向),half-maker,12,,,6.0
"H6 レンジ圧縮ブレイク(方向) {'channel': 6, 'hold': 12} hold=2",test,2111,-1.4232438507130387,-0.044914273359286716,1.3783295773537516,-0.5341438458613289,-0.016857842400380046,-31.169040330615548,-56.80709542464675,0.23919672172864395,-0.18777127476788574,0.76425,H6 レンジ圧縮ブレイク(方向),half-maker,12,,,6.0
"H6 レンジ圧縮ブレイク(方向) {'channel': 6, 'hold': 12} hold=2",full,5399,0.13853780475364852,1.3842027758298423,1.2456649710761942,0.04655006428754954,0.46525846596197556,3.033977924104902,-56.80709542464676,0.21606965115149684,6.406280421396668,0.49575,H6 レンジ圧縮ブレイク(方向),half-maker,12,,,6.0
"H6 レンジ圧縮ブレイク(方向) {'channel': 6, 'hold': 12} hold=2",train,3240,2.127860632030191,2.4299442711788313,0.3020836391486397,0.6718132362424952,0.7672601905324672,46.60014784146118,-37.1579502105234,0.20138909276575986,12.065917959147635,0.184,H6 レンジ圧縮ブレイク(方向),maker-only(理論上限),12,,,6.0
"H6 レンジ圧縮ブレイク(方向) {'channel': 6, 'hold': 12} hold=2",test,2111,-0.4037093559522522,-0.044914273359286716,0.35879508259296583,-0.15152791000889243,-0.016857842400380046,-8.841234895354324,-49.25431080687047,0.23919672172864395,-0.18777127476788574,0.6065,H6 レンジ圧縮ブレイク(方向),maker-only(理論上限),12,,,6.0
"H6 レンジ圧縮ブレイク(方向) {'channel': 6, 'hold': 12} hold=2",full,5399,1.0600982991025973,1.3842027758298423,0.3241044767272453,0.3562994803932062,0.46525846596197556,23.21615275034688,-49.254310806870606,0.21606965115149684,6.406280421396668,0.29125,H6 レンジ圧縮ブレイク(方向),maker-only(理論上限),12,,,6.0
"H6 レンジ圧縮ブレイク(方向) {'channel': 6, 'hold': 12} hold=3",train,3240,2.4821601542284437,4.307791922944157,1.8256317687157129,0.7993505330959477,1.3883829177374376,54.35930737760292,-39.67380284321829,0.18279304360064508,23.56649814505826,0.14525,H6 レンジ圧縮ブレイク(方向),taker,12,,,6.0
"H6 レンジ圧縮ブレイク(方向) {'channel': 6, 'hold': 12} hold=3",test,2111,-2.703542851788787,-0.4937407049395198,2.2098021468492663,-1.0223764559768203,-0.1868537183574298,-59.20758845417444,-78.13355509392287,0.22148845289212313,-2.229193885696598,0.9,H6 レンジ圧縮ブレイク(方向),taker,12,,,6.0
"H6 レンジ圧縮ブレイク(方向) {'channel': 6, 'hold': 12} hold=3",full,5399,0.35327866743757214,2.3282854715125136,1.9750068040749424,0.12060121998466469,0.7954616341031016,7.736802816882829,-78.22319737247321,0.1978424926691154,11.768379179322658,0.45075,H6 レンジ圧縮ブレイク(方向),taker,12,,,6.0
"H6 レンジ圧縮ブレイク(方向) {'channel': 6, 'hold': 12} hold=3",train,3240,3.2578812558858163,4.307791922944157,1.0499106670583402,1.049602483575353,1.3883829177374376,71.34759950389937,-35.563553548181496,0.18279304360064508,23.56649814505826,0.086,H6 レンジ圧縮ブレイク(方向),half-maker,12,,,6.0
"H6 レンジ圧縮ブレイク(方向) {'channel': 6, 'hold': 12} hold=3",test,2111,-1.7647581180332448,-0.4937407049395198,1.271017413093725,-0.6676562671209714,-0.1868537183574298,-38.64820278492806,-68.36270100723362,0.22148845289212313,-2.229193885696598,0.80825,H6 レンジ圧縮ブレイク(方向),half-maker,12,,,6.0
"H6 レンジ圧縮ブレイク(方向) {'channel': 6, 'hold': 12} hold=3",full,5399,1.1924001999732057,2.3282854715125136,1.1358852715393077,0.40723456493029586,0.7954616341031016,26.113564379413205,-68.36270100723408,0.1978424926691154,11.768379179322658,0.26725,H6 レンジ圧縮ブレイク(方向),half-maker,12,,,6.0
"H6 レンジ圧縮ブレイク(方向) {'channel': 6, 'hold': 12} hold=3",train,3240,4.033602357543189,4.307791922944157,0.2741895654009676,1.2999039274881579,1.3883829177374376,88.33589163019583,-34.882759616906675,0.18279304360064508,23.56649814505826,0.03975,H6 レンジ圧縮ブレイク(方向),maker-only(理論上限),12,,,6.0
"H6 レンジ圧縮ブレイク(方向) {'channel': 6, 'hold': 12} hold=3",test,2111,-0.8259733842777053,-0.4937407049395198,0.3322326793381847,-0.31256989975407823,-0.1868537183574298,-18.088817115681746,-60.574765772899575,0.22148845289212313,-2.229193885696598,0.6745,H6 レンジ圧縮ブレイク(方向),maker-only(理論上限),12,,,6.0
"H6 レンジ圧縮ブレイク(方向) {'channel': 6, 'hold': 12} hold=3",full,5399,2.0315217325088404,2.3282854715125136,0.29676373900367303,0.6940189798085271,0.7954616341031016,44.49032594194361,-60.57476577289975,0.1978424926691154,11.768379179322658,0.12325,H6 レンジ圧縮ブレイク(方向),maker-only(理論上限),12,,,6.0
"H6 レンジ圧縮ブレイク(方向) {'channel': 6, 'hold': 12} hold=6",train,3240,2.288903938116524,3.7506429334725033,1.4617389953559787,0.7407293888002234,1.214159903499058,50.12699624475188,-44.45089488482713,0.14758298566083944,25.413789514272725,0.159,H6 レンジ圧縮ブレイク(方向),taker,12,,,6.0
"H6 レンジ圧縮ブレイク(方向) {'channel': 6, 'hold': 12} hold=6",test,2111,-1.8401499141238917,-0.06726229064153225,1.7728876234823594,-0.7214882666056636,-0.02637845330945252,-40.29928311931323,-73.81517850101721,0.17912640573674266,-0.37550181596556936,0.82375,H6 レンジ圧縮ブレイク(方向),taker,12,,,6.0
"H6 レンジ圧縮ブレイク(方向) {'channel': 6, 'hold': 12} hold=6",full,5399,0.6428321787965304,2.224602528952484,1.5817703501559528,0.22298403000140776,0.7718943374860502,14.078024715644016,-73.81517850101729,0.15978839503170714,13.92217831908914,0.36125,H6 レンジ圧縮ブレイク(方向),taker,12,,,6.0
"H6 レンジ圧縮ブレイク(方向) {'channel': 6, 'hold': 12} hold=6",train,3240,2.909086196548884,3.7506429334725033,0.841556736923619,0.9416426130838547,1.214159903499058,63.70898770442056,-41.95741942327395,0.14758298566083944,25.413789514272725,0.098,H6 レンジ圧縮ブレイク(方向),half-maker,12,,,6.0
"H6 レンジ圧縮ブレイク(方向) {'channel': 6, 'hold': 12} hold=6",test,2111,-1.088050906685269,-0.06726229064153225,1.0207886160437367,-0.4267143623204333,-0.02637845330945252,-23.828314856407392,-70.26997674695117,0.17912640573674266,-0.37550181596556936,0.73725,H6 レンジ圧縮ブレイク(方向),half-maker,12,,,6.0
"H6 レンジ圧縮ブレイク(方向) {'channel': 6, 'hold': 12} hold=6",full,5399,1.3138760576007265,2.224602528952484,0.9107264713517569,0.4558621870639272,0.7718943374860502,28.77388566145591,-70.26997674695112,0.15978839503170714,13.92217831908914,0.2215,H6 レンジ圧縮ブレイク(方向),half-maker,12,,,6.0
"H6 レンジ圧縮ブレイク(方向) {'channel': 6, 'hold': 12} hold=6",train,3240,3.5292684549812434,3.7506429334725033,0.22137447849125913,1.142480855613879,1.214159903499058,77.29097916408924,-39.463943961720894,0.14758298566083944,25.413789514272725,0.05575,H6 レンジ圧縮ブレイク(方向),maker-only(理論上限),12,,,6.0
"H6 レンジ圧縮ブレイク(方向) {'channel': 6, 'hold': 12} hold=6",test,2111,-0.3359518992466461,-0.06726229064153225,0.268689608605114,-0.13175730969235816,-0.02637845330945252,-7.35734659350155,-66.98263349246409,0.17912640573674266,-0.37550181596556936,0.60975,H6 レンジ圧縮ブレイク(方向),maker-only(理論上限),12,,,6.0
"H6 レンジ圧縮ブレイク(方向) {'channel': 6, 'hold': 12} hold=6",full,5399,1.9849199364049224,2.224602528952484,0.2396825925475607,0.6887317531280887,0.7718943374860502,43.469746607267794,-66.98263349246406,0.15978839503170714,13.92217831908914,0.124,H6 レンジ圧縮ブレイク(方向),maker-only(理論上限),12,,,6.0
"H6 レンジ圧縮ブレイク(方向) {'channel': 6, 'hold': 12} hold=12",train,3240,0.7859520736143389,1.7941808233991954,1.0082287497848565,0.25318468581737347,0.5780154692354308,17.212350412154024,-72.6933919103685,0.10368482039233676,17.304180270652246,0.3585,H6 レンジ圧縮ブレイク(方向),taker,12,,,6.0
"H6 レンジ圧縮ブレイク(方向) {'channel': 6, 'hold': 12} hold=12",test,2111,-0.9234640015688831,0.2857597473233708,1.2092237488922541,-0.3823353051889086,0.11832789715826217,-20.22386163435854,-76.74848040774707,0.1237752471725768,2.308698660281752,0.65675,H6 レンジ圧縮ブレイク(方向),taker,12,,,6.0
"H6 レンジ圧縮ブレイク(方向) {'channel': 6, 'hold': 12} hold=12",full,5399,0.21153145494492737,1.2985135668899153,1.086982111944988,0.07433004840621235,0.4563184292000725,4.6325388632939095,-77.94144830293686,0.11161190541741789,11.634185099103883,0.442,H6 レンジ圧縮ブレイク(方向),taker,12,,,6.0
"H6 レンジ圧縮ブレイク(方向) {'channel': 6, 'hold': 12} hold=12",train,3240,1.212302833212514,1.7941808233991954,0.5818779901866808,0.3905757753940999,0.5780154692354308,26.54943204735406,-68.43577731297124,0.10368482039233676,17.304180270652246,0.28775,H6 レンジ圧縮ブレイク(方向),half-maker,12,,,6.0
"H6 レンジ圧縮ブレイク(方向) {'channel': 6, 'hold': 12} hold=12",test,2111,-0.4116835625021896,0.2857597473233708,0.6974433098255598,-0.17048552833276878,0.11832789715826217,-9.015870018797953,-74.15047309116113,0.1237752471725768,2.308698660281752,0.5655,H6 レンジ圧縮ブレイク(方向),half-maker,12,,,6.0
"H6 レンジ圧縮ブレイク(方向) {'channel': 6, 'hold': 12} hold=12",full,5399,0.6713135818543581,1.2985135668899153,0.6271999850355575,0.23592702565369253,0.4563184292000725,14.701767442610441,-74.15047309116112,0.11161190541741789,11.634185099103883,0.33775,H6 レンジ圧縮ブレイク(方向),half-maker,12,,,6.0
"H6 レンジ圧縮ブレイク(方向) {'channel': 6, 'hold': 12} hold=12",train,3240,1.6386535928106902,1.7941808233991954,0.15552723058850515,0.5279337758895384,0.5780154692354308,35.88651368255412,-65.20032700596371,0.10368482039233676,17.304180270652246,0.228,H6 レンジ圧縮ブレイク(方向),maker-only(理論上限),12,,,6.0
"H6 レンジ圧縮ブレイク(方向) {'channel': 6, 'hold': 12} hold=12",test,2111,0.10009687656450564,0.2857597473233708,0.18566287075886517,0.04145143475150789,0.11832789715826217,2.1921215967626737,-71.5524657745752,0.1237752471725768,2.308698660281752,0.467,H6 レンジ圧縮ブレイク(方向),maker-only(理論上限),12,,,6.0
"H6 レンジ圧縮ブレイク(方向) {'channel': 6, 'hold': 12} hold=12",full,5399,1.1310957087637885,1.2985135668899153,0.16741785812612678,0.3975075966176398,0.4563184292000725,24.770996021926965,-71.5524657745752,0.11161190541741789,11.634185099103883,0.2465,H6 レンジ圧縮ブレイク(方向),maker-only(理論上限),12,,,6.0
"H6 レンジ圧縮ブレイク(方向) {'channel': 12, 'hold': 3} hold=1",train,3240,-2.874613768183974,1.981169906819511,4.855783675003485,-0.8138822368443116,0.5608825015401014,-62.95404152322902,-110.87517550900046,0.5066627610508722,3.910233905310813,0.86175,H6 レンジ圧縮ブレイク(方向),taker,3,,,12.0
"H6 レンジ圧縮ブレイク(方向) {'channel': 12, 'hold': 3} hold=1",test,2111,-6.423490164233985,0.21982523196146364,6.643315396195449,-1.758219285178124,0.0601878047112251,-140.6744345967243,-166.60738765880026,0.6960889285793398,0.315800500390243,0.97675,H6 レンジ圧縮ブレイク(方向),taker,3,,,12.0
"H6 レンジ圧縮ブレイク(方向) {'channel': 12, 'hold': 3} hold=1",full,5399,-4.377495046581944,1.1849812057582392,5.5624762523401845,-1.223785547200466,0.33133029264309133,-95.86714152014459,-250.11751929160346,0.5818262845805581,2.0366580836280006,0.987,H6 レンジ圧縮ブレイク(方向),taker,3,,,12.0
"H6 レンジ圧縮ブレイク(方向) {'channel': 12, 'hold': 3} hold=1",train,3240,-0.8267190014703858,1.981169906819511,2.8078889082898963,-0.23408735007948014,0.5608825015401014,-18.10514613220145,-71.5745155759669,0.5066627610508722,3.910233905310813,0.61775,H6 レンジ圧縮ブレイク(方向),half-maker,3,,,12.0
"H6 レンジ圧縮ブレイク(方向) {'channel': 12, 'hold': 3} hold=1",test,2111,-3.623899162570764,0.21982523196146364,3.843724394532229,-0.9922061507398635,0.0601878047112251,-79.36339166029973,-120.79008535046705,0.6960889285793398,0.315800500390243,0.86825,H6 レンジ圧縮ブレイク(方向),half-maker,3,,,12.0
"H6 レンジ圧縮ブレイク(方向) {'channel': 12, 'hold': 3} hold=1",full,5399,-2.032626633847271,1.1849812057582392,3.21760783960551,-0.5683640914620666,0.33133029264309133,-44.514523281255244,-138.19532024154933,0.5818262845805581,2.0366580836280006,0.8545,H6 レンジ圧縮ブレイク(方向),half-maker,3,,,12.0
"H6 レンジ圧縮ブレイク(方向) {'channel': 12, 'hold': 3} hold=1",train,3240,1.2211757652432038,1.981169906819511,0.7599941415763083,0.3457412024967325,0.5608825015401014,26.74374925882616,-58.77536205119719,0.5066627610508722,3.910233905310813,0.31025,H6 レンジ圧縮ブレイク(方向),maker-only(理論上限),3,,,12.0
"H6 レンジ圧縮ブレイク(方向) {'channel': 12, 'hold': 3} hold=1",test,2111,-0.8243081609075473,0.21982523196146364,1.0441333928690095,-0.2257160905003226,0.0601878047112251,-18.052348723875287,-74.97278304213366,0.6960889285793398,0.315800500390243,0.6165,H6 レンジ圧縮ブレイク(方向),maker-only(理論上限),3,,,12.0
"H6 レンジ圧縮ブレイク(方向) {'channel': 12, 'hold': 3} hold=1",full,5399,0.3122417788874021,1.1849812057582392,0.8727394268708369,0.08731037783421874,0.33133029264309133,6.838094957634107,-74.9727830421336,0.5818262845805581,2.0366580836280006,0.464,H6 レンジ圧縮ブレイク(方向),maker-only(理論上限),3,,,12.0
"H6 レンジ圧縮ブレイク(方向) {'channel': 12, 'hold': 3} hold=2",train,3240,-2.1141471680404256,1.7642827047772685,3.8784298728176942,-0.6200831754915518,0.5178195889363945,-46.29982298008532,-79.42770216926782,0.4059362781670869,4.3462060418533826,0.78775,H6 レンジ圧縮ブレイク(方向),taker,3,,,12.0
"H6 レンジ圧縮ブレイク(方向) {'channel': 12, 'hold': 3} hold=2",test,2111,-3.0347365416783143,2.41437183907254,5.449108380750855,-0.84963090076761,0.6760825904192097,-66.46073026275508,-106.77197924498749,0.5712136586824884,4.226740384047046,0.8515,H6 レンジ圧縮ブレイク(方向),taker,3,,,12.0
"H6 レンジ圧縮ブレイク(方向) {'channel': 12, 'hold': 3} hold=2",full,5399,-2.5663106876126403,1.9375929379489312,4.5039036255615725,-0.7389867814284903,0.5581688868607185,-56.20220405871683,-142.52450005884333,0.4719833916174089,4.105214234994841,0.909,H6 レンジ圧縮ブレイク(方向),taker,3,,,12.0
"H6 レンジ圧縮ブレイク(方向) {'channel': 12, 'hold': 3} hold=2",train,3240,-0.47938444025689425,1.7642827047772685,2.2436671450341623,-0.14066882467535885,0.5178195889363945,-10.498519241625985,-51.628061582011256,0.4059362781670869,4.3462060418533826,0.55675,H6 レンジ圧縮ブレイク(方向),half-maker,3,,,12.0
"H6 レンジ圧縮ブレイク(方向) {'channel': 12, 'hold': 3} hold=2",test,2111,-0.7385925953147543,2.41437183907254,3.1529644343872936,-0.20684121216201787,0.6760825904192097,-16.175177837393118,-84.32450799475845,0.5712136586824884,4.226740384047046,0.63,H6 レンジ圧縮ブレイク(方向),half-maker,3,,,12.0
"H6 レンジ圧縮ブレイク(方向) {'channel': 12, 'hold': 3} hold=2",full,5399,-0.6683464185449113,1.9375929379489312,2.605939356493843,-0.19252350032289092,0.5581688868607185,-14.636786566133555,-84.32450799475846,0.4719833916174089,4.105214234994841,0.66175,H6 レンジ圧縮ブレイク(方向),half-maker,3,,,12.0
"H6 レンジ圧縮ブレイク(方向) {'channel': 12, 'hold': 3} hold=2",train,3240,1.1553782875266385,1.7642827047772685,0.6089044172506304,0.3390963873531277,0.5178195889363945,25.302784496833386,-44.54289920798653,0.4059362781670869,4.3462060418533826,0.31025,H6 レンジ圧縮ブレイク(方向),maker-only(理論上限),3,,,12.0
"H6 レンジ圧縮ブレイク(方向) {'channel': 12, 'hold': 3} hold=2",test,2111,1.5575513510488073,2.41437183907254,0.8568204880237327,0.4361844003304554,0.6760825904192097,34.11037458796888,-61.877036744529356,0.5712136586824884,4.226740384047046,0.3405,H6 レンジ圧縮ブレイク(方向),maker-only(理論上限),3,,,12.0
"H6 レンジ圧縮ブレイク(方向) {'channel': 12, 'hold': 3} hold=2",full,5399,1.2296178505228186,1.9375929379489312,0.7079750874261131,0.35423034603940795,0.5581688868607185,26.928630926449728,-61.87703674452938,0.4719833916174089,4.105214234994841,0.301,H6 レンジ圧縮ブレイク(方向),maker-only(理論上限),3,,,12.0
"H6 レンジ圧縮ブレイク(方向) {'channel': 12, 'hold': 3} hold=3",train,3240,-2.9116898424880193,0.4723013122637871,3.3839911547518065,-0.8281398413594394,0.13444180794819868,-63.76600755048762,-120.83526184087268,0.35583896707130197,1.3272894650943292,0.85625,H6 レンジ圧縮ブレイク(方向),taker,3,,,12.0
"H6 レンジ圧縮ブレイク(方向) {'channel': 12, 'hold': 3} hold=3",test,2111,-5.972426292027437,-1.2940914312318252,4.678334860795613,-1.637829231224219,-0.3550614547760457,-130.7961357954009,-131.59341413190953,0.49214059920526804,-2.6295156979968444,0.97675,H6 レンジ圧縮ブレイク(方向),taker,3,,,12.0
"H6 レンジ圧縮ブレイク(方向) {'channel': 12, 'hold': 3} hold=3",full,5399,-4.220951475908531,-0.32178657166599,3.8991649042425407,-1.1829877334207706,-0.09024740950137992,-92.43883732239682,-251.96127660239193,0.4102643065527453,-0.7843396720758103,0.9785,H6 レンジ圧縮ブレイク(方向),taker,3,,,12.0
"H6 レンジ圧縮ブレイク(方向) {'channel': 12, 'hold': 3} hold=3",train,3240,-1.4865734904155925,0.4723013122637871,1.9588748026793796,-0.4230303512466357,0.13444180794819868,-32.555959440101475,-90.161890335585,0.35583896707130197,1.3272894650943292,0.7025,H6 レンジ圧縮ブレイク(方向),half-maker,3,,,12.0
"H6 レンジ圧縮ブレイク(方向) {'channel': 12, 'hold': 3} hold=3",test,2111,-4.002364311033582,-1.2940914312318252,2.7082728798017572,-1.0980522724502926,-0.3550614547760457,-87.65177841163543,-91.7591951645552,0.49214059920526804,-2.6295156979968444,0.9085,H6 レンジ圧縮ブレイク(方向),half-maker,3,,,12.0
"H6 レンジ圧縮ブレイク(方向) {'channel': 12, 'hold': 3} hold=3",full,5399,-2.579067253701819,-0.32178657166599,2.2572806820358298,-0.7231735918073947,-0.09024740950137992,-56.48157285606984,-175.20407139344184,0.4102643065527453,-0.7843396720758103,0.906,H6 レンジ圧縮ブレイク(方向),half-maker,3,,,12.0
"H6 レンジ圧縮ブレイク(方向) {'channel': 12, 'hold': 3} hold=3",train,3240,-0.06145713834316564,0.4723013122637871,0.5337584506069529,-0.01749312949246014,0.13444180794819868,-1.3459113297153276,-77.31849485480338,0.35583896707130197,1.3272894650943292,0.512,H6 レンジ圧縮ブレイク(方向),maker-only(理論上限),3,,,12.0
"H6 レンジ圧縮ブレイク(方向) {'channel': 12, 'hold': 3} hold=3",test,2111,-2.0323023300397263,-1.2940914312318252,0.738210898807902,-0.5576261945014476,-0.3550614547760457,-44.50742102787001,-68.48341470971242,0.49214059920526804,-2.6295156979968444,0.754,H6 レンジ圧縮ブレイク(方向),maker-only(理論上限),3,,,12.0
"H6 レンジ圧縮ブレイク(方向) {'channel': 12, 'hold': 3} hold=3",full,5399,-0.937183031495108,-0.32178657166599,0.615396459829118,-0.26283737475475455,-0.09024740950137992,-20.524308389742867,-105.31585725166967,0.4102643065527453,-0.7843396720758103,0.69075,H6 レンジ圧縮ブレイク(方向),maker-only(理論上限),3,,,12.0
"H6 レンジ圧縮ブレイク(方向) {'channel': 12, 'hold': 3} hold=6",train,3240,0.5892006759005212,2.496887785470007,1.9076871095694863,0.159212572090442,0.6746590643899233,12.903494802221413,-70.87914101051298,0.19859050636808637,12.573047076288933,0.413,H6 レンジ圧縮ブレイク(方向),taker,3,,,12.0
"H6 レンジ圧縮ブレイク(方向) {'channel': 12, 'hold': 3} hold=6",test,2111,-4.248966796211268,-1.637077733609229,2.6118890626020392,-1.2686716337705308,-0.4885795917147693,-93.05237283702678,-105.8064603636004,0.2677316471790745,-6.114621677557066,0.93975,H6 レンジ圧縮ブレイク(方向),taker,3,,,12.0
"H6 レンジ圧縮ブレイク(方向) {'channel': 12, 'hold': 3} hold=6",full,5399,-1.3498875503439007,0.8381089535917956,2.1879965039356963,-0.37887168822991724,0.23517520745919113,-29.562537352531425,-114.01246788947617,0.22635988164874726,3.702550767773977,0.74625,H6 レンジ圧縮ブレイク(方向),taker,3,,,12.0
"H6 レンジ圧縮ブレイク(方向) {'channel': 12, 'hold': 3} hold=6",train,3240,1.3941013509091993,2.496887785470007,1.1027864345608078,0.3767422805770765,0.6746590643899233,30.530819584911463,-63.024705949268736,0.19859050636808637,12.573047076288933,0.31325,H6 レンジ圧縮ブレイク(方向),half-maker,3,,,12.0
"H6 レンジ圧縮ブレイク(方向) {'channel': 12, 'hold': 3} hold=6",test,2111,-3.143821000294554,-1.637077733609229,1.5067432666853253,-0.9386709469894717,-0.4885795917147693,-68.84967990645073,-94.31602947039907,0.2677316471790745,-6.114621677557066,0.88425,H6 レンジ圧縮ブレイク(方向),half-maker,3,,,12.0
"H6 レンジ圧縮ブレイク(方向) {'channel': 12, 'hold': 3} hold=6",full,5399,-0.4256592096126126,0.8381089535917956,1.2637681632044087,-0.11947322603246711,0.23517520745919113,-9.321936690516216,-94.31602947039906,0.22635988164874726,3.702550767773977,0.591,H6 レンジ圧縮ブレイク(方向),half-maker,3,,,12.0
"H6 レンジ圧縮ブレイク(方向) {'channel': 12, 'hold': 3} hold=6",train,3240,2.1990020259178777,2.496887785470007,0.2978857595521295,0.5942076255187079,0.6746590643899233,48.15814436760152,-58.33614400387599,0.19859050636808637,12.573047076288933,0.2245,H6 レンジ圧縮ブレイク(方向),maker-only(理論上限),3,,,12.0
"H6 レンジ圧縮ブレイク(方向) {'channel': 12, 'hold': 3} hold=6",test,2111,-2.038675204377841,-1.637077733609229,0.4015974707686117,-0.6085129106274968,-0.4885795917147693,-44.64698697587471,-82.82559857719775,0.2677316471790745,-6.114621677557066,0.784,H6 レンジ圧縮ブレイク(方向),maker-only(理論上限),3,,,12.0
"H6 レンジ圧縮ブレイク(方向) {'channel': 12, 'hold': 3} hold=6",full,5399,0.49856913111867507,0.8381089535917956,0.3395398224731209,0.13991257601405488,0.23517520745919113,10.918663971498985,-82.8255985771978,0.22635988164874726,3.702550767773977,0.43,H6 レンジ圧縮ブレイク(方向),maker-only(理論上限),3,,,12.0
"H6 レンジ圧縮ブレイク(方向) {'channel': 12, 'hold': 3} hold=12",train,3240,-0.1806775350818444,0.8148857811925757,0.9955633162744206,-0.04637542582638731,0.2091222031271031,-3.956838018292392,-99.62799166845593,0.10345200396600686,7.876945346175583,0.51875,H6 レンジ圧縮ブレイク(方向),taker,3,,,12.0
"H6 レンジ圧縮ブレイク(方向) {'channel': 12, 'hold': 3} hold=12",test,2111,-1.9105405469219263,-0.57817015158522,1.332370395336707,-0.5927922187491927,-0.17947172200034012,-41.84083797759018,-106.65962234336344,0.13647643267312268,-4.236410201093155,0.72,H6 レンジ圧縮ブレイク(方向),taker,3,,,12.0
"H6 レンジ圧縮ブレイク(方向) {'channel': 12, 'hold': 3} hold=12",full,5399,-0.6810878748750242,0.44888745890209913,1.1299753337771232,-0.1872059049419991,0.12338092557436046,-14.91582445976303,-126.93449320472855,0.11678759811498876,3.8436226632568102,0.6215,H6 レンジ圧縮ブレイク(方向),taker,3,,,12.0
"H6 レンジ圧縮ブレイク(方向) {'channel': 12, 'hold': 3} hold=12",train,3240,0.23951512008086104,0.8148857811925757,0.5753706611117154,0.06147605077483141,0.2091222031271031,5.245381129770857,-94.88469699607496,0.10345200396600686,7.876945346175583,0.46025,H6 レンジ圧縮ブレイク(方向),half-maker,3,,,12.0
"H6 レンジ圧縮ブレイク(方向) {'channel': 12, 'hold': 3} hold=12",test,2111,-1.3467126737584154,-0.57817015158522,0.7685425221731953,-0.41797602750752494,-0.17947172200034012,-29.493007555309298,-101.07362217478857,0.13647643267312268,-4.236410201093155,0.6645,H6 レンジ圧縮ブレイク(方向),half-maker,3,,,12.0
"H6 レンジ圧縮ブレイク(方向) {'channel': 12, 'hold': 3} hold=12",full,5399,-0.2036909065727041,0.44888745890209913,0.6525783654748031,-0.05599080954220771,0.12338092557436046,-4.46083085394222,-110.20588935208806,0.11678759811498876,3.8436226632568102,0.52975,H6 レンジ圧縮ブレイク(方向),half-maker,3,,,12.0
"H6 レンジ圧縮ブレイク(方向) {'channel': 12, 'hold': 3} hold=12",train,3240,0.6597077752435655,0.8148857811925757,0.1551780059490103,0.16930735354533374,0.2091222031271031,14.447600277834086,-90.14140232369382,0.10345200396600686,7.876945346175583,0.402,H6 レンジ圧縮ブレイク(方向),maker-only(理論上限),3,,,12.0
"H6 レンジ圧縮ブレイク(方向) {'channel': 12, 'hold': 3} hold=12",test,2111,-0.7828848005949042,-0.57817015158522,0.20471464900968395,-0.24301272598689874,-0.17947172200034012,-17.1451771330284,-95.48762200621366,0.13647643267312268,-4.236410201093155,0.5985,H6 レンジ圧縮ブレイク(方向),maker-only(理論上限),3,,,12.0
"H6 レンジ圧縮ブレイク(方向) {'channel': 12, 'hold': 3} hold=12",full,5399,0.27370606172961615,0.44888745890209913,0.17518139717248307,0.07523299651528545,0.12338092557436046,5.994162751878593,-95.48762200621358,0.11678759811498876,3.8436226632568102,0.4335,H6 レンジ圧縮ブレイク(方向),maker-only(理論上限),3,,,12.0
"H6 レンジ圧縮ブレイク(方向) {'channel': 12, 'hold': 6} hold=1",train,3240,-3.082750462041699,0.2396881413410144,3.3224386033827136,-0.8970909537445524,0.06979494064330742,-67.5122351187132,-109.21447479569008,0.3415918485953364,0.7016799210128656,0.87525,H6 レンジ圧縮ブレイク(方向),taker,6,,,12.0
"H6 レンジ圧縮ブレイク(方向) {'channel': 12, 'hold': 6} hold=1",test,2111,-3.049821595346503,1.1735812700288462,4.2234028653753475,-0.9075083580241334,0.34939618003909295,-66.79109293808841,-93.0345194771369,0.4345318886561914,2.7007943505784966,0.86475,H6 レンジ圧縮ブレイク(方向),taker,6,,,12.0
"H6 レンジ圧縮ブレイク(方向) {'channel': 12, 'hold': 6} hold=1",full,5399,-3.135712557937566,0.5411172919544958,3.6768298498920617,-0.920751270078685,0.15898934162688694,-68.6721050188327,-169.60384780468516,0.37826355860858263,1.4305297976494478,0.948,H6 レンジ圧縮ブレイク(方向),taker,6,,,12.0
"H6 レンジ圧縮ブレイク(方向) {'channel': 12, 'hold': 6} hold=1",train,3240,-1.677725046796844,0.2396881413410144,1.9174131881378593,-0.4883935178268619,0.06979494064330742,-36.742178524850885,-89.01666302953033,0.3415918485953364,0.7016799210128656,0.744,H6 レンジ圧縮ブレイク(方向),half-maker,6,,,12.0
"H6 レンジ圧縮ブレイク(方向) {'channel': 12, 'hold': 6} hold=1",test,2111,-1.2640190791509716,1.1735812700288462,2.4376003491798173,-0.3762462540683345,0.34939618003909295,-27.68201783340628,-74.1249452716057,0.4345318886561914,2.7007943505784966,0.68575,H6 レンジ圧縮ブレイク(方向),half-maker,6,,,12.0
"H6 レンジ圧縮ブレイク(方向) {'channel': 12, 'hold': 6} hold=1",full,5399,-1.5809953019479726,0.5411172919544958,2.1221125939024676,-0.46439656210534963,0.15898934162688694,-34.6237971126606,-99.35417190827216,0.37826355860858263,1.4305297976494478,0.80075,H6 レンジ圧縮ブレイク(方向),half-maker,6,,,12.0
"H6 レンジ圧縮ブレイク(方向) {'channel': 12, 'hold': 6} hold=1",train,3240,-0.27269963155198995,0.2396881413410144,0.5123877728930045,-0.07940152609489083,0.06979494064330742,-5.97212193098858,-79.09393687469374,0.3415918485953364,0.7016799210128656,0.53725,H6 レンジ圧縮ブレイク(方向),maker-only(理論上限),6,,,12.0
"H6 レンジ圧縮ブレイク(方向) {'channel': 12, 'hold': 6} hold=1",test,2111,0.5217834370445591,1.1735812700288462,0.6517978329842871,0.15534401527573707,0.34939618003909295,11.427057271275844,-56.57825143583537,0.4345318886561914,2.7007943505784966,0.45175,H6 レンジ圧縮ブレイク(方向),maker-only(理論上限),6,,,12.0
"H6 レンジ圧縮ブレイク(方向) {'channel': 12, 'hold': 6} hold=1",full,5399,-0.02627804595837825,0.5411172919544958,0.5673953379128739,-0.007720533237630054,0.15898934162688694,-0.5754892064884837,-79.09393687469374,0.37826355860858263,1.4305297976494478,0.53125,H6 レンジ圧縮ブレイク(方向),maker-only(理論上限),6,,,12.0
"H6 レンジ圧縮ブレイク(方向) {'channel': 12, 'hold': 6} hold=2",train,3240,-2.2066897964063377,0.5744239974838825,2.781113793890221,-0.6562609153823149,0.1710876332995811,-48.32650654129879,-94.28681815202822,0.2868585525554124,2.0024642541306874,0.79,H6 レンジ圧縮ブレイク(方向),taker,6,,,12.0
"H6 レンジ圧縮ブレイク(方向) {'channel': 12, 'hold': 6} hold=2",test,2111,-1.9796684765853054,1.612999195058756,3.592667671644062,-0.5920739785874467,0.4826244694478319,-43.354739637218195,-90.72332144323703,0.37074141777593145,4.350739134394797,0.76775,H6 レンジ圧縮ブレイク(方向),taker,6,,,12.0
"H6 レンジ圧縮ブレイク(方向) {'channel': 12, 'hold': 6} hold=2",full,5399,-2.1653144439238186,0.9347962845291649,3.1001107284529836,-0.6453772753861614,0.2789138967686525,-47.42038632193163,-125.06230409899288,0.31994321050595903,2.9217569050797345,0.867,H6 レンジ圧縮ブレイク(方向),taker,6,,,12.0
"H6 レンジ圧縮ブレイク(方向) {'channel': 12, 'hold': 6} hold=2",train,3240,-1.0312768138777875,0.5744239974838825,1.6057008113616693,-0.30692402147836434,0.1710876332995811,-22.584962223923544,-60.037177791814266,0.2868585525554124,2.0024642541306874,0.6485,H6 レンジ圧縮ブレイク(方向),half-maker,6,,,12.0
"H6 レンジ圧縮ブレイク(方向) {'channel': 12, 'hold': 6} hold=2",test,2111,-0.46139070409522304,1.612999195058756,2.0743898991539793,-0.13803573703350228,0.4826244694478319,-10.104456419685384,-74.43270910112538,0.37074141777593145,4.350739134394797,0.61325,H6 レンジ圧縮ブレイク(方向),half-maker,6,,,12.0
"H6 レンジ圧縮ブレイク(方向) {'channel': 12, 'hold': 6} hold=2",full,5399,-0.8552164875767961,0.9347962845291649,1.790012772105961,-0.2550432971211495,0.2789138967686525,-18.729241077931835,-83.05994727190715,0.31994321050595903,2.9217569050797345,0.68025,H6 レンジ圧縮ブレイク(方向),half-maker,6,,,12.0
"H6 レンジ圧縮ブレイク(方向) {'channel': 12, 'hold': 6} hold=2",train,3240,0.14413616865076376,0.5744239974838825,0.43028782883311867,0.042921846877157374,0.1710876332995811,3.1565820934517257,-55.0470789624374,0.2868585525554124,2.0024642541306874,0.47775,H6 レンジ圧縮ブレイク(方向),maker-only(理論上限),6,,,12.0
"H6 レンジ圧縮ブレイク(方向) {'channel': 12, 'hold': 6} hold=2",test,2111,1.0568870683948588,1.612999195058756,0.5561121266638971,0.3162353839937606,0.4826244694478319,23.14582679784741,-59.08753699677965,0.37074141777593145,4.350739134394797,0.41575,H6 レンジ圧縮ブレイク(方向),maker-only(理論上限),6,,,12.0
"H6 レンジ圧縮ブレイク(方向) {'channel': 12, 'hold': 6} hold=2",full,5399,0.45488146877022617,0.9347962845291649,0.4799148157589384,0.13570838059377868,0.2789138967686525,9.961904166067953,-70.3171319756587,0.31994321050595903,2.9217569050797345,0.44125,H6 レンジ圧縮ブレイク(方向),maker-only(理論上限),6,,,12.0
"H6 レンジ圧縮ブレイク(方向) {'channel': 12, 'hold': 6} hold=3",train,3240,0.431100002899573,2.9048449863011925,2.473744983401619,0.12595541657194576,0.849925509344442,9.44109006350065,-52.80988307513474,0.25530262323745284,11.37804598113919,0.4435,H6 レンジ圧縮ブレイク(方向),taker,6,,,12.0
"H6 レンジ圧縮ブレイク(方向) {'channel': 12, 'hold': 6} hold=3",test,2111,-3.621194281137113,-0.4102787204293018,3.2109155607078113,-1.1060624627083022,-0.1253595981918854,-79.30415475690278,-88.89276385951665,0.33183322248416613,-1.2364003741333611,0.891,H6 レンジ圧縮ブレイク(方向),taker,6,,,12.0
"H6 レンジ圧縮ブレイク(方向) {'channel': 12, 'hold': 6} hold=3",full,5399,-1.2587142091801184,1.5056827030764708,2.764396912256588,-0.37409986416905017,0.4479558587604337,-27.565841181044593,-116.40948655608616,0.2855923939158556,5.272138667390742,0.73275,H6 レンジ圧縮ブレイク(方向),taker,6,,,12.0
"H6 レンジ圧縮ブレイク(方向) {'channel': 12, 'hold': 6} hold=3",train,3240,1.4764955271722935,2.9048449863011925,1.4283494591288994,0.43169749526673146,0.849925509344442,32.335252045073226,-48.873290870611754,0.25530262323745284,11.37804598113919,0.288,H6 レンジ圧縮ブレイク(方向),half-maker,6,,,12.0
"H6 レンジ圧縮ブレイク(方向) {'channel': 12, 'hold': 6} hold=3",test,2111,-2.264611417646332,-0.4102787204293018,1.8543326972170306,-0.6919172067535565,-0.1253595981918854,-49.59499004645467,-71.56516066130872,0.33183322248416613,-1.2364003741333611,0.78125,H6 レンジ圧縮ブレイク(方向),half-maker,6,,,12.0
"H6 レンジ圧縮ブレイク(方向) {'channel': 12, 'hold': 6} hold=3",full,5399,-0.09071004848871604,1.5056827030764708,1.5963927515651857,-0.026974768452649858,0.4479558587604337,-1.9865500619028813,-80.60133076862316,0.2855923939158556,5.272138667390742,0.5295,H6 レンジ圧縮ブレイク(方向),half-maker,6,,,12.0
"H6 レンジ圧縮ブレイク(方向) {'channel': 12, 'hold': 6} hold=3",train,3240,2.521891051445013,2.9048449863011925,0.38295393485617923,0.7377468800164672,0.849925509344442,55.229414026645784,-44.93669866608878,0.25530262323745284,11.37804598113919,0.17375,H6 レンジ圧縮ブレイク(方向),maker-only(理論上限),6,,,12.0
"H6 レンジ圧縮ブレイク(方向) {'channel': 12, 'hold': 6} hold=3",test,2111,-0.9080285541555501,-0.4102787204293018,0.4977498337262491,-0.2774569822433409,-0.1253595981918854,-19.885825336006548,-57.12781160046612,0.33183322248416613,-1.2364003741333611,0.625,H6 レンジ圧縮ブレイク(方向),maker-only(理論上限),6,,,12.0
"H6 レンジ圧縮ブレイク(方向) {'channel': 12, 'hold': 6} hold=3",full,5399,1.0772941122026871,1.5056827030764708,0.4283885908737834,0.32047575448478727,0.4479558587604337,23.592741057238847,-63.7006607577995,0.2855923939158556,5.272138667390742,0.31275,H6 レンジ圧縮ブレイク(方向),maker-only(理論上限),6,,,12.0
"H6 レンジ圧縮ブレイク(方向) {'channel': 12, 'hold': 6} hold=6",train,3240,2.7010420733673812,4.5840578933852445,1.883015820017863,0.7573170021294698,1.2855302541590974,59.152821406745645,-47.54529738968057,0.19500774166370627,23.507055946991688,0.1615,H6 レンジ圧縮ブレイク(方向),taker,6,,,12.0
"H6 レンジ圧縮ブレイク(方向) {'channel': 12, 'hold': 6} hold=6",test,2111,-1.8404183979287074,0.6450415716940354,2.485459969622743,-0.5838078199040888,0.20441609533289218,-40.30516291463869,-93.14056672136827,0.2559046029269679,2.520632940229382,0.78575,H6 レンジ圧縮ブレイク(方向),taker,6,,,12.0
"H6 レンジ圧縮ブレイク(方向) {'channel': 12, 'hold': 6} hold=6",full,5399,0.7557506636655414,2.874899025587496,2.119148361921955,0.22190044104202516,0.8439368077095343,16.550939534275358,-93.14056672136832,0.21897693437346688,13.128775566308429,0.36225,H6 レンジ圧縮ブレイク(方向),taker,6,,,12.0
"H6 レンジ圧縮ブレイク(方向) {'channel': 12, 'hold': 6} hold=6",train,3240,3.4962941771285334,4.5840578933852445,1.087763716256711,0.9804766962164599,1.2855302541590974,76.56884247911489,-44.65015619578689,0.19500774166370627,23.507055946991688,0.093,H6 レンジ圧縮ブレイク(方向),half-maker,6,,,12.0
"H6 レンジ圧縮ブレイク(方向) {'channel': 12, 'hold': 6} hold=6",test,2111,-0.7896168653125614,0.6450415716940354,1.4346584370065978,-0.2504186855570343,0.20441609533289218,-17.292609350345096,-81.78560156296976,0.2559046029269679,2.520632940229382,0.66725,H6 レンジ圧縮ブレイク(方向),half-maker,6,,,12.0
"H6 レンジ圧縮ブレイク(方向) {'channel': 12, 'hold': 6} hold=6",full,5399,1.6510921438464194,2.874899025587496,1.2238068817410777,0.48480725720166934,0.8439368077095343,36.158917950236585,-81.7856015629699,0.21897693437346688,13.128775566308429,0.20775,H6 レンジ圧縮ブレイク(方向),half-maker,6,,,12.0
"H6 レンジ圧縮ブレイク(方向) {'channel': 12, 'hold': 6} hold=6",train,3240,4.291546280889683,4.5840578933852445,0.29251161249555935,1.2035170084876832,1.2855302541590974,93.98486355148408,-42.095972746805785,0.19500774166370627,23.507055946991688,0.05075,H6 レンジ圧縮ブレイク(方向),maker-only(理論上限),6,,,12.0
"H6 レンジ圧縮ブレイク(方向) {'channel': 12, 'hold': 6} hold=6",test,2111,0.26118466730358475,0.6450415716940354,0.3838569043904518,0.08278913972921007,0.20441609533289218,5.719944213948506,-70.43063640457119,0.2559046029269679,2.520632940229382,0.51275,H6 レンジ圧縮ブレイク(方向),maker-only(理論上限),6,,,12.0
"H6 レンジ圧縮ブレイク(方向) {'channel': 12, 'hold': 6} hold=6",full,5399,2.546433624027296,2.874899025587496,0.32846540156020027,0.7475808140483712,0.8439368077095343,55.766896366197784,-70.43063640457108,0.21897693437346688,13.128775566308429,0.102,H6 レンジ圧縮ブレイク(方向),maker-only(理論上限),6,,,12.0
"H6 レンジ圧縮ブレイク(方向) {'channel': 12, 'hold': 6} hold=12",train,3240,-1.7442865220499777,-0.6822839716580684,1.0620025503919097,-0.4736116378619789,-0.18519804311953114,-38.19987483289451,-108.34573937352658,0.11015859130118547,-6.193651930357665,0.73775,H6 レンジ圧縮ブレイク(方向),taker,6,,,12.0
"H6 レンジ圧縮ブレイク(方向) {'channel': 12, 'hold': 6} hold=12",test,2111,-2.5497069760217235,-1.1377245056969656,1.4119824703247574,-0.7650299220267499,-0.34138708532896106,-55.838582774875746,-116.06997817366975,0.14608673397272126,-7.788006992540558,0.8105,H6 レンジ圧縮ブレイク(方向),taker,6,,,12.0
"H6 レンジ圧縮ブレイク(方向) {'channel': 12, 'hold': 6} hold=12",full,5399,-1.9510177431990459,-0.7496782660993186,1.2013394770997279,-0.5503452484663693,-0.21142852191995024,-42.72728857605911,-141.25347822093173,0.12456064664424069,-6.0185803967482965,0.81575,H6 レンジ圧縮ブレイク(方向),taker,6,,,12.0
"H6 レンジ圧縮ブレイク(方向) {'channel': 12, 'hold': 6} hold=12",train,3240,-1.2959041903299127,-0.6822839716580684,0.6136202186718439,-0.3518438543340483,-0.18519804311953114,-28.380301768225085,-103.74400578975904,0.11015859130118547,-6.193651930357665,0.67725,H6 レンジ圧縮ブレイク(方向),half-maker,6,,,12.0
"H6 レンジ圧縮ブレイク(方向) {'channel': 12, 'hold': 6} hold=12",test,2111,-1.9532807913388859,-1.1377245056969656,0.8155562856419197,-0.586152164716902,-0.34138708532896106,-42.776849330321596,-109.75330937872573,0.14608673397272126,-7.788006992540558,0.75175,H6 レンジ圧縮ブレイク(方向),half-maker,6,,,12.0
"H6 レンジ圧縮ブレイク(方向) {'channel': 12, 'hold': 6} hold=12",full,5399,-1.4437684896323626,-0.7496782660993186,0.6940902235330443,-0.4072595691419735,-0.21142852191995024,-31.618529922948742,-123.03448859268211,0.12456064664424069,-6.0185803967482965,0.75425,H6 レンジ圧縮ブレイク(方向),half-maker,6,,,12.0
"H6 レンジ圧縮ブレイク(方向) {'channel': 12, 'hold': 6} hold=12",train,3240,-0.8475218586098466,-0.6822839716580684,0.16523788695177816,-0.23006737104440955,-0.18519804311953114,-18.56072870355564,-99.14227220599152,0.11015859130118547,-6.193651930357665,0.6245,H6 レンジ圧縮ブレイク(方向),maker-only(理論上限),6,,,12.0
"H6 レンジ圧縮ブレイク(方向) {'channel': 12, 'hold': 6} hold=12",test,2111,-1.3568546066560478,-1.1377245056969656,0.2191301009590819,-0.4071577821789007,-0.34138708532896106,-29.715115885767446,-103.43664058378172,0.14608673397272126,-7.788006992540558,0.67325,H6 レンジ圧縮ブレイク(方向),maker-only(理論上限),6,,,12.0
"H6 レンジ圧縮ブレイク(方向) {'channel': 12, 'hold': 6} hold=12",full,5399,-0.93651923606568,-0.7496782660993186,0.18684096996636101,-0.2641402887146989,-0.21142852191995024,-20.509771269838392,-104.81549896443245,0.12456064664424069,-6.0185803967482965,0.67775,H6 レンジ圧縮ブレイク(方向),maker-only(理論上限),6,,,12.0
"H6 レンジ圧縮ブレイク(方向) {'channel': 12, 'hold': 12} hold=1",train,3240,-0.11940375185081473,2.179148415915588,2.2985521677664025,-0.035800808965734524,0.6538012808502518,-2.6149421655328426,-59.83578579800059,0.22977129424944923,9.483988950986255,0.53325,H6 レンジ圧縮ブレイク(方向),taker,12,,,12.0
"H6 レンジ圧縮ブレイク(方向) {'channel': 12, 'hold': 12} hold=1",test,2111,-4.784457719995614,-2.0179915774874213,2.7664661425081922,-1.6432779525080545,-0.6930161851979891,-104.77962406790395,-100.08500194006484,0.2755113116060366,-7.324532578078024,0.97325,H6 レンジ圧縮ブレイク(方向),taker,12,,,12.0
"H6 レンジ圧縮ブレイク(方向) {'channel': 12, 'hold': 12} hold=1",full,5399,-2.1556664654058317,0.32517679356879375,2.4808432589746254,-0.6793923458374446,0.10252765621400604,-47.20909559238771,-162.8702064897931,0.24762494236066374,1.3131827128107971,0.8715,H6 レンジ圧縮ブレイク(方向),taker,12,,,12.0
"H6 レンジ圧縮ブレイク(方向) {'channel': 12, 'hold': 12} hold=1",train,3240,0.8575438613452993,2.179148415915588,1.3216045545702881,0.2572016187953038,0.6538012808502518,18.780210563462056,-55.2765383588689,0.22977129424944923,9.483988950986255,0.3805,H6 レンジ圧縮ブレイク(方向),half-maker,12,,,12.0
"H6 レンジ圧縮ブレイク(方向) {'channel': 12, 'hold': 12} hold=1",test,2111,-3.607858132446045,-2.0179915774874213,1.5898665549586235,-1.23917130303967,-0.6930161851979891,-79.01209310056838,-75.27837353578235,0.2755113116060366,-7.324532578078024,0.93575,H6 レンジ圧縮ブレイク(方向),half-maker,12,,,12.0
"H6 レンジ圧縮ブレイク(方向) {'channel': 12, 'hold': 12} hold=1",full,5399,-1.1009635426890176,0.32517679356879375,1.4261403362578102,-0.3470666217224757,0.10252765621400604,-24.111101584889486,-131.53323994948755,0.24762494236066374,1.3131827128107971,0.7245,H6 レンジ圧縮ブレイク(方向),half-maker,12,,,12.0
"H6 レンジ圧縮ブレイク(方向) {'channel': 12, 'hold': 12} hold=1",train,3240,1.8344914745414134,2.179148415915588,0.3446569413741739,0.550352960559382,0.6538012808502518,40.17536329245696,-50.8928202065299,0.22977129424944923,9.483988950986255,0.24375,H6 レンジ圧縮ブレイク(方向),maker-only(理論上限),12,,,12.0
"H6 レンジ圧縮ブレイク(方向) {'channel': 12, 'hold': 12} hold=1",test,2111,-2.431258544896476,-2.0179915774874213,0.4132669674090548,-0.8349805694030077,-0.6930161851979891,-53.24456213323282,-55.03518244474449,0.2755113116060366,-7.324532578078024,0.864,H6 レンジ圧縮ブレイク(方向),maker-only(理論上限),12,,,12.0
"H6 レンジ圧縮ブレイク(方向) {'channel': 12, 'hold': 12} hold=1",full,5399,-0.046260619972202356,0.32517679356879375,0.3714374135409956,-0.014585318254008014,0.10252765621400604,-1.0131075773912317,-100.19627340918196,0.24762494236066374,1.3131827128107971,0.51625,H6 レンジ圧縮ブレイク(方向),maker-only(理論上限),12,,,12.0
"H6 レンジ圧縮ブレイク(方向) {'channel': 12, 'hold': 12} hold=2",train,3240,-1.1986650019645821,0.7837257537832227,1.9823907557478042,-0.3650730674570786,0.23885155667961513,-26.250763543024348,-70.1711596657966,0.19891030964522718,3.940096193008104,0.691,H6 レンジ圧縮ブレイク(方向),taker,12,,,12.0
"H6 レンジ圧縮ブレイク(方向) {'channel': 12, 'hold': 12} hold=2",test,2111,-4.438679045043554,-2.0090887918183093,2.4295902532252445,-1.509969820472007,-0.6837053641667057,-97.20707108645384,-92.74731550071577,0.2436870919469998,-8.244543343540215,0.9625,H6 レンジ圧縮ブレイク(方向),taker,12,,,12.0
"H6 レンジ圧縮ブレイク(方向) {'channel': 12, 'hold': 12} hold=2",full,5399,-2.618205177577134,-0.4626858750422228,2.1555193025349113,-0.8313683770418089,-0.14699945033837356,-57.338693388939234,-162.94933024567004,0.21627760497017026,-2.139314771430162,0.918,H6 レンジ圧縮ブレイク(方向),taker,12,,,12.0
"H6 レンジ圧縮ブレイク(方向) {'channel': 12, 'hold': 12} hold=2",train,3240,-0.35665235632459996,0.7837257537832227,1.1403781101078225,-0.10866236502155567,0.23885155667961513,-7.810686603508739,-61.92065137278176,0.19891030964522718,3.940096193008104,0.57025,H6 レンジ圧縮ブレイク(方向),half-maker,12,,,12.0
"H6 レンジ圧縮ブレイク(方向) {'channel': 12, 'hold': 12} hold=2",test,2111,-3.406649237391182,-2.0090887918183093,1.3975604455728718,-1.1591711196557608,-0.6837053641667057,-74.60561829886689,-74.2805612599443,0.2436870919469998,-8.244543343540215,0.92275,H6 レンジ圧縮ブレイク(方向),half-maker,12,,,12.0
"H6 レンジ圧縮ブレイク(方向) {'channel': 12, 'hold': 12} hold=2",full,5399,-1.7026537300373061,-0.4626858750422228,1.2399678549950834,-0.5408199248905305,-0.14699945033837356,-37.288116687817,-130.63218232601167,0.21627760497017026,-2.139314771430162,0.82075,H6 レンジ圧縮ブレイク(方向),half-maker,12,,,12.0
"H6 レンジ圧縮ブレイク(方向) {'channel': 12, 'hold': 12} hold=2",train,3240,0.48536028931538167,0.7837257537832227,0.29836546446784074,0.14791305133987662,0.23885155667961513,10.629390336006859,-57.9702520111018,0.19891030964522718,3.940096193008104,0.4355,H6 レンジ圧縮ブレイク(方向),maker-only(理論上限),12,,,12.0
"H6 レンジ圧縮ブレイク(方向) {'channel': 12, 'hold': 12} hold=2",test,2111,-2.3746194297388095,-2.0090887918183093,0.3655306379204998,-0.8080984760163249,-0.6837053641667057,-52.00416551127992,-63.495602139697716,0.2436870919469998,-8.244543343540215,0.85225,H6 レンジ圧縮ブレイク(方向),maker-only(理論上限),12,,,12.0
"H6 レンジ圧縮ブレイク(方向) {'channel': 12, 'hold': 12} hold=2",full,5399,-0.7871022824974777,-0.4626858750422228,0.32441640745525535,-0.2500611112687547,-0.14699945033837356,-17.23753998669476,-102.6151433376886,0.21627760497017026,-2.139314771430162,0.66475,H6 レンジ圧縮ブレイク(方向),maker-only(理論上限),12,,,12.0
"H6 レンジ圧縮ブレイク(方向) {'channel': 12, 'hold': 12} hold=3",train,3240,0.1878330962319157,1.9595172185762368,1.771684122344321,0.05741969597749058,0.5996543310586938,4.113544807478954,-63.56892382824575,0.17848767346556638,10.978445628931706,0.482,H6 レンジ圧縮ブレイク(方向),taker,12,,,12.0
"H6 レンジ圧縮ブレイク(方向) {'channel': 12, 'hold': 12} hold=3",test,2111,-4.583185455913473,-2.3754039639346187,2.2077814919788543,-1.5810568524111572,-0.8204196934322455,-100.37176148450504,-103.55032817629089,0.22268629212448607,-10.667041699211197,0.95425,H6 レンジ圧縮ブレイク(方向),taker,12,,,12.0
"H6 レンジ圧縮ブレイク(方向) {'channel': 12, 'hold': 12} hold=3",full,5399,-1.8645336335884748,0.07632998529286229,1.940863618881337,-0.5961950110311846,0.024434204963174475,-40.8332865755876,-168.4940448931166,0.19565022183948705,0.3901349284208019,0.83675,H6 レンジ圧縮ブレイク(方向),taker,12,,,12.0
"H6 レンジ圧縮ブレイク(方向) {'channel': 12, 'hold': 12} hold=3",train,3240,0.939809402304901,1.9595172185762368,1.0197078162713353,0.2874448256638633,0.5996543310586938,20.58182591047733,-56.96681254222922,0.17848767346556638,10.978445628931706,0.35775,H6 レンジ圧縮ブレイク(方向),half-maker,12,,,12.0
"H6 レンジ圧縮ブレイク(方向) {'channel': 12, 'hold': 12} hold=3",test,2111,-3.6463094290174105,-2.3754039639346187,1.2709054650827911,-1.2586224428471706,-0.8204196934322455,-79.8541764954813,-93.76909476241062,0.22268629212448607,-10.667041699211197,0.919,H6 レンジ圧縮ブレイク(方向),half-maker,12,,,12.0
"H6 レンジ圧縮ブレイク(方向) {'channel': 12, 'hold': 12} hold=3",full,5399,-1.0408394905274216,0.07632998529286229,1.117169475820284,-0.33299769870931545,0.024434204963174475,-22.794384842550535,-141.69830338725674,0.19565022183948705,0.3901349284208019,0.7075,H6 レンジ圧縮ブレイク(方向),half-maker,12,,,12.0
"H6 レンジ圧縮ブレイク(方向) {'channel': 12, 'hold': 12} hold=3",train,3240,1.6917857083778873,1.9595172185762368,0.2677315101983495,0.5176526948221835,0.5996543310586938,37.05010701347574,-52.202356205697996,0.17848767346556638,10.978445628931706,0.2555,H6 レンジ圧縮ブレイク(方向),maker-only(理論上限),12,,,12.0
"H6 レンジ圧縮ブレイク(方向) {'channel': 12, 'hold': 12} hold=3",test,2111,-2.7094334021213475,-2.3754039639346187,0.3340294381867291,-0.9356562869968955,-0.8204196934322455,-59.336591506457516,-83.98786134853029,0.22268629212448607,-10.667041699211197,0.85825,H6 レンジ圧縮ブレイク(方向),maker-only(理論上限),12,,,12.0
"H6 レンジ圧縮ブレイク(方向) {'channel': 12, 'hold': 12} hold=3",full,5399,-0.21714534746636807,0.07632998529286229,0.29347533275923054,-0.06950140158032955,0.024434204963174475,-4.75548310951346,-116.74021683088216,0.19565022183948705,0.3901349284208019,0.5455,H6 レンジ圧縮ブレイク(方向),maker-only(理論上限),12,,,12.0
"H6 レンジ圧縮ブレイク(方向) {'channel': 12, 'hold': 12} hold=6",train,3240,0.08365792719194566,1.483557615926595,1.3998996887346498,0.02558932755694026,0.45387970918107945,1.8321086055036102,-51.60368082774664,0.14215277050220254,10.436360900216211,0.487,H6 レンジ圧縮ブレイク(方向),taker,12,,,12.0
"H6 レンジ圧縮ブレイク(方向) {'channel': 12, 'hold': 12} hold=6",test,2111,-3.4172212533227477,-1.6461558693746308,1.771065383948116,-1.2164829927246354,-0.5862312093435671,-74.83714544776817,-91.73301949939241,0.17924006006136778,-9.184084566870954,0.9295,H6 レンジ圧縮ブレイク(方向),taker,12,,,12.0
"H6 レンジ圧縮ブレイク(方向) {'channel': 12, 'hold': 12} hold=6",full,5399,-1.3205453138683907,0.22316706517167648,1.5437123790400673,-0.4271982327601454,0.07221367482569373,-28.919942373717756,-113.79638123134885,0.156568834075225,1.4253607142814493,0.7675,H6 レンジ圧縮ブレイク(方向),taker,12,,,12.0
"H6 レンジ圧縮ブレイク(方向) {'channel': 12, 'hold': 12} hold=6",train,3240,0.6769931936826191,1.483557615926595,0.8065644222439768,0.20711235611664597,0.45387970918107945,14.82615094164936,-49.31701818555142,0.14215277050220254,10.436360900216211,0.3815,H6 レンジ圧縮ブレイク(方向),half-maker,12,,,12.0
"H6 レンジ圧縮ブレイク(方向) {'channel': 12, 'hold': 12} hold=6",test,2111,-2.666118606394714,-1.6461558693746308,1.0199627370200839,-0.9493755847817946,-0.5862312093435671,-58.38799748004424,-83.78367027823404,0.17924006006136778,-9.184084566870954,0.88025,H6 レンジ圧縮ブレイク(方向),half-maker,12,,,12.0
"H6 レンジ圧縮ブレイク(方向) {'channel': 12, 'hold': 12} hold=6",full,5399,-0.666115749904776,0.22316706517167648,0.8892828150764523,-0.21553358339059364,0.07221367482569373,-14.587934922914595,-94.14972740458909,0.156568834075225,1.4253607142814493,0.64225,H6 レンジ圧縮ブレイク(方向),half-maker,12,,,12.0
"H6 レンジ圧縮ブレイク(方向) {'channel': 12, 'hold': 12} hold=6",train,3240,1.2703284601732912,1.483557615926595,0.2132291557533038,0.38864693149897284,0.45387970918107945,27.82019327779508,-47.04001435969385,0.14215277050220254,10.436360900216211,0.2895,H6 レンジ圧縮ブレイク(方向),maker-only(理論上限),12,,,12.0
"H6 レンジ圧縮ブレイク(方向) {'channel': 12, 'hold': 12} hold=6",test,2111,-1.915015959466683,-1.6461558693746308,0.2688600900920516,-0.6819790868013341,-0.5862312093435671,-41.93884951232036,-75.8343210570757,0.17924006006136778,-9.184084566870954,0.80075,H6 レンジ圧縮ブレイク(方向),maker-only(理論上限),12,,,12.0
"H6 レンジ圧縮ブレイク(方向) {'channel': 12, 'hold': 12} hold=6",full,5399,-0.011686185941161492,0.22316706517167648,0.23485325111283756,-0.003781498331716729,0.07221367482569373,-0.2559274721114367,-75.83432105707564,0.156568834075225,1.4253607142814493,0.4955,H6 レンジ圧縮ブレイク(方向),maker-only(理論上限),12,,,12.0
"H6 レンジ圧縮ブレイク(方向) {'channel': 12, 'hold': 12} hold=12",train,3240,-1.7535644576622842,-0.7311619917033679,1.0224024659589162,-0.5325232172194466,-0.22196992407843325,-38.403061622804024,-102.42178807393437,0.10538720381650397,-6.937863091770025,0.76725,H6 レンジ圧縮ブレイク(方向),taker,12,,,12.0
"H6 レンジ圧縮ブレイク(方向) {'channel': 12, 'hold': 12} hold=12",test,2111,-3.3500236022352934,-2.069187762226629,1.2808358400086646,-1.2024557039894097,-0.742982451757201,-73.36551688895293,-82.0360079481634,0.1322121268236605,-15.650514154321357,0.898,H6 レンジ圧縮ブレイク(方向),taker,12,,,12.0
"H6 レンジ圧縮ブレイク(方向) {'channel': 12, 'hold': 12} hold=12",full,5399,-2.2923720393682547,-1.1685089402142614,1.123863099153993,-0.7387874761670934,-0.37654761968984113,-50.20294766216479,-160.19162395262953,0.11599346909988695,-10.073920103277612,0.8895,H6 レンジ圧縮ブレイク(方向),taker,12,,,12.0
"H6 レンジ圧縮ブレイク(方向) {'channel': 12, 'hold': 12} hold=12",train,3240,-1.3214036275452044,-0.7311619917033679,0.5902416358418361,-0.4012628846583378,-0.22196992407843325,-28.938739443239974,-96.0867690199892,0.10538720381650397,-6.937863091770025,0.7105,H6 レンジ圧縮ブレイク(方向),half-maker,12,,,12.0
"H6 レンジ圧縮ブレイク(方向) {'channel': 12, 'hold': 12} hold=12",test,2111,-2.8087647773487063,-2.069187762226629,0.7395770151220776,-1.00846595456278,-0.742982451757201,-61.511948623936675,-72.44591895496086,0.1322121268236605,-15.650514154321357,0.8595,H6 レンジ圧縮ブレイク(方向),half-maker,12,,,12.0
"H6 レンジ圧縮ブレイク(方向) {'channel': 12, 'hold': 12} hold=12",full,5399,-1.817435591616173,-1.1685089402142614,0.6489266514019116,-0.5857544708910328,-0.37654761968984113,-39.80183945639419,-141.18931936294211,0.11599346909988695,-10.073920103277612,0.8385,H6 レンジ圧縮ブレイク(方向),half-maker,12,,,12.0
"H6 レンジ圧縮ブレイク(方向) {'channel': 12, 'hold': 12} hold=12",train,3240,-0.8892427974281243,-0.7311619917033679,0.15808080572475594,-0.2699852107679809,-0.22196992407843325,-19.47441726367592,-89.75174996604399,0.10538720381650397,-6.937863091770025,0.64925,H6 レンジ圧縮ブレイク(方向),maker-only(理論上限),12,,,12.0
"H6 レンジ圧縮ブレイク(方向) {'channel': 12, 'hold': 12} hold=12",test,2111,-2.2675059524621193,-2.069187762226629,0.1983181902354907,-0.8142027554764527,-0.742982451757201,-49.65838035892042,-62.85582996175816,0.1322121268236605,-15.650514154321357,0.8075,H6 レンジ圧縮ブレイク(方向),maker-only(理論上限),12,,,12.0
"H6 レンジ圧縮ブレイク(方向) {'channel': 12, 'hold': 12} hold=12",full,5399,-1.3424991438640916,-1.1685089402142614,0.1739902036498304,-0.43264417769940944,-0.37654761968984113,-29.400731250623608,-122.18701477325466,0.11599346909988695,-10.073920103277612,0.76275,H6 レンジ圧縮ブレイク(方向),maker-only(理論上限),12,,,12.0
"H6 レンジ圧縮ブレイク(方向) {'channel': 24, 'hold': 3} hold=1",train,3240,-3.3871181354922806,0.7611072528820665,4.148225388374347,-0.9750826892639677,0.21920616537838877,-74.17788716728094,-142.7756903992518,0.43614059332906596,1.7450961101156084,0.886,H6 レンジ圧縮ブレイク(方向),taker,3,,,24.0
"H6 レンジ圧縮ブレイク(方向) {'channel': 24, 'hold': 3} hold=1",test,2111,-6.929176750035599,-0.9032274905508231,6.025949259484776,-1.8777644509768359,-0.24498600821988228,-151.74897082577962,-152.84756883142967,0.6334145988453411,-1.425965697976218,0.983,H6 レンジ圧縮ブレイク(方向),taker,3,,,24.0
"H6 レンジ圧縮ブレイク(方向) {'channel': 24, 'hold': 3} hold=1",full,5399,-4.985249092343978,-0.08786267388573397,4.897386418458243,-1.400927367807033,-0.02470886627617219,-109.17695512233311,-299.0131433670515,0.5152719875837402,-0.17051707836427818,0.99125,H6 レンジ圧縮ブレイク(方向),taker,3,,,24.0
"H6 レンジ圧縮ブレイク(方向) {'channel': 24, 'hold': 3} hold=1",train,3240,-1.640110886301907,0.7611072528820665,2.401218139183973,-0.4723080175915152,0.21920616537838877,-35.91842841001176,-100.1580062859213,0.43614059332906596,1.7450961101156084,0.73325,H6 レンジ圧縮ブレイク(方向),half-maker,3,,,24.0
"H6 レンジ圧縮ブレイク(方向) {'channel': 24, 'hold': 3} hold=1",test,2111,-4.391263069427216,-0.9032274905508231,3.4880355788763935,-1.1906128981507378,-0.24498600821988228,-96.16866122045604,-106.0829536090064,0.6334145988453411,-1.425965697976218,0.91725,H6 レンジ圧縮ブレイク(方向),half-maker,3,,,24.0
"H6 レンジ圧縮ブレイク(方向) {'channel': 24, 'hold': 3} hold=1",full,5399,-2.9230098738026613,-0.08786267388573397,2.835147199916926,-0.8217768371663745,-0.02470886627617219,-64.01391623627829,-201.45119549390876,0.5152719875837402,-0.17051707836427818,0.91225,H6 レンジ圧縮ブレイク(方向),half-maker,3,,,24.0
"H6 レンジ圧縮ブレイク(方向) {'channel': 24, 'hold': 3} hold=1",train,3240,0.1068963628884686,0.7611072528820665,0.6542108899935988,0.03078754608117255,0.21920616537838877,2.3410303472574623,-71.36622955684243,0.43614059332906596,1.7450961101156084,0.48475,H6 レンジ圧縮ブレイク(方向),maker-only(理論上限),3,,,24.0
"H6 レンジ圧縮ブレイク(方向) {'channel': 24, 'hold': 3} hold=1",test,2111,-1.8533493888188353,-0.9032274905508231,0.9501218982680116,-0.5026659497448964,-0.24498600821988228,-40.588351615132495,-81.6417831679249,0.6334145988453411,-1.425965697976218,0.73825,H6 レンジ圧縮ブレイク(方向),maker-only(理論上限),3,,,24.0
"H6 レンジ圧縮ブレイク(方向) {'channel': 24, 'hold': 3} hold=1",full,5399,-0.8607706552613447,-0.08786267388573397,0.7729079813756102,-0.2420599393246692,-0.02470886627617219,-18.85087735022345,-124.35260842784317,0.5152719875837402,-0.17051707836427818,0.6685,H6 レンジ圧縮ブレイク(方向),maker-only(理論上限),3,,,24.0
"H6 レンジ圧縮ブレイク(方向) {'channel': 24, 'hold': 3} hold=2",train,3240,-1.1214437533774813,2.300506726467097,3.4219504798445795,-0.32870826857609514,0.6744654332089353,-24.559618198966838,-93.04434655522131,0.36051611188574606,6.38114816681527,0.6485,H6 レンジ圧縮ブレイク(方向),taker,3,,,24.0
"H6 レンジ圧縮ブレイク(方向) {'channel': 24, 'hold': 3} hold=2",test,2111,-3.6958085475863083,1.3028109519043927,4.9986194994907,-0.9785907956209228,0.34506476914590467,-80.93820719214015,-114.43791710266014,0.5238964918935981,2.4867716658980603,0.889,H6 レンジ圧縮ブレイク(方向),taker,3,,,24.0
"H6 レンジ圧縮ブレイク(方向) {'channel': 24, 'hold': 3} hold=2",full,5399,-2.373324153751859,1.6816333177881968,4.054957471540056,-0.6667331880133308,0.4725383472377186,-51.97579896716571,-180.620024306223,0.42647730422720853,3.9430780984591287,0.8925,H6 レンジ圧縮ブレイク(方向),taker,3,,,24.0
"H6 レンジ圧縮ブレイク(方向) {'channel': 24, 'hold': 3} hold=2",train,3240,0.3191444026304992,2.300506726467097,1.9813623238365992,0.09356922551820668,0.6744654332089353,6.989262417607933,-66.74515403189076,0.36051611188574606,6.38114816681527,0.4295,H6 レンジ圧縮ブレイク(方向),half-maker,3,,,24.0
"H6 レンジ圧縮ブレイク(方向) {'channel': 24, 'hold': 3} hold=2",test,2111,-1.5894211667611562,1.3028109519043927,2.8922321186655493,-0.42097267989731557,0.34506476914590467,-34.80832355206932,-94.57113524929312,0.5238964918935981,2.4867716658980603,0.72775,H6 レンジ圧縮ブレイク(方向),half-maker,3,,,24.0
"H6 レンジ圧縮ブレイク(方向) {'channel': 24, 'hold': 3} hold=2",full,5399,-0.6657033961522377,1.6816333177881968,2.347336713940434,-0.18706515757241124,0.4725383472377186,-14.578904375734005,-125.68520811247252,0.42647730422720853,3.9430780984591287,0.658,H6 レンジ圧縮ブレイク(方向),half-maker,3,,,24.0
"H6 レンジ圧縮ブレイク(方向) {'channel': 24, 'hold': 3} hold=2",train,3240,1.7597325586384793,2.300506726467097,0.540774167828619,0.5159463525911251,0.6744654332089353,38.538143034182696,-58.45611362803525,0.36051611188574606,6.38114816681527,0.25275,H6 レンジ圧縮ブレイク(方向),maker-only(理論上限),3,,,24.0
"H6 レンジ圧縮ブレイク(方向) {'channel': 24, 'hold': 3} hold=2",test,2111,0.5169662140639946,1.3028109519043927,0.785844737840397,0.13692760472864612,0.34506476914590467,11.321560088001482,-74.84670734803524,0.5238964918935981,2.4867716658980603,0.47625,H6 レンジ圧縮ブレイク(方向),maker-only(理論上限),3,,,24.0
"H6 レンジ圧縮ブレイク(方向) {'channel': 24, 'hold': 3} hold=2",full,5399,1.0419173614473847,1.6816333177881968,0.6397159563408127,0.29279013176573526,0.4725383472377186,22.817990215697723,-101.28900873097845,0.42647730422720853,3.9430780984591287,0.33475,H6 レンジ圧縮ブレイク(方向),maker-only(理論上限),3,,,24.0
"H6 レンジ圧縮ブレイク(方向) {'channel': 24, 'hold': 3} hold=3",train,3240,-2.5884326979795014,0.34218573257589413,2.9306184305553944,-0.7625289861102724,0.10087774866870707,-56.686676085751074,-132.96196378709345,0.3104617783769914,1.1021831233614225,0.82125,H6 レンジ圧縮ブレイク(方向),taker,3,,,24.0
"H6 レンジ圧縮ブレイク(方向) {'channel': 24, 'hold': 3} hold=3",test,2111,-3.928331355552667,0.38284419968345235,4.31117555523612,-1.0393561285100268,0.10131994322019118,-86.0304566866034,-102.55629167773567,0.4532842268361928,0.8446007538263715,0.8975,H6 レンジ圧縮ブレイク(方向),taker,3,,,24.0
"H6 レンジ圧縮ブレイク(方向) {'channel': 24, 'hold': 3} hold=3",full,5399,-3.2730869422853197,0.21016136343758865,3.483248305722909,-0.9213751299460761,0.05919165413934669,-71.6806040360485,-221.4146964057289,0.36794427471339286,0.5711771533917522,0.93925,H6 レンジ圧縮ブレイク(方向),taker,3,,,24.0
"H6 レンジ圧縮ブレイク(方向) {'channel': 24, 'hold': 3} hold=3",train,3240,-1.355969816484547,0.34218573257589413,1.698155549060441,-0.39964356037945536,0.10087774866870707,-29.695738981011576,-104.78171222322293,0.3104617783769914,1.1021831233614225,0.683,H6 レンジ圧縮ブレイク(方向),half-maker,3,,,24.0
"H6 レンジ圧縮ブレイク(方向) {'channel': 24, 'hold': 3} hold=3",test,2111,-2.1127067480617523,0.38284419968345235,2.4955509477452043,-0.5591488285515163,0.10131994322019118,-46.26827778255237,-81.70611785342199,0.4532842268361928,0.8446007538263715,0.75375,H6 レンジ圧縮ブレイク(方向),half-maker,3,,,24.0
"H6 レンジ圧縮ブレイク(方向) {'channel': 24, 'hold': 3} hold=3",full,5399,-1.807420995458911,0.21016136343758865,2.017582358896499,-0.5089926147208912,0.05919165413934669,-39.58251980055015,-151.94330043661083,0.36794427471339286,0.5711771533917522,0.81,H6 レンジ圧縮ブレイク(方向),half-maker,3,,,24.0
"H6 レンジ圧縮ブレイク(方向) {'channel': 24, 'hold': 3} hold=3",train,3240,-0.12350693498959371,0.34218573257589413,0.4656926675654871,-0.036409369900283775,0.10087774866870707,-2.7048018762721027,-86.85676737035253,0.3104617783769914,1.1021831233614225,0.5035,H6 レンジ圧縮ブレイク(方向),maker-only(理論上限),3,,,24.0
"H6 レンジ圧縮ブレイク(方向) {'channel': 24, 'hold': 3} hold=3",test,2111,-0.2970821405708378,0.38284419968345235,0.679926340254289,-0.07862734359779933,0.10131994322019118,-6.506098878501347,-67.51431842058453,0.4532842268361928,0.8446007538263715,0.54175,H6 レンジ圧縮ブレイク(方向),maker-only(理論上限),3,,,24.0
"H6 レンジ圧縮ブレイク(方向) {'channel': 24, 'hold': 3} hold=3",full,5399,-0.3417550486325008,0.21016136343758865,0.5519164120700893,-0.09625569911550066,0.05919165413934669,-7.484435565051767,-107.13095994002133,0.36794427471339286,0.5711771533917522,0.57625,H6 レンジ圧縮ブレイク(方向),maker-only(理論上限),3,,,24.0
"H6 レンジ圧縮ブレイク(方向) {'channel': 24, 'hold': 3} hold=6",train,3240,4.016352209025282,5.671854248429508,1.6555020394042261,1.1042760629528239,1.5579558950541899,87.95811337765367,-64.73100877083012,0.1733438661465474,32.720247762527926,0.06525,H6 レンジ圧縮ブレイク(方向),taker,3,,,24.0
"H6 レンジ圧縮ブレイク(方向) {'channel': 24, 'hold': 3} hold=6",test,2111,-1.2407134146781418,1.1826917826935304,2.4234051973716726,-0.33415838199412423,0.31844866927626203,-27.17162378145131,-102.48952042102077,0.24843557582127637,4.760557254265204,0.6505,H6 レンジ圧縮ブレイク(方向),taker,3,,,24.0
"H6 レンジ圧縮ブレイク(方向) {'channel': 24, 'hold': 3} hold=6",full,5399,1.8687750102736904,3.830700791369527,1.9619257810958375,0.5102045295402108,1.0451405776276579,40.92617272499382,-102.48952042102073,0.20364647585614176,18.81054300235266,0.19525,H6 レンジ圧縮ブレイク(方向),taker,3,,,24.0
"H6 レンジ圧縮ブレイク(方向) {'channel': 24, 'hold': 3} hold=6",train,3240,4.714095329117483,5.671854248429508,0.9577589193120237,1.2957176649226156,1.5579558950541899,103.23868770767288,-60.53744131051262,0.1733438661465474,32.720247762527926,0.03825,H6 レンジ圧縮ブレイク(方向),half-maker,3,,,24.0
"H6 レンジ圧縮ブレイク(方向) {'channel': 24, 'hold': 3} hold=6",test,2111,-0.2153374978582635,1.1826917826935304,1.3980292805517935,-0.057997991380563045,0.31844866927626203,-4.715891203095971,-91.94059873113767,0.24843557582127637,4.760557254265204,0.52325,H6 レンジ圧縮ブレイク(方向),half-maker,3,,,24.0
"H6 レンジ圧縮ブレイク(方向) {'channel': 24, 'hold': 3} hold=6",full,5399,2.6970030439295023,3.830700791369527,1.1336977474400254,0.736199311295428,1.0451405776276579,59.0643666620561,-91.94059873113751,0.20364647585614176,18.81054300235266,0.1025,H6 レンジ圧縮ブレイク(方向),half-maker,3,,,24.0
"H6 レンジ圧縮ブレイク(方向) {'channel': 24, 'hold': 3} hold=6",train,3240,5.411838449209687,5.671854248429508,0.2600157992198211,1.4868230221972916,1.5579558950541899,118.51926203769214,-56.34387385019516,0.1733438661465474,32.720247762527926,0.019,H6 レンジ圧縮ブレイク(方向),maker-only(理論上限),3,,,24.0
"H6 レンジ圧縮ブレイク(方向) {'channel': 24, 'hold': 3} hold=6",test,2111,0.8100384189616164,1.1826917826935304,0.37265336373191454,0.21813064572269766,0.31844866927626203,17.7398413752594,-81.39167704125471,0.24843557582127637,4.760557254265204,0.39925,H6 レンジ圧縮ブレイク(方向),maker-only(理論上限),3,,,24.0
"H6 レンジ圧縮ブレイク(方向) {'channel': 24, 'hold': 3} hold=6",full,5399,3.525231077585315,3.830700791369527,0.3054697137842126,0.9619478322028953,1.0451405776276579,77.20256059911839,-81.39167704125498,0.20364647585614176,18.81054300235266,0.04875,H6 レンジ圧縮ブレイク(方向),maker-only(理論上限),3,,,24.0
"H6 レンジ圧縮ブレイク(方向) {'channel': 24, 'hold': 3} hold=12",train,3240,1.8860028210716133,2.7108726928199287,0.8248698717483155,0.4995287583623441,0.7177079344473984,41.30346178146833,-77.76014415843859,0.08617931202716969,31.45618860319137,0.2475,H6 レンジ圧縮ブレイク(方向),taker,3,,,24.0
"H6 レンジ圧縮ブレイク(方向) {'channel': 24, 'hold': 3} hold=12",test,2111,1.9251172765400866,3.152737116600186,1.227619840060099,0.5362863083477715,0.878410858643914,42.160068356227896,-78.81319012331647,0.12532852871224415,25.15578176010435,0.28625,H6 レンジ圧縮ブレイク(方向),taker,3,,,24.0
"H6 レンジ圧縮ブレイク(方向) {'channel': 24, 'hold': 3} hold=12",full,5399,2.0524085076767045,3.038092248593051,0.9856837409163459,0.5552009922579051,0.8216528293236578,44.947746318119826,-78.81319012331633,0.1020632515428,29.76675936410897,0.1655,H6 レンジ圧縮ブレイク(方向),taker,3,,,24.0
"H6 レンジ圧縮ブレイク(方向) {'channel': 24, 'hold': 3} hold=12",train,3240,2.2338032729253934,2.7108726928199287,0.477069419894535,0.5915733073381122,0.7177079344473984,48.92029167706611,-74.07391079874269,0.08617931202716969,31.45618860319137,0.2075,H6 レンジ圧縮ブレイク(方向),half-maker,3,,,24.0
"H6 レンジ圧縮ブレイク(方向) {'channel': 24, 'hold': 3} hold=12",test,2111,2.4449308000359524,3.152737116600186,0.7078063165642327,0.6811944876018431,0.878410858643914,53.543984520787355,-73.53930315830792,0.12532852871224415,25.15578176010435,0.23775,H6 レンジ圧縮ブレイク(方向),half-maker,3,,,24.0
"H6 レンジ圧縮ブレイク(方向) {'channel': 24, 'hold': 3} hold=12",full,5399,2.4687029394777773,3.038092248593051,0.5693893091152729,0.6677903324131162,0.8216528293236578,54.06459437456333,-74.07391079874269,0.1020632515428,29.76675936410897,0.11625,H6 レンジ圧縮ブレイク(方向),half-maker,3,,,24.0
"H6 レンジ圧縮ブレイク(方向) {'channel': 24, 'hold': 3} hold=12",train,3240,2.5816037247791748,2.7108726928199287,0.12926896804075452,0.6835454439813189,0.7177079344473984,56.53712157266393,-70.38767743904691,0.08617931202716969,31.45618860319137,0.172,H6 レンジ圧縮ブレイク(方向),maker-only(理論上限),3,,,24.0
"H6 レンジ圧縮ブレイク(方向) {'channel': 24, 'hold': 3} hold=12",test,2111,2.9647443235318205,3.152737116600186,0.1879927930683662,0.826041417136448,0.878410858643914,64.92790068534686,-68.71935455232865,0.12532852871224415,25.15578176010435,0.1975,H6 レンジ圧縮ブレイク(方向),maker-only(理論上限),3,,,24.0
"H6 レンジ圧縮ブレイク(方向) {'channel': 24, 'hold': 3} hold=12",full,5399,2.88499737127885,3.038092248593051,0.1530948773142,0.7802993356408656,0.8216528293236578,63.181442431006815,-70.38767743904691,0.1020632515428,29.76675936410897,0.082,H6 レンジ圧縮ブレイク(方向),maker-only(理論上限),3,,,24.0
"H6 レンジ圧縮ブレイク(方向) {'channel': 24, 'hold': 6} hold=1",train,3240,-3.0592379211985854,0.011871577996705943,3.071109499195292,-0.8456442950034433,0.003282016685189179,-66.99731047424902,-129.2738229779763,0.31774043551164605,0.03736250306823419,0.85575,H6 レンジ圧縮ブレイク(方向),taker,6,,,24.0
"H6 レンジ圧縮ブレイク(方向) {'channel': 24, 'hold': 6} hold=1",test,2111,-0.787519040127656,3.239178515920553,4.026697556048208,-0.22672967747791278,0.9334527539901377,-17.246666978795666,-88.91288037434153,0.41581986290982564,7.789859996714488,0.6355,H6 レンジ圧縮ブレイク(方向),taker,6,,,24.0
"H6 レンジ圧縮ブレイク(方向) {'channel': 24, 'hold': 6} hold=1",full,5399,-2.2806638264782984,1.1678364886967758,3.448500315175074,-0.6404580734230766,0.32809338527135623,-49.94653779987473,-162.66317076817924,0.3566454081664893,3.2745030833303366,0.86675,H6 レンジ圧縮ブレイク(方向),taker,6,,,24.0
"H6 レンジ圧縮ブレイク(方向) {'channel': 24, 'hold': 6} hold=1",train,3240,-1.761988498234674,0.011871577996705943,1.7738600762313803,-0.48711758317841936,0.003282016685189179,-38.58754811133936,-103.12532304393052,0.31774043551164605,0.03736250306823419,0.73325,H6 レンジ圧縮ブレイク(方向),half-maker,6,,,24.0
"H6 レンジ圧縮ブレイク(方向) {'channel': 24, 'hold': 6} hold=1",test,2111,0.9139648407140801,3.239178515920553,2.325213675206473,0.26326489045027457,0.9334527539901377,20.015830011638354,-71.18554114015781,0.41581986290982564,7.789859996714488,0.42725,H6 レンジ圧縮ブレイク(方向),half-maker,6,,,24.0
"H6 レンジ圧縮ブレイク(方向) {'channel': 24, 'hold': 6} hold=1",full,5399,-0.8238977250156286,1.1678364886967758,1.9917342137124041,-0.2314288318742024,0.32809338527135623,-18.043360177842267,-131.90627120445347,0.3566454081664893,3.2745030833303366,0.67175,H6 レンジ圧縮ブレイク(方向),half-maker,6,,,24.0
"H6 レンジ圧縮ブレイク(方向) {'channel': 24, 'hold': 6} hold=1",train,3240,-0.4647390752707636,0.011871577996705943,0.47661065326746904,-0.12848230302689143,0.003282016685189179,-10.177785748429722,-87.91630686534064,0.31774043551164605,0.03736250306823419,0.5575,H6 レンジ圧縮ブレイク(方向),maker-only(理論上限),6,,,24.0
"H6 レンジ圧縮ブレイク(方向) {'channel': 24, 'hold': 6} hold=1",test,2111,2.6154487215558153,3.239178515920553,0.6237297943647384,0.7536469519607901,0.9334527539901377,57.27832700207236,-58.887509519856486,0.41581986290982564,7.789859996714488,0.2425,H6 レンジ圧縮ブレイク(方向),maker-only(理論上限),6,,,24.0
"H6 レンジ圧縮ブレイク(方向) {'channel': 24, 'hold': 6} hold=1",full,5399,0.6328683764470419,1.1678364886967758,0.534968112249734,0.17779402262723196,0.32809338527135623,13.859817444190217,-113.34485045476035,0.3566454081664893,3.2745030833303366,0.4025,H6 レンジ圧縮ブレイク(方向),maker-only(理論上限),6,,,24.0
"H6 レンジ圧縮ブレイク(方向) {'channel': 24, 'hold': 6} hold=2",train,3240,-0.5185391290348282,2.1130802976878926,2.6316194267227204,-0.14726240709160465,0.6004505638052003,-11.356006925862738,-84.08522688626759,0.27205786180835523,7.767025307198813,0.5665,H6 レンジ圧縮ブレイク(方向),taker,6,,,24.0
"H6 レンジ圧縮ブレイク(方向) {'channel': 24, 'hold': 6} hold=2",test,2111,-0.45303182118928376,2.980043922833687,3.4330757440229713,-0.12988342389988308,0.8549106411481762,-9.921396884045313,-94.46496387471183,0.35372171999349705,8.424825941953673,0.5955,H6 レンジ圧縮ブレイク(方向),taker,6,,,24.0
"H6 レンジ圧縮ブレイク(方向) {'channel': 24, 'hold': 6} hold=2",full,5399,-0.6268214959688,2.319557652288562,2.9463791482573622,-0.1786663682823766,0.6615362183970773,-13.727390761716721,-106.54354280841851,0.30426350820562476,7.623515767526675,0.64375,H6 レンジ圧縮ブレイク(方向),taker,6,,,24.0
"H6 レンジ圧縮ブレイク(方向) {'channel': 24, 'hold': 6} hold=2",train,3240,0.5932271879702663,2.1130802976878926,1.5198531097176264,0.1685294539938827,0.6004505638052003,12.991675416548832,-71.18377637075982,0.27205786180835523,7.767025307198813,0.405,H6 レンジ圧縮ブレイク(方向),half-maker,6,,,24.0
"H6 レンジ圧縮ブレイク(方向) {'channel': 24, 'hold': 6} hold=2",test,2111,0.9982147608270798,2.980043922833687,1.9818291620066082,0.2862974353991998,0.8549106411481762,21.860903262113048,-79.31030090562624,0.35372171999349705,8.424825941953673,0.4315,H6 レンジ圧縮ブレイク(方向),half-maker,6,,,24.0
"H6 レンジ圧縮ブレイク(方向) {'channel': 24, 'hold': 6} hold=2",full,5399,0.6181704470056629,2.319557652288562,1.7013872052828996,0.17626125349708827,0.6615362183970773,13.537932789424017,-89.15888496908167,0.30426350820562476,7.623515767526675,0.404,H6 レンジ圧縮ブレイク(方向),half-maker,6,,,24.0
"H6 レンジ圧縮ブレイク(方向) {'channel': 24, 'hold': 6} hold=2",train,3240,1.7049935049753604,2.1130802976878926,0.40808679271253284,0.484459269542763,0.6004505638052003,37.33935775896039,-61.713462088757765,0.27205786180835523,7.767025307198813,0.258,H6 レンジ圧縮ブレイク(方向),maker-only(理論上限),6,,,24.0
"H6 レンジ圧縮ブレイク(方向) {'channel': 24, 'hold': 6} hold=2",test,2111,2.449461342843442,2.980043922833687,0.5305825799902455,0.7026766107862181,0.8549106411481762,53.643203408271376,-66.37373731133826,0.35372171999349705,8.424825941953673,0.271,H6 レンジ圧縮ブレイク(方向),maker-only(理論上限),6,,,24.0
"H6 レンジ圧縮ブレイク(方向) {'channel': 24, 'hold': 6} hold=2",full,5399,1.8631623899801246,2.319557652288562,0.4563952623084371,0.5313484264969951,0.6615362183970773,40.80325634056473,-71.84610425364106,0.30426350820562476,7.623515767526675,0.2095,H6 レンジ圧縮ブレイク(方向),maker-only(理論上限),6,,,24.0
"H6 レンジ圧縮ブレイク(方向) {'channel': 24, 'hold': 6} hold=3",train,3240,0.41854431648312374,2.7282392436622143,2.3096949271790908,0.11539313582945648,0.7527677408262529,9.16612053098041,-70.68381174711288,0.24021571408515976,11.35745533572802,0.429,H6 レンジ圧縮ブレイク(方向),taker,6,,,24.0
"H6 レンジ圧縮ブレイク(方向) {'channel': 24, 'hold': 6} hold=3",test,2111,-2.0466641727116786,1.0349628611835764,3.0816270338952525,-0.5906526970508136,0.29882317454736257,-44.821945382385756,-88.99719572508977,0.3189565233053939,3.2448399250722395,0.738,H6 レンジ圧縮ブレイク(方向),taker,6,,,24.0
"H6 レンジ圧縮ブレイク(方向) {'channel': 24, 'hold': 6} hold=3",full,5399,-0.6851183917281523,1.929131619335363,2.614250011063515,-0.19224143835750734,0.5416651764916364,-15.004092778846537,-103.22312380714496,0.2714019124602657,7.108025149298811,0.62525,H6 レンジ圧縮ブレイク(方向),taker,6,,,24.0
"H6 レンジ圧縮ブレイク(方向) {'channel': 24, 'hold': 6} hold=3",train,3240,1.3932299945087996,2.7282392436622143,1.3350092491534151,0.3842791037494264,0.7527677408262529,30.511736879742713,-66.0460635262275,0.24021571408515976,11.35745533572802,0.3005,H6 レンジ圧縮ブレイク(方向),half-maker,6,,,24.0
"H6 レンジ圧縮ブレイク(方向) {'channel': 24, 'hold': 6} hold=3",test,2111,-0.7450680482430968,1.0349628611835764,1.7800309094266717,-0.2150956760240545,0.29882317454736257,-16.31699025652382,-75.54451987864137,0.3189565233053939,3.2448399250722395,0.608,H6 レンジ圧縮ブレイク(方向),half-maker,6,,,24.0
"H6 レンジ圧縮ブレイク(方向) {'channel': 24, 'hold': 6} hold=3",full,5399,0.41845517945840605,1.929131619335363,1.5106764398769568,0.11746326305707067,0.5416651764916364,9.164168430139092,-77.66156035289146,0.2714019124602657,7.108025149298811,0.429,H6 レンジ圧縮ブレイク(方向),half-maker,6,,,24.0
"H6 レンジ圧縮ブレイク(方向) {'channel': 24, 'hold': 6} hold=3",train,3240,2.3679156725344743,2.7282392436622143,0.3603235711277396,0.6532995295473737,0.7527677408262529,51.85735322850499,-61.40831530534201,0.24021571408515976,11.35745533572802,0.188,H6 レンジ圧縮ブレイク(方向),maker-only(理論上限),6,,,24.0
"H6 レンジ圧縮ブレイク(方向) {'channel': 24, 'hold': 6} hold=3",test,2111,0.5565280762254854,1.0349628611835764,0.47843478495809083,0.16068859430681728,0.29882317454736257,12.187964869338131,-67.06022055474222,0.3189565233053939,3.2448399250722395,0.46175,H6 レンジ圧縮ブレイク(方向),maker-only(理論上限),6,,,24.0
"H6 レンジ圧縮ブレイク(方向) {'channel': 24, 'hold': 6} hold=3",full,5399,1.5220287506449646,1.929131619335363,0.4071028686903985,0.4273414737130701,0.5416651764916364,33.332429639124726,-68.09796230299739,0.2714019124602657,7.108025149298811,0.25525,H6 レンジ圧縮ブレイク(方向),maker-only(理論上限),6,,,24.0
"H6 レンジ圧縮ブレイク(方向) {'channel': 24, 'hold': 6} hold=6",train,3240,5.908986698397779,7.71630294390149,1.8073162455037122,1.5583249716766292,2.034692691399914,129.40680869491138,-43.08840796232136,0.18697265686747339,41.26968655834431,0.016,H6 レンジ圧縮ブレイク(方向),taker,6,,,24.0
"H6 レンジ圧縮ブレイク(方向) {'channel': 24, 'hold': 6} hold=6",test,2111,-0.041510230707397275,2.3619940935583372,2.4035043242657355,-0.012020543980683227,0.6840090014896627,-0.9090740524920004,-88.2341617248466,0.24680972259899486,9.570101488246461,0.5375,H6 レンジ圧縮ブレイク(方向),taker,6,,,24.0
"H6 レンジ圧縮ブレイク(方向) {'channel': 24, 'hold': 6} hold=6",full,5399,3.4268135525050964,5.469861775467325,2.0430482229622284,0.936539782523693,1.494816617611602,75.0472167998616,-88.23416172484673,0.21077920178954315,25.950671266555137,0.0585,H6 レンジ圧縮ブレイク(方向),taker,6,,,24.0
"H6 レンジ圧縮ブレイク(方向) {'channel': 24, 'hold': 6} hold=6",train,3240,6.672415328499031,7.71630294390149,1.0438876154024612,1.759726446406667,2.034692691399914,146.12589569412876,-42.903912770013655,0.18697265686747339,41.26968655834431,0.00725,H6 レンジ圧縮ブレイク(方向),half-maker,6,,,24.0
"H6 レンジ圧縮ブレイク(方向) {'channel': 24, 'hold': 6} hold=6",test,2111,0.9751346394762237,2.3619940935583372,1.3868594540821138,0.28242940375419656,0.6840090014896627,21.3554486045293,-77.12550467196868,0.24680972259899486,9.570101488246461,0.4285,H6 レンジ圧縮ブレイク(方向),half-maker,6,,,24.0
"H6 レンジ圧縮ブレイク(方向) {'channel': 24, 'hold': 6} hold=6",full,5399,4.290253262644052,5.469861775467325,1.1796085128232716,1.1726262398225644,1.494816617611602,93.95654645190474,-77.12550467196917,0.21077920178954315,25.950671266555137,0.026,H6 レンジ圧縮ブレイク(方向),half-maker,6,,,24.0
"H6 レンジ圧縮ブレイク(方向) {'channel': 24, 'hold': 6} hold=6",train,3240,7.43584395860028,7.71630294390149,0.28045898530121005,1.960859830052456,2.034692691399914,162.84498269334614,-42.71941757770599,0.18697265686747339,41.26968655834431,0.00375,H6 レンジ圧縮ブレイク(方向),maker-only(理論上限),6,,,24.0
"H6 レンジ圧縮ブレイク(方向) {'channel': 24, 'hold': 6} hold=6",test,2111,1.9917795096598454,2.3619940935583372,0.3702145838984923,0.5768504069587576,0.6840090014896627,43.61997126155062,-69.833114500729,0.24680972259899486,9.570101488246461,0.3155,H6 レンジ圧縮ブレイク(方向),maker-only(理論上限),6,,,24.0
"H6 レンジ圧縮ブレイク(方向) {'channel': 24, 'hold': 6} hold=6",full,5399,5.15369297278301,5.469861775467325,0.31616880268431474,1.408510637724572,1.494816617611602,112.86587610394794,-69.8331145007292,0.21077920178954315,25.950671266555137,0.00925,H6 レンジ圧縮ブレイク(方向),maker-only(理論上限),6,,,24.0
"H6 レンジ圧縮ブレイク(方向) {'channel': 24, 'hold': 6} hold=12",train,3240,-0.05659911051765807,0.9275626371226736,0.9841617476403312,-0.015084677533445992,0.2470727865093498,-1.2395205203367117,-91.48294660998684,0.10212141013927996,9.08293996192965,0.511,H6 レンジ圧縮ブレイク(方向),taker,6,,,24.0
"H6 レンジ圧縮ブレイク(方向) {'channel': 24, 'hold': 6} hold=12",test,2111,0.12548917273549642,1.4768825256871971,1.351393352951699,0.03390335003207825,0.39909974346932964,2.7482128829073718,-99.46621088046847,0.13895153278878833,10.628760230605844,0.49225,H6 レンジ圧縮ブレイク(方向),taker,6,,,24.0
"H6 レンジ圧縮ブレイク(方向) {'channel': 24, 'hold': 6} hold=12",full,5399,0.14658052313519604,1.2773659526256882,1.1307854294904924,0.03930508350593752,0.34242615802470533,3.210113456660793,-99.4662108804685,0.11694466847466475,10.922823325651827,0.46525,H6 レンジ圧縮ブレイク(方向),taker,6,,,24.0
"H6 レンジ圧縮ブレイク(方向) {'channel': 24, 'hold': 6} hold=12",train,3240,0.3588907056980481,0.9275626371226736,0.5686719314246256,0.09563364306120901,0.2470727865093498,7.859706454787253,-88.12362686259334,0.10212141013927996,9.08293996192965,0.45575,H6 レンジ圧縮ブレイク(方向),half-maker,6,,,24.0
"H6 レンジ圧縮ブレイク(方向) {'channel': 24, 'hold': 6} hold=12",test,2111,0.6969721996197539,1.4768825256871971,0.7799103260674408,0.18833684767894737,0.39909974346932964,15.263691171672608,-93.37737999301572,0.13895153278878833,10.628760230605844,0.42475,H6 レンジ圧縮ブレイク(方向),half-maker,6,,,24.0
"H6 レンジ圧縮ブレイク(方向) {'channel': 24, 'hold': 6} hold=12",full,5399,0.624264736524444,1.2773659526256882,0.6531012161012447,0.16738712547723342,0.34242615802470533,13.671397729885323,-93.37737999301577,0.11694466847466475,10.922823325651827,0.37875,H6 レンジ圧縮ブレイク(方向),half-maker,6,,,24.0
"H6 レンジ圧縮ブレイク(方向) {'channel': 24, 'hold': 6} hold=12",train,3240,0.7743805219137527,0.9275626371226736,0.15318211520891992,0.20629345385871062,0.2470727865093498,16.958933429911184,-86.74841981330204,0.10212141013927996,9.08293996192965,0.40025,H6 レンジ圧縮ブレイク(方向),maker-only(理論上限),6,,,24.0
"H6 レンジ圧縮ブレイク(方向) {'channel': 24, 'hold': 6} hold=12",test,2111,1.2684552265040128,1.4768825256871971,0.20842729918318245,0.34278400236804407,0.39909974346932964,27.77916946043788,-87.37933866224665,0.13895153278878833,10.628760230605844,0.36075,H6 レンジ圧縮ブレイク(方向),maker-only(理論上限),6,,,24.0
"H6 レンジ圧縮ブレイク(方向) {'channel': 24, 'hold': 6} hold=12",full,5399,1.101948949913691,1.2773659526256882,0.17541700271199712,0.29542597234648876,0.34242615802470533,24.13268200310983,-87.37933866224652,0.11694466847466475,10.922823325651827,0.29525,H6 レンジ圧縮ブレイク(方向),maker-only(理論上限),6,,,24.0
"H6 レンジ圧縮ブレイク(方向) {'channel': 24, 'hold': 12} hold=1",train,3240,-0.8430107904511446,1.4667947798637202,2.309805570314865,-0.23210212156501617,0.4040413468754306,-18.461936310880063,-98.15409332403775,0.23180293831084092,6.32776612131116,0.61625,H6 レンジ圧縮ブレイク(方向),taker,12,,,24.0
"H6 レンジ圧縮ブレイク(方向) {'channel': 24, 'hold': 12} hold=1",test,2111,-5.607526741836772,-2.8105796284297138,2.7969471134070587,-1.8116523225942338,-0.908687391743339,-122.80483564622531,-123.20614691732096,0.2802271008308608,-10.0296495952621,0.96675,H6 レンジ圧縮ブレイク(方向),taker,12,,,24.0
"H6 レンジ圧縮ブレイク(方向) {'channel': 24, 'hold': 12} hold=1",full,5399,-2.900257084368366,-0.4012866306708264,2.49897045369754,-0.8463628235707849,-0.11717339984481338,-63.51563014766721,-223.28713520688189,0.25068665653785355,-1.6007498612525173,0.9155,H6 レンジ圧縮ブレイク(方向),taker,12,,,24.0
"H6 レンジ圧縮ブレイク(方向) {'channel': 24, 'hold': 12} hold=1",train,3240,0.13803979097315677,1.4667947798637202,1.328754988890563,0.038015632297594276,0.4040413468754306,3.023071422312133,-89.68587131120256,0.23180293831084092,6.32776612131116,0.4785,H6 レンジ圧縮ブレイク(方向),half-maker,12,,,24.0
"H6 レンジ圧縮ブレイク(方向) {'channel': 24, 'hold': 12} hold=1",test,2111,-4.419223510756388,-2.8105796284297138,1.6086438823266749,-1.4282779252177364,-0.908687391743339,-96.7809948855649,-102.04534853370488,0.2802271008308608,-10.0296495952621,0.93725,H6 レンジ圧縮ブレイク(方向),half-maker,12,,,24.0
"H6 レンジ圧縮ブレイク(方向) {'channel': 24, 'hold': 12} hold=1",full,5399,-1.8387868499229862,-0.4012866306708264,1.43750021925216,-0.5367648444956953,-0.11717339984481338,-40.2694320133134,-187.8002108114674,0.25068665653785355,-1.6007498612525173,0.80825,H6 レンジ圧縮ブレイク(方向),half-maker,12,,,24.0
"H6 レンジ圧縮ブレイク(方向) {'channel': 24, 'hold': 12} hold=1",train,3240,1.1190903723974588,1.4667947798637202,0.34770440746626124,0.3082480111551712,0.4040413468754306,24.50807915550435,-84.71971445379694,0.23180293831084092,6.32776612131116,0.338,H6 レンジ圧縮ブレイク(方向),maker-only(理論上限),12,,,24.0
"H6 レンジ圧縮ブレイク(方向) {'channel': 24, 'hold': 12} hold=1",test,2111,-3.230920279676005,-2.8105796284297138,0.42034065124629116,-1.044508919123062,-0.908687391743339,-70.7571541249045,-81.46561984145016,0.2802271008308608,-10.0296495952621,0.8695,H6 レンジ圧縮ブレイク(方向),maker-only(理論上限),12,,,24.0
"H6 レンジ圧縮ブレイク(方向) {'channel': 24, 'hold': 12} hold=1",full,5399,-0.7773166154776072,-0.4012866306708264,0.37602998480678024,-0.22695798482191296,-0.11717339984481338,-17.023233878959598,-156.11886277207452,0.25068665653785355,-1.6007498612525173,0.639,H6 レンジ圧縮ブレイク(方向),maker-only(理論上限),12,,,24.0
"H6 レンジ圧縮ブレイク(方向) {'channel': 24, 'hold': 12} hold=2",train,3240,-0.617413885774894,1.3897583920639653,2.007172277838859,-0.1722442196528052,0.3877481926551179,-13.52136409847018,-110.52084801137443,0.20233659832160159,6.868546785861398,0.5795,H6 レンジ圧縮ブレイク(方向),taker,12,,,24.0
"H6 レンジ圧縮ブレイク(方向) {'channel': 24, 'hold': 12} hold=2",test,2111,-5.106948086266986,-2.6629675016387058,2.4439805846282807,-1.6545697542682425,-0.8637628524851321,-111.842163089247,-112.20425744888199,0.24591996812636746,-10.828594041905228,0.9575,H6 レンジ圧縮ブレイク(方向),taker,12,,,24.0
"H6 レンジ圧縮ブレイク(方向) {'channel': 24, 'hold': 12} hold=2",full,5399,-2.5239855937268736,-0.34860366904889734,2.175381924677976,-0.7440342276196719,-0.10281063351021195,-55.275284502618526,-212.0119355083275,0.21917645083965284,-1.5905160783168812,0.88325,H6 レンジ圧縮ブレイク(方向),taker,12,,,24.0
"H6 レンジ圧縮ブレイク(方向) {'channel': 24, 'hold': 12} hold=2",train,3240,0.23441980440333426,1.3897583920639653,1.1553385876606308,0.0654048504295504,0.3877481926551179,5.13379371643302,-98.58680906621164,0.20233659832160159,6.868546785861398,0.4605,H6 レンジ圧縮ブレイク(方向),half-maker,12,,,24.0
"H6 レンジ圧縮ブレイク(方向) {'channel': 24, 'hold': 12} hold=2",test,2111,-4.069397770047622,-2.6629675016387058,1.4064302684089156,-1.3191911358341084,-0.8637628524851321,-89.11981116404291,-93.6447173926936,0.24591996812636746,-10.828594041905228,0.9195,H6 レンジ圧縮ブレイク(方向),half-maker,12,,,24.0
"H6 レンジ圧縮ブレイク(方向) {'channel': 24, 'hold': 12} hold=2",full,5399,-1.6006769695176242,-0.34860366904889734,1.2520733004687277,-0.4719840358465396,-0.10281063351021195,-35.05482563243597,-175.87442501571417,0.21917645083965284,-1.5905160783168812,0.77425,H6 レンジ圧縮ブレイク(方向),half-maker,12,,,24.0
"H6 レンジ圧縮ブレイク(方向) {'channel': 24, 'hold': 12} hold=2",train,3240,1.0862534945815632,1.3897583920639653,0.30350489748240234,0.30307657791206194,0.3877481926551179,23.788951531336235,-90.07046256322361,0.20233659832160159,6.868546785861398,0.34225,H6 レンジ圧縮ブレイク(方向),maker-only(理論上限),12,,,24.0
"H6 レンジ圧縮ブレイク(方向) {'channel': 24, 'hold': 12} hold=2",test,2111,-3.0318474538282567,-2.6629675016387058,0.3688799521895512,-0.9832896396653765,-0.8637628524851321,-66.39745923883883,-75.0851773365054,0.24591996812636746,-10.828594041905228,0.855,H6 レンジ圧縮ブレイク(方向),maker-only(理論上限),12,,,24.0
"H6 レンジ圧縮ブレイク(方向) {'channel': 24, 'hold': 12} hold=2",full,5399,-0.6773683453083763,-0.34860366904889734,0.32876467625947914,-0.1997648805032908,-0.10281063351021195,-14.83436676225344,-143.15460696527575,0.21917645083965284,-1.5905160783168812,0.627,H6 レンジ圧縮ブレイク(方向),maker-only(理論上限),12,,,24.0
"H6 レンジ圧縮ブレイク(方向) {'channel': 24, 'hold': 12} hold=3",train,3240,-0.128822122032108,1.6587908400293614,1.7876129620614698,-0.03617091775440789,0.4665251374080897,-2.821204472503165,-131.16270325150322,0.18125797724051648,9.151546681050421,0.511,H6 レンジ圧縮ブレイク(方向),taker,12,,,24.0
"H6 レンジ圧縮ブレイク(方向) {'channel': 24, 'hold': 12} hold=3",test,2111,-3.885552384633855,-1.6838427881838915,2.2017095964499624,-1.260246411937257,-0.5471389212071961,-85.09359722348142,-104.54226372708445,0.22260672804564283,-7.564204383969202,0.893,H6 レンジ圧縮ブレイク(方向),taker,12,,,24.0
"H6 レンジ圧縮ブレイク(方向) {'channel': 24, 'hold': 12} hold=3",full,5399,-1.7464815669351406,0.20126514488609032,1.947746711821231,-0.5172655062891426,0.05971220195930011,-38.247946315879574,-217.03785040726814,0.19728799029963925,1.0201591317363543,0.797,H6 レンジ圧縮ブレイク(方向),taker,12,,,24.0
"H6 レンジ圧縮ブレイク(方向) {'channel': 24, 'hold': 12} hold=3",train,3240,0.6290408760682383,1.6587908400293614,1.029749963961122,0.17675831974215775,0.4665251374080897,13.775995185894418,-118.95560473765701,0.18125797724051648,9.151546681050421,0.40825,H6 レンジ圧縮ブレイク(方向),half-maker,12,,,24.0
"H6 レンジ圧縮ブレイク(方向) {'channel': 24, 'hold': 12} hold=3",test,2111,-2.9516526324431043,-1.6838427881838915,1.2678098442592134,-0.9581803836999521,-0.5471389212071961,-64.64119265050398,-87.89901057827691,0.22260672804564283,-7.564204383969202,0.82575,H6 レンジ圧縮ブレイク(方向),half-maker,12,,,24.0
"H6 レンジ圧縮ブレイク(方向) {'channel': 24, 'hold': 12} hold=3",full,5399,-0.9205742037492548,0.20126514488609032,1.1218393486353453,-0.27287119900241735,0.05971220195930011,-20.16057506210868,-184.23386398187733,0.19728799029963925,1.0201591317363543,0.6695,H6 レンジ圧縮ブレイク(方向),half-maker,12,,,24.0
"H6 レンジ圧縮ブレイク(方向) {'channel': 24, 'hold': 12} hold=3",train,3240,1.3869038741685866,1.6587908400293614,0.2718869658607747,0.3899740031651664,0.4665251374080897,30.37319484429205,-106.74850622381112,0.18125797724051648,9.151546681050421,0.31025,H6 レンジ圧縮ブレイク(方向),maker-only(理論上限),12,,,24.0
"H6 レンジ圧縮ブレイク(方向) {'channel': 24, 'hold': 12} hold=3",test,2111,-2.0177528802523566,-1.6838427881838915,0.33391009206846417,-0.6554903523343796,-0.5471389212071961,-44.18878807752661,-71.25575742946972,0.22260672804564283,-7.564204383969202,0.7465,H6 レンジ圧縮ブレイク(方向),maker-only(理論上限),12,,,24.0
"H6 レンジ圧縮ブレイク(方向) {'channel': 24, 'hold': 12} hold=3",full,5399,-0.09466684056336774,0.20126514488609032,0.29593198544945887,-0.028079939483364735,0.05971220195930011,-2.0732038083377535,-151.4298775564866,0.19728799029963925,1.0201591317363543,0.51175,H6 レンジ圧縮ブレイク(方向),maker-only(理論上限),12,,,24.0
"H6 レンジ圧縮ブレイク(方向) {'channel': 24, 'hold': 12} hold=6",train,3240,0.249893180650391,1.659091058091398,1.4091978774410072,0.06846824601737622,0.45467520568783665,5.472660656243563,-77.06756497914779,0.14351529130784887,11.560378291206256,0.444,H6 レンジ圧縮ブレイク(方向),taker,12,,,24.0
"H6 レンジ圧縮ブレイク(方向) {'channel': 24, 'hold': 12} hold=6",test,2111,-0.23563533908472972,1.5319303393309633,1.7675656784156941,-0.07272828594261538,0.47343845144962693,-5.160413925955581,-77.49772620664292,0.17865854973062267,8.574626524399607,0.538,H6 レンジ圧縮ブレイク(方向),taker,12,,,24.0
"H6 レンジ圧縮ブレイク(方向) {'channel': 24, 'hold': 12} hold=6",full,5399,0.08002921498550757,1.6283597809179005,1.548330565932393,0.022937211635415688,0.4669769154407746,1.752639808182616,-77.49772620664291,0.15723222271343384,10.35639993390982,0.477,H6 レンジ圧縮ブレイク(方向),taker,12,,,24.0
"H6 レンジ圧縮ブレイク(方向) {'channel': 24, 'hold': 12} hold=6",train,3240,0.8468556508900079,1.659091058091398,0.8122354072013902,0.23206585295778429,0.45467520568783665,18.546138754491174,-68.45418650715264,0.14351529130784887,11.560378291206256,0.35675,H6 レンジ圧縮ブレイク(方向),half-maker,12,,,24.0
"H6 レンジ圧縮ブレイク(方向) {'channel': 24, 'hold': 12} hold=6",test,2111,0.5141535878251501,1.5319303393309633,1.017776751505814,0.15879566501962478,0.47343845144962693,11.259963573370788,-70.20128484800642,0.17865854973062267,8.574626524399607,0.42825,H6 レンジ圧縮ブレイク(方向),half-maker,12,,,24.0
"H6 レンジ圧縮ブレイク(方向) {'channel': 24, 'hold': 12} hold=6",full,5399,0.736270330916629,1.6283597809179005,0.8920894500012718,0.21109072482212055,0.4669769154407746,16.124320247074174,-70.20128484800645,0.15723222271343384,10.35639993390982,0.34775,H6 レンジ圧縮ブレイク(方向),half-maker,12,,,24.0
"H6 レンジ圧縮ブレイク(方向) {'channel': 24, 'hold': 12} hold=6",train,3240,1.443818121129626,1.659091058091398,0.2152729369617733,0.39567402920570394,0.45467520568783665,31.619616852738808,-62.377780796066894,0.14351529130784887,11.560378291206256,0.27325,H6 レンジ圧縮ブレイク(方向),maker-only(理論上限),12,,,24.0
"H6 レンジ圧縮ブレイク(方向) {'channel': 24, 'hold': 12} hold=6",test,2111,1.2639425147350294,1.5319303393309633,0.26798782459593395,0.39056032744148683,0.47343845144962693,27.68034107269714,-63.35511218235046,0.17865854973062267,8.574626524399607,0.32375,H6 レンジ圧縮ブレイク(方向),maker-only(理論上限),12,,,24.0
"H6 レンジ圧縮ブレイク(方向) {'channel': 24, 'hold': 12} hold=6",full,5399,1.392511446847749,1.6283597809179005,0.2358483340701507,0.39931755485846226,0.4669769154407746,30.496000685965708,-63.355112182350446,0.15723222271343384,10.35639993390982,0.2365,H6 レンジ圧縮ブレイク(方向),maker-only(理論上限),12,,,24.0
"H6 レンジ圧縮ブレイク(方向) {'channel': 24, 'hold': 12} hold=12",train,3240,-2.543518483015702,-1.5403159358299723,1.00320254718573,-0.6966310095886012,-0.42164627972646035,-55.70305477804387,-131.32006955016124,0.10400796067051281,-14.8095965529941,0.81775,H6 レンジ圧縮ブレイク(方向),taker,12,,,24.0
"H6 レンジ圧縮ブレイク(方向) {'channel': 24, 'hold': 12} hold=12",test,2111,-1.4140382767028945,-0.1331099030231358,1.280928373679759,-0.4810158450778635,-0.04529783362680622,-30.96743825979339,-55.701005016334705,0.13215784812353878,-1.0072039225298755,0.70125,H6 レンジ圧縮ブレイク(方向),taker,12,,,24.0
"H6 レンジ圧縮ブレイク(方向) {'channel': 24, 'hold': 12} hold=12",full,5399,-2.0031177949641568,-0.8908675387707745,1.1122502561933816,-0.5917431374690323,-0.2630972344292235,-43.86827970971503,-145.22829832237815,0.11511475327619762,-7.73895190161503,0.837,H6 レンジ圧縮ブレイク(方向),taker,12,,,24.0
"H6 レンジ圧縮ブレイク(方向) {'channel': 24, 'hold': 12} hold=12",train,3240,-2.119923179925722,-1.5403159358299723,0.5796072440957495,-0.5805188787540793,-0.42164627972646035,-46.42631764037331,-125.19333489586866,0.10400796067051281,-14.8095965529941,0.78075,H6 レンジ圧縮ブレイク(方向),half-maker,12,,,24.0
"H6 レンジ圧縮ブレイク(方向) {'channel': 24, 'hold': 12} hold=12",test,2111,-0.8726924759556687,-0.1331099030231358,0.7395825729325337,-0.2969532347797625,-0.04529783362680622,-19.111965223429145,-49.62175749152723,0.13215784812353878,-1.0072039225298755,0.63875,H6 レンジ圧縮ブレイク(方向),half-maker,12,,,24.0
"H6 レンジ圧縮ブレイク(方向) {'channel': 24, 'hold': 12} hold=12",full,5399,-1.5333287318246143,-0.8908675387707745,0.6424611930538391,-0.4529440655323356,-0.2630972344292235,-33.57989922695906,-130.01559853612295,0.11511475327619762,-7.73895190161503,0.77725,H6 レンジ圧縮ブレイク(方向),half-maker,12,,,24.0
"H6 レンジ圧縮ブレイク(方向) {'channel': 24, 'hold': 12} hold=12",train,3240,-1.6963278768357415,-1.5403159358299723,0.15601194100576918,-0.4644019527478226,-0.42164627972646035,-37.14958050270274,-119.06660024157611,0.10400796067051281,-14.8095965529941,0.73025,H6 レンジ圧縮ブレイク(方向),maker-only(理論上限),12,,,24.0
"H6 レンジ圧縮ブレイク(方向) {'channel': 24, 'hold': 12} hold=12",test,2111,-0.3313466752084435,-0.1331099030231358,0.19823677218530814,-0.1127607150160356,-0.04529783362680622,-7.256492187064913,-46.75809021669771,0.13215784812353878,-1.0072039225298755,0.563,H6 レンジ圧縮ブレイク(方向),maker-only(理論上限),12,,,24.0
"H6 レンジ圧縮ブレイク(方向) {'channel': 24, 'hold': 12} hold=12",full,5399,-1.0635396686850707,-0.8908675387707745,0.17267212991429642,-0.31411836043733243,-0.2630972344292235,-23.29151874420305,-119.06660024157611,0.11511475327619762,-7.73895190161503,0.7035,H6 レンジ圧縮ブレイク(方向),maker-only(理論上限),12,,,24.0
"対照 ランダム {'lookback': 2, 'top_n': 3} hold=1",train,3240,-11.016617458448636,1.399226162950542,12.415843621399176,-6.701726775487906,0.852936161903224,-241.26392234002512,-363.5050639301441,1.306172839506173,1.0712412022589215,1.0,対照 ランダム,taker,1,2.0,3.0,
"対照 ランダム {'lookback': 2, 'top_n': 3} hold=1",test,2111,-16.54414482327708,-1.8685961101869215,14.675548713090162,-7.920594042037051,-0.8954695835639579,-362.3167716297681,-351.25894947226305,1.550450023685457,-1.2051959635211094,1.0,対照 ランダム,taker,1,2.0,3.0,
"対照 ランダム {'lookback': 2, 'top_n': 3} hold=1",full,5399,-13.203468755274713,0.11606572641942615,13.31953448169414,-7.220004244545056,0.06358351539701246,-289.15596574051625,-718.7432740733389,1.4043341359511021,0.08264822697685066,1.0,対照 ランダム,taker,1,2.0,3.0,
"対照 ランダム {'lookback': 2, 'top_n': 3} hold=1",train,3240,-5.788325277378677,1.399226162950542,7.187551440329218,-3.526889505544827,0.852936161903224,-126.76432357459302,-204.2913139301434,1.306172839506173,1.0712412022589215,1.0,対照 ランダム,half-maker,1,2.0,3.0,
"対照 ランダム {'lookback': 2, 'top_n': 3} hold=1",test,2111,-10.369207984496093,-1.8685961101869215,8.500611874309174,-4.967063017748877,-0.8954695835639579,-227.08565486046444,-222.53486200563825,1.550450023685457,-1.2051959635211094,1.0,対照 ランダム,half-maker,1,2.0,3.0,
"対照 ランダム {'lookback': 2, 'top_n': 3} hold=1",full,5399,-7.596952116390971,0.11606572641942615,7.7130178428103955,-4.159312719559247,0.06358351539701246,-166.37325134896227,-426.18702407333905,1.4043341359511021,0.08264822697685066,1.0,対照 ランダム,half-maker,1,2.0,3.0,
"対照 ランダム {'lookback': 2, 'top_n': 3} hold=1",train,3240,-0.5600330963087183,1.399226162950542,1.9592592592592597,-0.3414085641676273,0.852936161903224,-12.264724809160931,-50.659550537411924,1.306172839506173,1.0712412022589215,0.6825,対照 ランダム,maker-only(理論上限),1,2.0,3.0,
"対照 ランダム {'lookback': 2, 'top_n': 3} hold=1",test,2111,-4.194271145715108,-1.8685961101869215,2.3256750355281866,-2.0098359262536882,-0.8954695835639579,-91.85453809116086,-94.90216168302565,1.550450023685457,-1.2051959635211094,0.981,対照 ランダム,maker-only(理論上限),1,2.0,3.0,
"対照 ランダム {'lookback': 2, 'top_n': 3} hold=1",full,5399,-1.9904354775072277,0.11606572641942615,2.1065012039266535,-1.0903631586216163,0.06358351539701246,-43.59053695740829,-133.63077407333844,1.4043341359511021,0.08264822697685066,0.95925,対照 ランダム,maker-only(理論上限),1,2.0,3.0,
"対照 ランダム {'lookback': 2, 'top_n': 3} hold=2",train,3240,-7.434866658013613,0.21137819795346507,7.646244855967077,-4.492006341700089,0.12869700964005923,-162.82357981049813,-243.32421694737033,0.8016460905349795,0.26368019559903494,1.0,対照 ランダム,taker,2,2.0,3.0,
"対照 ランダム {'lookback': 2, 'top_n': 3} hold=2",test,2111,-10.746139820400849,-1.6864919441968411,9.059647876204009,-5.951817953113832,-0.9396326493021129,-235.3404620667786,-228.77014519703383,0.9565766619295752,-1.7630494358861997,1.0,対照 ランダム,taker,2,2.0,3.0,
"対照 ランダム {'lookback': 2, 'top_n': 3} hold=2",full,5399,-8.827566307567485,-0.618561553600703,8.209004753966784,-5.154845301948114,-0.36374753323757897,-193.32370213572793,-480.6709853783499,0.8635549793171574,-0.7162966671674117,1.0,対照 ランダム,taker,2,2.0,3.0,
"対照 ランダム {'lookback': 2, 'top_n': 3} hold=2",train,3240,-4.212978797931308,0.21137819795346507,4.424356995884773,-2.5579239872369284,0.12869700964005923,-92.26423567469566,-138.98213361403717,0.8016460905349795,0.26368019559903494,0.99875,対照 ランダム,half-maker,2,2.0,3.0,
"対照 ランダム {'lookback': 2, 'top_n': 3} hold=2",test,2111,-6.933748378746027,-1.6864919441968411,5.247256434549187,-3.855427577863729,-0.9396326493021129,-151.849089494538,-152.67645771066026,0.9565766619295752,-1.7630494358861997,0.99975,対照 ランダム,half-maker,2,2.0,3.0,
"対照 ランダム {'lookback': 2, 'top_n': 3} hold=2",full,5399,-5.370730165071963,-0.618561553600703,4.75216861147126,-3.150467012689252,-0.36374753323757897,-117.61899061507599,-295.99223537835013,0.8635549793171574,-0.7162966671674117,1.0,対照 ランダム,half-maker,2,2.0,3.0,
"対照 ランダム {'lookback': 2, 'top_n': 3} hold=2",train,3240,-0.9910909378490047,0.21137819795346507,1.2024691358024688,-0.6032501268665406,0.12869700964005923,-21.704891538893204,-72.41662640088657,0.8016460905349795,0.26368019559903494,0.7795,対照 ランダム,maker-only(理論上限),2,2.0,3.0,
"対照 ランダム {'lookback': 2, 'top_n': 3} hold=2",test,2111,-3.121356937091204,-1.6864919441968411,1.4348649928943626,-1.7387825786918238,-0.9396326493021129,-68.35771692229737,-80.96072252536312,0.9565766619295752,-1.7630494358861997,0.95675,対照 ランダム,maker-only(理論上限),2,2.0,3.0,
"対照 ランダム {'lookback': 2, 'top_n': 3} hold=2",full,5399,-1.91389402257644,-0.618561553600703,1.295332468975736,-1.1252031250189323,-0.36374753323757897,-41.91427909442403,-111.31348537835079,0.8635549793171574,-0.7162966671674117,0.959,対照 ランダム,maker-only(理論上限),2,2.0,3.0,
"対照 ランダム {'lookback': 2, 'top_n': 3} hold=3",train,3240,-5.104593035255381,0.08100367256354761,5.185596707818929,-2.8995569522919835,0.04623541928409278,-111.79058747209285,-170.96634480374752,0.5382716049382716,0.15048847425796688,0.99975,対照 ランダム,taker,3,2.0,3.0,
"対照 ランダム {'lookback': 2, 'top_n': 3} hold=3",test,2111,-4.89988866762911,1.2134462447346983,6.1133349123638085,-2.535285873958713,0.6302863985666588,-107.30756182107753,-108.68274406869993,0.6417179851571135,1.8909338257639872,0.983,対照 ランダム,taker,3,2.0,3.0,
"対照 ランダム {'lookback': 2, 'top_n': 3} hold=3",full,5399,-5.150007601097026,0.40713261005318624,5.557140211150212,-2.8183595789644524,0.2238203231339454,-112.78516646402485,-284.0254956283788,0.5798604679878989,0.702121687077455,1.0,対照 ランダム,taker,3,2.0,3.0,
"対照 ランダム {'lookback': 2, 'top_n': 3} hold=3",train,3240,-2.9154983850496214,0.08100367256354761,2.9965020576131685,-1.6615495833534706,0.04623541928409278,-63.84941463258671,-103.06842813708046,0.5382716049382716,0.15048847425796688,0.9725,対照 ランダム,half-maker,3,2.0,3.0,
"対照 ランダム {'lookback': 2, 'top_n': 3} hold=3",test,2111,-2.324509700315041,1.2134462447346983,3.5379559450497395,-1.2060805472547522,0.6302863985666588,-50.9067624368994,-62.157327630062476,0.6417179851571135,1.8909338257639872,0.836,対照 ランダム,half-maker,3,2.0,3.0,
"対照 ランダム {'lookback': 2, 'top_n': 3} hold=3",full,5399,-2.806332846512844,0.40713261005318624,3.213465456566031,-1.5405936963975513,0.2238203231339454,-61.45868933863128,-167.3375791897414,0.5798604679878989,0.702121687077455,0.986,対照 ランダム,half-maker,3,2.0,3.0,
"対照 ランダム {'lookback': 2, 'top_n': 3} hold=3",train,3240,-0.7264037348438598,0.08100367256354761,0.8074074074074072,-0.41458688758688506,0.04623541928409278,-15.90824179308053,-49.796379255181435,0.5382716049382716,0.15048847425796688,0.686,対照 ランダム,maker-only(理論上限),3,2.0,3.0,
"対照 ランダム {'lookback': 2, 'top_n': 3} hold=3",test,2111,0.25086926699902834,1.2134462447346983,0.9625769777356703,0.13030957428957857,0.6302863985666588,5.49403694727872,-45.06012148795017,0.6417179851571135,1.8909338257639872,0.4475,対照 ランダム,maker-only(理論上限),3,2.0,3.0,
"対照 ランダム {'lookback': 2, 'top_n': 3} hold=3",full,5399,-0.4626580919286623,0.40713261005318624,0.8697907019818484,-0.2543335330888981,0.2238203231339454,-10.132212213237704,-94.42939931487308,0.5798604679878989,0.702121687077455,0.63125,対照 ランダム,maker-only(理論上限),3,2.0,3.0,
"対照 ランダム {'lookback': 2, 'top_n': 3} hold=6",train,3240,-5.381303935311436,-2.7890971451879794,2.5922067901234565,-3.0838033301968863,-1.6024010230417796,-117.85055618332045,-185.16762404957464,0.2660493827160494,-10.48338138098498,1.0,対照 ランダム,taker,6,2.0,3.0,
"対照 ランダム {'lookback': 2, 'top_n': 3} hold=6",test,2111,0.08800198301918197,3.1701905192579316,3.082188536238749,0.053799127856933956,1.9484521868159679,1.927243428120085,-30.818993944370998,0.31991157429338385,9.90958369124407,0.48875,対照 ランダム,taker,6,2.0,3.0,
"対照 ランダム {'lookback': 2, 'top_n': 3} hold=6",full,5399,-3.241771649772779,-0.4538479602006359,2.7879236895721426,-1.9061003335032949,-0.2677988577003745,-70.99479913002386,-200.6338843269813,0.28770760017287145,-1.5774625346286912,0.99925,対照 ランダム,taker,6,2.0,3.0,
"対照 ランダム {'lookback': 2, 'top_n': 3} hold=6",train,3240,-4.284737577286744,-2.7890971451879794,1.4956404320987653,-2.4599517609976354,-1.6024010230417796,-93.8357529425797,-152.2992907162416,0.2660493827160494,-10.48338138098498,0.9985,対照 ランダム,half-maker,6,2.0,3.0,
"対照 ランダム {'lookback': 2, 'top_n': 3} hold=6",test,2111,1.3891625704185182,3.1701905192579316,1.7810279488394127,0.8520234291680153,1.9484521868159679,30.42266029216555,-23.401321167139688,0.31991157429338385,9.90958369124407,0.21675,対照 ランダム,half-maker,6,2.0,3.0,
"対照 ランダム {'lookback': 2, 'top_n': 3} hold=6",full,5399,-2.0635905051163608,-0.4538479602006359,1.6097425449157252,-1.2162114045792,-0.2677988577003745,-45.1926320620483,-159.39764988159268,0.28770760017287145,-1.5774625346286912,0.981,対照 ランダム,half-maker,6,2.0,3.0,
"対照 ランダム {'lookback': 2, 'top_n': 3} hold=6",train,3240,-3.1881712192620535,-2.7890971451879794,0.3990740740740741,-1.8317288752418772,-1.6024010230417796,-69.82094970183897,-119.43095738290825,0.2660493827160494,-10.48338138098498,0.98825,対照 ランダム,maker-only(理論上限),6,2.0,3.0,
"対照 ランダム {'lookback': 2, 'top_n': 3} hold=6",test,2111,2.6903231578178555,3.1701905192579316,0.4798673614400758,1.6530250500848218,1.9484521868159679,58.918077156211034,-16.83132116713971,0.31991157429338385,9.90958369124407,0.0615,対照 ランダム,maker-only(理論上限),6,2.0,3.0,
"対照 ランダム {'lookback': 2, 'top_n': 3} hold=6",full,5399,-0.8854093604599431,-0.4538479602006359,0.4315614002593072,-0.5224054654666306,-0.2677988577003745,-19.390464994072754,-123.62216475153782,0.28770760017287145,-1.5774625346286912,0.81175,対照 ランダム,maker-only(理論上限),6,2.0,3.0,
"対照 ランダム {'lookback': 2, 'top_n': 3} hold=12",train,3240,-3.633477814085091,-2.317222670052169,1.3162551440329218,-1.9987560533411528,-1.2773443278306518,-79.57316412846349,-141.91515539850238,0.13497942386831274,-17.167228927520643,0.99625,対照 ランダム,taker,12,2.0,3.0,
"対照 ランダム {'lookback': 2, 'top_n': 3} hold=12",test,2111,0.468795283876864,2.0148240222315144,1.54602873835465,0.2841174607401789,1.222443447944198,10.266616716903322,-34.19614728842776,0.1586925627664614,12.696398540091721,0.40975,対照 ランダム,taker,12,2.0,3.0,
"対照 ランダム {'lookback': 2, 'top_n': 3} hold=12",full,5399,-2.0226683794248705,-0.6159418251246914,1.406726554300179,-1.1532676640073705,-0.35181398007946735,-44.29643750940467,-142.82841054277196,0.14440945854170525,-4.26524572105371,0.9755,対照 ランダム,taker,12,2.0,3.0,
"対照 ランダム {'lookback': 2, 'top_n': 3} hold=12",train,3240,-3.076584809969864,-2.317222670052169,0.7593621399176953,-1.6945599645928158,-1.2773443278306518,-67.37720733834003,-126.4314053985025,0.13497942386831274,-17.167228927520643,0.9865,対照 ランダム,half-maker,12,2.0,3.0,
"対照 ランダム {'lookback': 2, 'top_n': 3} hold=12",test,2111,1.1227902309793427,2.0148240222315144,0.8920337912521711,0.6811653256535053,1.222443447944198,24.58910605844761,-26.64066755627526,0.1586925627664614,12.696398540091721,0.26,対照 ランダム,half-maker,12,2.0,3.0,
"対照 ランダム {'lookback': 2, 'top_n': 3} hold=12",full,5399,-1.4276121961810597,-0.6159418251246914,0.8116703710563683,-0.8149533637752395,-0.35181398007946735,-31.264707096365207,-126.4314053985025,0.14440945854170525,-4.26524572105371,0.92175,対照 ランダム,half-maker,12,2.0,3.0,
"対照 ランダム {'lookback': 2, 'top_n': 3} hold=12",train,3240,-2.519691805854638,-2.317222670052169,0.20246913580246909,-1.3887897131144082,-1.2773443278306518,-55.18125054821657,-110.94765539850233,0.13497942386831274,-17.167228927520643,0.9625,対照 ランダム,maker-only(理論上限),12,2.0,3.0,
"対照 ランダム {'lookback': 2, 'top_n': 3} hold=12",test,2111,1.7767851780818222,2.0148240222315144,0.23803884414969206,1.0781449395692397,1.222443447944198,38.9115953999919,-23.59357782150756,0.1586925627664614,12.696398540091721,0.148,対照 ランダム,maker-only(理論上限),12,2.0,3.0,
"対照 ランダム {'lookback': 2, 'top_n': 3} hold=12",full,5399,-0.8325560129372491,-0.6159418251246914,0.2166141878125579,-0.47551937232381364,-0.35181398007946735,-18.232976683325756,-110.94765539850233,0.14440945854170525,-4.26524572105371,0.80275,対照 ランダム,maker-only(理論上限),12,2.0,3.0,
"対照 ランダム {'lookback': 2, 'top_n': 5} hold=1",train,3240,-9.75546753643595,1.7486528339344214,11.504120370370373,-7.7235367338944565,1.3883615407085017,-213.64473904794733,-318.28286644341324,1.2094444444444443,1.4458314658162417,1.0,対照 ランダム,taker,1,2.0,5.0,
"対照 ランダム {'lookback': 2, 'top_n': 5} hold=1",test,2111,-15.361874843547646,-1.661330078033672,13.700544765513975,-9.86826071793855,-1.0685602647419012,-336.4250590736935,-324.36660105788684,1.4458550450023686,-1.1490294852005376,1.0,対照 ランダム,taker,1,2.0,5.0,
"対照 ランダム {'lookback': 2, 'top_n': 5} hold=1",full,5399,-12.021738292837822,0.36036024392824517,12.382098536766069,-8.6768551419242,0.26077986721573043,-263.2760686131483,-650.4465791038598,1.304611965178737,0.27622025057763017,1.0,対照 ランダム,taker,1,2.0,5.0,
"対照 ランダム {'lookback': 2, 'top_n': 5} hold=1",train,3240,-4.910490684584097,1.7486528339344214,6.659143518518519,-3.896419882244937,1.3883615407085017,-107.53974599239173,-169.13752697469957,1.2094444444444443,1.4458314658162417,1.0,対照 ランダム,half-maker,1,2.0,5.0,
"対照 ランダム {'lookback': 2, 'top_n': 5} hold=1",test,2111,-9.595993744542435,-1.661330078033672,7.934663666508764,-6.168713176473485,-1.0685602647419012,-210.15226300547934,-204.3184383732767,1.4458550450023686,-1.1490294852005376,1.0,対照 ランダム,half-maker,1,2.0,5.0,
"対照 ランダム {'lookback': 2, 'top_n': 5} hold=1",full,5399,-6.80914799833884,0.36036024392824517,7.169508242267087,-4.923213594757058,0.26077986721573043,-149.1203411636206,-376.68873963514386,1.304611965178737,0.27622025057763017,1.0,対照 ランダム,half-maker,1,2.0,5.0,
"対照 ランダム {'lookback': 2, 'top_n': 5} hold=1",train,3240,-0.06551383273224459,1.7486528339344214,1.8141666666666658,-0.05202293704826687,1.3883615407085017,-1.4347529368361567,-29.427193781862186,1.2094444444444443,1.4458314658162417,0.55475,対照 ランダム,maker-only(理論上限),1,2.0,5.0,
"対照 ランダム {'lookback': 2, 'top_n': 5} hold=1",test,2111,-3.8301126455372234,-1.661330078033672,2.168782567503552,-2.463320151956881,-1.0685602647419012,-83.87946693726519,-89.0294348142595,1.4458550450023686,-1.1490294852005376,0.9895,対照 ランダム,maker-only(理論上限),1,2.0,5.0,
"対照 ランダム {'lookback': 2, 'top_n': 5} hold=1",full,5399,-1.5965577038398588,0.36036024392824517,1.9569179477681045,-1.1553244308205521,0.26077986721573043,-34.964613714092906,-104.78646563008684,1.304611965178737,0.27622025057763017,0.96475,対照 ランダム,maker-only(理論上限),1,2.0,5.0,
"対照 ランダム {'lookback': 2, 'top_n': 5} hold=2",train,3240,-6.901510355495044,0.5015606321592778,7.4030709876543215,-5.38696586878066,0.39501562025583914,-151.14307678534146,-225.00186419158405,0.7758641975308642,0.646454152357411,1.0,対照 ランダム,taker,2,2.0,5.0,
"対照 ランダム {'lookback': 2, 'top_n': 5} hold=2",test,2111,-8.711044391041044,0.11609914282916044,8.827143533870203,-6.05276708064399,0.08157298703164424,-190.77187216379886,-186.2095447535566,0.9291331122690668,0.12495426252287022,1.0,対照 ランダム,taker,2,2.0,5.0,
"対照 ランダム {'lookback': 2, 'top_n': 5} hold=2",full,5399,-7.674285218330755,0.29567218118767435,7.969957399518428,-5.708269584186181,0.2221491922358705,-168.06684628144353,-415.72758761122185,0.8372291165030562,0.3531556360851851,1.0,対照 ランダム,taker,2,2.0,5.0,
"対照 ランダム {'lookback': 2, 'top_n': 5} hold=2",train,3240,-3.7818730098160307,0.5015606321592778,4.283433641975309,-2.970849715930143,0.39501562025583914,-82.82301891497107,-123.97386419158364,0.7758641975308642,0.646454152357411,0.99975,対照 ランダム,half-maker,2,2.0,5.0,
"対照 ランダム {'lookback': 2, 'top_n': 5} hold=2",test,2111,-4.994322458307741,0.11609914282916044,5.110421601136902,-3.4940092484926235,0.08157298703164424,-109.37566183693951,-111.5760999253999,0.9291331122690668,0.12495426252287022,0.99925,対照 ランダム,half-maker,2,2.0,5.0,
"対照 ランダム {'lookback': 2, 'top_n': 5} hold=2",full,5399,-4.317228355948831,0.29567218118767435,4.612900537136506,-3.2326682058161063,0.2221491922358705,-94.54730099527941,-236.0819694265345,0.8372291165030562,0.3531556360851851,1.0,対照 ランダム,half-maker,2,2.0,5.0,
"対照 ランダム {'lookback': 2, 'top_n': 5} hold=2",train,3240,-0.6622356641370184,0.5015606321592778,1.163796296296296,-0.5215910363503481,0.39501562025583914,-14.502961044600701,-49.44741406486885,0.7758641975308642,0.646454152357411,0.75625,対照 ランダム,maker-only(理論上限),2,2.0,5.0,
"対照 ランダム {'lookback': 2, 'top_n': 5} hold=2",test,2111,-1.2776005255744391,0.11609914282916044,1.3936996684036,-0.897137035715989,0.08157298703164424,-27.979451510080217,-57.00184992539996,0.9291331122690668,0.12495426252287022,0.8215,対照 ランダム,maker-only(理論上限),2,2.0,5.0,
"対照 ランダム {'lookback': 2, 'top_n': 5} hold=2",full,5399,-0.9601714935669096,0.29567218118767435,1.2558436747545838,-0.7212415996551871,0.2221491922358705,-21.02775570911532,-59.8054493357867,0.8372291165030562,0.3531556360851851,0.86625,対照 ランダム,maker-only(理論上限),2,2.0,5.0,
"対照 ランダム {'lookback': 2, 'top_n': 5} hold=3",train,3240,-5.189244034256379,-0.1935032935156387,4.995740740740741,-3.980936232352557,-0.14975514196279122,-113.6444443502147,-169.47773569285022,0.5198148148148147,-0.37225428749000683,1.0,対照 ランダム,taker,3,2.0,5.0,
"対照 ランダム {'lookback': 2, 'top_n': 5} hold=3",test,2111,-6.51214292208524,-0.6018397482339845,5.910303173851255,-4.5575024413057115,-0.42465325444931973,-142.61592999366675,-139.94264931930323,0.620180009474183,-0.9704275194943025,1.0,対照 ランダム,taker,3,2.0,5.0,
"対照 ランダム {'lookback': 2, 'top_n': 5} hold=3",full,5399,-5.82484488330046,-0.46324088255958146,5.361604000740878,-4.306685440696428,-0.3455176498292508,-127.56410294428007,-316.40328576842006,0.5602518984997222,-0.8268439318100966,1.0,対照 ランダム,taker,3,2.0,5.0,
"対照 ランダム {'lookback': 2, 'top_n': 5} hold=3",train,3240,-3.0812347749971205,-0.1935032935156387,2.8877314814814814,-2.3775637372809366,-0.14975514196279122,-67.47904157243696,-102.91213283220047,0.5198148148148147,-0.37225428749000683,0.999,対照 ランダム,half-maker,3,2.0,5.0,
"対照 ランダム {'lookback': 2, 'top_n': 5} hold=3",test,2111,-4.022126342265249,-0.6018397482339845,3.4202865940312646,-2.8300922994366897,-0.42465325444931973,-88.08456689560896,-89.1573993193031,0.620180009474183,-0.9704275194943025,0.99225,対照 ランダム,half-maker,3,2.0,5.0,
"対照 ランダム {'lookback': 2, 'top_n': 5} hold=3",full,5399,-3.564231806804812,-0.46324088255958146,3.1009909242452305,-2.6504534182273787,-0.3455176498292508,-78.0566765690254,-197.0034329077707,0.5602518984997222,-0.8268439318100966,1.0,対照 ランダム,half-maker,3,2.0,5.0,
"対照 ランダム {'lookback': 2, 'top_n': 5} hold=3",train,3240,-0.9732255157378614,-0.1935032935156387,0.7797222222222221,-0.7530279071154502,-0.14975514196279122,-21.313638794659166,-42.35489626549104,0.5198148148148147,-0.37225428749000683,0.83825,対照 ランダム,maker-only(理論上限),3,2.0,5.0,
"対照 ランダム {'lookback': 2, 'top_n': 5} hold=3",test,2111,-1.5321097624452582,-0.6018397482339845,0.9302700142112741,-1.0808151573840832,-0.42465325444931973,-33.553203797551156,-38.372149319303226,0.620180009474183,-0.9704275194943025,0.814,対照 ランダム,maker-only(理論上限),3,2.0,5.0,
"対照 ランダム {'lookback': 2, 'top_n': 5} hold=3",full,5399,-1.3036187303091644,-0.46324088255958146,0.8403778477495831,-0.9720885145793549,-0.3455176498292508,-28.549250193770703,-80.0754329077707,0.5602518984997222,-0.8268439318100966,0.922,対照 ランダム,maker-only(理論上限),3,2.0,5.0,
"対照 ランダム {'lookback': 2, 'top_n': 5} hold=6",train,3240,-4.339852630109725,-1.8364575683813298,2.503395061728395,-3.3019720236905195,-1.4041760495780646,-95.04277259940298,-146.70129719965854,0.25753086419753085,-7.131019321135557,1.0,対照 ランダム,taker,6,2.0,5.0,
"対照 ランダム {'lookback': 2, 'top_n': 5} hold=6",test,2111,-2.4847387751801566,0.5096240860230656,2.9943628612032214,-1.7785201132074142,0.36730043994922157,-54.415779176445426,-74.99005297530093,0.30971103742302225,1.6454824802610764,0.945,対照 ランダム,taker,6,2.0,5.0,
"対照 ランダム {'lookback': 2, 'top_n': 5} hold=6",full,5399,-3.6282306054387594,-0.9287584809712651,2.6994721244674946,-2.6975785414824935,-0.6945467001433495,-79.45825025910884,-207.70921747506588,0.2785701055751065,-3.334020637475971,1.0,対照 ランダム,taker,6,2.0,5.0,
"対照 ランダム {'lookback': 2, 'top_n': 5} hold=6",train,3240,-3.2813032473936756,-1.8364575683813298,1.4448456790123458,-2.504927461884356,-1.4041760495780646,-71.8605411179215,-114.56229719965859,0.25753086419753085,-7.131019321135557,1.0,対照 ランダム,half-maker,6,2.0,5.0,
"対照 ランダム {'lookback': 2, 'top_n': 5} hold=6",test,2111,-1.219840622645812,0.5096240860230656,1.7294647086688775,-0.876829569538634,0.36730043994922157,-26.714509635943283,-61.518284509867335,0.30971103742302225,1.6454824802610764,0.78875,対照 ランダム,half-maker,6,2.0,5.0,
"対照 ランダム {'lookback': 2, 'top_n': 5} hold=6",full,5399,-2.487422122386342,-0.9287584809712651,1.5586636414150767,-1.856317081227556,-0.6945467001433495,-54.47454448026089,-157.3389490096326,0.2785701055751065,-3.334020637475971,0.9985,対照 ランダム,half-maker,6,2.0,5.0,
"対照 ランダム {'lookback': 2, 'top_n': 5} hold=6",train,3240,-2.2227538646776264,-1.8364575683813298,0.3862962962962963,-1.6994040154042143,-1.4041760495780646,-48.67830963644001,-82.42329719965838,0.25753086419753085,-7.131019321135557,0.99175,対照 ランダム,maker-only(理論上限),6,2.0,5.0,
"対照 ランダム {'lookback': 2, 'top_n': 5} hold=6",test,2111,0.04505752988853143,0.5096240860230656,0.46456655613453335,0.03246303430240138,0.36730043994922157,0.9867599045588383,-50.272534509867306,0.30971103742302225,1.6454824802610764,0.4955,対照 ランダム,maker-only(理論上限),6,2.0,5.0,
"対照 ランダム {'lookback': 2, 'top_n': 5} hold=6",full,5399,-1.346613639333925,-0.9287584809712651,0.4178551583626597,-1.006833840992884,-0.6945467001433495,-29.49083870141295,-109.19469900963301,0.2785701055751065,-3.334020637475971,0.9505,対照 ランダム,maker-only(理論上限),6,2.0,5.0,
"対照 ランダム {'lookback': 2, 'top_n': 5} hold=12",train,3240,-3.398994330597442,-2.121895565165343,1.2770987654320987,-2.5939970197480178,-1.624702296565183,-74.43797584008398,-118.40193954995009,0.13104938271604938,-16.191572376673836,1.0,対照 ランダム,taker,12,2.0,5.0,
"対照 ランダム {'lookback': 2, 'top_n': 5} hold=12",test,2111,-1.4156470484422505,0.08904267206935541,1.504689720511606,-1.086578869470729,0.06868522544834704,-31.002670360885286,-38.578701282013114,0.15423969682614874,0.5773006165184561,0.8985,対照 ランダム,taker,12,2.0,5.0,
"対照 ランダム {'lookback': 2, 'top_n': 5} hold=12",full,5399,-2.619362859755971,-1.2520448379000715,1.3673180218558991,-2.005018923855973,-0.9622237004116067,-57.364046628655764,-152.26676521448528,0.14035932580107427,-8.920282501745167,0.9995,対照 ランダム,taker,12,2.0,5.0,
"対照 ランダム {'lookback': 2, 'top_n': 5} hold=12",train,3240,-2.858731984918429,-2.121895565165343,0.7368364197530864,-2.1862730334174207,-1.624702296565183,-62.606230469713594,-102.30593954995,0.13104938271604938,-16.191572376673836,0.99975,対照 ランダム,half-maker,12,2.0,5.0,
"対照 ランダム {'lookback': 2, 'top_n': 5} hold=12",test,2111,-0.7789819608060589,0.08904267206935541,0.8680246328754145,-0.5996660809689329,0.06868522544834704,-17.05970494165269,-29.059701282013073,0.15423969682614874,0.5773006165184561,0.7625,対照 ランダム,half-maker,12,2.0,5.0,
"対照 ランダム {'lookback': 2, 'top_n': 5} hold=12",full,5399,-2.040973343178827,-1.2520448379000715,0.7889285052787554,-1.5661092254622488,-0.9622237004116067,-44.697316215616304,-124.0135152144851,0.14035932580107427,-8.920282501745167,0.997,対照 ランダム,half-maker,12,2.0,5.0,
"対照 ランダム {'lookback': 2, 'top_n': 5} hold=12",train,3240,-2.3184696392394173,-2.121895565165343,0.19657407407407407,-1.7749760597781261,-1.624702296565183,-50.77448509934324,-86.30395993213402,0.13104938271604938,-16.191572376673836,0.9945,対照 ランダム,maker-only(理論上限),12,2.0,5.0,
"対照 ランダム {'lookback': 2, 'top_n': 5} hold=12",test,2111,-0.14231687316986757,0.08904267206935541,0.2313595452392231,-0.10974503850781403,0.06868522544834704,-3.1167395224201,-19.54070128201309,0.15423969682614874,0.5773006165184561,0.569,対照 ランダム,maker-only(理論上限),12,2.0,5.0,
"対照 ランダム {'lookback': 2, 'top_n': 5} hold=12",full,5399,-1.462583826601683,-1.2520448379000715,0.21053898870161142,-1.1237882556320709,-0.9622237004116067,-32.03058580257686,-95.85428559666909,0.14035932580107427,-8.920282501745167,0.98175,対照 ランダム,maker-only(理論上限),12,2.0,5.0,
"対照 ランダム {'lookback': 6, 'top_n': 3} hold=1",train,3240,-5.757726686374462,2.406650885641998,8.16437757201646,-3.490017635037304,1.4603099137887516,-126.09421443160072,-197.76371543327897,0.8510288065843621,2.827931166397512,1.0,対照 ランダム,taker,1,6.0,3.0,
"対照 ランダム {'lookback': 6, 'top_n': 3} hold=1",test,2111,-12.355400120905564,-2.334004257965411,10.021395862940153,-6.446354103631333,-1.2191859083775103,-270.5832626478319,-270.6194609045598,1.0475288173061739,-2.22810505964651,1.0,対照 ランダム,taker,1,6.0,3.0,
"対照 ランダム {'lookback': 6, 'top_n': 3} hold=1",full,5399,-8.400051918622752,0.5051620098825245,8.905213928505278,-4.780162583885263,0.28790316238173547,-183.96113701783827,-462.78270526240163,0.9298018151509538,0.5433007353298306,1.0,対照 ランダム,taker,1,6.0,3.0,
"対照 ランダム {'lookback': 6, 'top_n': 3} hold=1",train,3240,-2.3138095053045045,2.406650885641998,4.720460390946502,-1.4037311466534164,1.4603099137887516,-50.67242816616865,-98.05458926591555,0.8510288065843621,2.827931166397512,0.9335,対照 ランダム,half-maker,1,6.0,3.0,
"対照 ランダム {'lookback': 6, 'top_n': 3} hold=1",test,2111,-8.130348802415119,-2.334004257965411,5.796344544449708,-4.245054828300444,-1.2191859083775103,-178.05463877289108,-190.02732711616005,1.0475288173061739,-2.22810505964651,1.0,対照 ランダム,half-maker,1,6.0,3.0,
"対照 ランダム {'lookback': 6, 'top_n': 3} hold=1",full,5399,-4.64479631573333,0.5051620098825245,5.149958325615855,-2.6457990716190967,0.28790316238173547,-101.72103931455992,-269.48021089615366,0.9298018151509538,0.5433007353298306,1.0,対照 ランダム,half-maker,1,6.0,3.0,
"対照 ランダム {'lookback': 6, 'top_n': 3} hold=1",train,3240,1.130107675765454,2.406650885641998,1.2765432098765435,0.6857555132519599,1.4603099137887516,24.749358099263443,-47.37141698196471,0.8510288065843621,2.827931166397512,0.21475,対照 ランダム,maker-only(理論上限),1,6.0,3.0,
"対照 ランダム {'lookback': 6, 'top_n': 3} hold=1",test,2111,-3.905297483924673,-2.334004257965411,1.5712932259592611,-2.0399286246627257,-1.2191859083775103,-85.52601489795033,-113.36274378282644,1.0475288173061739,-2.22810505964651,0.97,対照 ランダム,maker-only(理論上限),1,6.0,3.0,
"対照 ランダム {'lookback': 6, 'top_n': 3} hold=1",full,5399,-0.8895407128439061,0.5051620098825245,1.3947027227264313,-0.5069479161314656,0.28790316238173547,-19.480941611281544,-119.99793859506957,0.9298018151509538,0.5433007353298306,0.74975,対照 ランダム,maker-only(理論上限),1,6.0,3.0,
"対照 ランダム {'lookback': 6, 'top_n': 3} hold=2",train,3240,-3.571734026191555,1.9093873729853985,5.481121399176954,-2.198199967175754,1.1805759964026532,-78.22097517359505,-137.2769147451853,0.5699588477366254,3.3500442717361145,0.993,対照 ランダム,taker,2,6.0,3.0,
"対照 ランダム {'lookback': 6, 'top_n': 3} hold=2",test,2111,-5.873876756411445,0.6920872416937187,6.565963998105164,-3.1063924775099765,0.3683196654271907,-128.63790096541064,-133.15451198478615,0.6834043897047213,1.01270529150793,0.9985,対照 ランダム,taker,2,6.0,3.0,
"対照 ランダム {'lookback': 6, 'top_n': 3} hold=2",full,5399,-4.531594664022503,1.3834822020638085,5.915076866086312,-2.620053854081218,0.804247710127344,-99.24192314209282,-264.55466025803275,0.6156078286102364,2.247343418596681,1.0,対照 ランダム,taker,2,6.0,3.0,
"対照 ランダム {'lookback': 6, 'top_n': 3} hold=2",train,3240,-1.2586424624055477,1.9093873729853985,3.1680298353909464,-0.7768989180787316,1.1805759964026532,-27.564269926681494,-72.66048563978107,0.5699588477366254,3.3500442717361145,0.78975,対照 ランダム,half-maker,2,6.0,3.0,
"対照 ランダム {'lookback': 6, 'top_n': 3} hold=2",test,2111,-3.103448049637404,0.6920872416937187,3.7955352913311224,-1.6469185802716926,0.3683196654271907,-67.96551228705916,-88.210056020134,0.6834043897047213,1.01270529150793,0.93275,対照 ランダム,half-maker,2,6.0,3.0,
"対照 ランダム {'lookback': 6, 'top_n': 3} hold=2",full,5399,-2.0357621024370247,1.3834822020638085,3.419244304500834,-1.1807874897390458,0.804247710127344,-44.58319004337085,-139.68656448596164,0.6156078286102364,2.247343418596681,0.96075,対照 ランダム,half-maker,2,6.0,3.0,
"対照 ランダム {'lookback': 6, 'top_n': 3} hold=2",train,3240,1.0544491013804602,1.9093873729853985,0.8549382716049383,0.651845935280032,1.1805759964026532,23.092435320232077,-37.30456670529412,0.5699588477366254,3.3500442717361145,0.21625,対照 ランダム,maker-only(理論上限),2,6.0,3.0,
"対照 ランダム {'lookback': 6, 'top_n': 3} hold=2",test,2111,-0.3330193428633638,0.6920872416937187,1.025106584557082,-0.17713559463648182,0.3683196654271907,-7.293123608707668,-47.398806020134096,0.6834043897047213,1.01270529150793,0.53625,対照 ランダム,maker-only(理論上限),2,6.0,3.0,
"対照 ランダム {'lookback': 6, 'top_n': 3} hold=2",full,5399,0.4600704591484538,1.3834822020638085,0.9234117429153547,0.26735710817660363,0.804247710127344,10.075543055351138,-47.39880602013399,0.6156078286102364,2.247343418596681,0.3295,対照 ランダム,maker-only(理論上限),2,6.0,3.0,
"対照 ランダム {'lookback': 6, 'top_n': 3} hold=3",train,3240,-2.537118417246147,1.7262046280213421,4.263323045267489,-1.40594884167028,0.9600385236527762,-55.562893337690625,-112.68167254177199,0.442798353909465,3.898398927594667,0.9375,対照 ランダム,taker,3,6.0,3.0,
"対照 ランダム {'lookback': 6, 'top_n': 3} hold=3",test,2111,-2.1263900776924567,2.962983047208853,5.08937312490131,-1.135723596878629,1.5871033465458377,-46.5679427014648,-83.5376921427403,0.5266066635086056,5.626558212285958,0.8345,対照 ランダム,taker,3,6.0,3.0,
"対照 ランダム {'lookback': 6, 'top_n': 3} hold=3",full,5399,-2.3807211585633463,2.2142964372877363,4.5950175958510835,-1.3033892246174625,1.2161262606520418,-52.13779337253729,-160.7059650324413,0.47663147496449954,4.645720128853558,0.97075,対照 ランダム,taker,3,6.0,3.0,
"対照 ランダム {'lookback': 6, 'top_n': 3} hold=3",train,3240,-0.7375556600445011,1.7262046280213421,2.463760288065844,-0.4096820749230324,0.9600385236527762,-16.152468954974573,-81.16735786751744,0.442798353909465,3.898398927594667,0.67125,対照 ランダム,half-maker,3,6.0,3.0,
"対照 ランダム {'lookback': 6, 'top_n': 3} hold=3",test,2111,0.023341487126743807,2.962983047208853,2.939641560082109,0.012493150169125262,1.5871033465458377,0.5111785680756894,-51.76394214274027,0.5266066635086056,5.626558212285958,0.465,対照 ランダム,half-maker,3,6.0,3.0,
"対照 ランダム {'lookback': 6, 'top_n': 3} hold=3",full,5399,-0.44068596686118006,2.2142964372877363,2.6549824041489156,-0.24179804522265516,1.2161262606520418,-9.651022674259844,-82.59515127894711,0.47663147496449954,4.645720128853558,0.62875,対照 ランダム,half-maker,3,6.0,3.0,
"対照 ランダム {'lookback': 6, 'top_n': 3} hold=3",train,3240,1.062007097157145,1.7262046280213421,0.6641975308641975,0.5905695490635146,0.9600385236527762,23.25795542774147,-65.7199438589233,0.442798353909465,3.898398927594667,0.272,対照 ランダム,maker-only(理論上限),3,6.0,3.0,
"対照 ランダム {'lookback': 6, 'top_n': 3} hold=3",test,2111,2.1730730519459454,2.962983047208853,0.7899099952629086,1.16404742287311,1.5871033465458377,47.5902998376162,-34.42821092918927,0.5266066635086056,5.626558212285958,0.1345,対照 ランダム,maker-only(理論上限),3,6.0,3.0,
"対照 ランダム {'lookback': 6, 'top_n': 3} hold=3",full,5399,1.4993492248409863,2.2142964372877363,0.7149472124467493,0.823446112473189,1.2161262606520418,32.835748024017605,-65.7199438589233,0.47663147496449954,4.645720128853558,0.10825,対照 ランダム,maker-only(理論上限),3,6.0,3.0,
"対照 ランダム {'lookback': 6, 'top_n': 3} hold=6",train,3240,-2.3874412858225313,0.21258443434207797,2.6000257201646084,-1.447570083965655,0.1292447535188568,-52.284964159513436,-105.54846900829722,0.2690329218106996,0.7901800006902477,0.9625,対照 ランダム,taker,6,6.0,3.0,
"対照 ランダム {'lookback': 6, 'top_n': 3} hold=6",test,2111,-1.6436299243221542,1.4917719389338067,3.1354018632559613,-0.9104064099436129,0.8293054619958802,-35.995495342655175,-68.21905238418155,0.32180641086372963,4.635619082074484,0.79675,対照 ランダム,taker,6,6.0,3.0,
"対照 ランダム {'lookback': 6, 'top_n': 3} hold=6",full,5399,-2.0662303646785736,0.7456020734272489,2.8118324381058217,-1.2096415990388414,0.43782948484688416,-45.25044498646076,-139.5698643288172,0.29011545347903933,2.5700184684616194,0.967,対照 ランダム,taker,6,6.0,3.0,
"対照 ランダム {'lookback': 6, 'top_n': 3} hold=6",train,3240,-1.2892031170982514,0.21258443434207797,1.5017875514403292,-0.7832402222444316,0.1292447535188568,-28.23354826445171,-77.01190214912396,0.2690329218106996,0.7901800006902477,0.8385,対照 ランダム,half-maker,6,6.0,3.0,
"対照 ランダム {'lookback': 6, 'top_n': 3} hold=6",test,2111,-0.3172838008419713,1.4917719389338067,1.8090557397757774,-0.17616965047106317,0.8293054619958802,-6.948515238439171,-48.04905238418156,0.32180641086372963,4.635619082074484,0.557,対照 ランダム,half-maker,6,6.0,3.0,
"対照 ランダム {'lookback': 6, 'top_n': 3} hold=6",full,5399,-0.8779007357349414,0.7456020734272489,1.6235028091621904,-0.5150626400326924,0.43782948484688416,-19.226026112595214,-80.60848172119901,0.29011545347903933,2.5700184684616194,0.789,対照 ランダム,half-maker,6,6.0,3.0,
"対照 ランダム {'lookback': 6, 'top_n': 3} hold=6",train,3240,-0.19096494837397152,0.21258443434207797,0.4035493827160493,-0.11610401162311869,0.1292447535188568,-4.182132369389976,-52.96559321624746,0.2690329218106996,0.7901800006902477,0.5775,対照 ランダム,maker-only(理論上限),6,6.0,3.0,
"対照 ランダム {'lookback': 6, 'top_n': 3} hold=6",test,2111,1.0090623226382118,1.4917719389338067,0.48270961629559445,0.5609279532451037,0.8293054619958802,22.09846486577684,-36.96247509568542,0.32180641086372963,4.635619082074484,0.30425,対照 ランダム,maker-only(理論上限),6,6.0,3.0,
"対照 ランダム {'lookback': 6, 'top_n': 3} hold=6",full,5399,0.31042889320868966,0.7456020734272489,0.43517318021855894,0.18229040546794545,0.43782948484688416,6.798392761270304,-52.96559321624746,0.29011545347903933,2.5700184684616194,0.394,対照 ランダム,maker-only(理論上限),6,6.0,3.0,
"対照 ランダム {'lookback': 6, 'top_n': 3} hold=12",train,3240,-2.1132746977892958,-0.8012633809168683,1.312011316872428,-1.2736369668840894,-0.4842342666820198,-46.28071588158558,-81.06038170792561,0.13415637860082302,-5.97260740990181,0.9475,対照 ランダム,taker,12,6.0,3.0,
"対照 ランダム {'lookback': 6, 'top_n': 3} hold=12",test,2111,-1.2826652121575857,0.2785222187598308,1.5611874309174165,-0.7330209173356624,0.15947209891613048,-28.090368146251127,-52.70913982462171,0.15932417495657666,1.7481478804816735,0.79175,対照 ランダム,taker,12,6.0,3.0,
"対照 ランダム {'lookback': 6, 'top_n': 3} hold=12",full,5399,-1.687808404861511,-0.27737746085953546,1.4104309440019756,-0.9977896751589016,-0.16436831883084102,-36.96300406646709,-99.5075158253812,0.1442242390566154,-1.9232374715504694,0.95525,対照 ランダム,taker,12,6.0,3.0,
"対照 ランダム {'lookback': 6, 'top_n': 3} hold=12",train,3240,-1.5578863233036995,-0.8012633809168683,0.7566229423868313,-0.940442040158117,-0.4842342666820198,-34.117710480351015,-64.11746504125887,0.13415637860082302,-5.97260740990181,0.892,対照 ランダム,half-maker,12,6.0,3.0,
"対照 ランダム {'lookback': 6, 'top_n': 3} hold=12",test,2111,-0.6215646279163102,0.2785222187598308,0.9000868466761408,-0.35568430771467174,0.15947209891613048,-13.612265351367192,-42.927698440906866,0.15932417495657666,1.7481478804816735,0.652,対照 ランダム,half-maker,12,6.0,3.0,
"対照 ランダム {'lookback': 6, 'top_n': 3} hold=12",full,5399,-1.090761112152985,-0.27737746085953546,0.8133836512934495,-0.6457968275740846,-0.16436831883084102,-23.887668356150375,-67.98232444166644,0.1442242390566154,-1.9232374715504694,0.86875,対照 ランダム,half-maker,12,6.0,3.0,
"対照 ランダム {'lookback': 6, 'top_n': 3} hold=12",train,3240,-1.002497948818103,-0.8012633809168683,0.20123456790123453,-0.6057416950941847,-0.4842342666820198,-21.95470507911645,-47.1745483745922,0.13415637860082302,-5.97260740990181,0.78725,対照 ランダム,maker-only(理論上限),12,6.0,3.0,
"対照 ランダム {'lookback': 6, 'top_n': 3} hold=12",test,2111,0.03953595632496577,0.2785222187598308,0.23898626243486498,0.022637494655397182,0.15947209891613048,0.8658374435167503,-40.02546572119687,0.15932417495657666,1.7481478804816735,0.4935,対照 ランダム,maker-only(理論上限),12,6.0,3.0,
"対照 ランダム {'lookback': 6, 'top_n': 3} hold=12",full,5399,-0.49371381944445863,-0.27737746085953546,0.21633635858492314,-0.2925390969930497,-0.16436831883084102,-10.812332645833644,-47.1745483745922,0.1442242390566154,-1.9232374715504694,0.70125,対照 ランダム,maker-only(理論上限),12,6.0,3.0,
"対照 ランダム {'lookback': 6, 'top_n': 5} hold=1",train,3240,-6.650579501539251,0.7007013626582801,7.351280864197531,-5.156700881570013,0.5444064977999653,-145.6476910837096,-218.31505080352093,0.7624074074074073,0.9190642114050794,1.0,対照 ランダム,taker,1,6.0,5.0,
"対照 ランダム {'lookback': 6, 'top_n': 5} hold=1",test,2111,-10.381565734434641,-1.4568381171916283,8.924727617243013,-7.2327414638386776,-1.015176399340194,-227.35628958411863,-222.5164375804324,0.9290383704405494,-1.5681140451721025,1.0,対照 ランダム,taker,1,6.0,5.0,
"対照 ランダム {'lookback': 6, 'top_n': 5} hold=1",full,5399,-8.104841513999373,-0.12052034341222886,7.984321170587146,-6.018035808871405,-0.08962142683220288,-177.49602915658627,-440.5531673906605,0.8297832932024449,-0.14524315492915707,1.0,対照 ランダム,taker,1,6.0,5.0,
"対照 ランダム {'lookback': 6, 'top_n': 5} hold=1",train,3240,-3.546744624996041,0.7007013626582801,4.247445987654321,-2.7538195695165206,0.5444064977999653,-77.67370728741331,-120.65544181051592,0.7624074074074073,0.9190642114050794,0.9985,対照 ランダム,half-maker,1,6.0,5.0,
"対照 ランダム {'lookback': 6, 'top_n': 5} hold=1",test,2111,-6.6159807036435465,-1.4568381171916283,5.159142586451917,-4.610726493014114,-1.015176399340194,-144.88997740979366,-144.46743758043223,0.9290383704405494,-1.5681140451721025,1.0,対照 ランダム,half-maker,1,6.0,5.0,
"対照 ランダム {'lookback': 6, 'top_n': 5} hold=1",full,5399,-4.735018398607635,-0.12052034341222886,4.614498055195407,-3.5194695537375393,-0.08962142683220288,-103.69690292950722,-260.6343631257577,0.8297832932024449,-0.14524315492915707,1.0,対照 ランダム,half-maker,1,6.0,5.0,
"対照 ランダム {'lookback': 6, 'top_n': 5} hold=1",train,3240,-0.442909748452831,0.7007013626582801,1.143611111111111,-0.34410180939910623,0.5444064977999653,-9.699723491116998,-36.82596539255598,0.7624074074074073,0.9190642114050794,0.64425,対照 ランダム,maker-only(理論上限),1,6.0,5.0,
"対照 ランダム {'lookback': 6, 'top_n': 5} hold=1",test,2111,-2.8503956728524527,-1.4568381171916283,1.3935575556608242,-1.9864902699818872,-1.015176399340194,-62.42366523546872,-77.10684892485834,0.9290383704405494,-1.5681140451721025,0.97825,対照 ランダム,maker-only(理論上限),1,6.0,5.0,
"対照 ランダム {'lookback': 6, 'top_n': 5} hold=1",full,5399,-1.3651952832158956,-0.12052034341222886,1.244674939803667,-1.0151862237877667,-0.08962142683220288,-29.897776702428114,-92.60529575400274,0.8297832932024449,-0.14524315492915707,0.94425,対照 ランダム,maker-only(理論上限),1,6.0,5.0,
"対照 ランダム {'lookback': 6, 'top_n': 5} hold=2",train,3240,-3.091710272816441,1.9181817024922019,5.009891975308642,-2.446213228872413,1.5276141056747816,-67.70845497468005,-105.9373846056594,0.5182098765432098,3.7015537320278344,0.998,対照 ランダム,taker,2,6.0,5.0,
"対照 ランダム {'lookback': 6, 'top_n': 5} hold=2",test,2111,-7.313088183599171,-1.2901132901837282,6.022974893415443,-5.026303801014602,-0.8936907659195812,-160.15663122082185,-157.73773742370298,0.625106584557082,-2.0638293085615715,1.0,対照 ランダム,taker,2,6.0,5.0,
"対照 ランダム {'lookback': 6, 'top_n': 5} hold=2",full,5399,-4.7748613253193435,0.6387523068347598,5.413613632154103,-3.5612121197244835,0.4799006041975489,-104.56946302449361,-262.1479764099333,0.5611039081311354,1.138385061266544,1.0,対照 ランダム,taker,2,6.0,5.0,
"対照 ランダム {'lookback': 6, 'top_n': 5} hold=2",train,3240,-0.9754216925695265,1.9181817024922019,2.893603395061728,-0.7749041901835507,1.5276141056747816,-21.36173506727263,-42.52375785330224,0.5182098765432098,3.7015537320278344,0.80725,対照 ランダム,half-maker,2,6.0,5.0,
"対照 ランダム {'lookback': 6, 'top_n': 5} hold=2",test,2111,-4.770430675309261,-1.2901132901837282,3.480317385125533,-3.2931185470002338,-0.8936907659195812,-104.47243178927282,-105.13173742370316,0.625106584557082,-2.0638293085615715,0.99875,対照 ランダム,half-maker,2,6.0,5.0,
"対照 ランダム {'lookback': 6, 'top_n': 5} hold=2",full,5399,-2.4888824403406433,0.6387523068347598,3.1276347471754025,-1.864261658543776,0.4799006041975489,-54.506525443460085,-143.23697640993407,0.5611039081311354,1.138385061266544,0.998,対照 ランダム,half-maker,2,6.0,5.0,
"対照 ランダム {'lookback': 6, 'top_n': 5} hold=2",train,3240,1.1408668876773873,1.9181817024922019,0.7773148148148149,0.9082876573931737,1.5276141056747816,24.984984840134782,-20.41109234223334,0.5182098765432098,3.7015537320278344,0.12725,対照 ランダム,maker-only(理論上限),2,6.0,5.0,
"対照 ランダム {'lookback': 6, 'top_n': 5} hold=2",test,2111,-2.2277731670193512,-1.2901132901837282,0.9376598768356228,-1.5422659195012862,-0.8936907659195812,-48.788232357723786,-60.982785308642384,0.625106584557082,-2.0638293085615715,0.92225,対照 ランダム,maker-only(理論上限),2,6.0,5.0,
"対照 ランダム {'lookback': 6, 'top_n': 5} hold=2",full,5399,-0.20290355536194324,0.6387523068347598,0.841655862196703,-0.15237012586604623,0.4799006041975489,-4.443587862426557,-60.982785308642406,0.5611039081311354,1.138385061266544,0.58525,対照 ランダム,maker-only(理論上限),2,6.0,5.0,
"対照 ランダム {'lookback': 6, 'top_n': 5} hold=3",train,3240,-2.2028103850315235,1.7548285038573657,3.9576388888888885,-1.638104725198971,1.312303910715917,-48.241547432190366,-89.17432313490973,0.40765432098765436,4.30469742012255,0.968,対照 ランダム,taker,3,6.0,5.0,
"対照 ランダム {'lookback': 6, 'top_n': 5} hold=3",test,2111,-4.951164541389398,-0.18467946322739018,4.766485078162009,-3.5329588728738184,-0.1324190440100503,-108.43050345642781,-108.77496311457364,0.4929417337754618,-0.3746476521939464,0.99975,対照 ランダム,taker,3,6.0,5.0,
"対照 ランダム {'lookback': 6, 'top_n': 5} hold=3",full,5399,-3.318484300525151,0.9627714875837584,4.281255788108909,-2.4297544003154763,0.7086936599885072,-72.67480618150081,-192.09494329557563,0.4420077792183738,2.178177699239319,0.99975,対照 ランダム,taker,3,6.0,5.0,
"対照 ランダム {'lookback': 6, 'top_n': 5} hold=3",train,3240,-0.529731681327819,1.7548285038573657,2.2845601851851853,-0.39537748015608076,1.312303910715917,-11.601123821079236,-52.178911500079565,0.40765432098765436,4.30469742012255,0.65775,対照 ランダム,half-maker,3,6.0,5.0,
"対照 ランダム {'lookback': 6, 'top_n': 5} hold=3",test,2111,-2.937628302639991,-0.18467946322739018,2.7529488394126003,-2.10331893506997,-0.1324190440100503,-64.3340598278158,-70.64286740675576,0.4929417337754618,-0.3746476521939464,0.982,対照 ランダム,half-maker,3,6.0,5.0,
"対照 ランダム {'lookback': 6, 'top_n': 5} hold=3",full,5399,-1.509362240884476,0.9627714875837584,2.472133728468235,-1.1091016142937382,0.7086936599885072,-33.05503307537002,-110.18403166074538,0.4420077792183738,2.178177699239319,0.95625,対照 ランダム,half-maker,3,6.0,5.0,
"対照 ランダム {'lookback': 6, 'top_n': 5} hold=3",train,3240,1.1433470223758846,1.7548285038573657,0.6114814814814814,0.8548865330845549,1.312303910715917,25.039299790031873,-36.11009124675224,0.40765432098765436,4.30469742012255,0.16925,対照 ランダム,maker-only(理論上限),3,6.0,5.0,
"対照 ランダム {'lookback': 6, 'top_n': 5} hold=3",test,2111,-0.9240920638905831,-0.18467946322739018,0.7394126006631927,-0.6625754155816886,-0.1324190440100503,-20.23761619920377,-40.32561740675572,0.4929417337754618,-0.3746476521939464,0.73475,対照 ランダム,maker-only(理論上限),3,6.0,5.0,
"対照 ランダム {'lookback': 6, 'top_n': 5} hold=3",full,5399,0.2997598187561977,0.9627714875837584,0.6630116688275606,0.22062976011231658,0.7086936599885072,6.5647400307607295,-49.15453166074526,0.4420077792183738,2.178177699239319,0.37125,対照 ランダム,maker-only(理論上限),3,6.0,5.0,
"対照 ランダム {'lookback': 6, 'top_n': 5} hold=6",train,3240,-0.9575866954460868,1.561147872455148,2.5187345679012343,-0.7626269508775729,1.2477853528987124,-20.9711486302693,-62.0669203054313,0.25895061728395063,6.028747445476376,0.8205,対照 ランダム,taker,6,6.0,5.0,
"対照 ランダム {'lookback': 6, 'top_n': 5} hold=6",test,2111,-3.169870391038545,-0.1605146354724624,3.0093557555660824,-2.2800505426833206,-0.11635177608608634,-69.42016156374413,-88.91724106426429,0.30961629559450493,-0.5184308376413221,0.9835,対照 ランダム,taker,6,6.0,5.0,
"対照 ランダム {'lookback': 6, 'top_n': 5} hold=6",full,5399,-1.8231679812457189,0.8895565973799532,2.7127245786256715,-1.392819362471748,0.6833164985332194,-39.92737878928124,-117.7084456482787,0.2791998518244119,3.1860926557346203,0.98375,対照 ランダム,taker,6,6.0,5.0,
"対照 ランダム {'lookback': 6, 'top_n': 5} hold=6",train,3240,0.10756762554156765,1.561147872455148,1.4535802469135803,0.08591778222335655,1.2477853528987124,2.3557309993603317,-46.84287206806409,0.25895061728395063,6.028747445476376,0.46775,対照 ランダム,half-maker,6,6.0,5.0,
"対照 ランダム {'lookback': 6, 'top_n': 5} hold=6",test,2111,-1.8974047349513827,-0.1605146354724624,1.73689009947892,-1.371103236401209,-0.11635177608608634,-41.55316369543528,-67.00474106426422,0.30961629559450493,-0.5184308376413221,0.89775,対照 ランダム,half-maker,6,6.0,5.0,
"対照 ランダム {'lookback': 6, 'top_n': 5} hold=6",full,5399,-0.6762055808011916,0.8895565973799532,1.5657621781811446,-0.5185064525452924,0.6833164985332194,-14.808902219546097,-67.00474106426422,0.2791998518244119,3.1860926557346203,0.786,対照 ランダム,half-maker,6,6.0,5.0,
"対照 ランダム {'lookback': 6, 'top_n': 5} hold=6",train,3240,1.1727219465292216,1.561147872455148,0.3884259259259259,0.9375174769779727,1.2477853528987124,25.682610628989956,-40.330122068064114,0.25895061728395063,6.028747445476376,0.133,対照 ランダム,maker-only(理論上限),6,6.0,5.0,
"対照 ランダム {'lookback': 6, 'top_n': 5} hold=6",test,2111,-0.624939078864219,-0.1605146354724624,0.4644244433917573,-0.4528075239507494,-0.11635177608608634,-13.686165827126395,-45.09224106426422,0.30961629559450493,-0.5184308376413221,0.65925,対照 ランダム,maker-only(理論上限),6,6.0,5.0,
"対照 ランダム {'lookback': 6, 'top_n': 5} hold=6",full,5399,0.47075681964333493,0.8895565973799532,0.41879977773661775,0.3615857101951723,0.6833164985332194,10.309574350189035,-45.092241064264286,0.2791998518244119,3.1860926557346203,0.28725,対照 ランダム,maker-only(理論上限),6,6.0,5.0,
"対照 ランダム {'lookback': 6, 'top_n': 5} hold=12",train,3240,-0.647159690866403,0.6427322844422387,1.289891975308642,-0.5161656574192838,0.5145340791433738,-14.172797229974227,-39.405250884416624,0.13117283950617284,4.899888474336127,0.73925,対照 ランダム,taker,12,6.0,5.0,
"対照 ランダム {'lookback': 6, 'top_n': 5} hold=12",test,2111,-1.7278998710775582,-0.20348016477722594,1.5244197063003317,-1.2705892688735625,-0.15020580100985856,-37.841007176598524,-58.24796529348518,0.15537659876835622,-1.3095933775753779,0.9105,対照 ランダム,taker,12,6.0,5.0,
"対照 ランダム {'lookback': 6, 'top_n': 5} hold=12",full,5399,-0.9413334515379841,0.4404779950261945,1.3818114465641786,-0.7265460371157283,0.3412793473992223,-20.615202588681854,-62.484664082767736,0.14080385256528988,3.128309254336259,0.8915,対照 ランダム,taker,12,6.0,5.0,
"対照 ランダム {'lookback': 6, 'top_n': 5} hold=12",train,3240,-0.10059333284171157,0.6427322844422387,0.7433256172839506,-0.08042095668379633,0.5145340791433738,-2.2029939892334833,-31.15294025677975,0.13117283950617284,4.899888474336127,0.522,対照 ランダム,half-maker,12,6.0,5.0,
"対照 ランダム {'lookback': 6, 'top_n': 5} hold=12",test,2111,-1.082222467003659,-0.20348016477722594,0.8787423022264331,-0.7977464678567822,-0.15020580100985856,-23.700672027380133,-47.76421529348519,0.15537659876835622,-1.3095933775753779,0.801,対照 ランダム,half-maker,12,6.0,5.0,
"対照 ランダム {'lookback': 6, 'top_n': 5} hold=12",full,5399,-0.3560306176798624,0.4404779950261945,0.7965086127060567,-0.2754599418024482,0.3412793473992223,-7.7970705271889855,-47.76421529348516,0.14080385256528988,3.128309254336259,0.681,対照 ランダム,half-maker,12,6.0,5.0,
"対照 ランダム {'lookback': 6, 'top_n': 5} hold=12",train,3240,0.44597302518297954,0.6427322844422387,0.19675925925925924,0.3569652091632396,0.5145340791433738,9.766809251507253,-24.933940256779774,0.13117283950617284,4.899888474336127,0.30275,対照 ランダム,maker-only(理論上限),12,6.0,5.0,
"対照 ランダム {'lookback': 6, 'top_n': 5} hold=12",test,2111,-0.43654506292976014,-0.20348016477722594,0.2330648981525343,-0.3222108470619464,-0.15020580100985856,-9.560336878161747,-37.472465016610066,0.15537659876835622,-1.3095933775753779,0.628,対照 ランダム,maker-only(理論上限),12,6.0,5.0,
"対照 ランダム {'lookback': 6, 'top_n': 5} hold=12",full,5399,0.22927221617825963,0.4404779950261945,0.21120577884793476,0.17761171474859427,0.3412793473992223,5.021061534303886,-37.47246501661013,0.14080385256528988,3.128309254336259,0.39475,対照 ランダム,maker-only(理論上限),12,6.0,5.0,
