wallet_anon_id,episode_trace,stable_sequence_index,timestamp,coin,side,pre_add_position_size,pre_add_avg_entry_price,add_price,add_qty,add_notional,add_size_ratio_vs_existing,signed_price_distance_vs_pre_add_avg,favorable_or_adverse,resulting_position_size,label_v1_classification,source_fill_trace_key
A09,A09|HYPE|1789980838292,1,1789980838292,HYPE,LONG,11.46,95.22,95.222,1.06,100.93532,0.09249563699825479930191972077,0.000021003990758244066372611,neutral,12.52,NONE,94f7f8001304217c87e2
A09,A09|HYPE|1789980838292,2,1789980838292,HYPE,LONG,12.52,95.22016932907348242811501597,95.226,4.75,452.32350,0.3793929712460063897763578275,0.000061233570236230390284658,neutral,17.27,NONE,c3ff08f25c8e5b093617
A09,A09|HYPE|1789980838292,3,1789980838292,HYPE,LONG,17.27,95.22177301679212507237984945,95.227,2.00,190.45400,0.1158077591198610306890561668,0.000054892731381436911589841,neutral,19.27,NONE,88eb8e2ef4041e01c594
A09,A09|HYPE|1789980838292,4,1789980838292,HYPE,LONG,19.27,95.22231551634665282823040996,95.228,128.37,12224.41836,6.661650233523611831862999481,0.000059696969376588265555183,neutral,147.64,NONE,09817f5432df2dd439fb
A09,A09|HYPE|1789980838292,5,1789980838292,HYPE,LONG,147.64,95.22725806014630181522622596,95.229,37.61,3581.56269,0.2547412625304795448387970740,0.000018292449968452956579213,neutral,185.25,NONE,059680fbd4ebafaf4d2a
A09,A09|HYPE|1789980838292,6,1789980838292,HYPE,LONG,185.25,95.22761171390013495276653171,95.23,17.00,1618.9100,0.09176788124156545209176788124,0.000025079764753949353943576,neutral,202.25,NONE,c62beea859dfc5376b6c
A09,A09|HYPE|1789980838292,7,1789980838292,HYPE,LONG,202.25,95.22781245982694684796044499,95.23,110.81,10552.4363,0.5478862793572311495673671199,0.000022971652047304913553922,neutral,313.06,NONE,20a3eb007c7bc40044bd
A09,A09|HYPE|1789980838292,8,1789980838292,HYPE,LONG,313.06,95.22858675653229412892097362,95.23,4.20,399.9660,0.01341595860218488468664153836,0.000014840538076229807319712,noise,317.26,NONE,cbfbd0d9382842d1b5d9
A09,A09|HYPE|1789980838292,9,1789980838292,HYPE,LONG,317.26,95.22860546554876126836033537,95.231,63.35,6032.88385,0.1996784971316900964508604930,0.000025145117263163242240620,neutral,380.61,NONE,79056359ac39952fd543
A09,A09|HYPE|1789980838292,10,1789980838292,HYPE,LONG,380.61,95.22900401986285173799952707,95.231,19.82,1887.47842,0.05207430177872362786053966002,0.000020959792215530688058405,neutral,400.43,NONE,28f08546a2fa144633fe
A09,A09|HYPE|1789980838292,11,1789980838292,HYPE,LONG,400.43,95.22910281447443997702469845,95.232,12.49,1189.44768,0.03119146917064156032265314787,0.000030423320601941683392054,noise,412.92,NONE,d57310824805469ce7f0
A09,A09|HYPE|1789980838292,12,1789980838292,HYPE,LONG,412.92,95.22919044851302915819044851,95.232,4.20,399.97440,0.01017146178436501017146178437,0.000029503049156863981125991,noise,417.12,NONE,bc4a9f175b2be4106d3e
A09,A09|HYPE|1789980838292,13,1789980838292,HYPE,LONG,417.12,95.22921873801304181051016494,95.233,709.46,67564.00418,1.700853471423091676256233218,0.000039706951680039431799453,neutral,1126.58,NONE,26cd8bcf8427bf4adccd
A09,A09|HYPE|1789980838292,14,1789980838292,HYPE,LONG,1126.58,95.23159997514601714924816702,95.233,8.50,809.48050,0.007544959079692520726446413038,0.000014701263596833778967833,noise,1135.08,NONE,e6cf7496465dedee6f4e
A09,A09|HYPE|1789980838292,15,1789980838292,HYPE,LONG,1135.08,95.23161045917468372273319942,95.239,0.52,49.52428,0.0004581174895161574514571660147,0.000077595462154702681951882,noise,1135.60,NONE,e2b1a59ef05369d3dfdc
A09,A09|HYPE|1789980838292,16,1789980838292,HYPE,LONG,1135.6,95.23161384290243043325114477,95.239,8.4,800.0076,0.007396970764353645649876717154,0.000077559927838186622648302,noise,1144.0,NONE,68f03b9b2de189756eb7
A09,A09|HYPE|1789980838292,17,1789980838292,HYPE,LONG,1144.0,95.23166807692307692307692308,95.24,1.59,151.4316,0.001389860139860139860139860140,0.000087491096661175698030669,noise,1145.59,NONE,62f02c32e37ad9b594d9
A09,A09|HYPE|1789980838292,18,1789980838292,HYPE,LONG,1145.59,95.23167964105831929398825060,95.24,4.47,425.7228,0.003901919534912141342015904468,0.000087369654436856691155907,noise,1150.06,NONE,20be6914d0c39da66d6a
A09,A09|HYPE|1789980838292,19,1789980838292,HYPE,LONG,1150.06,95.23171198024450898214006226,95.241,1.08,102.86028,0.0009390814392292576039510982036,0.000097530744353496297577622,noise,1151.14,NONE,7424314ccaedbc8eaaa4
A09,A09|HYPE|1789980838292,20,1789980838292,HYPE,LONG,1151.14,95.23172069426829056413642129,95.242,1.06,100.95652,0.0009208263113087895477526625780,0.000107939934895328591987993,noise,1152.20,NONE,cb8f376070f673385905
A09,A09|HYPE|1789980838292,21,1789980838292,HYPE,LONG,1152.2,95.23173015101544870682173234,95.243,11.08,1055.29244,0.009616386044089567783370942545,0.000118341323492494834552406,noise,1163.28,NONE,a1595be5f8d922e8361c
A09,A09|HYPE|1789980838292,22,1789980838292,HYPE,LONG,1163.28,95.23183749398253215047108177,95.244,5.24,499.07856,0.004504504504504504504504504505,0.000127714704845807145737789,noise,1168.52,NONE,3c5b49d6e63381ee05ce
A09,A09|HYPE|1789980838292,23,1789980838292,HYPE,LONG,1168.52,95.23189203436826070585013521,95.244,15.75,1500.09300,0.01347858829972957245062129874,0.000127141920349221324770701,noise,1184.27,NONE,3bf6f17a07241a5d65d5
A09,A09|HYPE|1789980838292,24,1789980838292,HYPE,LONG,1184.27,95.23205306222398608425443522,95.244,166.67,15874.31748,0.1407364874564077448554805914,0.000125450805604367959634138,neutral,1350.94,NONE,9b912fac95353286d88a
A09,A09|HYPE|1789980838292,25,1789980838292,HYPE,LONG,1350.94,95.23352699601758775371223000,95.245,56.21,5353.72145,0.04160806549513671961745155225,0.000120472320455925324829063,noise,1407.15,NONE,acbfacf697479e36ef0c
A09,A09|HYPE|1789980838292,26,1789980838292,HYPE,LONG,1407.15,95.23398529652133745513982163,95.245,24.67,2349.69415,0.01753189070106243115517180116,0.000115659377735448868225286,noise,1431.82,NONE,8e0b3f1ea47031eb039c
A09,A09|HYPE|1789980838292,27,1789980838292,HYPE,LONG,1431.82,95.23417507787291698677208029,95.245,5.24,499.08380,0.003659677892472517495215879091,0.000113666361033016583920711,noise,1437.06,NONE,2509247eb1e750e26ee3
A09,A09|HYPE|1789980838292,28,1789980838292,HYPE,LONG,1437.06,95.23421454914895689811142193,95.246,15.17,1444.88182,0.01055627461623035920560032288,0.000123752276498913177730781,noise,1452.23,NONE,e528acaac293de87bc05
A09,A09|HYPE|1789980838292,29,1789980838292,HYPE,LONG,1452.23,95.23433766001253245009399338,95.246,5.24,499.08904,0.003608243873215675202963717868,0.000122459401451419882638888,noise,1457.47,NONE,b65082c52d060acd7623
A09,A09|HYPE|1789980838292,30,1789980838292,HYPE,LONG,1457.47,95.23437958928828723747315554,95.247,359.15,34207.96005,0.2464201664528257871517080969,0.000132519482629488071555728,neutral,1816.62,NONE,f100ac6342a93082c595
A09,A09|HYPE|1789980838292,31,1789980838292,HYPE,LONG,1816.62,95.23687467384483271129900585,95.247,0.18,17.14446,0.00009908511411302308683158833438,0.000106317287183595863346427,noise,1816.80,NONE,8f3653c3b3cc1b566e8b
A09,A09|HYPE|1789980838292,32,1789980838292,HYPE,LONG,1816.8,95.23687567701453104359313078,95.247,5.24,499.09428,0.002884191985909291061206516953,0.000106306752646994560844179,noise,1822.04,NONE,9e67f8acc135744b40a2
A09,A09|HYPE|1789980838292,33,1789980838292,HYPE,LONG,1822.04,95.23690479352813330113499155,95.247,4.47,425.75409,0.002453294109898794757524532941,0.000106000992931814843705531,noise,1826.51,NONE,340e8df0cfa0cbff2427
A09,A09|HYPE|1789980838292,34,1789980838292,HYPE,LONG,1826.51,95.23692949942787063854016677,95.248,5.24,499.09952,0.002868859190478015450230220475,0.000116241678835265964106080,noise,1831.75,NONE,ec436588fd8f5e2608c4
A09,A09|HYPE|1789980838292,35,1789980838292,HYPE,LONG,1831.75,95.23696116828169782994404258,95.249,1.05,100.01145,0.0005732223283745052545380100996,0.000126409238289636402984209,noise,1832.80,NONE,bf6c50362e099452816b
A09,A09|HYPE|1789980838292,36,1789980838292,HYPE,LONG,1832.8,95.23696806525534701003928416,95.249,5.24,499.10476,0.002859013531209079004801396770,0.000126336810054776602930597,noise,1838.04,NONE,08b09fd581088870a7a3
A09,A09|HYPE|1789980838292,37,1789980838292,HYPE,LONG,1838.04,95.23700236665143304824704577,95.25,3.18,302.8950,0.001730103806228373702422145329,0.000136476716250765308234841,noise,1841.22,NONE,89684c3fe67df5f9bfa7
A09,A09|HYPE|1789980838292,38,1789980838292,HYPE,LONG,1841.22,95.23702481506826995144523740,95.25,5.24,499.1100,0.002845939105593030707900196609,0.000136240973055650650631334,noise,1846.46,NONE,39b76c09c55790e99ae0
A09,A09|HYPE|1789980838292,39,1789980838292,HYPE,LONG,1846.46,95.23706163686188707039415964,95.25,63.33,6032.1825,0.03429806223801219631077846257,0.000135854287351354865903022,noise,1909.79,NONE,107e6c25e7c7918d7215
A09,A09|HYPE|1789980838292,40,1789980838292,HYPE,LONG,1909.79,95.23749068222160551683692971,95.251,3.22,306.70822,0.001686049251488383539551469010,0.000141848737105757512028558,noise,1913.01,NONE,20c933dbffd6cf2b4423
A09,A09|HYPE|1789980838292,41,1789980838292,HYPE,LONG,1913.01,95.23751342125759928071468523,95.251,43.50,4143.41850,0.02273903429673655652610284316,0.000141609941901217591913875,noise,1956.51,NONE,6d2f5fd797219a95cb57
A09,A09|HYPE|1789980838292,42,1789980838292,HYPE,LONG,1956.51,95.23781327465742572233211177,95.251,5.24,499.11524,0.002678238291651972134055026552,0.000138461026026972382245350,noise,1961.75,NONE,291c1d89f45540e8f73f
A09,A09|HYPE|1789980838292,43,1789980838292,HYPE,LONG,1961.75,95.23784849751497387536638206,95.252,1.59,151.45068,0.0008105008283420415445393143877,0.000148591161059201978410292,noise,1963.34,NONE,d213ea0597dc9ad3aff9
A09,A09|HYPE|1789980838292,44,1789980838292,HYPE,LONG,1963.34,95.23785995803070278199394909,95.252,5.24,499.12048,0.002668921327941161490113785692,0.000148470807465942992133448,noise,1968.58,NONE,bef286b5b532cabf9aa0
A09,A09|HYPE|1789980838292,45,1789980838292,HYPE,LONG,1968.58,95.23789759623688140690243729,95.253,1.00,95.25300,0.0005079803716384398906826240234,0.000158575568595030931973804,noise,1969.58,NONE,da53d752a8af3de151ab
A09,A09|HYPE|1789980838292,46,1789980838292,HYPE,LONG,1969.58,95.23790526406645071538094416,95.253,5.24,499.12572,0.002660465683039023548167629647,0.000158495043456657945567745,noise,1974.82,NONE,67aaf0718f816dc9f9ae
A09,A09|HYPE|1789980838292,47,1789980838292,HYPE,LONG,1974.82,95.23794531653517788963044733,95.253,15.74,1499.28222,0.007970346664506132204454076827,0.000158074425217658718523168,noise,1990.56,NONE,a4445884cacc0bb9c689
A09,A09|HYPE|1789980838292,48,1789980838292,HYPE,LONG,1990.56,95.23806435877341049754842858,95.254,70.63,6727.79002,0.03548247729282212040832730488,0.000167324287131225150675372,noise,2061.19,NONE,1faa6ade9e92d6ae2118
A09,A09|HYPE|1789980838292,49,1789980838292,HYPE,LONG,2061.19,95.23861041922384641881631485,95.254,5.24,499.13096,0.002542220755971065258418680471,0.000161589724045860345162791,noise,2066.43,NONE,206f76d7c2a8d2606157
A09,A09|HYPE|1789980838292,50,1789980838292,HYPE,LONG,2066.43,95.23864944372662030651897233,95.255,154.14,14682.60570,0.07459241300213411535837168450,0.000171679841838167795591260,neutral,2220.57,NONE,328a582a2f01c1be3606
A09,A09|HYPE|1789980838292,51,1789980838292,HYPE,LONG,2220.57,95.23978441120973443755432164,95.255,63.49,6047.73995,0.02859175797205222082618426800,0.000159760848728618979926127,noise,2284.06,NONE,8c1e44ee754721c0cca0
A09,A09|HYPE|1789980838292,52,1789980838292,HYPE,LONG,2284.06,95.24020735882595028151624738,95.255,3.16,301.00580,0.001383501309072441179303520923,0.000155319287770102467885200,noise,2287.22,NONE,44a6495be9e212853483
A09,A09|HYPE|1789980838292,53,1789980838292,HYPE,LONG,2287.22,95.24022779618926032476106365,95.255,63.33,6032.49915,0.02768863511162022017995645369,0.000155104666930781309481750,noise,2350.55,NONE,3553e21e15021d79580a
A09,A09|HYPE|1789980838292,54,1789980838292,HYPE,LONG,2350.55,95.24062579821743847184701453,95.255,5.24,499.13620,0.002229265491055284933313479824,0.000150925108503755352739782,noise,2355.79,NONE,89c82760c68d6a2ac309
A09,A09|HYPE|1789980838292,55,1789980838292,HYPE,LONG,2355.79,95.24065777085393859384749914,95.256,2.00,190.51200,0.0008489721070214238111206856299,0.000161089071675400777496648,noise,2357.79,NONE,7830819a70a98a907076
A09,A09|HYPE|1789980838292,56,1789980838292,HYPE,LONG,2357.79,95.24067078492995559400964462,95.256,5.25,500.09400,0.002226661407504485132263687606,0.000160952405560650102953762,noise,2363.04,NONE,0e7c5f9a361cd57a29be
A09,A09|HYPE|1789980838292,57,1789980838292,HYPE,LONG,2363.04,95.24070484206784481007515742,95.256,12.62,1202.13072,0.005340578238201638567269280249,0.000160594757856089643028776,noise,2375.66,NONE,299fcb5530a6ce1a5a37
A09,A09|HYPE|1789980838292,58,1789980838292,HYPE,LONG,2375.66,95.24078609312780448380660532,95.256,5.24,499.14144,0.002205702836264448616384499465,0.000159741508825002139226272,noise,2380.90,NONE,9418d1895d49b9d66d1b
A09,A09|HYPE|1789980838292,59,1789980838292,HYPE,LONG,2380.9,95.24081957663068587508925196,95.256,47.38,4513.22928,0.01990003780083161829560250326,0.000159389885941709779486752,noise,2428.28,NONE,d492d1156de1d752d5b7
A09,A09|HYPE|1789980838292,60,1789980838292,HYPE,LONG,2428.28,95.24111577330456125323274087,95.257,22.43,2136.61451,0.009236990791836196814205940007,0.000166779090799889471369981,noise,2450.71,NONE,ff6a8290449006823b12
A09,A09|HYPE|1789980838292,61,1789980838292,HYPE,LONG,2450.71,95.24126115289038686747922031,95.257,0.50,47.62850,0.0002040225077630564203842967956,0.000165252401313204252442898,noise,2451.21,NONE,3e00d96721326c0115d1
A09,A09|HYPE|1789980838292,62,1789980838292,HYPE,LONG,2451.21,95.24126436331444470282023980,95.257,5.24,499.14668,0.002137719738414905291672276141,0.000165218687411886527547364,noise,2456.45,NONE,753841927f1bb3e610cf
A09,A09|HYPE|1789980838292,63,1789980838292,HYPE,LONG,2456.45,95.24129792993954690712206640,95.258,3.18,302.92044,0.001294551079810295344908302632,0.000175365838385983598966365,noise,2459.63,NONE,1c240f952c43a46e83a1
A09,A09|HYPE|1789980838292,64,1789980838292,HYPE,LONG,2459.63,95.24131952366819399665803393,95.258,5.24,499.15192,0.002130401727089033716453287690,0.000175139072150935265086316,noise,2464.87,NONE,d4118616fec433aca255
A09,A09|HYPE|1789980838292,65,1789980838292,HYPE,LONG,2464.87,95.24135498423851967852259957,95.259,53.66,5111.59794,0.02176991078637007225533192420,0.000185266324323088358018964,noise,2518.53,NONE,02a09866b2dae502324e
A09,A09|HYPE|1789980838292,66,1789980838292,HYPE,LONG,2518.53,95.24173093034428813633349613,95.259,1.52,144.79368,0.0006035266603931658546850742298,0.000181318309600459903397184,noise,2520.05,NONE,3e43920d046cd44107b2
A09,A09|HYPE|1789980838292,67,1789980838292,HYPE,LONG,2520.05,95.24174134640185710600980139,95.259,5.24,499.15716,0.002079323822940021031328743477,0.000181208925353136769346622,noise,2525.29,NONE,0edcef8a36bddd09a597
A09,A09|HYPE|1789980838292,68,1789980838292,HYPE,LONG,2525.29,95.24177715826697131814563872,95.26,4.77,454.3902,0.001888891968843182367173671143,0.000191332441253664091780195,noise,2530.06,NONE,11abccae47d4fa507712
A09,A09|HYPE|1789980838292,69,1789980838292,HYPE,LONG,2530.06,95.24181151435143830581092939,95.26,326.75,31126.2050,0.1291471348505569037888429523,0.000190971647424209023711219,neutral,2856.81,NONE,3fbe98a74448503a84eb
A09,A09|HYPE|1789980838292,70,1789980838292,HYPE,LONG,2856.81,95.24389183739905699013935123,95.26,5.24,499.1624,0.001834213685894406698380361312,0.000169125413611226235911977,noise,2862.05,NONE,df4bcca09201fdd5c681
A09,A09|HYPE|1789980838292,71,1789980838292,HYPE,LONG,2862.05,95.24392132911724113834489265,95.261,40.10,3819.96610,0.01401093621704722139725022274,0.000179315074856516868134972,noise,2902.15,NONE,17b58725d4883f5ade65
A09,A09|HYPE|1789980838292,72,1789980838292,HYPE,LONG,2902.15,95.24415731095911651706493462,95.261,5.24,499.16764,0.001805557948417552504177937047,0.000176836978943437046697441,noise,2907.39,NONE,a6f241f1e4e8047f5cfd
A09,A09|HYPE|1789980838292,73,1789980838292,HYPE,LONG,2907.39,95.24418766660131595692356375,95.262,1.63,155.27706,0.0005606402993750408441935894393,0.000187017537080954943226603,noise,2909.02,NONE,2868d9367b539889b943
A09,A09|HYPE|1789980838292,74,1789980838292,HYPE,LONG,2909.02,95.24419764731765336780084015,95.262,5.24,499.17288,0.001801293906538971887439756344,0.000186912726676195554281882,noise,2914.26,NONE,e4196223b350c4b5f82f
A09,A09|HYPE|1789980838292,75,1789980838292,HYPE,LONG,2914.26,95.24422965692834544618530948,95.263,5.24,499.17812,0.001798055080878164611256373831,0.000197075908317655691624832,noise,2919.50,NONE,034a6625dfa5e3a0f306
A09,A09|HYPE|1789980838292,76,1789980838292,HYPE,LONG,2919.5,95.24426334646343551978078438,95.264,1.05,100.02720,0.0003596506251070388765199520466,0.000207221441408705401136807,noise,2920.55,NONE,7ee65b39d3e9b39eefec
A09,A09|HYPE|1789980838292,77,1789980838292,HYPE,LONG,2920.55,95.24427044221122733731660133,95.264,15.75,1500.40800,0.005392819845577031723476742394,0.000207146925449373138575998,noise,2936.30,NONE,530c307488ad5b960e9a
A09,A09|HYPE|1789980838292,78,1789980838292,HYPE,LONG,2936.3,95.24437626945475598542383271,95.264,4.83,460.12512,0.001644927289445901304362633246,0.000206035582507535636196353,noise,2941.13,NONE,e609d0d565ff38047f7d
A09,A09|HYPE|1789980838292,79,1789980838292,HYPE,LONG,2941.13,95.24440849605423765695497989,95.264,5.24,499.18336,0.001781628149724765651297290497,0.000205697155928833083539550,noise,2946.37,NONE,8869631f9ba27a98bda9
A09,A09|HYPE|1789980838292,80,1789980838292,HYPE,LONG,2946.37,95.24444333875243095741539589,95.265,12.94,1232.72910,0.004391844880310347987523630773,0.000215830556901423810724097,noise,2959.31,NONE,1b8a7307ad3551421a1b
A09,A09|HYPE|1789980838292,81,1789980838292,HYPE,LONG,2959.31,95.24453322565057395136028331,95.265,5.24,499.18860,0.001770683030841648897884979945,0.000214886604577469690384766,noise,2964.55,NONE,817de35f9e46820945a0
A09,A09|HYPE|1789980838292,82,1789980838292,HYPE,LONG,2964.55,95.24456940176418006105479752,95.266,4.74,451.56084,0.001598893592619453205376870014,0.000225005985857530559336380,noise,2969.29,NONE,c5e235d7e3bc8139facf
A09,A09|HYPE|1789980838292,83,1789980838292,HYPE,LONG,2969.29,95.24460361231136062829834742,95.266,5.24,499.19384,0.001764731636182387035284529298,0.000224646718839130797034049,noise,2974.53,NONE,bb73049cbc55fe0e16a0
A09,A09|HYPE|1789980838292,84,1789980838292,HYPE,LONG,2974.53,95.24464130467670522738046011,95.267,70.62,6727.75554,0.02374156589444382810057387217,0.000234750165647344563968960,noise,3045.15,NONE,74616ce60dd6ecb04051
A09,A09|HYPE|1789980838292,85,1789980838292,HYPE,LONG,3045.15,95.24515982463918033594404217,95.267,5.24,499.19908,0.001720769091834556589987356945,0.000229304831878394107659450,noise,3050.39,NONE,ec528516daa54698dcaa
A09,A09|HYPE|1789980838292,86,1789980838292,HYPE,LONG,3050.39,95.24519734197922232894810172,95.267,157.76,15029.32192,0.05171797704555810896311619170,0.000228910838858309258328969,neutral,3208.15,NONE,7238fe363d0db6520937
A09,A09|HYPE|1789980838292,87,1789980838292,HYPE,LONG,3208.15,95.24626948241198198338606362,95.268,5.24,499.20432,0.001633340086966008447235945950,0.000228150852585683032128825,noise,3213.39,NONE,2460f1d25a3c10a35850
A09,A09|HYPE|1789980838292,88,1789980838292,HYPE,LONG,3213.39,95.24630491785933235617214219,95.269,4.77,454.43313,0.001484413656605640771895101435,0.000238277822538522027241787,noise,3218.16,NONE,ea9b84498d705992a3f0
A09,A09|HYPE|1789980838292,89,1789980838292,HYPE,LONG,3218.16,95.24633855681507445248216372,95.269,70.67,6732.66023,0.02195975339945807542198026201,0.000237924559917942104745836,noise,3288.83,NONE,87ed0797f3635a1216be
A09,A09|HYPE|1789980838292,90,1789980838292,HYPE,LONG,3288.83,95.24682550329448466475920008,95.269,5.24,499.20956,0.001593271771420231510902053314,0.000232810874150848664096640,noise,3294.07,NONE,d72adf4090db0a22216c
A09,A09|HYPE|1789980838292,91,1789980838292,HYPE,LONG,3294.07,95.24686077709338295786064048,95.27,6.36,605.9172,0.001930742212521288254347964676,0.000242939480816799410892985,noise,3300.43,NONE,dbb522d709e0d2a1818c
A09,A09|HYPE|1789980838292,92,1789980838292,HYPE,LONG,3300.43,95.24690536687643731271379790,95.27,5.24,499.2148,0.001587671909417863732907530231,0.000242471217669547486049263,noise,3305.67,NONE,9621497b36c7bb53ddc0
A09,A09|HYPE|1789980838292,93,1789980838292,HYPE,LONG,3305.67,95.24694197545429519583019479,95.271,0.52,49.54092,0.0001573054781632770361227829759,0.000252585794847930136464319,noise,3306.19,NONE,a80ca8f8afb9a2b1c425
A09,A09|HYPE|1789980838292,94,1789980838292,HYPE,LONG,3306.19,95.24694575931812751233292702,95.271,5.24,499.22004,0.001584905888651287433571573322,0.000252546057935083249601175,noise,3311.43,NONE,996df69f8f0daf1c1983
A09,A09|HYPE|1789980838292,95,1789980838292,HYPE,LONG,3311.43,95.24698382269895483220240198,95.272,6.47,616.40984,0.001953838673926370178442545970,0.000262645348934224129050604,noise,3317.90,NONE,34a94c640a44ea4185ac
A09,A09|HYPE|1789980838292,96,1789980838292,HYPE,LONG,3317.9,95.24703260496096928780252569,95.272,5.67,540.19224,0.001708912263781307453509750143,0.000262133048727969276319657,noise,3323.57,NONE,9534cd9f6af28634ffab
A09,A09|HYPE|1789980838292,97,1789980838292,HYPE,LONG,3323.57,95.24707519925862852294370210,95.272,53.12,5060.84864,0.01598281366121369491239841496,0.000261685733543296071679264,noise,3376.69,NONE,aa700cafce6e833ca9f7
A09,A09|HYPE|1789980838292,98,1789980838292,HYPE,LONG,3376.69,95.24746730081825693208437849,95.272,5.24,499.22528,0.001551815535331937489079542392,0.000257567995002553848675697,noise,3381.93,NONE,11113ec320756219d191
A09,A09|HYPE|1789980838292,99,1789980838292,HYPE,LONG,3381.93,95.24750531205554224954389949,95.273,221.93,21143.93689,0.06562229259623942541684777627,0.000267667776294303324605217,neutral,3603.86,NONE,a5e30a78e843856a2588
A09,A09|HYPE|1789980838292,100,1789980838292,HYPE,LONG,3603.86,95.24907530536702313630385198,95.274,70.67,6733.01358,0.01960952978195601382961602282,0.000261679124475158298789302,noise,3674.53,NONE,6ef7774a531de9b54f30
A09,A09|HYPE|1789980838292,101,1789980838292,HYPE,LONG,3674.53,95.24955466685535292949030216,95.277,0.14,13.33878,0.00003810011076246485945141283375,0.000288141327701109064846675,noise,3674.67,NONE,c65a2efb91c6c6ca4160
A09,A09|HYPE|1789980838292,102,1789980838292,HYPE,LONG,3674.67,95.24955571248574701946025085,95.277,60.90,5802.36930,0.01657291675170831666516993363,0.000288130346739826923116307,noise,3735.57,NONE,11c55b12174458efefb9
A09,A09|HYPE|1789980838292,103,1789980838292,HYPE,LONG,3735.57,95.25000312937516898358215748,95.279,395.73,37704.75867,0.1059356403440438808535243617,0.000304429077922920937000375,neutral,4131.30,NONE,6701911a8f61de30cbeb
A09,A09|HYPE|1789980838292,104,1789980838292,HYPE,LONG,4131.3,95.25278068888727519182823808,95.28,12.33,1174.8024,0.002984532713673662043424587902,0.000285758703482137461684611,noise,4143.63,NONE,2237359d0269b8235920
A09,A09|HYPE|1789980838292,105,1789980838292,HYPE,LONG,4143.63,95.25286168407893561925171890,95.281,6.31,601.22311,0.001522819363698013577467100103,0.000295406515075521000260835,noise,4149.94,NONE,ad61dc88401861f60b6b
A09,A09|HYPE|1789980838292,106,1789980838292,HYPE,LONG,4149.94,95.25290446849833973503231372,95.281,5.67,540.24327,0.001366284813756343465206725880,0.000294957215829065946996233,noise,4155.61,NONE,62bad5fb7e86e9d45501
A09,A09|HYPE|1789980838292,107,1789980838292,HYPE,LONG,4155.61,95.25294280262103517895086401,95.282,2.50,238.20500,0.0006015963961969482218013721211,0.000305053014888745950279108,noise,4158.11,NONE,cdf7201d069293087dbf
A09,A09|HYPE|1789980838292,108,1789980838292,HYPE,LONG,4158.11,95.25296027281625546221720926,95.282,70.62,6728.81484,0.01698367768048464326340573001,0.000304869550516552646830246,noise,4228.73,NONE,817bb58033c8af829ce2
A09,A09|HYPE|1789980838292,109,1789980838292,HYPE,LONG,4228.73,95.25344523769547831145521232,95.283,6.36,605.99988,0.001503997654142023728164247895,0.000310274995626360023527709,noise,4235.09,NONE,cf4ca50cc6e9ddc5d588
A09,A09|HYPE|1789980838292,110,1789980838292,HYPE,LONG,4235.09,95.25348962123591234188647703,95.283,10.84,1032.86772,0.002559567801392650451348141362,0.000309808899195527042270905,noise,4245.93,NONE,aa748fd1042a4816ab13
A09,A09|HYPE|1789980838292,111,1789980838292,HYPE,LONG,4245.93,95.25356496221087017449651784,95.284,70.62,6728.95608,0.01663239855579343041453815772,0.000319515997130438708518358,noise,4316.55,NONE,fac48c500fd2c108acde
A09,A09|HYPE|1789980838292,112,1789980838292,HYPE,LONG,4316.55,95.25406288818616719370793805,95.285,2.00,190.57000,0.0004633329858335939581378647299,0.000324785220449318646169841,noise,4318.55,NONE,0030e2e93e396c2daaca
A09,A09|HYPE|1789980838292,113,1789980838292,HYPE,LONG,4318.55,95.25407721573213231292910815,95.285,176.45,16813.03825,0.04085862152805918653251670121,0.000324634757605530507526306,noise,4495.00,NONE,c2d34a557d143a23221b
A09,A09|HYPE|1789980838292,114,1789980838292,HYPE,LONG,4495.0,95.25529108120133481646273637,95.286,38.36,3655.17096,0.008533926585094549499443826474,0.000322385438647046446939442,noise,4533.36,NONE,d979ea6ed7d384fce482
A09,A09|HYPE|1789980838292,115,1789980838292,HYPE,LONG,4533.36,95.25555093131805107028782184,95.286,18.59,1771.36674,0.004100711172287221839871530167,0.000319656632965186147026086,noise,4551.95,NONE,716cc24430e4b993a8d0
A09,A09|HYPE|1789980838292,116,1789980838292,HYPE,LONG,4551.95,95.25567528421885126154724898,95.287,1.05,100.05135,0.0002306703720383571875789496809,0.000328848813340346456905951,noise,4553.00,NONE,8f83b9c6e10e11cb533f
A09,A09|HYPE|1789980838292,117,1789980838292,HYPE,LONG,4553.0,95.25568250823632769602459917,95.287,117.1,11158.1077,0.02571930595211948166044366352,0.000328772950222307443125833,noise,4670.1,NONE,9fb78c2c2d429217c4cf
A09,A09|HYPE|1789980838292,118,1789980838292,HYPE,LONG,4670.1,95.25646777585062418363632470,95.288,63.31,6032.68328,0.01355645489389948823365666688,0.000331024495088089454645720,noise,4733.41,NONE,e640f455078dd44814bd
A09,A09|HYPE|1789980838292,119,1789980838292,HYPE,LONG,4733.41,95.25688952362039206407220165,95.288,61.27,5838.29576,0.01294415653830959076014965955,0.000326595551620375143071863,noise,4794.68,NONE,67e23e9ed9b835f5d3eb
A09,A09|HYPE|1789980838292,120,1789980838292,HYPE,LONG,4794.68,95.25728707650979835984883246,95.289,0.19,18.10491,0.00003962725353933943453994844286,0.000332918608785594581575059,noise,4794.87,NONE,95828b9d9bc5b0982cc2
A09,A09|HYPE|1789980838292,121,1789980838292,HYPE,LONG,4794.87,95.25728833315606053970180631,95.289,70.62,6729.30918,0.01472824080736286906631462375,0.000332905412266513451602115,noise,4865.49,NONE,cbed73f0b1c86e44063d
A09,A09|HYPE|1789980838292,122,1789980838292,HYPE,LONG,4865.49,95.25774861113680225424366302,95.29,154.14,14688.0006,0.03168026241961241313824506884,0.000338569715675887407899320,noise,5019.63,NONE,0a2dbec30f7c6a8954c5
A09,A09|HYPE|1789980838292,123,1789980838292,HYPE,LONG,5019.63,95.25873896880845799391588623,95.29,2.03,193.4387,0.0004044122773989317937776290284,0.000328169693719944422851358,noise,5021.66,NONE,1152489c6b64bcfe4c57
A09,A09|HYPE|1789980838292,124,1789980838292,HYPE,LONG,5021.66,95.25875160604262335562343926,95.291,31.53,3004.52523,0.006278800237371705770601753205,0.000338534711128116512335322,noise,5053.19,NONE,7a5c651e803663192073
A09,A09|HYPE|1789980838292,125,1789980838292,HYPE,LONG,5053.19,95.25895282385977966393505884,95.291,5.67,540.29997,0.001122063488608186116096960534,0.000336421671561703217750534,noise,5058.86,NONE,b755d8f407f3a8d049f4
A09,A09|HYPE|1789980838292,126,1789980838292,HYPE,LONG,5058.86,95.25898874252301902009543652,95.293,5.25,500.28825,0.001037783215981466180127538615,0.000357039875459002920209332,noise,5064.11,NONE,036d76a38c7eefd193ce
A09,A09|HYPE|1789980838292,127,1789980838292,HYPE,LONG,5064.11,95.25902400224323721246181461,95.293,71.35,6799.15555,0.01408934640045338667603981746,0.000356669597580200832462232,noise,5135.46,NONE,f5eea016268250f4beea
A09,A09|HYPE|1789980838292,128,1789980838292,HYPE,LONG,5135.46,95.25949605098666915914056384,95.295,63.49,6050.27955,0.01236305997904764130185027242,0.000372707714035435542833985,noise,5198.95,NONE,bed79e6cf6a5f915a661
A09,A09|HYPE|1789980838292,129,1789980838292,HYPE,LONG,5198.95,95.25992962809798132315179027,95.296,433.56,41316.53376,0.08339376220198309273988016811,0.000378652094777312509804589,neutral,5632.51,NONE,6859c387e8567a8a117f
A09,A09|HYPE|1789980838292,130,1789980838292,HYPE,LONG,5632.51,95.26270612923900712115912799,95.296,482.76,46005.09696,0.08570956820316342092601699775,0.000349495328379864095059140,neutral,6115.27,NONE,be4bf9ef61995ec98008
A09,A09|HYPE|1789980838292,131,1789980838292,HYPE,LONG,6115.27,95.26533445947603294703259218,95.297,15.74,1499.97478,0.002573884718090942836538697392,0.000332393107142629518504333,noise,6131.01,NONE,67ba045cacc325b1df4b
A09,A09|HYPE|1789980838292,132,1789980838292,HYPE,LONG,6131.01,95.26541575368495565983418719,95.297,2721.04,259306.94888,0.4438159454967452344719711760,0.000331539479098138842540575,neutral,8852.05,NONE,7900b73e5a6f83c82440
A09,A09|HYPE|1789980838292,133,1789980838292,HYPE,LONG,8852.05,95.27512446495444558040227970,95.299,43.47,4142.64753,0.004910726893770369575409086031,0.000250595684651523958926883,noise,8895.52,NONE,62be869d3351a0154b2d
A09,A09|HYPE|1789980838292,134,1789980838292,HYPE,LONG,8895.52,95.27524113823587603647678832,95.3,12.72,1212.216,0.001429933269780743565300285987,0.000259866692210215072274980,noise,8908.24,NONE,eed463efd6c8edba9997
A09,A09|HYPE|1789980838292,135,1789980838292,HYPE,LONG,8908.24,95.27527649120364965470171437,95.3,168.20,16029.460,0.01888139520264384435084820346,0.000259495534485622394731771,noise,9076.44,NONE,0bf670e60c9f70486886
A09,A09|HYPE|1789980838292,136,1789980838292,HYPE,LONG,9076.44,95.27573465477654234479597728,95.302,12.93,1232.25486,0.001424567341380541269484511549,0.000275677173402313634238379,noise,9089.37,NONE,2e8bb4c27c5724e01418
A09,A09|HYPE|1789980838292,137,1789980838292,HYPE,LONG,9089.37,95.27577201830269864688091694,95.303,1.87,178.21661,0.0002057348309068725335199249233,0.000285780751186889298058169,noise,9091.24,NONE,31b3fccb6ffbecb3d512
A09,A09|HYPE|1789980838292,138,1789980838292,HYPE,LONG,9091.24,95.27577761889467223393068492,95.304,1.05,100.06920,0.0001154957959530273098059230644,0.000296217798591137689702561,noise,9092.29,NONE,1a8e2638f5b14e70d886
A09,A09|HYPE|1789980838292,139,1789980838292,HYPE,LONG,9092.29,95.27578087808461894638204457,95.304,437.90,41733.62160,0.04816168424016391910068860540,0.000296183580499753528091339,noise,9530.19,NONE,9a89696b52b19e33794f
A09,A09|HYPE|1789980838292,140,1789980838292,HYPE,LONG,9530.19,95.27707751052182590273646171,95.305,0.50,47.65250,0.00005246485117295667767379244275,0.000293066183469896060813669,noise,9530.69,NONE,f769c05bc3ddfeb2d7a3
A09,A09|HYPE|1789980838292,141,1789980838292,HYPE,LONG,9530.69,95.27707897539422644110762180,95.305,53.58,5106.44190,0.005621838502773671161269540820,0.000293050804097219443715794,noise,9584.27,NONE,17625efde43853a72007
A09,A09|HYPE|1789980838292,142,1789980838292,HYPE,LONG,9584.27,95.27723506537274095992704713,95.306,1.00,95.30600,0.0001043376282179028762753970829,0.000301907739110213511656836,noise,9585.27,NONE,1e9d12d7dac5e2f125b9
A09,A09|HYPE|1789980838292,143,1789980838292,HYPE,LONG,9585.27,95.27723806632468360307012739,95.307,0.52,49.55964,0.00005424990636674814585295980186,0.000312371918827017511225365,noise,9585.79,NONE,3018be6ccadeb2be845e
A09,A09|HYPE|1789980838292,144,1789980838292,HYPE,LONG,9585.79,95.27723968081921260532517403,95.307,63.30,6032.93310,0.006603524592130643379418910700,0.000312354968306020403250349,noise,9649.09,NONE,602bff6dbceb75274442
A09,A09|HYPE|1789980838292,145,1789980838292,HYPE,LONG,9649.09,95.27743491458780050761263497,95.308,330.21,31471.65468,0.03422187999075560493269313479,0.000320800884696358603150733,noise,9979.30,NONE,cfcf78f21003f12632dc
A09,A09|HYPE|1789980838292,146,1789980838292,HYPE,LONG,9979.3,95.27844629783652159971140260,95.308,52.95,5046.55860,0.005305983385608208992614712455,0.000310182452714381356627910,noise,10032.25,NONE,33022c6582773acbe42d
A09,A09|HYPE|1789980838292,147,1789980838292,HYPE,LONG,10032.25,95.27860228164170549976326348,95.31,12.63,1203.7653,0.001258939918761992573949014428,0.000329535883256173847440550,noise,10044.88,NONE,064520aee970757ae0e7
A09,A09|HYPE|1789980838292,148,1789980838292,HYPE,LONG,10044.88,95.27864175978209794442541872,95.31,14.24,1357.2144,0.001417637642261530252228000733,0.000329121402643027893272004,noise,10059.12,NONE,5d0969b1466092a7b0c5
A09,A09|HYPE|1789980838292,149,1789980838292,HYPE,LONG,10059.12,95.27868615147249461185471493,95.311,52.45,4999.06195,0.005214173804467985271077390468,0.000339150861884612483487254,noise,10111.57,NONE,b221e2cc8f574cc62d60
A09,A09|HYPE|1789980838292,150,1789980838292,HYPE,LONG,10111.57,95.27885376751582593009789775,95.313,12.72,1212.38136,0.001257964885769470022953903301,0.000358382066260916914242445,noise,10124.29,NONE,2e429e03f9a9a87f3034
A09,A09|HYPE|1789980838292,151,1789980838292,HYPE,LONG,10124.29,95.27889666830958022735421447,95.313,12.50,1191.41250,0.001234654479474610071422292329,0.000357931639459913860969189,noise,10136.79,NONE,de7d46ac580e24104075
A09,A09|HYPE|1789980838292,152,1789980838292,HYPE,LONG,10136.79,95.27893872221876945265710348,95.314,2.00,190.62800,0.0001973011180067851854482533425,0.000367985603654235078642897,noise,10138.79,NONE,2369e9fe56308a20b1e6
A09,A09|HYPE|1789980838292,153,1789980838292,HYPE,LONG,10138.79,95.27894563848348767456471630,95.314,15.75,1501.19550,0.001553439808892382621594884597,0.000367912987298567990484426,noise,10154.54,NONE,362e20161a95f8881705
A09,A09|HYPE|1789980838292,154,1789980838292,HYPE,LONG,10154.54,95.27900000886303072320361139,95.317,0.39,37.17363,0.00003840646646721564935486984147,0.000398828610013061079278228,noise,10154.93,NONE,4a33e1f8babffe35f442
A09,A09|HYPE|1789980838292,155,1789980838292,HYPE,LONG,10154.93,95.27900146825236609213455927,95.317,0.52,49.56484,0.00005120665528959825424695197308,0.000398813286895069802923763,noise,10155.45,NONE,67f01a3dfb2d2e5dc15b
A09,A09|HYPE|1789980838292,156,1789980838292,HYPE,LONG,10155.45,95.27900341393045113707418184,95.317,63.16,6020.22172,0.006219320660335091010245730125,0.000398792857902557558709650,noise,10218.61,NONE,742957cd45408fda938e
A09,A09|HYPE|1789980838292,157,1789980838292,HYPE,LONG,10218.61,95.27923826626126253962133793,95.319,0.12,11.43828,0.00001174328015258435344924603248,0.000417317922164972221362697,noise,10218.73,NONE,44f1a10fa936a01794c1
A09,A09|HYPE|1789980838292,158,1789980838292,HYPE,LONG,10218.73,95.27923873318895792334272459,95.32,0.15,14.2980,0.00001467892781196880629980437882,0.000427808485384587343859595,noise,10218.88,NONE,d1a877ab04e4153c6264
A09,A09|HYPE|1789980838292,159,1789980838292,HYPE,LONG,10218.88,95.27923933151186822822070520,95.32,62.40,5947.9680,0.006106344335191332122502661740,0.000427802203020432019024027,noise,10281.28,NONE,a2c81659b0f016e14b5f
A09,A09|HYPE|1789980838292,160,1789980838292,HYPE,LONG,10281.28,95.27948671955242926950729870,95.323,210.80,20094.08840,0.02050328363783497774596159233,0.000456690961986902819454727,noise,10492.08,NONE,236faac544af2da312e9
A09,A09|HYPE|1789980838292,161,1789980838292,HYPE,LONG,10492.08,95.28036095988593300851690037,95.324,154.14,14693.24136,0.01469108127273143170848868861,0.000458006662384911633789397,noise,10646.22,NONE,383242a465ff196647ef
A09,A09|HYPE|1789980838292,162,1789980838292,HYPE,LONG,10646.22,95.28099278241479135317511755,95.324,157.85,15046.89340,0.01482685873483734132865937394,0.000451372475551557497886299,noise,10804.07,NONE,7f652aa80b870ae80b3d
A09,A09|HYPE|1789980838292,163,1789980838292,HYPE,LONG,10804.07,95.28162112796381363689794679,95.325,0.76,72.44700,0.00007034386115602731192967094808,0.000455270088004991711949656,noise,10804.83,NONE,51e57f0f1696388a3efd
A09,A09|HYPE|1789980838292,164,1789980838292,HYPE,LONG,10804.83,95.28162417918653046831833541,95.325,0.19,18.11175,0.00001758472831132003002360981154,0.000455238050223587760478745,noise,10805.02,NONE,11d3c5f196bff9ea260d
A09,A09|HYPE|1789980838292,165,1789980838292,HYPE,LONG,10805.02,95.28162494192514220242072666,95.325,20.86,1988.47950,0.001930584117382475923228277227,0.000455230041482764567707268,noise,10825.88,NONE,3a4c7284419be1f60599
A09,A09|HYPE|1789980838292,166,1789980838292,HYPE,LONG,10825.88,95.28170851976929358167650113,95.326,63.28,6032.22928,0.005845252302815106023713545689,0.000464847670332409166004187,noise,10889.16,NONE,5131ac9e39b16acd0a47
A09,A09|HYPE|1789980838292,167,1789980838292,HYPE,LONG,10889.16,95.28196591013448236594925596,95.327,6.69,637.73763,0.0006143724584816459671820415900,0.000472640225622461364629914,noise,10895.85,NONE,3ddd8448a01023c7a99d
A09,A09|HYPE|1789980838292,168,1789980838292,HYPE,LONG,10895.85,95.28199356085114974967533510,95.329,63.49,6052.43821,0.005826989174777552921525167839,0.000493340214579262880869146,noise,10959.34,NONE,f08b1dfcde6fb0300406
A09,A09|HYPE|1789980838292,169,1789980838292,HYPE,LONG,10959.34,95.28226588006212052915595282,95.329,1.05,100.09545,0.00009580868920938669664414097929,0.000490480778413757449137515,noise,10960.39,NONE,cf8a2ee31f41e952487b
A09,A09|HYPE|1789980838292,170,1789980838292,HYPE,LONG,10960.39,95.28227035716794749091957494,95.33,5.25,500.4825,0.0004789975539191579861665506428,0.000500928899501835569266657,noise,10965.64,NONE,bae0c4ad36ce65849e00
A09,A09|HYPE|1789980838292,171,1789980838292,HYPE,LONG,10965.64,95.28229320860433134773711338,95.336,0.18,17.16048,0.00001641491057521494413458767569,0.000563659727186527634945699,noise,10965.82,NONE,d801d046f99e722aab4f
A09,A09|HYPE|1789980838292,172,1789980838292,HYPE,LONG,10965.82,95.28229409018203837013556670,95.337,12.60,1201.24620,0.001149024879124406565126912534,0.000574145599036312133942704,noise,10978.42,NONE,a832f3609dc099610519
A09,A09|HYPE|1789980838292,173,1789980838292,HYPE,LONG,10978.42,95.28235687649042394078565039,95.337,70.17,6689.79729,0.006391630125282144425154074994,0.000573486270710191451136596,noise,11048.59,NONE,8c07518dd320a8cc8de6
A09,A09|HYPE|1789980838292,174,1789980838292,HYPE,LONG,11048.59,95.28270391697040074796874533,95.338,482.54,46004.39852,0.04367435120680557428594960986,0.000580337047086577270959485,noise,11531.13,NONE,9659871aa91042b7b505
A09,A09|HYPE|1789980838292,175,1789980838292,HYPE,LONG,11531.13,95.28501787682560165395759132,95.338,148.60,14167.22680,0.01288685497431734790952838100,0.000556038340076590362177135,noise,11679.73,NONE,b0fd544ba0011414db6c
A09,A09|HYPE|1789980838292,176,1789980838292,HYPE,LONG,11679.73,95.28569196291352625445964932,95.341,76.48,7291.67968,0.006548096574150258610430206863,0.000580444303306317783321224,noise,11756.21,NONE,f8ba2bbeb09e055350bf
A09,A09|HYPE|1789980838292,177,1789980838292,HYPE,LONG,11756.21,95.28605176923515316585872488,95.341,0.94,89.62054,0.00007995774148301195708480879467,0.000576666046547096799090445,noise,11757.15,NONE,7abd8d9bad8120bfb74d
A09,A09|HYPE|1789980838292,178,1789980838292,HYPE,LONG,11757.15,95.28605616242031444695355592,95.342,400.58,38192.09836,0.03407118221677872613686139923,0.000587114629703282191400915,noise,12157.73,NONE,ddb7a8d20f41ab655bc1
A09,A09|HYPE|1789980838292,179,1789980838292,HYPE,LONG,12157.73,95.28789943270659901149309945,95.342,7.98,760.82916,0.0006563725300693468270803842494,0.000567759050367223447381333,noise,12165.71,NONE,c31a6c1ad8aa6503dcab
A09,A09|HYPE|1789980838292,180,1789980838292,HYPE,LONG,12165.71,95.28793491954024878120553589,95.343,2.00,190.68600,0.0001643964881622198786589520875,0.000577880930111953571722983,noise,12167.71,NONE,23304dc1c89884aa8887
A09,A09|HYPE|1789980838292,181,1789980838292,HYPE,LONG,12167.71,95.28794397055814117857838492,95.343,5.31,506.27133,0.0004364009332898302145596829642,0.000577785889250269813796497,noise,12173.02,NONE,f1351aab7edaca56db3a
A09,A09|HYPE|1789980838292,182,1789980838292,HYPE,LONG,12173.02,95.28796798658015841590665258,95.344,1.05,100.11120,0.00008625632751774005135948187056,0.000588028211785698164352599,noise,12174.07,NONE,b51c23fce68bb2794a78
A09,A09|HYPE|1789980838292,183,1789980838292,HYPE,LONG,12174.07,95.28797281927900858135364755,95.345,0.34,32.41730,0.00002792821135413218422433910763,0.000598471969061067824701634,noise,12174.41,NONE,53a9456b7d4706482097
A09,A09|HYPE|1789980838292,184,1789980838292,HYPE,LONG,12174.41,95.28797441190168558476345055,95.346,12.50,1191.82500,0.001026743801136975015627040653,0.000608949748973432756561431,noise,12186.91,NONE,f80596fb0a947a4def87
A09,A09|HYPE|1789980838292,185,1789980838292,HYPE,LONG,12186.91,95.28803392820657574397447753,95.348,18.68,1781.10064,0.001532792151579030287414939472,0.000629313769225261237414870,noise,12205.59,NONE,3e0cccefbc484272989c
A09,A09|HYPE|1789980838292,186,1789980838292,HYPE,LONG,12205.59,95.28812570305900820853395862,95.349,105.91,10098.41259,0.008677171689365282628697178916,0.000638844520152394610852528,noise,12311.50,NONE,1076dbacbd7600fc2e52
A09,A09|HYPE|1789980838292,187,1789980838292,HYPE,LONG,12311.5,95.28864937578686593835032287,95.349,0.15,14.30235,0.00001218373065832757990496690087,0.000633345362836776001438091,noise,12311.65,NONE,65d55d9ef1f65db2f3bb
A09,A09|HYPE|1789980838292,188,1789980838292,HYPE,LONG,12311.65,95.28865011107365787688896289,95.35,19.08,1819.2780,0.001549751657982480008772179196,0.000643832070816716785755409,noise,12330.73,NONE,e65ea693fadc2c8075d3
A09,A09|HYPE|1789980838292,189,1789980838292,HYPE,LONG,12330.73,95.28874504104785361450619712,95.35,21.10,2011.8850,0.001711172006847931955366794991,0.000642835194500246388298053,noise,12351.83,NONE,eaa5b38098cbfc2adae5
A09,A09|HYPE|1789980838292,190,1789980838292,HYPE,LONG,12351.83,95.28884967976405115679215145,95.353,0.50,47.67650,0.00004047983173343545045551954650,0.000673219589191578627850460,noise,12352.33,NONE,4d992523a91cba44d01d
A09,A09|HYPE|1789980838292,191,1789980838292,HYPE,LONG,12352.33,95.28885227645310641797944194,95.354,19.44,1853.68176,0.001573792150954516273448005356,0.000683686727151317370082650,noise,12371.77,NONE,35085d3296c0dd9fd9a9
A09,A09|HYPE|1789980838292,192,1789980838292,HYPE,LONG,12371.77,95.28895464432332641166138717,95.354,67.33,6420.18482,0.005442228557433576602216174404,0.000682611703732742671747667,noise,12439.10,NONE,d7791b4ac24cfd7a2142
A09,A09|HYPE|1789980838292,193,1789980838292,HYPE,LONG,12439.1,95.28930671993954546550795476,95.354,117.1,11165.9534,0.009413864347099066652732110844,0.000678914374417599687039791,noise,12556.2,NONE,70491b57b2d7fbe00b0a
A09,A09|HYPE|1789980838292,194,1789980838292,HYPE,LONG,12556.2,95.28991005399722846084006308,95.355,18.94,1806.02370,0.001508418151988658989184625922,0.000683072803467728124999840,noise,12575.14,NONE,69d0e28c59aa62ea0ddd
A09,A09|HYPE|1789980838292,195,1789980838292,HYPE,LONG,12575.14,95.29000808897555017280125708,95.355,77.92,7430.06160,0.006196352485936538281084743391,0.000682043294232535376140732,noise,12653.06,NONE,0715641648bc3e639af5
A09,A09|HYPE|1789980838292,196,1789980838292,HYPE,LONG,12653.06,95.29040832178145049497908016,95.355,46.41,4425.42555,0.003667887451731043715907456378,0.000677840292177498837029891,noise,12699.47,NONE,8acfd1844e22945630e6
A09,A09|HYPE|1789980838292,197,1789980838292,HYPE,LONG,12699.47,95.29064437098556081474266249,95.357,32.49,3098.14893,0.002558374483344580521864298274,0.000696349882535198666111824,noise,12731.96,NONE,801f770f7881d6141e3c
A09,A09|HYPE|1789980838292,198,1789980838292,HYPE,LONG,12731.96,95.29081370032579430032767932,95.357,19.08,1819.41156,0.001498590947505333035919057239,0.000694571670700083571443335,noise,12751.04,NONE,7bc5041ebf397dbc6400
A09,A09|HYPE|1789980838292,199,1789980838292,HYPE,LONG,12751.04,95.29091273809822571335357743,95.36,154.14,14698.7904,0.01208842572841117273571410646,0.000725014168892019996305429,noise,12905.18,NONE,b5654561ec2040e77b32
A09,A09|HYPE|1789980838292,200,1789980838292,HYPE,LONG,12905.18,95.29173791919213835064679454,95.361,85.35,8139.06135,0.006613623366741107059335863583,0.000726842455812866315476455,noise,12990.53,NONE,547ba003012e623304ee
A09,A09|HYPE|1789980838292,201,1789980838292,HYPE,LONG,12990.53,95.29219298288830401838878013,95.362,1.05,100.13010,0.00008082811093927653452168618217,0.000732557567693203198698707,noise,12991.58,NONE,a53ee5c156162b8ea6b0
A09,A09|HYPE|1789980838292,202,1789980838292,HYPE,LONG,12991.58,95.29219862480160226854624303,95.362,482.42,46004.53604,0.03713328171015380731212061966,0.000732498317865767025252276,noise,13474.00,NONE,cb6c2111289c7f32c256
A09,A09|HYPE|1789980838292,203,1789980838292,HYPE,LONG,13474.0,95.29469777720053436247587947,95.363,0.42,40.05246,0.00003117114442630250853495621196,0.000716747357331008759108265,noise,13474.42,NONE,7e2a42e43c740a7f806e
A09,A09|HYPE|1789980838292,204,1789980838292,HYPE,LONG,13474.42,95.29469990619262276224134323,95.364,15.74,1501.02936,0.001168139333641076944313744117,0.000727218763221834190302122,noise,13490.16,NONE,27caf3cf7e3fbee3147f
A09,A09|HYPE|1789980838292,205,1789980838292,HYPE,LONG,13490.16,95.29478076390494997835459327,95.365,63.49,6054.72385,0.004706393400819560331382281604,0.000736863399360976786091320,noise,13553.65,NONE,a78f9935f8c2a2054f4c
A09,A09|HYPE|1789980838292,206,1789980838292,HYPE,LONG,13553.65,95.29510969517436262556580700,95.366,1.26,120.16116,0.00009296388795638075352395849089,0.000743902861882399196056975,noise,13554.91,NONE,3a686cca41a4adbe3117
A09,A09|HYPE|1789980838292,207,1789980838292,HYPE,LONG,13554.91,95.29511628480012039917638701,95.367,5.25,500.67675,0.0003873135269802602894449317627,0.000754327377963914465029825,noise,13560.16,NONE,1ba4304d195fe1d63b1f
A09,A09|HYPE|1789980838292,208,1789980838292,HYPE,LONG,13560.16,95.29514411555615862939670328,95.367,58.47,5576.10849,0.004311896024825665773855175750,0.000754035109666322240496962,noise,13618.63,NONE,643d3507be5a289713a3
A09,A09|HYPE|1789980838292,209,1789980838292,HYPE,LONG,13618.63,95.29545262041776595736869274,95.37,76.86,7330.1382,0.005643739495088713035011598083,0.000782276357710081404719620,noise,13695.49,NONE,e887eff6966bf6c8601b
A09,A09|HYPE|1789980838292,210,1789980838292,HYPE,LONG,13695.49,95.29587098526595251429485181,95.371,62.72,5981.66912,0.004579609783950775036161539310,0.000788376389840263497561856,noise,13758.21,NONE,dee3ffc01c96f5831e86
A09,A09|HYPE|1789980838292,211,1789980838292,HYPE,LONG,13758.21,95.29621347835219843279031211,95.372,2.00,190.74400,0.0001453677476939223925205386457,0.000795273168592553606079066,noise,13760.21,NONE,ac8312f2a57469f7fd17
A09,A09|HYPE|1789980838292,212,1789980838292,HYPE,LONG,13760.21,95.29622449366688444435077662,95.372,510.49,48686.45228,0.03709899776238880075231409986,0.000795157486413865009894720,noise,14270.70,NONE,bea3f143c852986564f0
A09,A09|HYPE|1789980838292,213,1789980838292,HYPE,LONG,14270.7,95.29893512721870686091081727,95.375,2.5,238.4375,0.0001751841185085524886655875325,0.000798171277357410356477243,noise,14273.2,NONE,66f7599fb11cd91670ad
A09,A09|HYPE|1789980838292,214,1789980838292,HYPE,LONG,14273.2,95.29894845024241235322142197,95.375,12.59,1200.77125,0.0008820726956814169212229913404,0.000798031363350202780939959,noise,14285.79,NONE,676ae4cd68ccc7a32cb8
A09,A09|HYPE|1789980838292,215,1789980838292,HYPE,LONG,14285.79,95.29901547411798717466797426,95.376,70.62,6735.45312,0.004943373800118859370045338760,0.000807820789113197642177357,noise,14356.41,NONE,47aba88aa7893a104152
A09,A09|HYPE|1789980838292,216,1789980838292,HYPE,LONG,14356.41,95.29939416539371611705154701,95.377,1.05,100.14585,0.00007313806167419292148942528111,0.000814337124448006875719727,noise,14357.46,NONE,8dce1975464b46632732
A09,A09|HYPE|1789980838292,217,1789980838292,HYPE,LONG,14357.46,95.29939984091893691502535964,95.379,0.20,19.07580,0.00001393004055034804206315044583,0.000835264012301628048111580,noise,14357.66,NONE,62eff2f38b3292052027
A09,A09|HYPE|1789980838292,218,1789980838292,HYPE,LONG,14357.66,95.29940094973693484871490201,95.379,12.50,1192.23750,0.0008706154066888336957415066243,0.000835252367483899457560141,noise,14370.16,NONE,a91d5d4759cba08bf2d0
A09,A09|HYPE|1789980838292,219,1789980838292,HYPE,LONG,14370.16,95.29947018961514694338824342,95.38,10.58,1009.1204,0.0007362478914639781324633824536,0.000845018447895090701388529,noise,14380.74,NONE,865178475da3b5e8446e
A09,A09|HYPE|1789980838292,220,1789980838292,HYPE,LONG,14380.74,95.29952943589829174298401890,95.381,70.63,6736.76003,0.004911430148935312091032867571,0.000854889468856277326538129,noise,14451.37,NONE,b5a13f04c1912b38b7ab
A09,A09|HYPE|1789980838292,221,1789980838292,HYPE,LONG,14451.37,95.29992761724320946733769878,95.382,0.24,22.89168,0.00001660742199528487610517203559,0.000861200892894914069931108,noise,14451.61,NONE,9ffec223639f418d1849
A09,A09|HYPE|1789980838292,222,1789980838292,HYPE,LONG,14451.61,95.29992898023126835003158818,95.386,0.12,11.44632,0.000008303573096699952462044021393,0.000903159327501555267170829,noise,14451.73,NONE,8c377daef0f11aab9872
A09,A09|HYPE|1789980838292,223,1789980838292,HYPE,LONG,14451.73,95.29992969492233801766293724,95.386,23.74,2264.46364,0.001642709903935376595051249920,0.000903151821341247872972625,noise,14475.47,NONE,a68b19a1ea3238b9905b
A09,A09|HYPE|1789980838292,224,1789980838292,HYPE,LONG,14475.47,95.30007085158547529026691361,95.386,70.62,6736.15932,0.004878598069699982107662134632,0.000901669302516527303651572,noise,14546.09,NONE,fcb6ac2627b8c42b1bc2
A09,A09|HYPE|1789980838292,225,1789980838292,HYPE,LONG,14546.09,95.30048803011668427735563303,95.39,26.05,2484.9095,0.001790859261835998539813791885,0.000939260351479294787919942,noise,14572.14,NONE,2dae05d00cbd9f666537
A09,A09|HYPE|1789980838292,226,1789980838292,HYPE,LONG,14572.14,95.30064804688947539620124429,95.39,88.40,8432.4760,0.006066370485048867221972887990,0.000937579701100898951621057,noise,14660.54,NONE,45436914cc941e66350f
A09,A09|HYPE|1789980838292,227,1789980838292,HYPE,LONG,14660.54,95.30118682054003467812236111,95.39,14.91,1422.2649,0.001017015744304097939093648665,0.000931921022423444067328132,noise,14675.45,NONE,1cb641da60992bb68119
A09,A09|HYPE|1789980838292,228,1789980838292,HYPE,LONG,14675.45,95.30127705317383794023351924,95.392,70.63,6737.53696,0.004812799607507776592881308580,0.000951959403183471767497107,noise,14746.08,NONE,8a5fcdaa4b5b47040c3a
A09,A09|HYPE|1789980838292,229,1789980838292,HYPE,LONG,14746.08,95.30171159318273059687727179,95.392,105.87,10099.15104,0.007179535171381139936851013964,0.000947395438212969650970209,noise,14851.95,NONE,a746b3d0f698af1803d8
A09,A09|HYPE|1789980838292,230,1789980838292,HYPE,LONG,14851.95,95.30235520116887008103313033,95.393,0.28,26.71004,0.00001885274324246984402721528150,0.000951128633073048893176321,noise,14852.23,NONE,d8cfd6093a90da3333de
A09,A09|HYPE|1789980838292,231,1789980838292,HYPE,LONG,14852.23,95.30235691003977180531139095,95.394,154.14,14704.03116,0.01037823949669510908462904224,0.000961603604900708535658903,noise,15006.37,NONE,fe3c4076d814e3c18003
A09,A09|HYPE|1789980838292,232,1789980838292,HYPE,LONG,15006.37,95.30329823468300461737248915,95.395,1.05,100.16475,0.00006997028595189909351828590125,0.000962209776740161721894646,noise,15007.42,NONE,45be48b516d2e1635a67
A09,A09|HYPE|1789980838292,233,1789980838292,HYPE,LONG,15007.42,95.30330465063282029822581097,95.395,90.27,8611.30665,0.006015024567847104965410443634,0.000962142390584677784724053,noise,15097.69,NONE,1b389badb46f39636ddb
A09,A09|HYPE|1789980838292,234,1789980838292,HYPE,LONG,15097.69,95.30385290266259275425578350,95.396,0.15,14.30940,0.000009935294737141907139436562812,0.000966876936565413990924394,noise,15097.84,NONE,49bf7360a37c785f3a3d
A09,A09|HYPE|1789980838292,235,1789980838292,HYPE,LONG,15097.84,95.30385381816206821638062133,95.396,83.94,8007.54024,0.005559735697291798032036370766,0.000966867321165678542331710,noise,15181.78,NONE,a32e3987872d8c348764
A09,A09|HYPE|1789980838292,236,1789980838292,HYPE,LONG,15181.78,95.30436329402744605704996384,95.396,89.72,8558.92912,0.005909715461559843443917643386,0.000961516375591763188142381,noise,15271.50,NONE,f97cdb8434433f23d952
A09,A09|HYPE|1789980838292,237,1789980838292,HYPE,LONG,15271.5,95.30490165930000327407261893,95.397,70.62,6736.93614,0.004624300166977703565465082016,0.000966354711001473699659936,noise,15342.12,NONE,8c49b7c05b9ea473a818
A09,A09|HYPE|1789980838292,238,1789980838292,HYPE,LONG,15342.12,95.30532558929274441863314848,95.398,70.63,6737.96074,0.004603666246907207087416862859,0.000972394880708190580701472,noise,15412.75,NONE,6debee0c86fe08fea610
A09,A09|HYPE|1789980838292,239,1789980838292,HYPE,LONG,15412.75,95.30575027623234010802744481,95.399,0.19,18.12581,0.00001232745616453909912247976513,0.000978427046609325242838708,noise,15412.94,NONE,aa1a193cbc18b0e8eeef
A09,A09|HYPE|1789980838292,240,1789980838292,HYPE,LONG,15412.94,95.30575142575005158003599573,95.399,63.49,6056.88251,0.004119266019331808207908419808,0.000978414973440461054181803,noise,15476.43,NONE,1da89bc6eef5f7905f75
A09,A09|HYPE|1789980838292,241,1789980838292,HYPE,LONG,15476.43,95.30613396564970086770657057,95.4,42.99,4101.246,0.002777772393245729150714990473,0.000984889748902524886599225,noise,15519.42,NONE,1c51c13f53804397bb52
A09,A09|HYPE|1789980838292,242,1789980838292,HYPE,LONG,15519.42,95.30639398186272425129289626,95.4,3.00,286.200,0.0001933061931438159415751361842,0.000982158848178532854422657,noise,15522.42,NONE,61a9ca13f638c9c54965
A09,A09|HYPE|1789980838292,243,1789980838292,HYPE,LONG,15522.42,95.30641207298861904264927763,95.4,0.20,19.080,0.00001288458887209597472559046850,0.000981968841086037397955363,noise,15522.62,NONE,ca2981eeac6ae7cd6859
A09,A09|HYPE|1789980838292,244,1789980838292,HYPE,LONG,15522.62,95.30641327881504539826395286,95.4,200.00,19080.000,0.01288442286160454871664706087,0.000981956176560442430975151,noise,15722.62,NONE,37f01d02a94efa58f8ab
A09,A09|HYPE|1789980838292,245,1789980838292,HYPE,LONG,15722.62,95.30760375115597782049047805,95.4,0.52,49.608,0.00003307336817909483279504306534,0.000969453067829349484249359,noise,15723.14,NONE,6361a61f6f006695de17
A09,A09|HYPE|1789980838292,246,1789980838292,HYPE,LONG,15723.14,95.30760680691007012594176481,95.4,50.00,4770.000,0.003180026381498860914550147108,0.000969420974729911140117860,noise,15773.14,NONE,7f578c143dd246324cfe
A09,A09|HYPE|1789980838292,247,1789980838292,HYPE,LONG,15773.14,95.30789968833092206117488338,95.4,231.39,22074.606,0.01466987549720600971017818900,0.000966344993124995848226478,noise,16004.53,NONE,8bb043b563c0c75bb714
A09,A09|HYPE|1789980838292,248,1789980838292,HYPE,LONG,16004.53,95.30923125452606230860887511,95.401,0.11,10.49411,0.000006873054066567403103996181081,0.000962852645709276564148510,noise,16004.64,NONE,ad48479d1a6a91583475
A09,A09|HYPE|1789980838292,249,1789980838292,HYPE,LONG,16004.64,95.30923188525327654980055784,95.401,0.50,47.70050,0.00003124094012736306471123374221,0.000962846021644649034316271,noise,16005.14,NONE,06be7faeccb8707c19f5
A09,A09|HYPE|1789980838292,250,1789980838292,HYPE,LONG,16005.14,95.30923475208589240706423062,95.401,2.00,190.80200,0.0001249598566460524556486228799,0.000962815913408634964751825,noise,16007.14,NONE,c8c0da2ec85fcdac453f
A09,A09|HYPE|1789980838292,251,1789980838292,HYPE,LONG,16007.14,95.30924621762538467209007980,95.401,0.50,47.70050,0.00003123606090781988537615089266,0.000962695499291940149798498,noise,16007.64,NONE,c53c1b9b6e46c7776fd9
A09,A09|HYPE|1789980838292,252,1789980838292,HYPE,LONG,16007.64,95.30924908356259885904480611,95.402,0.17,16.21834,0.00001061992898391018288767113703,0.000973157561613790137066494,noise,16007.81,NONE,43b1a0e69d5b6752704b
A09,A09|HYPE|1789980838292,253,1789980838292,HYPE,LONG,16007.81,95.30925006856028401136695151,95.402,0.15,14.31030,0.000009370426060779082210496001639,0.000973147216802112481886327,noise,16007.96,NONE,c60032357ae1f6b86ccc
A09,A09|HYPE|1789980838292,254,1789980838292,HYPE,LONG,16007.96,95.30925093765851488884280071,95.402,0.12,11.44824,0.000007496270605373826521305650439,0.000973138089209745073505704,noise,16008.08,NONE,08c08af362a72c3e87fd
A09,A09|HYPE|1789980838292,255,1789980838292,HYPE,LONG,16008.08,95.30925163292537268679316945,95.402,0.25,23.85050,0.00001561711335775433406129904398,0.000973130787259131298889889,noise,16008.33,NONE,b79959227a39394d2068
A09,A09|HYPE|1789980838292,256,1789980838292,HYPE,LONG,16008.33,95.30925308136451459958659023,95.402,0.22,20.98844,0.00001374284513125354112515171789,0.000973115575213965048984572,noise,16008.55,NONE,1044a4afc857f3a2a35e
A09,A09|HYPE|1789980838292,257,1789980838292,HYPE,LONG,16008.55,95.30925435595353732849008811,95.402,0.21,20.03442,0.00001311799007405417729900584375,0.000973102189007622545766140,noise,16008.76,NONE,f5342ff4fe2780c4cff5
A09,A09|HYPE|1789980838292,258,1789980838292,HYPE,LONG,16008.76,95.30925557257401572638980158,95.402,11.83,1128.60566,0.0007389704136985000712110119709,0.000973089411608752597473825,noise,16020.59,NONE,3ff387c87c609f7cd850
A09,A09|HYPE|1789980838292,259,1789980838292,HYPE,LONG,16020.59,95.30932405735369296636391044,95.402,303.12,28918.25424,0.01892065148661815825759226096,0.000972370159613533866339884,noise,16323.71,NONE,0fbd26ee105650c37127
A09,A09|ZEC|1789980861639,1,1789980861639,ZEC,LONG,13.17,1518.3,1518.3,13.17,19996.011,1,0,neutral,26.34,NONE,ec24fca1777d009d0e95
A09,A09|ZEC|1789980861639,2,1789980861639,ZEC,LONG,26.34,1518.3,1518.4,13.17,19997.328,0.5,0.000065863136402555489692419,neutral,39.51,NONE,9f1c259c7087d39b2cbc
A09,A09|ZEC|1789980861639,3,1789980861639,ZEC,LONG,39.51,1518.333333333333333333333333,1518.4,13.17,19997.328,0.3333333333333333333333333333,0.000043907793633369923161361,neutral,52.68,NONE,1e1aae80580ff84fc774
A09,A09|ZEC|1789980861639,4,1789980861639,ZEC,LONG,52.68,1518.350000000000000000000000,1518.5,13.17,19998.645,0.25,0.000098791451246418809892317,neutral,65.85,NONE,3df80feaad4a919af82c
A09,A09|ZEC|1789980861639,5,1789980861639,ZEC,LONG,65.85,1518.380000000000000000000,1518.5,13.17,19998.645,0.2,0.000079031599467853896916450,neutral,79.02,NONE,2cd57131434769de90ce
A09,A09|ZEC|1789980861639,6,1789980861639,ZEC,LONG,79.02,1518.40000000000000000000,1518.6,13.17,19999.962,0.1666666666666666666666666667,0.000131717597471022128556375,neutral,92.19,NONE,91456e9161f5070beca4
A09,A09|ZEC|1789980861639,7,1789980861639,ZEC,LONG,92.19,1518.428571428571428571428571,1518.6,13.17,19999.962,0.1428571428571428571428571429,0.000112898673440587073101891,neutral,105.36,NONE,5d3d769ef09a42d96129
A09,A09|ZEC|1789980861639,8,1789980861639,ZEC,LONG,105.36,1518.45000000000000000000,1518.7,13.16,19986.092,0.1249050873196659073652239939,0.000164641575290592380387896,neutral,118.52,NONE,0dbb2f3b320713f3f651
A09,A09|ZEC|1789980861639,9,1789980861639,ZEC,LONG,118.52,1518.477759028012149848126898,1518.7,13.16,19986.092,0.1110361120485993925075936551,0.000146357739299460069963667,neutral,131.68,NONE,585869031f50d1911822
A09,A09|ZEC|1789980861639,10,1789980861639,ZEC,LONG,131.68,1518.499969623329283110571081,1518.8,0.90,1366.920,0.006834750911300121506682867558,0.000197583393264828821705823,noise,132.58,NONE,77c9fc5e83b25f9a890c
A09,A09|ZEC|1789980861639,11,1789980861639,ZEC,LONG,132.58,1518.502006335797254487856388,1518.8,5.20,7897.760,0.03922160205159149192940111631,0.000196241863994513572607473,noise,137.78,NONE,7228d908f8a85b1fd815
A09,A09|ZEC|1789980861639,12,1789980861639,ZEC,LONG,137.78,1518.513253012048192771084337,1518.8,0.05,75.940,0.0003628973726230222093192045290,0.000188834037097160666028757,noise,137.83,NONE,2cb2040c6449486a9c05
A09,A09|ZEC|1789980861639,13,1789980861639,ZEC,LONG,137.83,1518.513357034027425088877603,1518.8,6.40,9720.320,0.04643401291445984183414351012,0.000188765521649706309745090,noise,144.23,NONE,d7bb38d8d97d4758adac
A09,A09|ZEC|1789980861639,14,1789980861639,ZEC,LONG,144.23,1518.526076405740830617763295,1518.8,2.63,3994.444,0.01823476391874089995146640782,0.000180387810598241371346233,noise,146.86,NONE,1bda2ec7d33158717235
A09,A09|ZEC|1789980861639,15,1789980861639,ZEC,LONG,146.86,1518.530981887511916110581506,1518.8,0.26,394.888,0.001770393572109492033228925507,0.000177156815169946871788562,noise,147.12,NONE,446300d3c8a8b68023c2
A09,A09|ZEC|1789980861639,16,1789980861639,ZEC,LONG,147.12,1518.531457313757476889613921,1518.8,2.02,3067.976,0.01373028820010875475802066340,0.000176843676796507143118422,noise,149.14,NONE,ce95f6bf96aa57fbec52
A09,A09|ZEC|1789980861639,17,1789980861639,ZEC,LONG,149.14,1518.535094542041035268874883,1518.8,0.13,197.444,0.0008716642081265924634571543516,0.000174448031468679866773771,noise,149.27,NONE,c09aecaed337ad648733
A09,A09|ZEC|1789980861639,18,1789980861639,ZEC,LONG,149.27,1518.535325249547799289877404,1518.9,2.63,3994.707,0.01761907952033228378106786360,0.000240149006999407178047863,noise,151.90,NONE,a359e10509c42b50d5b5
A09,A09|ZEC|1789980861639,19,1789980861639,ZEC,LONG,151.9,1518.541639236339697169190257,1518.9,2.44,3706.116,0.01606319947333772218564845293,0.000235990080483087106611396,noise,154.34,NONE,5f2a1db792cace5c216c
A09,A09|ZEC|1789980861639,20,1789980861639,ZEC,LONG,154.34,1518.547304652066865362187379,1518.9,2.03,3083.367,0.01315277957755604509524426591,0.000232258387244607454973265,noise,156.37,NONE,a3b4692685375d5fa57c
A09,A09|ZEC|1789980861639,21,1789980861639,ZEC,LONG,156.37,1518.551883353584447144592953,1518.9,0.30,455.670,0.001918526571593016563279401420,0.000229242510731189991872093,noise,156.67,NONE,c34ad113b62f2894aa7f
A09,A09|ZEC|1789980861639,22,1789980861639,ZEC,LONG,156.67,1518.552549945745835194995852,1518.9,11.03,16753.467,0.07040275738814067785791791664,0.000228803444613476395529519,neutral,167.70,NONE,481ca05b1c088528961d
A09,A09|ZEC|1789980861639,23,1789980861639,ZEC,LONG,167.7,1518.575402504472271914132380,1519.0,2.63,3994.970,0.01568276684555754323196183661,0.000279602510897694872554089,noise,170.33,NONE,c79ba47562351a146e66
A09,A09|ZEC|1789980861639,24,1789980861639,ZEC,LONG,170.33,1518.581958551047965713614748,1519.0,15.51,23559.690,0.09105853343509657723243116304,0.000275284087630612789028720,neutral,185.84,NONE,46e06da5963674971e9d
A09,A09|ZEC|1789980861639,25,1789980861639,ZEC,LONG,185.84,1518.616847826086956521739130,1519.0,5.30,8050.700,0.02851915626345243219974171330,0.000252303386770355604624489,noise,191.14,NONE,bb51fedc4e7ffee6e10e
A09,A09|ZEC|1789980861639,26,1789980861639,ZEC,LONG,191.14,1518.627472010044993198702521,1519.0,0.87,1321.530,0.004551637543162080150674897981,0.000245305709807772203340502,noise,192.01,NONE,bc5ba8f6743b27fa57a5
A09,A09|ZEC|1789980861639,27,1789980861639,ZEC,LONG,192.01,1518.629159939586479870840060,1519.1,0.14,212.674,0.0007291286912139992708713087860,0.000310042815477249829071948,noise,192.15,NONE,03664652fe6ded3a7bc1
A09,A09|ZEC|1789980861639,28,1789980861639,ZEC,LONG,192.15,1518.629502992453812125943273,1519.1,0.13,197.483,0.0006765547749154306531355711684,0.000309816849086018191368220,noise,192.28,NONE,a03e3b4a81cebe15979b
A09,A09|ZEC|1789980861639,29,1789980861639,ZEC,LONG,192.28,1518.629821094237570210110255,1519.1,0.26,394.966,0.001352194716039109631786977325,0.000309607317880565410372915,noise,192.54,NONE,c8191aa175c89efd5cef
A09,A09|ZEC|1789980861639,30,1789980861639,ZEC,LONG,192.54,1518.630456009140957723070530,1519.2,4.49,6821.208,0.02331982964578788823101693155,0.000375037909061672388360285,noise,197.03,NONE,97cf81330e22efee12e5
A09,A09|ZEC|1789980861639,31,1789980861639,ZEC,LONG,197.03,1518.643435009896970004567831,1519.2,2.44,3706.848,0.01238390092879256965944272446,0.000366488260030178099124120,noise,199.47,NONE,b1106914c3c9680438e2
A09,A09|ZEC|1789980861639,32,1789980861639,ZEC,LONG,199.47,1518.650243144332481074848347,1519.2,0.06,91.152,0.0003007971123477214618739660099,0.000362003600334767830644800,noise,199.53,NONE,79d260733419a6d51f26
A09,A09|ZEC|1789980861639,33,1789980861639,ZEC,LONG,199.53,1518.650408459880719691274494,1519.2,7.93,12047.256,0.03974339698290983811958101539,0.000361894704046233602813652,noise,207.46,NONE,2d0ed8bea38fb9d573d6
A09,A09|ZEC|1789980861639,34,1789980861639,ZEC,LONG,207.46,1518.671416176612359008965583,1519.2,1.22,1853.424,0.005880651691892412995276197821,0.000348056740751990204694309,noise,208.68,NONE,64ce38b3df0941073fba
A09,A09|ZEC|1789980861639,35,1789980861639,ZEC,LONG,208.68,1518.674506421314931953229825,1519.3,0.46,698.878,0.002204331991566034119225608587,0.000411868096843881481193896,noise,209.14,NONE,7ed1953a8d69aa283a27
A09,A09|ZEC|1789980861639,36,1789980861639,ZEC,LONG,209.14,1518.675882184182844027923878,1519.3,4.12,6259.516,0.01969972267380701922157406522,0.000410961827430577352062700,noise,213.26,NONE,22ee8e5285a9c5adb53b
A09,A09|ZEC|1789980861639,37,1789980861639,ZEC,LONG,213.26,1518.687939604238957141517396,1519.4,0.28,425.432,0.001312951327018662665291193848,0.000468865510281593176931412,noise,213.54,NONE,ef7654ac0d863769e21b
A09,A09|ZEC|1789980861639,38,1789980861639,ZEC,LONG,213.54,1518.688873279010958134307389,1519.4,15.51,23565.894,0.07263276201180106771565046361,0.000468250432001680217757820,neutral,229.05,NONE,e5f588592d066e8dc0a5
A09,A09|ZEC|1789980861639,39,1789980861639,ZEC,LONG,229.05,1518.737026850032743942370661,1519.4,2.03,3084.382,0.008862693734992359746780179000,0.000436529259671971606504602,noise,231.08,NONE,552d54be862d7c08b7b7
A09,A09|ZEC|1789980861639,40,1789980861639,ZEC,LONG,231.08,1518.742850960706248918123593,1519.4,0.30,455.820,0.001298251687727194045352258958,0.000432692762226377191730570,noise,231.38,NONE,f503ca79b216170df403
A09,A09|ZEC|1789980861639,41,1789980861639,ZEC,LONG,231.38,1518.743702999394934739389748,1519.4,0.11,167.134,0.0004754084190509119197856340220,0.000432131504024630499733076,noise,231.49,NONE,279721a7d47fd17aecf3
A09,A09|ZEC|1789980861639,42,1789980861639,ZEC,LONG,231.49,1518.744014860253142684349216,1519.4,0.07,106.358,0.0003023888720895071061384941034,0.000431926073998202802520819,noise,231.56,NONE,d2865e2a7f841628163b
A09,A09|ZEC|1789980861639,43,1789980861639,ZEC,LONG,231.56,1518.744213162895145966488167,1519.4,0.07,106.358,0.0003022974607013301088270858525,0.000431795447463223783207032,noise,231.63,NONE,cfe85720195bcea5db9c
A09,A09|ZEC|1789980861639,44,1789980861639,ZEC,LONG,231.63,1518.744411345680611319777231,1519.5,1.23,1868.985,0.005310192980183914000777101412,0.000497508763604206966647478,noise,232.86,NONE,439248ee7e8dfa014053
A09,A09|ZEC|1789980861639,45,1789980861639,ZEC,LONG,232.86,1518.748402473589281113115177,1519.5,0.24,364.680,0.001030662200463797990208709096,0.000494879550284030018309924,noise,233.10,NONE,07a48affecbd2598e603
A09,A09|ZEC|1789980861639,46,1789980861639,ZEC,LONG,233.1,1518.749176319176319176319177,1519.5,0.87,1321.965,0.003732303732303732303732303732,0.000494369769894044505617561,noise,233.97,NONE,30e9b287febf1e3a1a9a
A09,A09|ZEC|1789980861639,47,1789980861639,ZEC,LONG,233.97,1518.751968201051416848313887,1519.5,2.44,3707.580,0.01042868743856049920930033765,0.000492530587357605438346819,noise,236.41,NONE,26e3bc85500fd06e9d9b
A09,A09|ZEC|1789980861639,48,1789980861639,ZEC,LONG,236.41,1518.759688676451926737447655,1519.5,0.27,410.265,0.001142083668203544689310942854,0.000487444675459637543829622,noise,236.68,NONE,0a99f3071360185a129b
A09,A09|ZEC|1789980861639,49,1789980861639,ZEC,LONG,236.68,1518.760533209396653709650161,1519.5,1.93,2932.635,0.008154470170694608754436369782,0.000486888337189489965375670,noise,238.61,NONE,79692970a99d9235eba4
A09,A09|ZEC|1789980861639,50,1789980861639,ZEC,LONG,238.61,1518.766514395876115837559197,1519.5,1.25,1899.375,0.005238673986840450945056787226,0.000482948232774044748197287,noise,239.86,NONE,c09e332ec154ec7967a6
A09,A09|ZEC|1789980861639,51,1789980861639,ZEC,LONG,239.86,1518.770336863170182606520470,1519.5,0.36,547.020,0.001500875510714583507045776703,0.000480430200089926150584377,noise,240.22,NONE,f4c39a042eca6c6f5905
A09,A09|ZEC|1789980861639,52,1789980861639,ZEC,LONG,240.22,1518.771430355507451502789110,1519.6,1.23,1869.108,0.005120306385813004745649820997,0.000545552561716676811818995,noise,241.45,NONE,25f51c9cc8035c66cd27
A09,A09|ZEC|1789980861639,53,1789980861639,ZEC,LONG,241.45,1518.775651273555601573824808,1519.6,0.12,182.352,0.0004969973079312487057361772624,0.000542771887179747877101287,noise,241.57,NONE,03deb9c3ced94fba7e41
A09,A09|ZEC|1789980861639,54,1789980861639,ZEC,LONG,241.57,1518.776060769135240303017758,1519.6,11.87,18037.652,0.04913689613776545100798940266,0.000542502118743893157966462,noise,253.44,NONE,2a6ca26da0bd841a184a
A09,A09|ZEC|1789980861639,55,1789980861639,ZEC,LONG,253.44,1518.814650410353535353535353,1519.6,0.87,1322.052,0.003432765151515151515151515152,0.000517080599291216208957934,noise,254.31,NONE,37c5471caa294264f0cb
A09,A09|ZEC|1789980861639,56,1789980861639,ZEC,LONG,254.31,1518.817337108253706106720144,1519.6,0.78,1185.288,0.003067122802878376784239707444,0.000515310743842601788435000,noise,255.09,NONE,02d0a08e2c9542f74238
A09,A09|ZEC|1789980861639,57,1789980861639,ZEC,LONG,255.09,1518.819730291269747932102394,1519.6,7.93,12050.428,0.03108706730957701203496805049,0.000513734245854586589814350,noise,263.02,NONE,76427ec433b0b74dbc3e
A09,A09|ZEC|1789980861639,58,1789980861639,ZEC,LONG,263.02,1518.843255265759257851113983,1519.6,1.90,2887.240,0.007223785263478062504752490305,0.000498237544669038879052211,noise,264.92,NONE,f2fd53d46d7f82d11ec0
A09,A09|ZEC|1789980861639,59,1789980861639,ZEC,LONG,264.92,1518.848682621168654688207760,1519.7,0.88,1337.336,0.003321757511701645779858070361,0.000560501772541406583511351,noise,265.80,NONE,a023b0544e460aaa9be3
A09,A09|ZEC|1789980861639,60,1789980861639,ZEC,LONG,265.8,1518.851501128668171557562076,1519.7,0.03,45.591,0.0001128668171557562076749435666,0.000558645049039556241270963,noise,265.83,NONE,274f6b73ce04819ce8ad
A09,A09|ZEC|1789980861639,61,1789980861639,ZEC,LONG,265.83,1518.851596885227400970545084,1519.7,0.47,714.259,0.001768047248241357258398224429,0.000558581968450673416084237,noise,266.30,NONE,ec3dc834efdbf5826b30
A09,A09|ZEC|1789980861639,62,1789980861639,ZEC,LONG,266.3,1518.853094254600075103266991,1519.7,2.06,3130.582,0.007735636500187758167480285392,0.000557595562469823052321440,noise,268.36,NONE,383344dee2f66fdf8690
A09,A09|ZEC|1789980861639,63,1789980861639,ZEC,LONG,268.36,1518.859595319719779400804888,1519.7,0.30,455.910,0.001117901326576240870472499627,0.000553312947997221234607819,noise,268.66,NONE,2644be56234c48b78797
A09,A09|ZEC|1789980861639,64,1789980861639,ZEC,LONG,268.66,1518.860533760142931586391721,1519.7,0.30,455.910,0.001116653018685327179334474801,0.000552694747936373831394776,noise,268.96,NONE,fe9a09ac4005559cbfdf
A09,A09|ZEC|1789980861639,65,1789980861639,ZEC,LONG,268.96,1518.861470107079119571683521,1519.7,7.93,12051.221,0.02948393813206424747174301011,0.000552077927726854780166705,noise,276.89,NONE,39581c4bb27e416be563
A09,A09|ZEC|1789980861639,66,1789980861639,ZEC,LONG,276.89,1518.885485210733504279677850,1519.7,0.07,106.379,0.0002528079742858174726425656398,0.000536258195365852845459253,noise,276.96,NONE,d371b24435b730f34171
A09,A09|ZEC|1789980861639,67,1789980861639,ZEC,LONG,276.96,1518.885691074523396880415944,1519.7,0.07,106.379,0.0002527440785673021374927787406,0.000536122586618435292959077,noise,277.03,NONE,3d7d4c05df7e70e79cdc
A09,A09|ZEC|1789980861639,68,1789980861639,ZEC,LONG,277.03,1518.885896834277876042305887,1519.7,5.00,7598.500,0.01804858679565390029960654081,0.000535987046439044571261697,noise,282.03,NONE,767cc69f9a247c257ac7
A09,A09|ZEC|1789980861639,69,1789980861639,ZEC,LONG,282.03,1518.900329752154026167428997,1519.8,0.88,1337.424,0.003120235435946530510938552636,0.000592316842799538516982275,noise,282.91,NONE,aba5600f7ec179c71f40
A09,A09|ZEC|1789980861639,70,1789980861639,ZEC,LONG,282.91,1518.903128203315542045173377,1519.8,0.31,471.138,0.001095754833692693789544378071,0.000590473335679644178413789,noise,283.22,NONE,7eb78529ba4a023154ab
A09,A09|ZEC|1789980861639,71,1789980861639,ZEC,LONG,283.22,1518.904109879245815973448203,1519.8,2.44,3708.312,0.008615210790198432314102111433,0.000589826648652236553778838,noise,285.66,NONE,b9037d24e137265255b4
A09,A09|ZEC|1789980861639,72,1789980861639,ZEC,LONG,285.66,1518.911762234824616677168662,1519.9,1.22,1854.278,0.004270811454176293495764195197,0.000650622234777717921146770,noise,286.88,NONE,94f9a4bc3df2e0dc44d6
A09,A09|ZEC|1789980861639,73,1789980861639,ZEC,LONG,286.88,1518.915964863357501394311210,1519.9,0.60,911.940,0.002091466815393195761293920803,0.000647853574131747925099186,noise,287.48,NONE,ee4c9ee934fb910fd03e
A09,A09|ZEC|1789980861639,74,1789980861639,ZEC,LONG,287.48,1518.918018644775288715736747,1519.9,0.88,1337.512,0.003061082510087658271879782941,0.000646500563671543526760012,noise,288.36,NONE,0744310d2b09a9fa21c2
A09,A09|ZEC|1789980861639,75,1789980861639,ZEC,LONG,288.36,1518.921015397419891801914274,1519.9,2.44,3708.556,0.008461645165765015952281869885,0.000644526339853136214484338,noise,290.80,NONE,09366e546e8a542fa275
A09,A09|ZEC|1789980861639,76,1789980861639,ZEC,LONG,290.8,1518.929229711141678129298487,1519.9,0.62,942.338,0.002132049518569463548830811554,0.000639114890851718960965362,noise,291.42,NONE,ba4804a0615191be2a5c
A09,A09|ZEC|1789980861639,77,1789980861639,ZEC,LONG,291.42,1518.931295038089355569281449,1519.9,83.11,126318.889,0.2851897604831514652391737012,0.000637754298087822846847623,profit,374.53,PROFIT_PYRAMIDING,54387ba1c5bf5b55fc5b
A09,A09|ZEC|1789980861639,78,1789980861639,ZEC,LONG,374.53,1519.146255306651002589912690,1519.9,0.60,911.940,0.001602007849838464208474621526,0.000496163348799387601906447,noise,375.13,NONE,e80e5c1b2dfc97019c0f
A09,A09|ZEC|1789980861639,79,1789980861639,ZEC,LONG,375.13,1519.147460880228187561645296,1519.9,0.60,911.940,0.001599445525551142270679497774,0.000495369369432888599323490,noise,375.73,NONE,79b5717e0205c2eaf54a
A09,A09|ZEC|1789980861639,80,1789980861639,ZEC,LONG,375.73,1519.148662603465254304953025,1519.9,7.93,12052.807,0.02110558113538977457216618316,0.000494577927118159223632979,noise,383.66,NONE,3e111c6469a3d536c998
A09,A09|ZEC|1789980861639,81,1789980861639,ZEC,LONG,383.66,1519.164192253557837668769223,1519.9,0.07,106.393,0.0001824532137830370640671427827,0.000484350375156388294749950,noise,383.73,NONE,d05a0a2bd689b45a05ff
A09,A09|ZEC|1789980861639,82,1789980861639,ZEC,LONG,383.73,1519.164326479555937768743648,1520.0,0.88,1337.600,0.002293279128553931149506163188,0.000550087640868065273924074,noise,384.61,NONE,9ee3080fb0b4ddfd5bfb
A09,A09|ZEC|1789980861639,83,1789980861639,ZEC,LONG,384.61,1519.166238527339382751358519,1520.0,1.23,1869.600,0.003198044772626816775434856088,0.000548828331959809163972046,noise,385.84,NONE,b22db4ede2a51ab8d5c9
A09,A09|ZEC|1789980861639,84,1789980861639,ZEC,LONG,385.84,1519.168896433754924320962057,1520.0,10.84,16476.800,0.02809454696247149077337756583,0.000547077792466715953990190,noise,396.68,NONE,73487426896d1f948a9d
A09,A09|ZEC|1789980861639,85,1789980861639,ZEC,LONG,396.68,1519.191607845114449934455985,1520.0,2.06,3131.200,0.005193102752848643743067459917,0.000532119945049069647002544,noise,398.74,NONE,b93c1c869b6fbbb03f34
A09,A09|ZEC|1789980861639,86,1789980861639,ZEC,LONG,398.74,1519.195784220293925866479410,1520.1,0.30,456.030,0.0007523699653909815920148467673,0.000595193713080338941893137,noise,399.04,NONE,6aa7662364c65250cc84
A09,A09|ZEC|1789980861639,87,1789980861639,ZEC,LONG,399.04,1519.196464013632718524458701,1520.1,15.58,23683.158,0.03904370489174017642341619888,0.000594745977738909133633443,noise,414.62,NONE,b8f6a94e721559a396b1
A09,A09|ZEC|1789980861639,88,1789980861639,ZEC,LONG,414.62,1519.230415802421494380396508,1520.1,2.03,3085.803,0.004896049394626404900873088611,0.000572384668272463370033225,noise,416.65,NONE,bb6bf493c91296689503
A09,A09|ZEC|1789980861639,89,1789980861639,ZEC,LONG,416.65,1519.234652586103444137765511,1520.1,0.88,1337.688,0.002112084483379335173406936277,0.000569594310150526158018407,noise,417.53,NONE,62a80afbdde808ec6b1f
A09,A09|ZEC|1789980861639,90,1789980861639,ZEC,LONG,417.53,1519.236476420855986396187101,1520.1,0.93,1413.693,0.002227384858573036668023854573,0.000568393132041151670957446,noise,418.46,NONE,4d0e4a3f424d6383f4aa
A09,A09|ZEC|1789980861639,91,1789980861639,ZEC,LONG,418.46,1519.238395545571858720068824,1520.1,7.93,12054.393,0.01895043731778425655976676385,0.000567129199047613293549197,noise,426.39,NONE,04d696e229f66ff69abf
A09,A09|ZEC|1789980861639,92,1789980861639,ZEC,LONG,426.39,1519.254419662750064494945942,1520.1,0.65,988.065,0.001524425994981120570369849199,0.000556575861360759232414571,noise,427.04,NONE,698363bc546e33052157
A09,A09|ZEC|1789980861639,93,1789980861639,ZEC,LONG,427.04,1519.255706725365305357811915,1520.2,0.88,1337.776,0.002060696890221056575496440614,0.000621549927674810976885757,noise,427.92,NONE,9f9b0731ec66f9b0a111
A09,A09|ZEC|1789980861639,94,1789980861639,ZEC,LONG,427.92,1519.257648625911385305664611,1520.2,1.23,1869.846,0.002874369040942232192933258553,0.000620270942812709835543731,noise,429.15,NONE,513e77b2f13e7210505d
A09,A09|ZEC|1789980861639,95,1789980861639,ZEC,LONG,429.15,1519.260349528137015029709892,1520.2,0.93,1413.786,0.002167074449493184201328206921,0.000618492065665261706181800,noise,430.08,NONE,e2e07d4e974d91edcb5a
A09,A09|ZEC|1789980861639,96,1789980861639,ZEC,LONG,430.08,1519.262381417410714285714286,1520.2,0.90,1368.180,0.002092633928571428571428571429,0.000617153820207491267677711,noise,430.98,NONE,9eddb13dbc9f55cacff4
A09,A09|ZEC|1789980861639,97,1789980861639,ZEC,LONG,430.98,1519.264339412501740219963804,1520.2,1.17,1778.634,0.002714743143533342614506473618,0.000615864246415524340593724,noise,432.15,NONE,f1f1728360829fd3aae6
A09,A09|ZEC|1789980861639,98,1789980861639,ZEC,LONG,432.15,1519.266872613675807011454357,1520.3,0.88,1337.864,0.002036329978016892282772185584,0.000680017056217943369194680,noise,433.03,NONE,4f240fb3253061e87144
A09,A09|ZEC|1789980861639,99,1789980861639,ZEC,LONG,433.03,1519.268972126642495900976839,1520.3,0.11,167.233,0.0002540239706255917603861164354,0.000678634193334635001665470,noise,433.14,NONE,f1f8c082f9a781e915d2
A09,A09|ZEC|1789980861639,100,1789980861639,ZEC,LONG,433.14,1519.269233965923258068984625,1520.3,11.62,17665.886,0.02682735374243893429376183220,0.000678461730832273074468785,noise,444.76,NONE,b93ac094d477cc9d02b5
A09,A09|ZEC|1789980861639,101,1789980861639,ZEC,LONG,444.76,1519.296164223401385016638188,1520.3,7.93,12055.979,0.01782984081302275384477021315,0.000660724222332077366436887,noise,452.69,NONE,6a6d45cf61f9fff495ef
A09,A09|ZEC|1789980861639,102,1789980861639,ZEC,LONG,452.69,1519.313748923104110981024543,1520.3,0.11,167.233,0.0002429918929068457443283483178,0.000649142468166925938985315,noise,452.80,NONE,19626eb3bd8b06f313e1
A09,A09|ZEC|1789980861639,103,1789980861639,ZEC,LONG,452.8,1519.313988515901060070671379,1520.4,0.88,1337.952,0.001943462897526501766784452297,0.000714803847201972754307669,noise,453.68,NONE,60b934ede2d516d4ba77
A09,A09|ZEC|1789980861639,104,1789980861639,ZEC,LONG,453.68,1519.316095044965614530065245,1520.4,1.23,1870.092,0.002711162052548051490037030506,0.000713416357905631391988727,noise,454.91,NONE,af07e9c32dc8f7ef3f29
A09,A09|ZEC|1789980861639,105,1789980861639,ZEC,LONG,454.91,1519.319025741355432942779891,1520.4,27.53,41856.612,0.06051746499307555340616825306,0.000711486027838756922706848,profit,482.44,PROFIT_PYRAMIDING,dc08084e71f58e2d5df2
A09,A09|ZEC|1789980861639,106,1789980861639,ZEC,LONG,482.44,1519.380710554680374761628389,1520.4,2.44,3709.776,0.005057623745958046596467954564,0.000670858487434339745664872,noise,484.88,NONE,ce3b2d650d438e0c9c71
A09,A09|ZEC|1789980861639,107,1789980861639,ZEC,LONG,484.88,1519.385839795413298135621185,1520.4,4.37,6644.148,0.009012539184952978056426332288,0.000667480358197401306189398,noise,489.25,NONE,222178327bfa572557e3
A09,A09|ZEC|1789980861639,108,1789980861639,ZEC,LONG,489.25,1519.394898313745528870720491,1520.4,23.62,35911.848,0.04827797649463464486458865611,0.000661514453793383691563823,noise,512.87,NONE,ad8ac64cea3f1fb6876b
A09,A09|ZEC|1789980861639,109,1789980861639,ZEC,LONG,512.87,1519.441187825374851326846960,1520.5,16.13,24525.665,0.03145046503012459297677774095,0.000696843144117029826623565,noise,529.00,NONE,35757361ac406592f410
A09,A09|ZEC|1789980861639,110,1789980861639,ZEC,LONG,529.0,1519.473472589792060491493384,1520.5,0.88,1338.040,0.001663516068052930056710775047,0.000675581001396704343163384,noise,529.88,NONE,78607203dc0728ced786
A09,A09|ZEC|1789980861639,111,1789980861639,ZEC,LONG,529.88,1519.475177398656299539518382,1520.5,2.44,3710.020,0.004604816184796557711179889786,0.000674458271242178655133364,noise,532.32,NONE,68f5c6bc20243ddd031c
A09,A09|ZEC|1789980861639,112,1789980861639,ZEC,LONG,532.32,1519.479874887285843101893598,1520.5,1.24,1885.420,0.002329425909227532311391644124,0.000671364675224691081509404,noise,533.56,NONE,f14c0bc52b9b669b5bab
A09,A09|ZEC|1789980861639,113,1789980861639,ZEC,LONG,533.56,1519.482245670589999250318615,1520.5,5.27,8013.035,0.009877052252792563160656720894,0.000669803370397945852949644,noise,538.83,NONE,b9a854ab3e3f10f50715
A09,A09|ZEC|1789980861639,114,1789980861639,ZEC,LONG,538.83,1519.492199766160013362284951,1520.6,0.30,456.180,0.0005567618729469405935081565614,0.000729059506860561642275901,noise,539.13,NONE,c88a991ba9f7d9081510
A09,A09|ZEC|1789980861639,115,1789980861639,ZEC,LONG,539.13,1519.492816203884035390351121,1520.6,0.59,897.154,0.001094355721254613915011221783,0.000728653524589881172991404,noise,539.72,NONE,0f48be81a3d9fa184759
A09,A09|ZEC|1789980861639,116,1789980861639,ZEC,LONG,539.72,1519.494026532275994960349811,1520.6,1.22,1855.132,0.002260431334766175053731564515,0.000727856410365765100174525,noise,540.94,NONE,37fa36f8061d69979963
A09,A09|ZEC|1789980861639,117,1789980861639,ZEC,LONG,540.94,1519.496520871076274633046179,1520.6,0.88,1338.128,0.001626797796428439383295744445,0.000726213659437099518927309,noise,541.82,NONE,4ead0cb044abde9aa989
A09,A09|ZEC|1789980861639,118,1789980861639,ZEC,LONG,541.82,1519.498313092909084197704035,1520.6,2.03,3086.818,0.003746631722712339891476874239,0.000725033320272961448491311,noise,543.85,NONE,b8dd40d24fc38b99a26f
A09,A09|ZEC|1789980861639,119,1789980861639,ZEC,LONG,543.85,1519.502425301094051668658638,1520.6,1.24,1885.544,0.002280040452330605865587937851,0.000722325072096190006911022,noise,545.09,NONE,8541467ab2b2e85bdd0f
A09,A09|ZEC|1789980861639,120,1789980861639,ZEC,LONG,545.09,1519.504922122952173035645490,1520.6,1.20,1824.720,0.002201471316663303307710653287,0.000720680704026845992493304,noise,546.29,NONE,6e4910b5d2d2f7c0846a
A09,A09|ZEC|1789980861639,121,1789980861639,ZEC,LONG,546.29,1519.507327609877537571619470,1520.6,0.11,167.266,0.0002013582529425762873199216533,0.000719096492835734532824325,noise,546.40,NONE,2c4cfd890922d629748a
A09,A09|ZEC|1789980861639,122,1789980861639,ZEC,LONG,546.4,1519.507547584187408491947292,1520.6,7.93,12058.358,0.01451317715959004392386530015,0.000718951621891871408539054,noise,554.33,NONE,56f5bdc0c0cd741c1e6d
A09,A09|ZEC|1789980861639,123,1789980861639,ZEC,LONG,554.33,1519.523175725650785633106634,1520.7,0.88,1338.216,0.001587502029477026320062056898,0.000774469447487841048475602,noise,555.21,NONE,bd561ad32a55e37ea141
A09,A09|ZEC|1789980861639,124,1789980861639,ZEC,LONG,555.21,1519.525040975486752760216856,1520.7,16.30,24787.410,0.02935826083824138614218043623,0.000773240975192459422578195,noise,571.51,NONE,a2bef96e1f48b17410a2
A09,A09|ZEC|1789980861639,125,1789980861639,ZEC,LONG,571.51,1519.558551906353344648387606,1520.7,4.47,6797.529,0.007821385452573008346310650732,0.000751170853018238937590586,noise,575.98,NONE,92ca8646f803d029b1e7
A09,A09|ZEC|1789980861639,126,1789980861639,ZEC,LONG,575.98,1519.567410326747456508906560,1520.8,0.88,1338.304,0.001527830827459286780790999687,0.000811145109375242451235145,noise,576.86,NONE,b9f40fc2f18beeac1808
A09,A09|ZEC|1789980861639,127,1789980861639,ZEC,LONG,576.86,1519.569290642443573830738828,1520.8,1.22,1855.376,0.002114897895503241687757861526,0.000809906705232314092819187,noise,578.08,NONE,279a0954dd43eae73430
A09,A09|ZEC|1789980861639,128,1789980861639,ZEC,LONG,578.08,1519.571887973982839745363964,1520.8,7.93,12059.944,0.01371782452255743149737060614,0.000808196068732608207656852,noise,586.01,NONE,d114b3bf3b0ca92ee086
A09,A09|ZEC|1789980861639,129,1789980861639,ZEC,LONG,586.01,1519.588507022064469889592328,1520.9,16.13,24532.117,0.02752512755755021245371239399,0.000863057973836391481559808,noise,602.14,NONE,7bfbea0b603860ef3a99
A09,A09|ZEC|1789980861639,130,1789980861639,ZEC,LONG,602.14,1519.623639020825721592985020,1520.9,0.88,1338.392,0.001461454146876141761052246986,0.000839919139450019100983579,noise,603.02,NONE,237859b505b1da63f671
A09,A09|ZEC|1789980861639,131,1789980861639,ZEC,LONG,603.02,1519.625501641736592484494710,1520.9,0.02,30.418,0.00003316639580776756989817916487,0.000838692399467168400017910,noise,603.04,NONE,19b6ef77d8374c6b4cc3
A09,A09|ZEC|1789980861639,132,1789980861639,ZEC,LONG,603.04,1519.625543910851684797028389,1520.9,12.62,19193.758,0.02092730167153091005571769700,0.000838664560657767368758242,noise,615.66,NONE,649b978107ba1862a15a
A09,A09|ZEC|1789980861639,133,1789980861639,ZEC,LONG,615.66,1519.651668128512490660429457,1520.9,17.97,27330.573,0.02918818828574213039664750024,0.000821459218364732232467448,noise,633.63,NONE,5dad89f66986790a74fe
A09,A09|ZEC|1789980861639,134,1789980861639,ZEC,LONG,633.63,1519.687071319224152896800971,1520.9,7.93,12060.737,0.01251519025298675883401985386,0.000798143712391338988183703,noise,641.56,NONE,04f5a0b19681f9c9f9ff
A09,A09|ZEC|1789980861639,135,1789980861639,ZEC,LONG,641.56,1519.702063719683272024440425,1520.9,0.48,730.032,0.0007481763202194650539310430825,0.000788270483350276859406856,noise,642.04,NONE,d92bdfbb3db321a64258
A09,A09|ZEC|1789980861639,136,1789980861639,ZEC,LONG,642.04,1519.702959317176499906547877,1520.9,0.46,699.614,0.0007164662637841879010653541835,0.000787680694759814761697945,noise,642.50,NONE,b7583da8ce46f526ba68
A09,A09|ZEC|1789980861639,137,1789980861639,ZEC,LONG,642.5,1519.703816342412451361867703,1521.0,0.88,1338.480,0.001369649805447470817120622568,0.000852918604039024593797001,noise,643.38,NONE,c5905fe41f5a34cbfd89
A09,A09|ZEC|1789980861639,138,1789980861639,ZEC,LONG,643.38,1519.705589231869190835897913,1521.0,0.78,1186.380,0.001212347290870092324909073953,0.000851751008420693744639456,noise,644.16,NONE,c3f4f33623d2c1c7b7db
A09,A09|ZEC|1789980861639,139,1789980861639,ZEC,LONG,644.16,1519.707156607054148037754594,1521.0,152.37,231754.770,0.2365406110283159463487332340,0.000850718763365104275478631,profit,796.53,PROFIT_PYRAMIDING,7acf395ff81cf26df38b
A09,A09|ZEC|1789980861639,140,1789980861639,ZEC,LONG,796.53,1519.954467502793366226005297,1521.1,0.30,456.330,0.0003766336484501525366276223118,0.000753662377195209315679343,noise,796.83,NONE,3cfc8acf351b52022123
A09,A09|ZEC|1789980861639,141,1789980861639,ZEC,LONG,796.83,1519.954898786441273546427719,1521.1,0.88,1338.568,0.001104376090257645921965789441,0.000753378415683909703009778,noise,797.71,NONE,b481a6fb98d426130749
A09,A09|ZEC|1789980861639,142,1789980861639,ZEC,LONG,797.71,1519.956162013764400596708076,1521.1,1.22,1855.742,0.001529377844078675207782276767,0.000752546694978457575485333,noise,798.93,NONE,8dbacb6bdd5b1b010ad5
A09,A09|ZEC|1789980861639,143,1789980861639,ZEC,LONG,798.93,1519.957908702890115529520733,1521.1,7.93,12062.323,0.009925775725032230608438786877,0.000751396660769723884210575,noise,806.86,NONE,0ab6c54b1ceaf9b35f12
A09,A09|ZEC|1789980861639,144,1789980861639,ZEC,LONG,806.86,1519.969133430830627370299679,1521.2,0.88,1338.656,0.001090647696006742185757132588,0.000809797082123040221479691,noise,807.74,NONE,f598f481bda6715f0523
A09,A09|ZEC|1789980861639,145,1789980861639,ZEC,LONG,807.74,1519.970474410082452274246662,1521.2,0.59,897.508,0.0007304330601431153589026171788,0.000808914127358125403116900,noise,808.33,NONE,40acdf0f68a9631cf89b
A09,A09|ZEC|1789980861639,146,1789980861639,ZEC,LONG,808.33,1519.971371840708621478851458,1521.2,0.11,167.332,0.0001360830353939603874655153217,0.000808323223748280860220086,noise,808.44,NONE,6566092fe0ccf7fadb0f
A09,A09|ZEC|1789980861639,147,1789980861639,ZEC,LONG,808.44,1519.971539013408539904012665,1521.2,2.03,3088.036,0.002511008856563257631982583742,0.000808213150746780619623562,noise,810.47,NONE,a36ea2c04d558dfcf9fe
A09,A09|ZEC|1789980861639,148,1789980861639,ZEC,LONG,810.47,1519.974615963576690068725553,1521.2,36.52,55554.224,0.04506027366836526953496119536,0.000806187171518312998251595,noise,846.99,NONE,30bd5ab820375a8adf8e
A09,A09|ZEC|1789980861639,149,1789980861639,ZEC,LONG,846.99,1520.027451327642593182918333,1521.2,1.22,1855.864,0.001440394809856078584162741000,0.000771399668692340891974368,noise,848.21,NONE,634097a064c46f6cf27d
A09,A09|ZEC|1789980861639,150,1789980861639,ZEC,LONG,848.21,1520.029137831433253557491658,1521.3,16.13,24538.569,0.01901651713608658233220546799,0.000836077504658783262905085,noise,864.34,NONE,0e00104d1743bbaab682
A09,A09|ZEC|1789980861639,151,1789980861639,ZEC,LONG,864.34,1520.052854200893167040747853,1521.3,0.88,1338.744,0.001018117870282527709003401439,0.000820462127787306351101370,noise,865.22,NONE,a7d06b522c7937dc7ee2
A09,A09|ZEC|1789980861639,152,1789980861639,ZEC,LONG,865.22,1520.054122650886479739257066,1521.3,1.22,1855.986,0.001410045999861306950833314070,0.000819626966269320869595016,noise,866.44,NONE,3eb291923fd36f8363e5
A09,A09|ZEC|1789980861639,153,1789980861639,ZEC,LONG,866.44,1520.055876921656433220996259,1521.3,2.48,3772.824,0.002862287059692534970684640598,0.000818471937270559159765702,noise,868.92,NONE,fa78e172a8faf7ef6cae
A09,A09|ZEC|1789980861639,154,1789980861639,ZEC,LONG,868.92,1520.059427795424204759931868,1521.3,0.57,867.141,0.0006559867421626847120563458086,0.000816134015480581924529560,noise,869.49,NONE,a836e8f8f995794b0832
A09,A09|ZEC|1789980861639,155,1789980861639,ZEC,LONG,869.49,1520.060241060851763677558108,1521.4,0.88,1338.832,0.001012087545572692037861275000,0.000881385423391652584477288,noise,870.37,NONE,8a2dc6317a576c8666bb
A09,A09|ZEC|1789980861639,156,1789980861639,ZEC,LONG,870.37,1520.061595643232188609441960,1521.4,2.49,3788.286,0.002860852281213736686696462424,0.000880493501450149872751617,noise,872.86,NONE,bf8b21f1be3570a787a8
A09,A09|ZEC|1789980861639,157,1789980861639,ZEC,LONG,872.86,1520.065413697500171848864651,1521.4,2.40,3651.360,0.002749581834429347203446142566,0.000877979520140188391325357,noise,875.26,NONE,b990856f418c1adfc805
A09,A09|ZEC|1789980861639,158,1789980861639,ZEC,LONG,875.26,1520.069073189680780568059775,1521.4,6.33,9630.462,0.007232136736512579119347393917,0.000875569955203700561964690,noise,881.59,NONE,d298b1b6cb03ad329319
A09,A09|ZEC|1789980861639,159,1789980861639,ZEC,LONG,881.59,1520.078629521659728445195611,1521.5,0.88,1338.920,0.0009981964405222382286550437278,0.000935063786001353245865538,noise,882.47,NONE,cb26ee697d7fd8b2b85e
A09,A09|ZEC|1789980861639,160,1789980861639,ZEC,LONG,882.47,1520.080046913776105703310026,1521.5,1.22,1856.230,0.001382483257221208652985370607,0.000934130468396601921488362,noise,883.69,NONE,f0b5de71adb334152129
A09,A09|ZEC|1789980861639,161,1789980861639,ZEC,LONG,883.69,1520.082007264991116794350959,1521.5,0.46,699.890,0.0005205445348481933709785105637,0.000932839628540967915484275,noise,884.15,NONE,9d1968a3d29a13d404e6
A09,A09|ZEC|1789980861639,162,1789980861639,ZEC,LONG,884.15,1520.082745009330995871741219,1521.6,0.30,456.480,0.0003393089407905898320420743087,0.000998139736570518396679400,noise,884.45,NONE,7eed8c4dfb2cad6c0855
A09,A09|ZEC|1789980861639,163,1789980861639,ZEC,LONG,884.45,1520.083259652891627565153484,1521.6,0.88,1339.008,0.0009949686245689411498671490757,0.000997800835892842776919608,noise,885.33,NONE,a1a51607edbf87d43d81
A09,A09|ZEC|1789980861639,164,1789980861639,ZEC,LONG,885.33,1520.084767261924931946279917,1521.6,39.26,59738.016,0.04434504647984367411021878847,0.000996808053543226627263655,noise,924.59,NONE,9fbb9c961edc087daa04
A09,A09|ZEC|1789980861639,165,1789980861639,ZEC,LONG,924.59,1520.149107171827512735374597,1521.6,7.93,12066.288,0.008576774570350101125904454948,0.000954441127733720412990100,noise,932.52,NONE,a425b4ffbea512d30dfa
A09,A09|ZEC|1789980861639,166,1789980861639,ZEC,LONG,932.52,1520.161445330931240080641701,1521.6,0.42,639.072,0.0004503924848796808647535709690,0.000946317033290891054023483,noise,932.94,NONE,a6331b92c2bda2490122
A09,A09|ZEC|1789980861639,167,1789980861639,ZEC,LONG,932.94,1520.162092953458957703603660,1521.7,1.22,1856.474,0.001307693956738911398375029477,0.001011673066753761380225557,noise,934.16,NONE,6dfecb4684a8e20e5d01
A09,A09|ZEC|1789980861639,168,1789980861639,ZEC,LONG,934.16,1520.164101438725700094202277,1521.7,0.88,1339.096,0.0009420227798235848248694013873,0.001010350500857560492390855,noise,935.04,NONE,0813e3fd2a401399090c
A09,A09|ZEC|1789980861639,169,1789980861639,ZEC,LONG,935.04,1520.165546928473648186173852,1521.7,16.13,24545.021,0.01725059890485968514715947981,0.001009398663603938668766244,noise,951.17,NONE,99d2e9f966d785c47972
A09,A09|ZEC|1789980861639,170,1789980861639,ZEC,LONG,951.17,1520.191568279066833478768253,1521.7,2.03,3089.051,0.002134213652659356371626523124,0.000992264233277380264798831,noise,953.20,NONE,c039059b5b41f42509ab
A09,A09|ZEC|1789980861639,171,1789980861639,ZEC,LONG,953.2,1520.194780738564834242551405,1521.7,0.02,30.434,0.00002098195551825430130088124213,0.000990148947034192923953370,noise,953.22,NONE,7a031469c1ad0bac03e3
A09,A09|ZEC|1789980861639,172,1789980861639,ZEC,LONG,953.22,1520.194812320345775371897357,1521.7,51.96,79067.532,0.05450997671051803361238748662,0.000990128151639186923924487,profit,1005.18,PROFIT_PYRAMIDING,026e48d293a6241c48ab
A09,A09|ZEC|1789980861639,173,1789980861639,ZEC,LONG,1005.18,1520.272618834437613163811456,1521.8,0.89,1354.402,0.0008854135577707475278059651008,0.001004675836846551378778403,noise,1006.07,NONE,1a1dce842262d4571436
A09,A09|ZEC|1789980861639,174,1789980861639,ZEC,LONG,1006.07,1520.273970002087329907461706,1521.8,1.14,1734.852,0.001133121949764926893754907710,0.001003786178033801933495045,noise,1007.21,NONE,7b14f258b843b1484f20
A09,A09|ZEC|1789980861639,175,1789980861639,ZEC,LONG,1007.21,1520.275697223022011298537543,1521.8,3.54,5387.172,0.003514659306400849872419852861,0.001002648914116250536898477,noise,1010.75,NONE,acae782a3db496820ba7
A06,A06|HYPE|1789693105225,1,1789693105225,HYPE,SHORT,20.9,86.284,86.284,17.38,1499.61592,0.8315789473684210526315789474,-0,neutral,38.28,NONE,a591c203b69826afe942
A06,A06|HYPE|1789693105225,2,1789693105225,HYPE,SHORT,38.28,86.284,86.284,49.95,4309.88580,1.304858934169278996865203762,-0,neutral,88.23,NONE,e37e099d3bfc53eb927a
A06,A06|HYPE|1789693105225,3,1789693105225,HYPE,SHORT,88.23,86.284,86.284,4.64,400.35776,0.05258982205599002606823076051,-0,neutral,92.87,NONE,d6150cc9516274dcb7fb
A06,A06|HYPE|1789693105225,4,1789693105225,HYPE,SHORT,92.87,86.284,86.283,7.13,615.19779,0.07677398514051900506083773016,0.0000115896342311436651059293,neutral,100.00,NONE,9eb9825d085ce0f3b0d1
A08,A08|xyz:CL|1788295714087,1,1788295714087,xyz:CL,LONG,11.047,90.52,90.52,241.810,21888.64120,21.88920068796958450257988594,0,neutral,252.857,NONE,114229e6de1a3073632c
A08,A08|xyz:CL|1788295714087,2,1788295714087,xyz:CL,LONG,252.857,90.52,90.521,2.220,200.956620,0.008779665977212416504190115362,0.000011047282368537339814406,noise,255.077,NONE,d5eeea21f5e535a2af42
A08,A08|xyz:CL|1788295714087,3,1788295714087,xyz:CL,LONG,255.077,90.52000870325431144321126562,90.521,1.956,177.059076,0.007668272717649964520517333982,0.000010951134007711583306741,noise,257.033,NONE,f7dc3269ce510632f221
A08,A08|xyz:CL|1788295714087,4,1788295714087,xyz:CL,LONG,257.033,90.52001624694105426151505838,90.521,16.187,1465.263427,0.06297634934035707477250002918,0.000010867795872484528887968,neutral,273.220,NONE,20ae0654278df916a1e7
A08,A08|xyz:CL|1788295714087,5,1788295714087,xyz:CL,LONG,273.22,90.52007452968303930898177293,90.521,2.358,213.448518,0.008630407730034404509186735964,0.000010223923497292458538188,noise,275.578,NONE,ffd91b81fb1f02597e6c
A08,A08|xyz:CL|1788295714087,6,1788295714087,xyz:CL,LONG,275.578,90.52008244852637002953791667,90.521,220.944,20000.071824,0.8017475995906785011865968982,0.000010136440984261474513400,neutral,496.522,NONE,31d0391629c7bcbe04b2
A08,A08|xyz:CL|1788295714087,7,1788295714087,xyz:CL,LONG,496.522,90.52049074361256903017388958,90.521,4.562,412.956802,0.009187911109678926613523670653,0.000005625868609941276456256,noise,501.084,NONE,ebd325c01cb24f676564
A08,A08|xyz:CL|1788295714087,8,1788295714087,xyz:CL,LONG,501.084,90.52049538001612504091130429,90.521,66.530,6022.362130,0.1327721499788458621708136760,0.000005574648942833361648948,neutral,567.614,NONE,63da13f5b1a23020aa2b
A08,A08|xyz:CL|1788295714087,9,1788295714087,xyz:CL,LONG,567.614,90.52055452649159464001944984,90.521,1.105,100.025705,0.001946745499582462729953806636,0.000004921241487478829418110,noise,568.719,NONE,efe1bc084a9e57451629
A08,A08|xyz:CL|1788295714087,10,1788295714087,xyz:CL,LONG,568.719,90.52055539203015900646892402,90.521,40.306,3648.539426,0.07087155519685468570594617025,0.000004911679650168594048408,neutral,609.025,NONE,f644ac0ca869c529d964
A08,A08|xyz:CL|1788295714087,11,1788295714087,xyz:CL,LONG,609.025,90.52058481671524157464800296,90.521,60.505,5476.973105,0.09934731743360288986494807274,0.000004586617348960818191695,neutral,669.530,NONE,341cac6400f18fbe0e36
A08,A08|xyz:CL|1788295714087,12,1788295714087,xyz:CL,LONG,669.53,90.52062233656445566292772542,90.521,44.20,4001.02820,0.06601645930727525278927008498,0.000004172125928831418989589,neutral,713.73,NONE,d86513783ffb695cf272
A08,A08|xyz:CL|1788295714087,13,1788295714087,xyz:CL,LONG,713.73,90.52064572457371835287853950,90.522,220.944,20000.292768,0.3095624395779916775251145391,0.000014960956314897351584938,neutral,934.674,NONE,2a81acdec1635561ab4b
A08,A08|xyz:CL|1788295714087,14,1788295714087,xyz:CL,LONG,934.674,90.52096585654463481384953470,90.522,1.105,100.026810,0.001182230381929956327018832235,0.000011424352862121145087165,noise,935.779,NONE,92f54036d3b162566e87
A08,A08|xyz:CL|1788295714087,15,1788295714087,xyz:CL,LONG,935.779,90.52096707769676387266651635,90.523,23.471,2124.665333,0.02508177678704052986869763053,0.000022458026785012264941033,noise,959.250,NONE,8853882b7e5f933d61f9
A08,A08|xyz:CL|1788295714087,16,1788295714087,xyz:CL,LONG,959.25,90.52101681939014855355746677,90.524,50.536,4574.720864,0.05268282512379463122230909565,0.000032955668359355317552769,neutral,1009.786,NONE,901aa8da110f1c226137
A08,A08|xyz:CL|1788295714087,17,1788295714087,xyz:CL,LONG,1009.786,90.52116611638505584351535870,90.524,110.467,9999.914708,0.1093964463757667466176001648,0.000031306309192930302521377,neutral,1120.253,NONE,cc747d19f7df8cda7795
A08,A08|xyz:CL|1788295714087,18,1788295714087,xyz:CL,LONG,1120.253,90.52144556274341599620799944,90.525,70.082,6344.173050,0.06255908263579744932617899707,0.000039266244970870526467501,neutral,1190.335,NONE,bf7036d73db5eb0f575f
A08,A08|xyz:CL|1788295714087,19,1788295714087,xyz:CL,LONG,1190.335,90.52165483330322976304989772,90.525,2.161,195.624525,0.001815455313000121814447193437,0.000036954325491843953315675,noise,1192.496,NONE,0beebc066a5bc666c817
A08,A08|xyz:CL|1788295714087,20,1788295714087,xyz:CL,LONG,1192.496,90.52166089529860058230803290,90.526,4.715,426.830090,0.003953891669238303524707839691,0.000047934435343803735028241,noise,1197.211,NONE,4f14369e515152cd501a
A08,A08|xyz:CL|1788295714087,21,1788295714087,xyz:CL,LONG,1197.211,90.52167798408133570439964217,90.526,16.188,1465.434888,0.01352142604770587640775101465,0.000047745645185944768916565,noise,1213.399,NONE,ff5691bbea8259dc246a
A08,A08|xyz:CL|1788295714087,22,1788295714087,xyz:CL,LONG,1213.399,90.52173564425222041554344449,90.527,386.624,34999.910848,0.3186289093694654437658181686,0.000058155709347734437253513,neutral,1600.023,NONE,a470b2bae6a52fe67cd3
A08,A08|xyz:CL|1788295714087,23,1788295714087,xyz:CL,LONG,1600.023,90.52300770488924221714312857,90.528,16.188,1465.467264,0.01011735456302815647025074015,0.000055149461306378398012504,noise,1616.211,NONE,32555560f1cd6238c51e
A08,A08|xyz:CL|1788295714087,24,1788295714087,xyz:CL,LONG,1616.211,90.52305770781166567979057190,90.529,77.930,7054.924970,0.04821771414747208130621558695,0.000065643962309743449176128,noise,1694.141,NONE,29ba42aa2ec4bae1b597
A08,A08|xyz:CL|1788295714087,25,1788295714087,xyz:CL,LONG,1694.141,90.52333105154765748541591284,90.53,213.211,19301.99183,0.1258519804431862519117358000,0.000073671045628501504848918,neutral,1907.352,NONE,c1a6a1b3303b3db45c2c
A08,A08|BTC|1788966043558,1,1788966043558,BTC,LONG,0.42161,79029.0,79029.0,0.06324,4997.793960,0.1499964422096250088944759375,0,neutral,0.48485,NONE,53a70cec3e658b3d972d
A08,A08|BTC|1788966043558,2,1788966043558,BTC,LONG,0.48485,79029.0,79029.0,0.23418,18507.011220,0.4829947406414354955140765185,0,neutral,0.71903,NONE,8388a23a3b09448d3e80
A08,A08|BTC|1788966043558,3,1788966043558,BTC,LONG,0.71903,79029.0,79029.0,0.50000,39514.500000,0.6953812775544831230963937527,0,neutral,1.21903,NONE,5302f520da74316f2c2c
A08,A08|BTC|1788966043558,4,1788966043558,BTC,LONG,1.21903,79029.0,79029.0,0.50000,39514.500000,0.4101621781252307162251954423,0,neutral,1.71903,NONE,9d5573cca0c35985a656
A08,A08|BTC|1788966043558,5,1788966043558,BTC,LONG,1.71903,79029.0,79029.0,0.46623,36845.690670,0.2712169072092982670459503325,0,neutral,2.18526,NONE,98c2709730c546f865c7
A03,A03|HYPE|1788195035958,1,1788195035958,HYPE,SHORT,8000.0,83.933,83.933,17.87,1499.88271,0.00223375,-0,noise,8017.87,NONE,6b76f93ac173e4a86f48
A03,A03|HYPE|1788195035958,2,1788195035958,HYPE,SHORT,8017.87,83.933,83.932,17.87,1499.86484,0.002228771481702746490027900178,0.0000119142649494239452896954,noise,8035.74,NONE,6ff29d4281d22c6a4076
A03,A03|HYPE|1788195035958,3,1788195035958,HYPE,SHORT,8035.74,83.93299777618489398611702220,83.931,17.87,1499.84697,0.002223815106013882977796693273,0.0000238020354071141506825677,noise,8053.61,NONE,a9c65416d8ed544720a8
A03,A03|HYPE|1788195035958,4,1788195035958,HYPE,SHORT,8053.61,83.93299334335782338603433740,83.93,17.87,1499.8291,0.002218880725537988554201159480,0.0000356634886781417194005959,noise,8071.48,NONE,66093309849912eb3d77
A03,A03|HYPE|1788195035958,5,1788195035958,HYPE,SHORT,8071.48,83.93298671619083489025556651,83.928,17.87,1499.79336,0.002213968194184957405581132580,0.0000594130673283063700642773,noise,8089.35,NONE,405cf22ed22a23794142
A03,A03|HYPE|1788195035958,6,1788195035958,HYPE,SHORT,8089.35,83.93297570014896128860786095,83.926,17.87,1499.75762,0.002209077367155581103549728965,0.0000831103638441465191727506,noise,8107.22,NONE,df51050a5d55fc024d39
A03,A03|HYPE|1788195035958,7,1788195035958,HYPE,SHORT,8107.22,83.93296032425418330821169279,83.925,17.87,1499.73975,0.002204208100927321572622921297,0.0000948414570799191283434160,noise,8125.09,NONE,648ac59740fe98c83709
A03,A03|HYPE|1788195035958,8,1788195035958,HYPE,SHORT,8125.09,83.93294281663341575293319828,83.925,34.58,2902.12650,0.004255952857137582476009496510,0.0000946328862883821677662369,noise,8159.67,NONE,ff70beb71f4b81af94ed
A03,A03|HYPE|1788195035958,9,1788195035958,HYPE,SHORT,8159.67,83.93290915563987269092990280,83.924,16.10,1351.17640,0.001973119010940393422773224898,0.0001061461556557287532714200,noise,8175.77,NONE,53b5caa41c543f97e202
A03,A03|HYPE|1788195035958,10,1788195035958,HYPE,SHORT,8175.77,83.93289161143231768995458532,83.91,2.98,250.0518,0.0003644916625590005589687576828,0.0002727370759284036516709564,noise,8178.75,NONE,64231cf1249ab7ec4000
A03,A03|HYPE|1788195035958,11,1788195035958,HYPE,SHORT,8178.75,83.93288327067094604921289928,83.909,1000.00,83909.00000,0.1222680727495032859544551429,0.0002845520103715022795706817,neutral,9178.75,NONE,8389513619333593c1b2
A03,A03|HYPE|1788195035958,12,1788195035958,HYPE,SHORT,9178.75,83.93028125289391256979436198,83.908,134.06,11248.70648,0.01460547460166144627536429252,0.0002654733495623108391659083,noise,9312.81,NONE,638b7dadb639cc5abb49
A03,A03|HYPE|1788195035958,13,1788195035958,HYPE,SHORT,9312.81,83.92996050923405502742995938,83.906,118.25,9921.88450,0.01269756389317509967453432423,0.0002854821935894854751540442,noise,9431.06,NONE,5c0cc459cd6947516ccd
A03,A03|HYPE|1788195035958,14,1788195035958,HYPE,SHORT,9431.06,83.92966008380818274934100727,83.906,118.25,9921.88450,0.01253835730023984578615765354,0.0002819037249115141232063032,noise,9549.31,NONE,4142d88091a1af3300fb
A03,A03|HYPE|1788195035958,15,1788195035958,HYPE,SHORT,9549.31,83.92936709877467586663329602,83.905,142.75,11977.43875,0.01494872404393615873817061128,0.0002903286372456347680372364,noise,9692.06,NONE,3d2fc66484a6aee26b1a
A03,A03|HYPE|1788195035958,16,1788195035958,HYPE,SHORT,9692.06,83.92900820671766373712090103,83.901,3.58,300.36558,0.0003693745189361188436720366981,0.0003337130667465931636472506,noise,9695.64,NONE,41b670024257a523a05a
A03,A03|HYPE|1788195035958,17,1788195035958,HYPE,SHORT,9695.64,83.92899786501974083196158273,83.899,543.04,45560.51296,0.05600868019027109092334286339,0.0003574195544189079446506884,neutral,10238.68,NONE,4869982be9f5b7661974
A03,A03|HYPE|1788195035958,18,1788195035958,HYPE,SHORT,10238.68,83.92740683564678259306863775,83.895,178.79,14999.58705,0.01746221192575605449139928194,0.0003861293571269775467711821,noise,10417.47,NONE,07f8a99ed35424684b87
A03,A03|HYPE|1788195035958,19,1788195035958,HYPE,SHORT,10417.47,83.92685065279765624475040485,83.892,11.30,947.97960,0.001084716346675344397440069422,0.0004152503343874076020660407,noise,10428.77,NONE,d73a076ca6a20c1a19f5
A03,A03|HYPE|1788195035958,20,1788195035958,HYPE,SHORT,10428.77,83.92681289068605406006652750,83.892,8.10,679.52520,0.0007766975395947940169358419066,0.0004148005802555322608572518,noise,10436.87,NONE,dc6fc1646e78d5cb0585
A03,A03|HYPE|1788195035958,21,1788195035958,HYPE,SHORT,10436.87,83.92678587258440509463086155,83.891,3.82,320.46362,0.0003660101160596998908676643476,0.0004263939362426476295811034,noise,10440.69,NONE,561a662675c2b54be87c
A03,A03|HYPE|1788195035958,22,1788195035958,HYPE,SHORT,10440.69,83.92677277938527051373041437,83.891,22.65,1900.13115,0.002169396850208175896420638866,0.0004262379953451194146383744,noise,10463.34,NONE,18ac3a1a39c62f13a6d6
A03,A03|HYPE|1788195035958,23,1788195035958,HYPE,SHORT,10463.34,83.92669534202271932289307238,83.89,166.07,13931.6123,0.01587160505154185948272731269,0.0004372308700250430659183319,noise,10629.41,NONE,0aea9f988e37acd4945a
A03,A03|HYPE|1788195035958,24,1788195035958,HYPE,SHORT,10629.41,83.92612202746906930864460022,83.89,143.26,12018.0814,0.01347770007930825887796218228,0.0004304026755489375253073218,noise,10772.67,NONE,0d5ea558d60655b64006
A03,A03|HYPE|1788195035958,25,1788195035958,HYPE,SHORT,10772.67,83.92564165986705245774724372,83.89,35.00,2936.1500,0.003248962420644092875768031509,0.0004246814103787326122064469,noise,10807.67,NONE,f1e011db0ca6c8101e23
A03,A03|HYPE|1788195035958,26,1788195035958,HYPE,SHORT,10807.67,83.92552623645984749719412232,83.89,0.20,16.7780,0.00001850537627444213230048659887,0.0004233066869280326292929904,noise,10807.87,NONE,243391339f8db38cfc84
A03,A03|HYPE|1788195035958,27,1788195035958,HYPE,SHORT,10807.87,83.92552557904563989019112924,83.89,20.00,1677.8000,0.001850503383182810303972938239,0.0004232988569392986544907116,noise,10827.87,NONE,c41815bf94d5f31b0c46
A03,A03|HYPE|1788195035958,28,1788195035958,HYPE,SHORT,10827.87,83.92545996026919421825345151,83.89,2.98,249.9922,0.0002752157164797878068355087381,0.0004225173181771201702245193,noise,10830.85,NONE,e93484d55ff04212c8bc
A03,A03|HYPE|1788195035958,29,1788195035958,HYPE,SHORT,10830.85,83.92545020381595165661051533,83.889,169.15,14189.82435,0.01561742614845556904582742813,0.0004343164526068199277136214,noise,11000.00,NONE,8fc7259f22d73be86d81
A03,A03|PUMP|1788237068933,1,1788237068933,PUMP,LONG,152733.0,0.004534,0.004534,950289.0,4308.6103260,6.221897036004006992594920548,0,neutral,1103022.0,NONE,a409a4911d24c21c7c94
A03,A03|LIT|1788238590570,1,1788238590570,LIT,LONG,59.0,3.6487,3.6488,90.0,328.39200,1.525423728813559322033898305,0.000027407021678954148052731,neutral,149.0,NONE,071747042e0272b4f4a0
A03,A03|LIT|1788238590570,2,1788238590570,LIT,LONG,149.0,3.648760402684563758389261745,3.649,68.0,248.1320,0.4563758389261744966442953020,0.000065665401120873449160724,neutral,217.0,NONE,d5071f4482b0291bf846
A03,A03|LIT|1788238590570,3,1788238590570,LIT,LONG,217.0,3.648835483870967741935483871,3.649,110.0,401.3900,0.5069124423963133640552995392,0.000045087296963503159205014,neutral,327.0,NONE,70fb84be19ec16300edf
A03,A03|LIT|1788238590570,4,1788238590570,LIT,LONG,327.0,3.648890825688073394495412844,3.6491,134.0,488.97940,0.4097859327217125382262996942,0.000057325450916214076365043,neutral,461.0,NONE,8edd3d2d8102ed889c5c
A03,A03|LIT|1788238590570,5,1788238590570,LIT,LONG,461.0,3.648951626898047722342733189,3.6492,29.0,105.82680,0.06290672451193058568329718004,0.000068066975764054775308535,neutral,490.0,NONE,edce7c910b5ec138f51a
A03,A03|LIT|1788238590570,6,1788238590570,LIT,LONG,490.0,3.648966326530612244897959184,3.6492,110.0,401.41200,0.2244897959183673469387755102,0.000064038264121206257181584,neutral,600.0,NONE,cea0358b3a42f336d3ad
A03,A03|LIT|1788238590570,7,1788238590570,LIT,LONG,600.0,3.649009166666666666666666667,3.6493,29.0,105.82970,0.04833333333333333333333333333,0.000079702001296699035423086,noise,629.0,NONE,b0efc98c537ef6d70aa2
A03,A03|LIT|1788238590570,8,1788238590570,LIT,LONG,629.0,3.649022575516693163751987281,3.6493,28.0,102.18040,0.04451510333863275039745627981,0.000076027066855719187297232,noise,657.0,NONE,8ed7d3a943acb66ca587
A03,A03|LIT|1788238590570,9,1788238590570,LIT,LONG,657.0,3.649034398782343987823439878,3.6493,28.0,102.18040,0.04261796042617960426179604262,0.000072786712491568003478412,noise,685.0,NONE,d9c5f8ad22fbfa28a14c
A03,A03|LIT|1788238590570,10,1788238590570,LIT,LONG,685.0,3.649045255474452554744525547,3.6494,960.0,3503.42400,1.401459854014598540145985401,0.000097215710058745493271713,neutral,1645.0,NONE,01924d1a8703d4084137
A03,A03|CHIP|1788313685624,1,1788313685624,CHIP,LONG,16120.0,0.043373,0.043381,4610.0,199.9864100,0.2859801488833746898263027295,0.000184446545085652364374150,neutral,20730.0,NONE,3ce8c7e869e9d5aee67c
A03,A03|CHIP|1788313685624,2,1788313685624,CHIP,LONG,20730.0,0.04337477906415822479498311626,0.043392,15137.0,656.8247040,0.7301977809937288953207911240,0.000397026479749964625284309,neutral,35867.0,NONE,92332357a4e55698fbbc
A03,A03|CHIP|1788313685624,3,1788313685624,CHIP,LONG,35867.0,0.04338204683971338556333119581,0.043393,16120.0,699.4951600,0.4494382022471910112359550562,0.000252481408428786839727877,neutral,51987.0,NONE,e57f788deccace4e4168
A03,A03|CHIP|1788313685624,4,1788313685624,CHIP,LONG,51987.0,0.04338544316848442879950756920,0.043395,106209.0,4608.9395550,2.042991517110046742454844480,0.000220277374566807877496768,neutral,158196.0,NONE,614c25d26fd67b9e70bc
A03,A03|CHIP|1788313685624,5,1788313685624,CHIP,LONG,158196.0,0.04339185939593921464512377051,0.0434,9217.0,400.01780,0.05826316721029608839667248224,0.000187606711814409719995588,neutral,167413.0,NONE,05c64e8018c9700168af
A03,A03|CHIP|1788313685624,6,1788313685624,CHIP,LONG,167413.0,0.04339230758065383213967851959,0.043401,41902.0,1818.5887020,0.2502911960242036162066267255,0.000200321666000618895363556,neutral,209315.0,NONE,2360b29e3fb130390d0c
A03,A03|CHIP|1788313685624,7,1788313685624,CHIP,LONG,209315.0,0.04339404768411246207868523517,0.043401,9216.0,399.9836160,0.04402933377923225760217853474,0.000160213583626662250734060,noise,218531.0,NONE,e0cd11e3ec65ad6a3f4f
A03,A03|CHIP|1788313685624,8,1788313685624,CHIP,LONG,218531.0,0.04339434088069884821833058010,0.043402,58534.0,2540.4926680,0.2678521582750273416586205161,0.000176500417927961731650027,neutral,277065.0,NONE,032f261cfd83bb39aa48
A03,A03|CHIP|1789005284100,1,1789005284100,CHIP,LONG,658.0,0.048944,0.048955,8171.0,400.0113050,12.41793313069908814589665653,0.000224746649231775089898660,neutral,8829.0,NONE,dfe6392c4b40168dc99b
A03,A03|CHIP|1789005284100,2,1789005284100,CHIP,LONG,8829.0,0.04895418020160833616491108846,0.048956,9307.0,455.6334920,1.054139766677992977687167290,0.000037173503553105105389358,neutral,18136.0,NONE,6312626f46fba2079f71
A03,A03|CHIP|1789005284100,3,1789005284100,CHIP,LONG,18136.0,0.04895511408248786943096603441,0.048962,8170.0,400.0195400,0.4504852227613586237318041464,0.000140657776846929795791428,neutral,26306.0,NONE,31a9950e414c4e7618c9
A03,A03|CHIP|1789005284100,4,1789005284100,CHIP,LONG,26306.0,0.04895725267999695886869915609,0.048963,14508.0,710.3552040,0.5515091614080437922907321524,0.000117394659390055633191571,neutral,40814.0,NONE,0e3d6978288c516cc423
A03,A03|CHIP|1789005284100,5,1789005284100,CHIP,LONG,40814.0,0.04895929565835252609398735728,0.04897,8168.0,399.986960,0.2001274072622139461949331112,0.000218637574408154909133635,neutral,48982.0,NONE,540dff857fc6ddce63d5
A03,A03|CHIP|1789005284100,6,1789005284100,CHIP,LONG,48982.0,0.04896108066228410436486872729,0.048986,8166.0,400.0196760,0.1667143032134253399207872280,0.000508962167068579413661952,profit,57148.0,PROFIT_PYRAMIDING,4c98231c593bd4cc3997
A03,A03|CHIP|1789005284100,7,1789005284100,CHIP,LONG,57148.0,0.04896464143977042066214040736,0.048987,23282.0,1140.5153340,0.4073983341499265066144047036,0.000456626650826837340437768,neutral,80430.0,NONE,6b24a63f14e5b543dfbd
A03,A03|CHIP|1789005284100,8,1789005284100,CHIP,LONG,80430.0,0.04897111355215715529031455924,0.048999,38531.0,1887.9804690,0.4790625388536615690662688052,0.000569446880417452225461905,profit,118961.0,PROFIT_PYRAMIDING,0e76a754c399084f5ec8
A03,A03|CHIP|1789005284100,9,1789005284100,CHIP,LONG,118961.0,0.04898014586292986777179075495,0.049005,4382.0,214.7399100,0.03683560158371230907608375854,0.000507432892088278418458124,noise,123343.0,NONE,f832e6292c8e86f7aa50
A03,A03|CHIP|1789005284100,10,1789005284100,CHIP,LONG,123343.0,0.04898102885449518821497774499,0.04901,14150.0,693.491500,0.1147207381043107432120185175,0.000591476867316824137695925,profit,137493.0,PROFIT_PYRAMIDING,39c72e342ed09456f169
A03,A03|CHIP|1789005284100,11,1789005284100,CHIP,LONG,137493.0,0.04898401040052948150087640825,0.049012,12234.0,599.6128080,0.08897907529837882655844297528,0.000571402774939308601908837,profit,149727.0,PROFIT_PYRAMIDING,470820cdb5b813dbedc2
A03,A03|CHIP|1789005284100,12,1789005284100,CHIP,LONG,149727.0,0.04898629739459148984485096208,0.049014,4450.0,218.1123000,0.02972075844704027997622339324,0.000565517438179942172080718,noise,154177.0,NONE,143303bfa093e63b36f6
A03,A03|CHIP|1789005284100,13,1789005284100,CHIP,LONG,154177.0,0.04898709697295965027208987073,0.049018,2984.0,146.2697120,0.01935437840923094884450988150,0.000630840138524801048697439,noise,157161.0,NONE,89cbf48922405b7a231f
A03,A03|CHIP|1789005284100,14,1789005284100,CHIP,LONG,157161.0,0.04898768372560622546306017396,0.049023,3265.0,160.0600950,0.02077487417361813681511316421,0.000720921499199490799565127,noise,160426.0,NONE,448172eaf3143728a7ba
A03,A03|CHIP|1789005284100,15,1789005284100,CHIP,LONG,160426.0,0.04898840248463466021717178014,0.049024,43864.0,2150.3887360,0.2734220138880231383940259060,0.000726651892282158742714060,profit,204290.0,PROFIT_PYRAMIDING,3427368841a2c72d0d82
A03,A03|io:ANTH|1789005390382,1,1789005390382,io:ANTH,LONG,6.169,2250.5,2250.5,0.612,1377.3060,0.09920570594910034041173609985,0,neutral,6.781,NONE,13bfae6e064a689dd25a
A03,A03|io:ANTH|1789005390382,2,1789005390382,io:ANTH,LONG,6.781,2250.5,2250.6,0.888,1998.5328,0.1309541365580297891166494617,0.000044434570095534325705399,neutral,7.669,NONE,5277df24dee7868445a9
A03,A03|io:ANTH|1789005390382,3,1789005390382,io:ANTH,LONG,7.669,2250.511579084626418046681445,2251.0,1.159,2608.9090,0.1511279175902986047724605555,0.000217026617375700144340054,neutral,8.828,NONE,6fbe63492ad30101db77
A03,A03|io:ANTH|1789005390382,4,1789065034728,io:ANTH,LONG,8.828,2250.575702310829179882193022,2182.3,0.005,10.9115,0.0005663797009515178975985500680,-0.0303369943258187530258015892,noise,8.833,NONE,fa71856d26b78daf2e42
A03,A03|io:ANTH|1789005390382,5,1789065034728,io:ANTH,LONG,8.833,2250.537054228461451375523605,2182.3,0.160,349.1680,0.01811389109022981999320729084,-0.0303203424712572725889174533,noise,8.993,NONE,dc262db8262450236103
A03,A03|io:ANTH|1789005390382,6,1789065034728,io:ANTH,LONG,8.993,2249.323006783053486044701434,2182.3,0.076,165.8548,0.008451017458022906705215167352,-0.0297969685016065078142691145,noise,9.069,NONE,9a205ecf850444a5d71c
A03,A03|io:ANTH|1789005390382,7,1789065034728,io:ANTH,LONG,9.069,2248.761340831403682875730511,2182.3,0.136,296.7928,0.01499614069908479435439408976,-0.0295546439831769088586502378,noise,9.205,NONE,b7f4417d8cb58272ca70
A03,A03|io:ANTH|1789005390382,8,1789065034728,io:ANTH,LONG,9.205,2247.779402498642042368278110,2182.3,0.066,144.0318,0.007170016295491580662683324280,-0.0291307066991782351443438458,noise,9.271,NONE,2039f5633194cec4ce8e
A03,A03|io:ANTH|1789005390382,9,1789065034728,io:ANTH,LONG,9.271,2247.313256390896343436522489,2182.3,0.013,28.3699,0.001402221982526156833135584079,-0.0289293253648604722746818918,noise,9.284,NONE,fd445e76b593a17b3a13
A03,A03|io:ANTH|1789005390382,10,1789065034728,io:ANTH,LONG,9.284,2247.222221025420077552778975,2182.3,0.016,34.9168,0.001723395088323998276604911676,-0.0288899871218769386846687279,noise,9.300,NONE,2c48fd6b728928aed80d
A03,A03|io:ANTH|1789005390382,11,1789065034728,io:ANTH,LONG,9.3,2247.110526881720430107526882,2182.3,0.009,19.6407,0.0009677419354838709677419354839,-0.0288417174439821473195213817,noise,9.309,NONE,bacb8b33921fe6ed9731
A03,A03|io:ANTH|1789005390382,12,1789065034728,io:ANTH,LONG,9.309,2247.047867654957567944999463,2182.4,0.265,578.3360,0.02846707487377806423890858309,-0.0287701337321419647026786596,noise,9.574,NONE,d599b5e09dab7d232ecf
A03,A03|io:ANTH|1789005390382,13,1789065034728,io:ANTH,LONG,9.574,2245.258470858575308126175057,2182.4,0.034,74.2016,0.003551284729475663254648005014,-0.0279960956274840605306693565,noise,9.608,NONE,429dc55388b4352f6a53
A03,A03|io:ANTH|1789005390382,14,1789065034728,io:ANTH,LONG,9.608,2245.036032472939217318900916,2182.6,0.054,117.8604,0.005620316402997502081598667777,-0.0278107039574616701546870021,noise,9.662,NONE,bce9a33cd965c8bb76fb
A03,A03|io:ANTH|1789005390382,15,1789065034728,io:ANTH,LONG,9.662,2244.687083419581867108259160,2182.7,0.054,117.8658,0.005588904988615193541709790934,-0.0276150221014993494194202660,noise,9.716,NONE,9d986fd11813756af58f
A03,A03|io:ANTH|1789005390382,16,1789065034728,io:ANTH,LONG,9.716,2244.342568958419102511321531,2182.8,0.054,117.8712,0.005557842733635240839851790860,-0.0274212011168065585374439779,noise,9.770,NONE,bad46fcf625b9200e865
A03,A03|io:ANTH|1789005390382,17,1789065034728,io:ANTH,LONG,9.77,2244.002415557830092118730809,2182.9,0.054,117.8766,0.005527123848515864892528147390,-0.0272292111337325894828327928,noise,9.824,NONE,17f8dfd03f4b842e76a0
A03,A03|io:ANTH|1789005390382,18,1789065034728,io:ANTH,LONG,9.824,2243.666551302931596091205212,2183.0,0.054,117.8820,0.005496742671009771986970684039,-0.0270390229188475439021027894,noise,9.878,NONE,441929301a4cdd749112
A03,A03|io:ANTH|1789005390382,19,1789065034728,io:ANTH,LONG,9.878,2243.334905851386920429236688,2183.4,0.030,65.5020,0.003037052034824863332658432881,-0.0267168783827399679404860244,noise,9.908,NONE,1685b1a733353aec6f95
A03,A03|io:ANTH|1789005390382,20,1789065034728,io:ANTH,LONG,9.908,2243.153431570448122729107792,2183.9,0.308,672.6412,0.03108599111828825191764230925,-0.0264152379130679268502322247,noise,10.216,NONE,ea4e622c047cdca694af
A03,A03|io:ANTH|1789005390382,21,1789065034728,io:ANTH,LONG,10.216,2241.367012529365700861393892,2184.2,0.916,2000.7272,0.08966327329678935003915426782,-0.0255054224541536194556007538,adverse,11.132,AVERAGING_DOWN,48d36b5037d1bff3b731
A03,A03|io:ANTH|1789005390382,22,1789065034728,io:ANTH,LONG,11.132,2236.663007545813869924541861,2184.7,0.915,1999.0005,0.08219547251167804527488321955,-0.0232323811725354449201556559,adverse,12.047,AVERAGING_DOWN,5363738ca25b5c6e2312
A03,A03|io:ANTH|1789005390382,23,1789065034728,io:ANTH,LONG,12.047,2232.716286212335021167095542,2184.9,0.214,467.5686,0.01776375861210259815721756454,-0.0214161944836495061325902781,noise,12.261,NONE,e82bf99107247e4a0d92
A03,A03|io:ANTH|1789005390382,24,1789065034728,io:ANTH,LONG,12.261,2231.881714378925046896664219,2185.1,2.113,4617.1163,0.1723350460810700595383737052,-0.0209606602704494973610859992,adverse,14.374,AVERAGING_DOWN,1e86962744a7afcbc1ef
A03,A03|io:ANTH|1789005390382,25,1789065034728,io:ANTH,LONG,14.374,2225.004730763879226380965632,2185.3,0.915,1999.5495,0.06365660219841380269931821344,-0.0178447848738946123123793351,adverse,15.289,AVERAGING_DOWN,633eba685502f9400ac3
A03,A03|io:ANTH|1789005390382,26,1789065034728,io:ANTH,LONG,15.289,2222.628523775263261168160114,2185.4,1.326,2897.8404,0.08672902086467394859048989470,-0.0167497732423718101184701468,adverse,16.615,AVERAGING_DOWN,521fb13cf7047c4072c2
A03,A03|io:ANTH|1789005390382,27,1789065034728,io:ANTH,LONG,16.615,2219.657411977129100210653023,2185.4,0.045,98.3430,0.002708396027685826060788444177,-0.0154336483604534201135039719,noise,16.660,NONE,6a242010af5842401c22
A03,A03|io:ANTH|1789005390382,28,1789065034728,io:ANTH,LONG,16.66,2219.564879951980792316926770,2185.8,0.415,907.1070,0.02490996398559423769507803121,-0.0152123870119585236400971041,noise,17.075,NONE,5475c28a2ba5d9730b32
A03,A03|CHIP|1789005284100,16,1789071491032,CHIP,LONG,204290.0,0.04899604578295560233002104851,0.04956,2747.0,136.141320,0.01344657105095697293063781879,0.011510198589139658123037319,noise,207037.0,NONE,f9d21fbc71c35cac757a
A03,A03|CHIP|1789005284100,17,1789071491032,CHIP,LONG,207037.0,0.04900352841762583499567710119,0.049562,2747.0,136.1468140,0.01326815979752411404724759343,0.011396558582775258755129445,noise,209784.0,NONE,6dcb732584e8acc0242b
A03,A03|CHIP|1789005284100,18,1789071491032,CHIP,LONG,209784.0,0.04901084127960187621553597987,0.049565,2018.0,100.0221700,0.009619418068108149334553636121,0.011306859991174289721437552,noise,211802.0,NONE,b9ea1dc91b7c13b04bab
A03,A03|CHIP|1789005284100,19,1789071491032,CHIP,LONG,211802.0,0.04901612117449315870482809416,0.049577,38082.0,1887.9913140,0.1798000018885562931417078215,0.011442741940149876604697889,profit,249884.0,PROFIT_PYRAMIDING,3c16846e2d205e33e3bf
A03,A03|CHIP|1789005284100,20,1789071491032,CHIP,LONG,249884.0,0.04910159838565094203710521682,0.049596,60488.0,2999.9628480,0.2420643178434793744297353972,0.010068951533226216360211696,profit,310372.0,PROFIT_PYRAMIDING,8f02fd692f402e382b9f
A03,A03|CHIP|1789005284100,21,1789071491032,CHIP,LONG,310372.0,0.04919795168056396839921126906,0.049636,2446.0,121.4096560,0.007880865541994767569239493253,0.008903791813940212877832411,noise,312818.0,NONE,3407cd64522bd01ff1ee
A03,A03|CHIP|1789005284100,22,1789071491032,CHIP,LONG,312818.0,0.04920137688687991100256379109,0.049664,28270.0,1404.0012800,0.09037203741472677403474224629,0.009402645665460076695097590,profit,341088.0,PROFIT_PYRAMIDING,f8f9de9206e961b8378c
A03,A03|CHIP|1789005284100,23,1789071491032,CHIP,LONG,341088.0,0.04923971994030865934890702693,0.049674,14448.0,717.6899520,0.04235857022234731213059386434,0.008819710189615232914915270,noise,355536.0,NONE,b726be05854f0ccbf3d2
A03,A03|PUMP|1789133120597,1,1789133120597,PUMP,LONG,12333.0,0.003693,0.003693,145345.0,536.7590850,11.78504824454714992297089111,0,neutral,157678.0,NONE,c8eb6cc4a2269f059334
A03,A03|PUMP|1789133120597,2,1789133120597,PUMP,LONG,157678.0,0.003693,0.003693,108313.0,399.9999090,0.6869252527302477200370375068,0,neutral,265991.0,NONE,35014667cbd92dcd44a7
A03,A03|PUMP|1789133120597,3,1789133120597,PUMP,LONG,265991.0,0.003693,0.003693,270944.0,1000.5961920,1.018620930783372369741833370,0,neutral,536935.0,NONE,0cc90ec4bcb5e75de4ad
A03,A03|PUMP|1789133120597,4,1789133120597,PUMP,LONG,536935.0,0.003693,0.003693,224035.0,827.3612550,0.4172478977902353171240466723,0,neutral,760970.0,NONE,dafcf4bb1330c80331db
A03,A03|PUMP|1789133120597,5,1789133120597,PUMP,LONG,760970.0,0.003693,0.003693,111591.0,412.1055630,0.1466431002536236645334244451,0,neutral,872561.0,NONE,01b4d45e2f2049bea807
A03,A03|PUMP|1789133120597,6,1789133120597,PUMP,LONG,872561.0,0.003693,0.003693,129887.0,479.6726910,0.1488572145672336948362349452,0,neutral,1002448.0,NONE,6134c2ca3154cb9374fd
A03,A03|PUMP|1789133120597,7,1789133120597,PUMP,LONG,1002448.0,0.003693,0.003693,281418.0,1039.2766740,0.2807307710724147287440346033,0,neutral,1283866.0,NONE,cc812d76c7a7883eecf9
A03,A03|PUMP|1789133120597,8,1789133120597,PUMP,LONG,1283866.0,0.003693,0.003693,728067.0,2688.7514310,0.5670895560751667230069181675,0,neutral,2011933.0,NONE,d78670a617292a4bd150
A03,A03|PUMP|1789133120597,9,1789133120597,PUMP,LONG,2011933.0,0.003693,0.003693,13546.0,50.0253780,0.006732828578287646755632518578,0,noise,2025479.0,NONE,efa722b8fa74f187e42f
A03,A03|PUMP|1789133120597,10,1789133120597,PUMP,LONG,2025479.0,0.003693,0.003693,13000.0,48.0090000,0.006418234896535584915963088237,0,noise,2038479.0,NONE,3d82c6aa093bd80bf68d
A03,A03|PUMP|1789133120597,11,1789133120597,PUMP,LONG,2038479.0,0.003693,0.003694,122386.0,452.0938840,0.06003790080741572515586375920,0.000270782561603032764689954,neutral,2160865.0,NONE,a60b4e3cbd5a4e12f6a2
A03,A03|PUMP|1789133120597,12,1789133120597,PUMP,LONG,2160865.0,0.003693056637503962533522455128,0.003694,268041.0,990.1434540,0.1240433807757541540077700365,0.000255442195621202215933162,neutral,2428906.0,NONE,03c974fead25c70c4a35
A03,A03|PUMP|1789133120597,13,1789133120597,PUMP,LONG,2428906.0,0.003693160741914260988280320441,0.003694,280386.0,1035.7458840,0.1154371556577323288756337215,0.000227246563144176196655844,neutral,2709292.0,NONE,ea0074e314d54baaec9c
A03,A03|LIT|1789136196622,1,1789136196622,LIT,LONG,626.0,4.8018,4.8025,99.0,475.44750,0.1581469648562300319488817891,0.000145778666333458286475905,neutral,725.0,NONE,eb02e3b912ccc29d2749
A03,A03|LIT|1789136196622,2,1789136196622,LIT,LONG,725.0,4.801895586206896551724137931,4.8029,11.0,52.83190,0.01517241379310344827586206897,0.000209170269338749355391059,noise,736.0,NONE,402aa50f2f3ed8d29aa4
A03,A03|LIT|1789136196622,3,1789136196622,LIT,LONG,736.0,4.801910597826086956521739130,4.8034,137.0,658.06580,0.1861413043478260869565217391,0.000310168659655455304220789,neutral,873.0,NONE,bf2ffb1a26c9b8fca70b
A03,A03|LIT|1789136196622,4,1789136196622,LIT,LONG,873.0,4.802144329896907216494845361,4.8038,133.0,638.90540,0.1523482245131729667812142039,0.000344777247277848383883488,neutral,1006.0,NONE,52b8821c384539035da9
A03,A03|LIT|1789136196622,5,1789136196622,LIT,LONG,1006.0,4.802363220675944333996023857,4.8039,5.0,24.01950,0.004970178926441351888667992048,0.000320004808765664452727403,noise,1011.0,NONE,2f24db5e02a9a92c719f
A03,A03|LIT|1789136196622,6,1789136196622,LIT,LONG,1011.0,4.802370820969337289812067260,4.8041,83.0,398.74030,0.08209693372898120672601384768,0.000360067786334267926394499,neutral,1094.0,NONE,62c5d090e1df0d19f6ed
A03,A03|LIT|1789136196622,7,1789136196622,LIT,LONG,1094.0,4.802502010968921389396709324,4.8042,134.0,643.76280,0.1224862888482632541133455210,0.000353563419067894454467404,neutral,1228.0,NONE,8eeeb9995761a793b493
A03,A03|LIT|1789136196622,8,1789136196622,LIT,LONG,1228.0,4.802687296416938110749185668,4.8042,398.0,1912.07160,0.3241042345276872964169381107,0.000314970242636960170914085,neutral,1626.0,NONE,c24c57be418d0e02262c
A03,A03|LIT|1789136196622,9,1789136196622,LIT,LONG,1626.0,4.803057564575645756457564576,4.8044,134.0,643.78960,0.08241082410824108241082410824,0.000279496009844897384707128,neutral,1760.0,NONE,64be21a048c4b27fd2e7
A03,A03|LIT|1789136196622,10,1789136196622,LIT,LONG,1760.0,4.803159772727272727272727273,4.8048,93.0,446.84640,0.05284090909090909090909090909,0.000341489217585601675185128,neutral,1853.0,NONE,e2568c8f27968c26a217
A03,A03|LIT|1789136196622,11,1789136196622,LIT,LONG,1853.0,4.803242093901780895844576363,4.8048,83.0,398.79840,0.04479222881813275769023205613,0.000324344696303571535308113,noise,1936.0,NONE,fe9342432e404a236cc3
A03,A03|LIT|1789136196622,12,1789136196622,LIT,LONG,1936.0,4.803308884297520661157024794,4.8049,101.0,485.29490,0.05216942148760330578512396694,0.000331254087714585524828679,neutral,2037.0,NONE,6ca9986009ce8eca033d
A03,A03|LIT|1789136196622,13,1789136196622,LIT,LONG,2037.0,4.803387776141384388807069220,4.8053,83.0,398.83990,0.04074619538537064310260186549,0.000398098997568695609195559,noise,2120.0,NONE,0916278418fb13dd13fe
A03,A03|LIT|1789136196622,14,1789136196622,LIT,LONG,2120.0,4.803462641509433962264150943,4.8053,587.0,2820.71110,0.2768867924528301886792452830,0.000382507084511990406920291,neutral,2707.0,NONE,504361f8264f3322caf6
A03,A03|io:ANTH|1789005390382,29,1789136277056,io:ANTH,LONG,17.075,2218.744240117130307467057100,2145.8,0.068,145.9144,0.003982430453879941434846266471,-0.0328763625830435909139787796,noise,17.143,NONE,88ded5104dba89c1208d
A03,A03|io:ANTH|1789005390382,30,1789136277056,io:ANTH,LONG,17.143,2218.454897042524645627953099,2145.9,0.068,145.9212,0.003966633611386571778568511929,-0.0327051485875369008117628372,noise,17.211,NONE,327150f461d8caace72d
A03,A03|io:ANTH|1789005390382,31,1789136277056,io:ANTH,LONG,17.211,2218.168235430829120911045261,2145.9,0.163,349.7817,0.009470687351112660507814769624,-0.0325801417027291652213661645,noise,17.374,NONE,ed17e91b7e1c21d1468a
A03,A03|io:ANTH|1789005390382,32,1789136277056,io:ANTH,LONG,17.374,2217.490226775641763554736963,2145.9,0.016,34.3344,0.0009209163117301715206630597444,-0.0322843482741017838985493354,noise,17.390,NONE,ae82304dca17095ee309
A03,A03|io:ANTH|1789005390382,33,1789136277056,io:ANTH,LONG,17.39,2217.424358826912018401380104,2146.0,0.064,137.3440,0.003680276020701552616446233468,-0.0322105051938266678577834748,noise,17.454,NONE,10ce5075bf5f951a65e7
A03,A03|io:ANTH|1789005390382,34,1789136277056,io:ANTH,LONG,17.454,2217.162461326916466139566862,2146.1,0.177,379.8597,0.01014094190443451357854932967,-0.0320510844678415466233168123,noise,17.631,NONE,f0aee80a9a0e9f593a00
A03,A03|io:ANTH|1789005390382,35,1789136277056,io:ANTH,LONG,17.631,2216.449055640632976008167433,2146.1,0.068,145.9348,0.003856843060518405081957915036,-0.0317395319606385382005169620,noise,17.699,NONE,78559b181501718bf39c
A03,A03|io:ANTH|1789005390382,36,1789136277056,io:ANTH,LONG,17.699,2216.178772812023278151307984,2146.2,0.068,145.9416,0.003842024973162325555116108255,-0.0315763212203453820836455594,noise,17.767,NONE,087bae3b690167b4dc00
A03,A03|io:ANTH|1789005390382,37,1789136277056,io:ANTH,LONG,17.767,2215.910941633365227669274498,2146.5,0.470,1008.8550,0.02645353745708335678505093713,-0.0313238859600566264394363319,noise,18.237,NONE,7b9541495e803e348ce9
A03,A03|io:ANTH|1789005390382,38,1789136277056,io:ANTH,LONG,18.237,2214.122097932774030816472008,2147.0,0.084,180.3480,0.004606020727093271919723638756,-0.0303154455643809829433209533,noise,18.321,NONE,f97c97330ae84fea29b8
A03,A03|io:ANTH|1789005390382,39,1789136277056,io:ANTH,LONG,18.321,2213.814349653403198515364882,2147.4,0.038,81.6012,0.002074122591561595982752033186,-0.0299999634855565417687868113,noise,18.359,NONE,e767b32e6aa163023b75
A03,A03|io:ANTH|1789005390382,40,1789136277056,io:ANTH,LONG,18.359,2213.676883272509395936597854,2147.5,0.018,38.6550,0.0009804455580369301160193910344,-0.0298945540663907493432372559,noise,18.377,NONE,9a5808f5616506a8b3d2
A03,A03|io:ANTH|1789005390382,41,1789136277056,io:ANTH,LONG,18.377,2213.612063993034771725526473,2148.0,1.492,3204.8160,0.08118844207433204549164716766,-0.0296402721417591727522819211,adverse,19.869,AVERAGING_DOWN,f2e6c0378f0c25c8c543
A03,A03|CHIP|1789005284100,24,1789140682006,CHIP,LONG,355536.0,0.04925736788117096440304216732,0.049711,755.0,37.5318050,0.002123554295486251743845911525,0.009209426697816718300098156,noise,356291.0,NONE,1b28ec3919083f12c2f7
A03,A03|CHIP|1789005284100,25,1789140682006,CHIP,LONG,356291.0,0.04925832915229405177228725957,0.04972,755.0,37.538600,0.002119054368479697775133247823,0.009372442298612708016446146,noise,357046.0,NONE,b7b6bddbb7776376c797
A03,A03|CHIP|1789005284100,26,1789140682006,CHIP,LONG,357046.0,0.04925930538922155688622754491,0.049729,755.0,37.5453950,0.002114573472325694728410344886,0.009535144823240181738968071,noise,357801.0,NONE,e608fccf19e8c483e689
A03,A03|CHIP|1789005284100,27,1789140682006,CHIP,LONG,357801.0,0.04926029649721493232271569951,0.049738,755.0,37.5521900,0.002110111486552580903910274147,0.009697536083894175740108514,noise,358556.0,NONE,22ff6361eb49e55f991c
A03,A03|CHIP|1789005284100,28,1789140682006,CHIP,LONG,358556.0,0.04926130238233358248083981303,0.049747,755.0,37.5589850,0.002105668291703388034226173875,0.009859617878081145600684417,noise,359311.0,NONE,3710ec06d9e210503b9c
A03,A03|CHIP|1789005284100,29,1789140682006,CHIP,LONG,359311.0,0.04926232295142648012446042565,0.049756,15712.0,781.7662720,0.04372813523660561463467581009,0.010021391988767849183372098,noise,375023.0,NONE,3cf2b0f7a769e11851c0
A03,A03|CHIP|1789005284100,30,1789140682006,CHIP,LONG,375023.0,0.04928300609295963180924903273,0.049756,755.0,37.5657800,0.002013209856462136988931345544,0.009597505195770477991232700,noise,375778.0,NONE,b3e49ec5125cb5f1bd38
A03,A03|CHIP|1789005284100,31,1789140682006,CHIP,LONG,375778.0,0.04928395641575611132104593670,0.049757,15711.0,781.7322270,0.04180925972249572886118931923,0.009598328110132334115020315,noise,391489.0,NONE,744aa78e1220da3eb5cd
A03,A03|CHIP|1789005284100,32,1789140682006,CHIP,LONG,391489.0,0.04930294031505355195165125968,0.049758,15711.0,781.7479380,0.04013139577357218210473346633,0.009229869091752844900187396,noise,407200.0,NONE,c4e39db580b7ef1d42aa
A03,A03|CHIP|1789005284100,33,1789140682006,CHIP,LONG,407200.0,0.04932049788555992141453831041,0.049759,15711.0,781.7636490,0.03858300589390962671905697446,0.008890869582410753418707718,noise,422911.0,NONE,4ec240492b0d0ab62a0b
A03,A03|CHIP|1789005284100,34,1789140682006,CHIP,LONG,422911.0,0.04933678809016554310481401524,0.049759,8039.0,400.0126010,0.01900872760462603242762661647,0.008557750234223652694250379,noise,430950.0,NONE,6b0d6b3795ddec571779
A03,A03|CHIP|1789005284100,35,1789140682006,CHIP,LONG,430950.0,0.04934466408864137370924701241,0.04976,1072.0,53.342720,0.002487527555400858568279382759,0.008417037972181317970590310,noise,432022.0,NONE,ead578db4faaaf540c51
A03,A03|CHIP|1789005284100,36,1789140682006,CHIP,LONG,432022.0,0.04934569468452995449305822389,0.04976,14508.0,721.918080,0.03358162315807991259704366907,0.008395976956423954297534476,noise,446530.0,NONE,eab215ffd5568b18f90e
A03,A03|CHIP|1789005284100,37,1789140682006,CHIP,LONG,446530.0,0.04935915568718787091572794661,0.04976,37942.0,1887.993920,0.08497077464000179159295008174,0.008120971828458079229827571,profit,484472.0,PROFIT_PYRAMIDING,fbc63fad2d538e41a607
A03,A03|CHIP|1789005284100,38,1789140682006,CHIP,LONG,484472.0,0.04939054828555623441602404267,0.049767,14508.0,722.0196360,0.02994600307138493039845439984,0.007621938356854707662718569,noise,498980.0,NONE,8d2d03a9c0ea5a5df55b
A03,A03|CHIP|1789005284100,39,1789140682006,CHIP,LONG,498980.0,0.04940149373722393683113551645,0.049768,2017.0,100.3820560,0.004042246182211711892260210830,0.007418930786295260499802706,noise,500997.0,NONE,068e5d9e018c2d06ed24
A03,A03|CHIP|1789005284100,40,1789140682006,CHIP,LONG,500997.0,0.04940296928125318115677339385,0.049783,244.0,12.1470520,0.0004870288644442980696491196554,0.007692467158872333843938726,noise,501241.0,NONE,6a8ccbea17c0b4b9d123
A03,A03|CHIP|1789005284100,41,1789140682006,CHIP,LONG,501241.0,0.04940315427708427682492054720,0.049786,47353.0,2357.5164580,0.09447152168318234142857427864,0.007749418605307691995012840,profit,548594.0,PROFIT_PYRAMIDING,3d0686ad301800d69b56
A03,A03|CHIP|1789005284100,42,1789140682006,CHIP,LONG,548594.0,0.04943620037951563451295493571,0.049789,14508.0,722.3388120,0.02644578686606124018855474176,0.007136463113588143107952516,noise,563102.0,NONE,fa6fd34e69beea89bb44
A03,A03|CHIP|1789005284100,43,1789140682006,CHIP,LONG,563102.0,0.04944529005934981584153492618,0.049795,22608.0,1125.7653600,0.04014903161416581720540861158,0.007072664357523696015071497,noise,585710.0,NONE,be6a917351efeac71b4b
A03,A03|CHIP|1789005284100,44,1789140682006,CHIP,LONG,585710.0,0.04945878862064844376910074952,0.049801,1003.0,49.9504030,0.001712451554523569684656229192,0.006919121735397440260280326,noise,586713.0,NONE,f9aea1e27358bf346594
A03,A03|CHIP|1789005284100,45,1789140682006,CHIP,LONG,586713.0,0.04945937363924099176258238696,0.04983,10019.0,499.246770,0.01707649225430491569131756072,0.007493551444107934414415759,noise,596732.0,NONE,198cd5ae8177df24ee7c
A03,A03|LIT|1789136196622,15,1789334350485,LIT,LONG,2707.0,4.803861063908385666789804211,4.3158,21.0,90.63180,0.007757665312153675655707425194,-0.1015976643402968885413322596,noise,2728.0,NONE,c05cf6201039cf18f17e
A03,A03|LIT|1789136196622,16,1789334350485,LIT,LONG,2728.0,4.800103995601173020527859238,4.3161,21.0,90.63810,0.007697947214076246334310850440,-0.1008319811497241433941623196,noise,2749.0,NONE,9cc3332ed00e42ea3ee4
A03,A03|LIT|1789136196622,17,1789334350485,LIT,LONG,2749.0,4.796406620589305201891596944,4.3163,93.0,401.41590,0.03383048381229538013823208439,-0.1000971474203989469563040926,noise,2842.0,NONE,c014966a9049750f7c75
A03,A03|LIT|1789136196622,18,1789334350485,LIT,LONG,2842.0,4.780695883180858550316678395,4.3164,21.0,90.64440,0.007389162561576354679802955665,-0.0971188911669355330235012926,noise,2863.0,NONE,7ebc6a9e04ff3d6a46fe
A03,A03|LIT|1789136196622,19,1789334350485,LIT,LONG,2863.0,4.777290289905693328676213762,4.3164,11.0,47.48040,0.003842123646524624519734544184,-0.0964752531114854208832843824,noise,2874.0,NONE,5b45282a15818fe37f4b
A03,A03|LIT|1789136196622,20,1789334350485,LIT,LONG,2874.0,4.775526270006958942240779402,4.3166,93.0,401.44380,0.03235908141962421711899791232,-0.0960996221273619316769111531,noise,2967.0,NONE,7aac3da81b602fa84be9
A03,A03|LIT|1789136196622,21,1789334350485,LIT,LONG,2967.0,4.761141321199865183687226154,4.3167,21.0,90.65070,0.007077856420626895854398382204,-0.0933476431839793817864476009,noise,2988.0,NONE,ae7df37f42f63486b8ec
A03,A03|LIT|1789136196622,22,1789334350485,LIT,LONG,2988.0,4.758017737617135207496653280,4.3168,93.0,401.46240,0.03112449799196787148594377510,-0.0927314192481555652169448076,noise,3081.0,NONE,269b4af970ce91bca64a
A03,A03|LIT|1789136196622,23,1789334350485,LIT,LONG,3081.0,4.744699578059071729957805907,4.3168,17.0,73.38560,0.005517689061992859461213891594,-0.0901847569101759387201601289,noise,3098.0,NONE,82adda2c5c8b74193cc9
A03,A03|LIT|1789136196622,24,1789334350485,LIT,LONG,3098.0,4.742351517107811491284699806,4.3169,74.0,319.45060,0.02388637830858618463524854745,-0.0897131972552045170760161872,noise,3172.0,NONE,03da841d0ab6854406c0
A03,A03|LIT|1789136196622,25,1789334350485,LIT,LONG,3172.0,4.732426103404791929382093317,4.317,93.0,401.4810,0.02931904161412358133669609079,-0.0877829033835117696616930566,noise,3265.0,NONE,e5e5c7d08be15e16fc65
A03,A03|LIT|1789136196622,26,1789334350485,LIT,LONG,3265.0,4.720593139356814701378254211,4.317,49.0,211.5330,0.01500765696784073506891271057,-0.0854962771504185700545871912,noise,3314.0,NONE,774cf615d63b2dcc10d6
A03,A03|LIT|1789136196622,27,1789334350485,LIT,LONG,3314.0,4.714625709112854556427278214,4.3171,20.0,86.34200,0.006035003017501508750754375377,-0.0843175542746651017849820001,noise,3334.0,NONE,1d63f165a95dcc6d92d9
A03,A03|LIT|1789136196622,28,1789334350485,LIT,LONG,3334.0,4.712241031793641271745650870,4.3172,210.0,906.61200,0.06298740251949610077984403119,-0.0838329425698487766065071585,adverse,3544.0,AVERAGING_DOWN,eba1cd0a517e33d5cba6
A03,A03|LIT|1789136196622,29,1789334350485,LIT,LONG,3544.0,4.688832844243792325056433409,4.3172,147.0,634.62840,0.04147855530474040632054176072,-0.0792591368873438039312415584,noise,3691.0,NONE,7744ffbbf597d20df81e
A03,A03|LIT|1789136196622,30,1789334350485,LIT,LONG,3691.0,4.674031969655919804930913032,4.3173,10.0,43.17300,0.002709292874559739907884042265,-0.0763221073308535222769126469,noise,3701.0,NONE,62d53334e1b12d131cc0
A03,A03|LIT|1789136196622,31,1789334350485,LIT,LONG,3701.0,4.673068089705485004052958660,4.3174,21.0,90.66540,0.005674142123750337746554985139,-0.0761101877563056428076860254,noise,3722.0,NONE,a23007aba0e48203107a
A03,A03|LIT|1789136196622,32,1789334350485,LIT,LONG,3722.0,4.671061364857603439011284256,4.3177,21.0,90.67170,0.005642127888232133261687264911,-0.0756490521653370751385288674,noise,3743.0,NONE,5c6e56824eb212c32b0c
A03,A03|LIT|1789136196622,33,1789334350485,LIT,LONG,3743.0,4.669078840502270905690622495,4.3179,4.0,17.27160,0.001068661501469409564520438151,-0.0752137311231380356899334329,noise,3747.0,NONE,94db003dd5dfa6a4fcea
A03,A03|LIT|1789136196622,34,1789334350485,LIT,LONG,3747.0,4.668703949826527888977848946,4.318,21.0,90.6780,0.005604483586869495596477181745,-0.0751180528034035604621125684,noise,3768.0,NONE,50258a393d2b6e6baba0
A03,A03|LIT|1789136196622,35,1789334350485,LIT,LONG,3768.0,4.666749389596602972399150743,4.3183,21.0,90.68430,0.005573248407643312101910828025,-0.0746664027799279740929524128,noise,3789.0,NONE,460cda7d055605cc993c
A03,A03|LIT|1789136196622,36,1789334350485,LIT,LONG,3789.0,4.664818157825283716020058063,4.3184,99.0,427.52160,0.02612826603325415676959619952,-0.0742618781922213730628284160,noise,3888.0,NONE,6c9fdc19e2bd69f31ea5
A03,A03|LIT|1789136196622,37,1789334350485,LIT,LONG,3888.0,4.655997325102880658436213992,4.3185,15.0,64.77750,0.003858024691358024691358024691,-0.0724865805405983972085739058,noise,3903.0,NONE,8ebe7ad9f73ea6fa240a
A03,A03|LIT|1789136196622,38,1789334350485,LIT,LONG,3903.0,4.654700256213169356904944914,4.3186,21.0,90.69060,0.005380476556495003843197540354,-0.0722066379601000701529860656,noise,3924.0,NONE,2322b744989b80821467
A03,A03|LIT|1789136196622,39,1789334350485,LIT,LONG,3924.0,4.652901554536187563710499490,4.3187,637.0,2751.01190,0.1623343527013251783893985729,-0.0718264830276430767496986263,adverse,4561.0,AVERAGING_DOWN,2681d0c2c91c349facf3
A03,A03|CHIP|1789005284100,46,1789334405351,CHIP,LONG,596732.0,0.04946559637492207557161338758,0.043383,9220.0,399.9912600,0.01545082214461433273228182836,-0.1229661991501999280685522970,noise,605952.0,NONE,77fd623942b6935dc0f2
A03,A03|CHIP|1789005284100,47,1789334405351,CHIP,LONG,605952.0,0.04937304525110899873257287706,0.043384,4667.0,202.4731280,0.007701930185889311364596535699,-0.1213019213347889465163978574,noise,610619.0,NONE,b1d1d5c7e4356c9493d2
A03,A03|CHIP|1789005284100,48,1789334405351,CHIP,LONG,610619.0,0.04932727059590350120124005313,0.043385,4172.0,181.0022200,0.006832411045185295577111095462,-0.1204662354944283292705457669,noise,614791.0,NONE,31b3d5c81f4536e932af
A03,A03|CHIP|1789005284100,49,1789334405351,CHIP,LONG,614791.0,0.04928694607435697659855137762,0.043388,6525.0,283.1067000,0.01061336291520207680333641839,-0.1196857696449178373901400010,noise,621316.0,NONE,78316c716a5729f6102e
A03,A03|CHIP|1789005284100,50,1789334405351,CHIP,LONG,621316.0,0.04922499591834106960065409550,0.043396,9217.0,399.9809320,0.01483464130973610851804878677,-0.1184153662096943948595666100,noise,630533.0,NONE,0822fb59bb0b65e08742
A03,A03|CHIP|1789005284100,51,1789334405351,CHIP,LONG,630533.0,0.04913978887068559456840482576,0.043397,14751.0,640.1491470,0.02339449323033052988503377301,-0.1168663724990373899054627872,noise,645284.0,NONE,463bf949e8fc2c06d711
A03,A03|CHIP|1789005284100,52,1789334405351,CHIP,LONG,645284.0,0.04900851042796660075253686749,0.043398,14835.0,643.8093300,0.02298987732533272171632955412,-0.1144803296197505949914054490,noise,660119.0,NONE,44908cf0ab963ba0b0e9
A03,A03|CHIP|1789005284100,53,1789334405351,CHIP,LONG,660119.0,0.04888242418866901270831471295,0.043406,6396.0,277.6247760,0.009689162105620350270178558714,-0.1120325818443851332039324824,noise,666515.0,NONE,9c90024880528be50a82
A03,A03|CHIP|1789005284100,54,1789334405351,CHIP,LONG,666515.0,0.04882987141924787889244803193,0.043414,9214.0,400.0165960,0.01382414499298590429322670908,-0.1109130796750989880197244857,noise,675729.0,NONE,49eb974016dd3478dfea
A03,A03|CHIP|1789005284100,55,1789334405351,CHIP,LONG,675729.0,0.04875602252530230314223601473,0.043415,12559.0,545.2489850,0.01858585320446510361402278132,-0.1095459032272482746267936094,noise,688288.0,NONE,9a2c5a2fa45ff31e8361
A03,A03|CHIP|1789005284100,56,1789334405351,CHIP,LONG,688288.0,0.04865856637047282532893207495,0.043418,3686.0,160.0387480,0.005355316379190106467060300339,-0.1077007968252210071072618668,noise,691974.0,NONE,7a56f94ab760449b8f53
A03,A03|CHIP|1789005284100,57,1789334405351,CHIP,LONG,691974.0,0.04863065097532566252489255377,0.043419,9213.0,400.0192470,0.01331408405518126403593198588,-0.1071680282044746351298401089,noise,701187.0,NONE,ccd58383bab767f5fca8
A03,A03|CHIP|1789005284100,58,1789334405351,CHIP,LONG,701187.0,0.04856217432011717273708725347,0.04342,33873.0,1470.765660,0.04830808329304450881148680737,-0.1058884696187706756552831720,noise,735060.0,NONE,faa5bc8a1246af214891
A03,A03|io:ANTH|1789005390382,42,1789362214432,io:ANTH,LONG,19.869,2208.685132618652171724797423,2164.6,0.009,19.4814,0.0004529669334138607881624641401,-0.0199598992031897902662822858,noise,19.878,NONE,1a7f0be66a6acabc3c62
A03,A03|io:ANTH|1789005390382,43,1789362214432,io:ANTH,LONG,19.878,2208.665172552570681155045779,2165.0,0.061,132.0650,0.003068719187040949793741825133,-0.0197699375601175972593544724,noise,19.939,NONE,ee4ca5f55c7b6603f63a
A03,A03|io:ANTH|1789005390382,44,1789362214432,io:ANTH,LONG,19.939,2208.531586338331912332614474,2165.1,0.082,177.5382,0.004112543256933647625257033954,-0.0196653679788840886324521232,noise,20.021,NONE,71ccaf9bfdb64ea0498f
A03,A03|io:ANTH|1789005390382,45,1789362214432,io:ANTH,LONG,20.021,2208.353703611208231357075071,2165.1,0.114,246.8214,0.005694021277658458618450626842,-0.0195864020969456364177149308,noise,20.135,NONE,e1ced7dbe5ee2f77ec8f
A03,A03|io:ANTH|1789005390382,46,1789362214432,io:ANTH,LONG,20.135,2208.108810528929724360566178,2165.2,0.924,2000.6448,0.04589024087409982617333002235,-0.0194323804716178641187721597,noise,21.059,NONE,b402a30eba105f1e2e44
A03,A03|io:ANTH|1789005390382,47,1789362214432,io:ANTH,LONG,21.059,2206.226112351013818319958212,2165.4,1.581,3423.4974,0.07507478987606249109644332589,-0.0185049538315492133100596635,adverse,22.640,AVERAGING_DOWN,6fc5d7209c51f687cada
A03,A03|PUMP|1789133120597,14,1789404924613,PUMP,LONG,2709292.0,0.003693247597158224362674824271,0.003804,253000.0,962.4120000,0.09338233014381617042385981282,0.029987808812762583755838531,profit,2962292.0,PROFIT_PYRAMIDING,3b7ed63a9e9634a128b0
A03,A03|PUMP|1789133120597,15,1789404924613,PUMP,LONG,2962292.0,0.003702706609949323024198829825,0.003804,126500.0,481.2060000,0.04270342018950191270813275666,0.027356580123982149520109019,noise,3088792.0,NONE,a9cee8d8aa10714e6050
A03,A03|PUMP|1789133120597,16,1789404924613,PUMP,LONG,3088792.0,0.003706855032323316040704586129,0.003804,26288.0,99.9995520,0.008510770553666287661972706482,0.026206842951664387233828801,noise,3115080.0,NONE,e62f97cf5d276a98e168
A03,A03|PUMP|1789133120597,17,1789404924613,PUMP,LONG,3115080.0,0.003707674833712135803895887104,0.003805,253000.0,962.6650000,0.08121781784095432541058335580,0.026249649889179178884670197,profit,3368080.0,PROFIT_PYRAMIDING,eaf52f417d7c320e2d2b
A03,A03|PUMP|1789133120597,18,1789404924613,PUMP,LONG,3368080.0,0.003714985606339516876083703475,0.003805,759001.0,2887.9988050,0.2253512386879171516116006746,0.024230078713326945602245092,profit,4127081.0,PROFIT_PYRAMIDING,20ad426e6f909e179f9f
A03,A03|PUMP|1789133120597,19,1789404924613,PUMP,LONG,4127081.0,0.003731539925191679058395025443,0.003805,105125.0,400.0006250,0.02547199824767190176301361665,0.019686262583549202499727408,noise,4232206.0,NONE,39963a067602ae5d95c4
A03,A03|PUMP|1789133120597,20,1789404924613,PUMP,LONG,4232206.0,0.003733364621429108129424701917,0.003805,330891.0,1259.0402550,0.07818404869706247758261294464,0.019187887022797763922811016,profit,4563097.0,PROFIT_PYRAMIDING,192dbc07bca041b005c6
A03,A03|PUMP|1789133120597,21,1789404924613,PUMP,LONG,4563097.0,0.003738559229838857249802053298,0.003805,345363.0,1314.1062150,0.07568609652610935073262742387,0.017771758069486715118625081,profit,4908460.0,PROFIT_PYRAMIDING,dcc42718a18c7dc78c38
A03,A03|PUMP|1789133120597,22,1789404924613,PUMP,LONG,4908460.0,0.003743234053246843205404546436,0.003806,350861.0,1335.3769660,0.07148087180093145304229839909,0.016767839216122285959455574,profit,5259321.0,PROFIT_PYRAMIDING,af4ab8d243b72f4f26b0
A03,A03|PUMP|1789133120597,23,1789404924613,PUMP,LONG,5259321.0,0.003747421309138575112642867777,0.003806,78782.0,299.8442920,0.01497950020544477129272010588,0.015631733405201362732525137,noise,5338103.0,NONE,dbfe523361adcc0cfe5d
A03,A03|CHIP|1789478164538,1,1789478164538,CHIP,LONG,596.0,0.03872,0.038723,608.0,23.5435840,1.020134228187919463087248322,0.000077479338842975206611570,neutral,1204.0,NONE,3ed7c9914526f5f40b96
A03,A03|CHIP|1789478164538,2,1789478164538,CHIP,LONG,1204.0,0.03872151495016611295681063123,0.038723,10330.0,400.0085900,8.579734219269102990033222591,0.000038352059205283558137603,neutral,11534.0,NONE,05126d530623754cc4c5
A03,A03|CHIP|1789478164538,3,1789478164538,CHIP,LONG,11534.0,0.03872284498005895612970348535,0.038724,1981.0,76.7122440,0.1717530778567712848968267730,0.000029827868836565834394194,neutral,13515.0,NONE,09a22ea785f4fbc3225d
A03,A03|CHIP|1789478164538,4,1789478164538,CHIP,LONG,13515.0,0.03872301428042915279319274880,0.038727,521.0,20.1767670,0.03854975952645209027007029227,0.000102928959558337217253334,noise,14036.0,NONE,4ccdefc6d81f28f72dff
A03,A03|CHIP|1789478164538,5,1789478164538,CHIP,LONG,14036.0,0.03872316222570532915360501567,0.038727,94858.0,3673.5657660,6.758193217440866343687660302,0.000099107977605280469808648,neutral,108894.0,NONE,5d04e81c58d4dfc35653
A03,A03|CHIP|1789478164538,6,1789478164538,CHIP,LONG,108894.0,0.03872650532628060315536209525,0.038728,10328.0,399.9827840,0.09484452770584237882711627822,0.000038595626091325320414747,neutral,119222.0,NONE,20e877e6c93f19c5596f
A03,A03|CHIP|1789478164538,7,1789478164538,CHIP,LONG,119222.0,0.03872663480733421683917397796,0.038729,37478.0,1451.4854620,0.3143547331868279344416299005,0.000061074056074069995245932,neutral,156700.0,NONE,5faba6faa63617c1854d
A03,A03|CHIP|1789478164538,8,1789478164538,CHIP,LONG,156700.0,0.03872720049138481174218251436,0.038737,8109.0,314.1183330,0.05174856413529036375239310785,0.000253039426833040516737132,neutral,164809.0,NONE,b3f4354fd857d80e642f
A03,A03|CHIP|1789478164538,9,1789478164538,CHIP,LONG,164809.0,0.03872768265082610779751105826,0.038741,10325.0,400.0008250,0.06264827770328076743381732794,0.000343871573570853134964750,neutral,175134.0,NONE,42b070a97c3ff30a49fc
A03,A03|CHIP|1789478164538,10,1789478164538,CHIP,LONG,175134.0,0.03872846777324791302659677733,0.038743,7232.0,280.1893760,0.04129409480740461589411536309,0.000375233712760649372303558,noise,182366.0,NONE,685a3006b1f4db496ca4
A03,A03|CHIP|1789478164538,11,1789478164538,CHIP,LONG,182366.0,0.03872904407071493589813890748,0.038744,18533.0,718.0425520,0.1016253029621749668249564063,0.000386168304535382669398706,neutral,200899.0,NONE,449395ff98b4af5883ec
A03,A03|CHIP|1789478164538,12,1789478164538,CHIP,LONG,200899.0,0.03873042376019791039278443397,0.038745,52923.0,2050.5016350,0.2634308782024798530604930836,0.000376351157228214210745163,neutral,253822.0,NONE,c8e109af60b1e395a81d
A03,A03|CHIP|1789478164538,13,1789478164538,CHIP,LONG,253822.0,0.03873346297011291377421972879,0.038757,4609.0,178.6310130,0.01815839446541276957868112299,0.000607666551923013142773134,noise,258431.0,NONE,aa8e7f1d328560541073
A03,A03|CHIP|1789478164538,14,1789609245133,CHIP,LONG,258431.0,0.03873388274239545565354001648,0.037418,1159.0,43.3674620,0.004484756085763704818694351684,-0.0339723944316891451722904488,noise,259590.0,NONE,3d06a62e7bcf3fdfc5b0
A03,A03|CHIP|1789478164538,15,1789609245133,CHIP,LONG,259590.0,0.03872800767749142879155591510,0.037419,1158.0,43.3312020,0.004460880619438345082630301629,-0.0338000262856852068342917214,noise,260748.0,NONE,d3005983fae032732c81
A03,A03|CHIP|1789478164538,16,1789609245133,CHIP,LONG,260748.0,0.03872219428336938346602850262,0.037422,9079.0,339.7543380,0.03481905901483424609201221102,-0.0335774949594681908011287193,noise,269827.0,NONE,4d541c7ad4b0c8c5f4a9
A03,A03|CHIP|1789478164538,17,1789609245133,CHIP,LONG,269827.0,0.03867844601540987373391098741,0.037425,1159.0,43.3755750,0.004295344794998276673572325972,-0.0324068349310230431571171792,noise,270986.0,NONE,71df596c2946dbcd7678
A03,A03|CHIP|1789478164538,18,1789609245133,CHIP,LONG,270986.0,0.03867308505974478386337301558,0.037426,50446.0,1887.9919960,0.1861572184540898791819503591,-0.0322468470725364411644192089,adverse,321432.0,AVERAGING_DOWN,660009a55c29ba6466d7
A03,A03|CHIP|1789478164538,19,1789609245133,CHIP,LONG,321432.0,0.03847736573832101346474526494,0.037448,1159.0,43.4022320,0.003605739316558401154832126235,-0.0267525002964491028207120005,noise,322591.0,NONE,21df11036277b280c416
A03,A03|CHIP|1789478164538,20,1789609245133,CHIP,LONG,322591.0,0.03847366744887489111599517655,0.037449,321.0,12.0211290,0.0009950680583153280779686972048,-0.0266329548706658608426336087,noise,322912.0,NONE,e4d3a2c36a7e4ace88ff
A03,A03|CHIP|1789478164538,21,1789609245133,CHIP,LONG,322912.0,0.03847264884860271529085323556,0.037454,1159.0,43.4091860,0.003589213160241799623426815975,-0.0264772215869849447009786604,noise,324071.0,NONE,89773c5fac9f7de326ee
A03,A03|CHIP|1789478164538,22,1789609245133,CHIP,LONG,324071.0,0.03846900577651193719894714430,0.03746,1159.0,43.416140,0.003576376781631185758676339444,-0.0262290578127705851983818584,noise,325230.0,NONE,d29a815b6b6a9a2d9057
A03,A03|CHIP|1789478164538,23,1789609245133,CHIP,LONG,325230.0,0.03846541005134827660424930050,0.037466,1158.0,43.3856280,0.003560557144174891615164652707,-0.0259820459476226386820381900,noise,326388.0,NONE,08414fbc15d64a8b29cd
A03,A03|CHIP|1789478164538,24,1789609245133,CHIP,LONG,326388.0,0.03846186421988553500741448828,0.037467,1334.0,49.9809780,0.004087160067159331838180325257,-0.0258662506372005435674612869,noise,327722.0,NONE,3d5b21dcde46fc569440
A03,A03|CHIP|1789478164538,25,1789609245133,CHIP,LONG,327722.0,0.03845781460201024038666918913,0.037468,1159.0,43.4254120,0.003536534013584684580223482098,-0.0257376715825787323805721779,noise,328881.0,NONE,20deff59b694e17da530
A03,A03|CHIP|1789478164538,26,1789609245133,CHIP,LONG,328881.0,0.03845432642505952000875696681,0.037476,1158.0,43.3972080,0.003521030403094128271320021528,-0.0254412576167755809255688472,noise,330039.0,NONE,491877c4df7e7133d744
A03,A03|CHIP|1789478164538,27,1789609245133,CHIP,LONG,330039.0,0.03845089379436975630152800124,0.037477,48954.0,1834.6490580,0.1483279248816049012389444884,-0.0253282485337794803934738651,adverse,378993.0,AVERAGING_DOWN,509c2204d646cd007c22
A03,A03|HYPE|1789651624745,1,1789651624745,HYPE,SHORT,12.05,82.007,82.007,7.26,595.37082,0.6024896265560165975103734440,-0,neutral,19.31,NONE,4b2703a35cba99030763
A03,A03|HYPE|1789651624745,2,1789651624745,HYPE,SHORT,19.31,82.007,82.004,24.84,2036.97936,1.286380113930605903676851372,0.0000365822429792578682307608,neutral,44.15,NONE,90c066dbb65b6f491a70
A03,A03|HYPE|1789651624745,3,1789651624745,HYPE,SHORT,44.15,82.00531211778029445073612684,81.997,6.10,500.18170,0.1381653454133635334088335221,0.0001013607236608788813291611,neutral,50.25,NONE,e5f12a6216eef378dc18
A03,A03|HYPE|1789651624745,4,1789651624745,HYPE,SHORT,50.25,82.00430308457711442786069652,81.995,100.00,8199.50000,1.990049751243781094527363184,0.0001134462976597638707094374,neutral,150.25,NONE,5641343d346b363cb4e0
A03,A03|HYPE|1789651624745,5,1789651624745,HYPE,SHORT,150.25,81.99811134775374376039933444,81.993,73.17,5999.42781,0.4869883527454242928452579035,0.0000623349449119205921599316,neutral,223.42,NONE,aadd75ca4ec933256773
A03,A03|HYPE|1789651624745,6,1789651624745,HYPE,SHORT,223.42,81.99643738250828036881210277,81.988,18.29,1499.56052,0.08186375436397815772983618297,0.0001028993792610830663279635,neutral,241.71,NONE,1686514ddca4fb3b422c
A03,A03|HYPE|1789651624745,7,1789651624745,HYPE,SHORT,241.71,81.99579893260518803524885193,81.987,24.84,2036.55708,0.1027677795705597616979024451,0.0001073095539006838930371280,neutral,266.55,NONE,fb9c5333f6fd8b38ed0e
A03,A03|HYPE|1789651624745,8,1789651624745,HYPE,SHORT,266.55,81.99497895329206527855936972,81.987,0.24,19.67688,0.0009003939223410241980866629150,0.0000973102669690352644237567,noise,266.79,NONE,c14f8d375d4cc9561586
A03,A03|HYPE|1789651624745,9,1789651624745,HYPE,SHORT,266.79,81.99497177555380636455639267,81.982,164.56,13490.95792,0.6168147231905243824731061884,0.0001582020857244054003997174,neutral,431.35,NONE,fd86da660add0f20f3a4
A03,A03|HYPE|1789651624745,10,1789651624745,HYPE,SHORT,431.35,81.99002304393184189173524980,81.981,0.16,13.11696,0.0003709284803523820563347629535,0.0001100505109872596338514606,noise,431.51,NONE,475531bb20c9371905a7
A03,A03|HYPE|1789651624745,11,1789651624745,HYPE,SHORT,431.51,81.99001969826886978285555375,81.981,0.53,43.44993,0.001228245000115872169822252091,0.0001100097097434924020181690,noise,432.04,NONE,12a693a5822053909c57
A03,A03|HYPE|1789651624745,12,1789651624745,HYPE,SHORT,432.04,81.99000863345986482733080270,81.98,2.13,174.6174,0.004930099064901398018701972040,0.0001220713795092873727682003,noise,434.17,NONE,10f9099ac4aa188aac98
A03,A03|HYPE|1789651624745,13,1789651624745,HYPE,SHORT,434.17,81.98995953198056060989934818,81.979,0.13,10.65727,0.0002994218854365801414192597370,0.0001336691961201150986195123,noise,434.30,NONE,ebf4ec3468479aa1cd49
A03,A03|HYPE|1789651624745,14,1789651624745,HYPE,SHORT,434.3,81.98995625143909739811190421,81.976,0.25,20.49400,0.0005756389592447616854708726687,0.0001702190375159815546054258,noise,434.55,NONE,ac763f562f9fe89ec36a
A03,A03|HYPE|1789651624745,15,1789651624745,HYPE,SHORT,434.55,81.98994822229892992751121850,81.976,0.54,44.26704,0.001242664825681739730755954436,0.0001701211258374280622728869,noise,435.09,NONE,3437d9ede17e529378dc
A03,A03|HYPE|1789651624745,16,1789651624745,HYPE,SHORT,435.09,81.98993091084603185547817693,81.976,4.88,400.04288,0.01121607023834149256475671700,0.0001699100205509382370112048,noise,439.97,NONE,628dcf7194eb157ef9ec
A03,A03|HYPE|1789651624745,17,1789651624745,HYPE,SHORT,439.97,81.98977639384503488874241426,81.976,14.56,1193.57056,0.03309316544309839307225492647,0.0001680257521237621204749234,noise,454.53,NONE,ba7d6abf426d77f870a4
A03,A03|HYPE|1789651624745,18,1789651624745,HYPE,SHORT,454.53,81.98933509339317536796251073,81.976,58.81,4821.00856,0.1293863991375706774030317031,0.0001626442436444387016096184,neutral,513.34,NONE,43a730c160b5eeb9deb9
A03,A03|HYPE|1789651624745,19,1789651624745,HYPE,SHORT,513.34,81.98780737912494642926715237,81.975,0.13,10.65675,0.0002532434643705925897066271867,0.0001562107773625781534550711,noise,513.47,NONE,9cfee331857bc10eb767
A03,A03|HYPE|1789651624745,20,1789651624745,HYPE,SHORT,513.47,81.98780413656104543595536253,81.974,0.14,11.47636,0.0002726546828441778487545523594,0.0001683681701982517133273921,noise,513.61,NONE,a5b5feba132aeecfdf46
A03,A03|HYPE|1789651624745,21,1789651624745,HYPE,SHORT,513.61,81.98780037382449718658125815,81.974,4.87,399.21338,0.009481902610930472537528474913,0.0001683222840663390574556465,noise,518.48,NONE,92a6236d5e533fc3c9c6
A03,A03|HYPE|1789651624745,22,1789651624745,HYPE,SHORT,518.48,81.98767074911279123592038266,81.973,18.15,1487.80995,0.03500617188705446690325567042,0.0001789384791487077550293069,noise,536.63,NONE,e2a3f0c38e01c8806886
A03,A03|HYPE|1789651624745,23,1789651624745,HYPE,SHORT,536.63,81.98717455229860425246445409,81.973,35.22,2887.08906,0.06563181335370739615750144420,0.0001728874348458304405798040,neutral,571.85,NONE,c5afe6baa2c4c273be22
A03,A03|HYPE|1789651624745,24,1789651624745,HYPE,SHORT,571.85,81.98630154760863862901110431,81.972,3.00,245.91600,0.005246130978403427472239223573,0.0001744382578391325657075382,noise,574.85,NONE,399ea8c68b6560df6af1
A03,A03|HYPE|1789651624745,25,1789651624745,HYPE,SHORT,574.85,81.98622691136818300426198139,81.972,490.87,40237.59564,0.8539097155779768635296164217,0.0001735280656781914360176040,neutral,1065.72,NONE,8d546745421f486ff989
A03,A03|HYPE|1789651624745,26,1789651624745,HYPE,SHORT,1065.72,81.97967400442893067597492775,81.971,0.26,21.31246,0.0002439665202867544946139698983,0.0001058067689859569962432402,noise,1065.98,NONE,be88a87354d73d4c5263
A03,A03|HYPE|1789651624745,27,1789651624745,HYPE,SHORT,1065.98,81.97967188877840109570536033,81.971,24.84,2036.15964,0.02330250098500909960787256797,0.0001057809647026426713835474,noise,1090.82,NONE,795c46df7d19d1235a00
A03,A03|HYPE|1789651624745,28,1789651624745,HYPE,SHORT,1090.82,81.97947441374378907610788214,81.971,18.28,1498.42988,0.01675803523954456280596248694,0.0001033723844217321288424303,noise,1109.10,NONE,71ff13f0f4cd3ca32e29
A03,A03|HYPE|1789651624745,29,1789651624745,HYPE,SHORT,1109.1,81.97933473987918131818591651,81.971,4.88,400.01848,0.004399963934721846542241457037,0.0001016687913561080658663294,noise,1113.98,NONE,23f52ce90391c43ef4f8
A03,A03|HYPE|1789651624745,30,1789651624745,HYPE,SHORT,1113.98,81.97929822797536760085459344,81.97,1.84,150.8248,0.001651735219662830571464478716,0.0001134216585937373669970623,noise,1115.82,NONE,9b40cf3f798cf2966446
A03,A03|HYPE|1789651624745,31,1789651624745,HYPE,SHORT,1115.82,81.97928289509060601172232080,81.969,0.13,10.65597,0.0001165062465272176515925507698,0.0001254328499526532330988576,noise,1115.95,NONE,b85fd3ca0591cf893d00
A03,A03|HYPE|1789651624745,32,1789651624745,HYPE,SHORT,1115.95,81.97928169720865630180563645,81.969,0.13,10.65597,0.0001164926744029750436847529011,0.0001254182397771166030950590,noise,1116.08,NONE,52ca2e48e94b84c7424f
A03,A03|HYPE|1789651624745,33,1789651624745,HYPE,SHORT,1116.08,81.97928049960576302773994696,81.967,3.00,245.90100,0.002687979356318543473586122859,0.0001498000413143670424709225,noise,1119.08,NONE,59512fb396cdbfb17ca9
A03,A03|HYPE|1789651624745,34,1789651624745,HYPE,SHORT,1119.08,81.97924757836794509775887336,81.967,10.67,874.58789,0.009534617721699967830718089860,0.0001493985213298895265122581,noise,1129.75,NONE,bb6bfd9bb699f105cfc4
A03,A03|HYPE|1789651624745,35,1789651624745,HYPE,SHORT,1129.75,81.97913190528878070369550786,81.966,6.09,499.17294,0.005390573135649479973445452534,0.0001601859520048603408490284,noise,1135.84,NONE,f893b3413f4df234ec41
A03,A03|HYPE|1789651624745,36,1789651624745,HYPE,SHORT,1135.84,81.97906149633751232567967319,81.965,1.01,82.78465,0.0008892097478518101141005775461,0.0001715254612684305439066404,noise,1136.85,NONE,a6bf9e44a3f754a83c47
A03,A03|HYPE|1789651624745,37,1789651624745,HYPE,SHORT,1136.85,81.97904900382636231692835466,81.963,5.58,457.35354,0.004908299247921889431323393588,0.0001957695779761147460052371,noise,1142.43,NONE,c636e134b7fab38b3f96
A03,A03|HYPE|1789651624745,38,1789651624745,HYPE,SHORT,1142.43,81.97897061526745621175914498,81.959,0.21,17.21139,0.0001838187022399621858669677792,0.0002436065629706377311609427,noise,1142.64,NONE,942c42e55ec90beaf637
A03,A03|HYPE|1789651624745,39,1789651624745,HYPE,SHORT,1142.64,81.97896694496954421340054610,81.959,0.25,20.48975,0.0002187915703983756913813624589,0.0002435618026627187241000646,noise,1142.89,NONE,437649beec6e925dd687
A03,A03|HYPE|1789651624745,40,1789651624745,HYPE,SHORT,1142.89,81.97896257732590188032094077,81.959,1096.92,89902.46628,0.9597774063995660124771412822,0.0002435085380236711705481998,neutral,2239.81,NONE,879cbc7264c2b9bd251c
A03,A03|HYPE|1789651624745,41,1789651624745,HYPE,SHORT,2239.81,81.96918614525339202878815614,81.959,24.59,2015.37181,0.01097860979279492456949473393,0.0001242679808402840922506711,noise,2264.40,NONE,93469a3f8547dbcd0f4c
A03,A03|HYPE|1789651624745,42,1789651624745,HYPE,SHORT,2264.4,81.96907552994170641229464759,81.958,155.88,12775.61304,0.06883942766295707472178060413,0.0001351183952008917921081358,neutral,2420.28,NONE,0f9e5630da2713d680c5
A03,A03|HYPE|1789651624745,43,1789651624745,HYPE,SHORT,2420.28,81.96836220189399573603054192,81.957,4.13,338.48241,0.001706414133901862594410564067,0.0001386169198551242515297521,noise,2424.41,NONE,49355ec26bb0ea82a8e7
A03,A03|HYPE|1789651624745,44,1789651624745,HYPE,SHORT,2424.41,81.96834284630074946069352956,81.956,0.24,19.66944,0.00009899315709801559967167269562,0.0001505806494574813310654147,noise,2424.65,NONE,1b03e2b69af40d55cd6b
A03,A03|HYPE|1789651624745,45,1789651624745,HYPE,SHORT,2424.65,81.96834162456437011527436950,81.956,248.41,20358.68996,0.1024519002742663889633555359,0.0001505657467232637355832095,neutral,2673.06,NONE,10fc8d84cb6ad40db4e6
A03,A03|HYPE|1789651624745,46,1789651624745,HYPE,SHORT,2673.06,81.96719470569310079085392771,81.955,1.06,86.87230,0.0003965492731177003134983876157,0.0001487754428693873216386696,noise,2674.12,NONE,5dcbf435c0165152e2af
A03,A03|HYPE|1789651624745,47,1789651624745,HYPE,SHORT,2674.12,81.96718987180829581320210013,81.955,0.13,10.65415,0.00004861412352474832842206034135,0.0001487164782318392516237099,noise,2674.25,NONE,36bef3f161f5e4a88437
A03,A03|HYPE|1789651624745,48,1789651624745,HYPE,SHORT,2674.25,81.96718927923716929980368328,81.955,28.44,2330.80020,0.01063475740861923903898289240,0.0001487092499371199590917397,noise,2702.69,NONE,a9498ebf4a686ed20ec6
A03,A03|HYPE|1789651624745,49,1789651624745,HYPE,SHORT,2702.69,81.96706101328676244778350458,81.953,19.15,1569.39995,0.007085533302006519430641324014,0.0001715446804233126568432054,noise,2721.84,NONE,ee1fe6c3209e37541751
A03,A03|HYPE|1789651624745,50,1789651624745,HYPE,SHORT,2721.84,81.96696208447226875936866238,81.951,69.82,5721.81882,0.02565176498251183023248978632,0.0001947380269604087122027721,noise,2791.66,NONE,6705759354c6c5bd0b82
A03,A03|HYPE|1789651624745,51,1789651624745,HYPE,SHORT,2791.66,81.96656286940386723311578057,81.95,0.61,49.9895,0.0002185079844966793950552717738,0.0002020686097361019285497704,noise,2792.27,NONE,0a6059637e1cb35078ae
A03,A03|HYPE|1789651624745,52,1789651624745,HYPE,SHORT,2792.27,81.96655925107528999702750808,81.948,1.23,100.79604,0.0004405018139363313719661780558,0.0002264246693391186216650599,noise,2793.50,NONE,cafaec8a829039eca7fb
A03,A03|HYPE|1789651624745,53,1789651624745,HYPE,SHORT,2793.5,81.96655107929121174154286737,81.947,0.61,49.98767,0.0002183640594236620726686951853,0.0002385250938800486776411153,noise,2794.11,NONE,68f0cd621ebd28f19de3
A03,A03|HYPE|1789651624745,54,1789651624745,HYPE,SHORT,2794.11,81.96654681097021949744283511,81.947,187.96,15402.75812,0.06727007884442631106148290511,0.0002384730323615804189717040,neutral,2982.07,NONE,e800b83671d0f900e20d
A03,A03|HYPE|1789651624745,55,1789651624745,HYPE,SHORT,2982.07,81.96531477463641027876609201,81.946,0.20,16.38920,0.00006706750679896850174543186444,0.0002356457080597596853844990,noise,2982.27,NONE,66efd39723d72185b84d
A03,A03|HYPE|1789651624745,56,1789651624745,HYPE,SHORT,2982.27,81.96531347932950403551656959,81.946,0.13,10.65298,0.00004359095588259949635680203335,0.0002356299086731928694802152,noise,2982.40,NONE,75ef889b927358542807
A03,A03|HYPE|1789651624745,57,1789651624745,HYPE,SHORT,2982.4,81.96531263747317596566523605,81.946,0.14,11.47244,0.00004694206008583690987124463519,0.0002356196402079792644718799,noise,2982.54,NONE,fe696b0e73b68a964c79
A03,A03|HYPE|1789651624745,58,1789651624745,HYPE,SHORT,2982.54,81.96531173094074178384866590,81.946,0.17,13.93082,0.00005699839733918069833095281203,0.0002356085828616678038483507,noise,2982.71,NONE,f6def8e0dc56c7c242f7
A03,A03|HYPE|1789651624745,59,1789651624745,HYPE,SHORT,2982.71,81.96531063026576502576515987,81.946,0.24,19.66704,0.00008046373935112699524928672248,0.0002355951574791514068597665,noise,2982.95,NONE,4cbb6cea27438b3f474f
A03,A03|HYPE|1789651624745,60,1789651624745,HYPE,SHORT,2982.95,81.96530907658525955849075580,81.946,14.56,1193.13376,0.004881074104493873514473926817,0.0002355762066024529177618582,noise,2997.51,NONE,66393805345e037fb90b
A03,A03|HYPE|1789651624745,61,1789651624745,HYPE,SHORT,2997.51,81.96521528535351008003309413,81.945,0.55,45.06975,0.0001834856264032480291975673142,0.0002466324926144905807391758,noise,2998.06,NONE,3a92fa90242725412e27
A03,A03|HYPE|1789651624745,62,1789651624745,HYPE,SHORT,2998.06,81.96521157681967672428170217,81.945,248.41,20355.95745,0.08285691413780911656204345477,0.0002465872585558321995559820,neutral,3246.47,NONE,9919ca5ab4969ec41957
A03,A03|HYPE|1789651624745,63,1789651624745,HYPE,SHORT,3246.47,81.96366504849883103801975684,81.943,1.10,90.13730,0.0003388295594907699747725991616,0.0002521245052500189472870917,noise,3247.57,NONE,8d8e443e1156e1c3b054
A03,A03|HYPE|1789651624745,64,1789651624745,HYPE,SHORT,3247.57,81.96365804894120834962756769,81.943,0.24,19.66632,0.00007390140936146103086307608458,0.0002520391284741494837706705,noise,3247.81,NONE,072ef5372bd36f0d3caa
A03,A03|HYPE|1789651624745,65,1789651624745,HYPE,SHORT,3247.81,81.96365652239509084583149876,81.943,1.22,99.97046,0.0003756377374292215369741456551,0.0002520205084975293122590735,noise,3249.03,NONE,c1efee9952b38dd072a9
A03,A03|HYPE|1789651624745,66,1789651624745,HYPE,SHORT,3249.03,81.96364876593937267430586975,81.942,0.23,18.84666,0.00007079035896867680507720765890,0.0002641264300128252246061869,noise,3249.26,NONE,249a71b87e902f85efab
A03,A03|HYPE|1789651624745,67,1789651624745,HYPE,SHORT,3249.26,81.96364723352394083575952678,81.941,92.77,7601.66657,0.02855111625416248622763336883,0.0002763082694382332669360319,noise,3342.03,NONE,0fd69fa5a6d17107896c
A03,A03|HYPE|1789651624745,68,1789651624745,HYPE,SHORT,3342.03,81.96301857852861883346349374,81.941,0.28,22.94348,0.00008378141429011708452647043863,0.0002686404052764707960855616,noise,3342.31,NONE,6fd76ee252569d0addcc
A03,A03|HYPE|1789651624745,69,1789651624745,HYPE,SHORT,3342.31,81.96301673393551166708055207,81.94,0.90,73.7460,0.0002692748428482097710864641520,0.0002808185307554931241783663,noise,3343.21,NONE,2f59c0336af6714c559e
A03,A03|HYPE|1789651624745,70,1789651624745,HYPE,SHORT,3343.21,81.96301053777656802893027958,81.94,0.13,10.6522,0.00003888478438387059143757047867,0.0002807429549694556862724439,noise,3343.34,NONE,242e61fce054d3773bbc
A03,A03|HYPE|1789651624745,71,1789651624745,HYPE,SHORT,3343.34,81.96300964305155921922388988,81.94,10.67,874.2998,0.003191419359084029742712377443,0.0002807320418291871398088217,noise,3354.01,NONE,7cda9efe4bc06db54d0f
A03,A03|HYPE|1789651624745,72,1789651624745,HYPE,SHORT,3354.01,81.96293644324256636086356332,81.939,18.15,1487.19285,0.005411432881833983798497917418,0.0002920398448528231169192081,noise,3372.16,NONE,c5fd6385653885bac19a
A03,A03|HYPE|1789651624745,73,1789651624745,HYPE,SHORT,3372.16,81.96280760995919529322452078,81.938,222.99,18271.35462,0.06612675555133801480356803948,0.0003026691091067621316781278,neutral,3595.15,NONE,388f5b0ecc2392d227bb
A03,A03|HYPE|1789651624745,74,1789651624745,HYPE,SHORT,3595.15,81.96126891228460564927749885,81.938,0.53,43.42714,0.0001474208308415504220964354756,0.0002839013181885722799033213,noise,3595.68,NONE,451dc855fb9b61775379
A03,A03|HYPE|1789651624745,75,1789651624745,HYPE,SHORT,3595.68,81.96126548246785030926000089,81.938,6.10,499.82180,0.001696480220709295599163440573,0.0002838594832680685757809922,noise,3601.78,NONE,c87d806cd68816e46c14
A03,A03|HYPE|1789651624745,76,1789651624745,HYPE,SHORT,3601.78,81.96122607988272465281055478,81.937,0.45,36.87165,0.0001249382249887555597510119996,0.0002955797642547823270682572,noise,3602.23,NONE,1a98765a511eff474570
A03,A03|HYPE|1789651624745,77,1789651624745,HYPE,SHORT,3602.23,81.96122305349741687787842531,81.937,610.20,49997.95740,0.1693950691654891553287824486,0.0002955428505697883351035015,neutral,4212.43,NONE,58fcf7fbb7886f817bd2
A03,A03|HYPE|1789651624745,78,1789651624745,HYPE,SHORT,4212.43,81.95771417447886374372986613,81.937,305.07,24996.52059,0.07242138148289704517345095349,0.0002527422181976130847021521,neutral,4517.50,NONE,77190b08247ebb62b21a
A03,A03|HYPE|1789651624745,79,1789651624745,HYPE,SHORT,4517.5,81.95631533148865522966242391,81.937,561.48,46005.98676,0.1242899833978970669618151633,0.0002356783782986158049383760,neutral,5078.98,NONE,9875e5b79a2d556f96d8
A03,A03|HYPE|1789651624745,80,1789651624745,HYPE,SHORT,5078.98,81.95418002630449420946725524,81.937,6.10,499.81570,0.001201028552977172581896365018,0.0002096296528008700407840347,noise,5085.08,NONE,60f8e829cdb8a8468aa5
A03,A03|HYPE|1789651624745,81,1789651624745,HYPE,SHORT,5085.08,81.95415941735429924406302359,81.937,1.85,151.58345,0.0003638094189275291637496361906,0.0002093782362761398965126025,noise,5086.93,NONE,d9424396c4b46a777f8b
A03,A03|HYPE|1789651624745,82,1789651624745,HYPE,SHORT,5086.93,81.95415317686699050311287948,81.936,4.29,351.50544,0.0008433377302223541507353157995,0.0002215040502927746486910342,noise,5091.22,NONE,ce5ffa927b97682cc110
A03,A03|HYPE|1789651624745,83,1789651624745,HYPE,SHORT,5091.22,81.95413788050801183213453750,81.936,0.41,33.59376,0.00008053079615494910846516159192,0.0002213174462826696292881326,noise,5091.63,NONE,d8d630b8805c28d95759
A03,A03|HYPE|1789651624745,84,1789651624745,HYPE,SHORT,5091.63,81.95413641996767243495697841,81.936,6.10,499.80960,0.001198044634036644453740747069,0.0002212996287915687982198149,noise,5097.73,NONE,763fa5543d94c333b5c0
A03,A03|HYPE|1789651624745,85,1789651624745,HYPE,SHORT,5097.73,81.95411471772730215213438138,81.935,0.54,44.24490,0.0001059295019547916425546272557,0.0002332368276216336507888285,noise,5098.27,NONE,056b2d2a72d28fbf1d6f
A03,A03|HYPE|1789651624745,86,1789651624745,HYPE,SHORT,5098.27,81.95411269312923795718939954,81.935,6.09,498.98415,0.001194522847946460269856245354,0.0002332121293388159913002598,noise,5104.36,NONE,ae175b0300803dfcb519
A03,A03|HYPE|1789651624745,87,1789651624745,HYPE,SHORT,5104.36,81.95408988981968356463885776,81.935,1.23,100.78005,0.0002409704644656724839157112743,0.0002329339493044008039349227,noise,5105.59,NONE,1825b409f12ba4b86ff9
A03,A03|HYPE|1789651624745,88,1789651624745,HYPE,SHORT,5105.59,81.95408529082828820958988090,81.935,6.10,499.80350,0.001194768870982589671321042230,0.0002328778456932408477866436,noise,5111.69,NONE,d84161199dc2c3d9200d
A03,A03|HYPE|1789651624745,89,1789651624745,HYPE,SHORT,5111.69,81.95406251552813257454970861,81.934,0.30,24.58020,0.00005868900500617212702648243536,0.0002448019648120708742851707,noise,5111.99,NONE,25a13ec64ddb9ab6e3b2
A03,A03|HYPE|1789651624745,90,1789651624745,HYPE,SHORT,5111.99,81.95406133814815756681840144,81.934,6.10,499.79740,0.001193273069783000357981920935,0.0002447876019881807957130819,noise,5118.09,NONE,29f5c2a3a6794b0ae736
A03,A03|HYPE|1789651624745,91,1789651624745,HYPE,SHORT,5118.09,81.95403742802490772925056027,81.933,6.10,499.79130,0.001191850866241117291802215280,0.0002566978843889611071957488,noise,5124.19,NONE,350568c91b96a13b486d
A03,A03|HYPE|1789651624745,92,1789651624745,HYPE,SHORT,5124.19,81.95401238439636313251460231,81.932,6.10,499.78520,0.001190432048772586496597511021,0.0002685943464624580255629078,noise,5130.29,NONE,148a65b31d9464cdd5c7
A03,A03|HYPE|1789651624745,93,1789651624745,HYPE,SHORT,5130.29,81.95398621130579362959988617,81.931,0.49,40.14619,0.00009551116993386338783967378062,0.0002804770380116374875037519,noise,5130.78,NONE,08dae95209971b353bf1
A03,A03|HYPE|1789651624745,94,1789651624745,HYPE,SHORT,5130.78,81.95398401607552847715162217,81.931,0.22,18.02482,0.00004287847071985156253045345932,0.0002804502593921497583368138,noise,5131.00,NONE,cde1dc5a58e453e33193
A03,A03|HYPE|1789651624745,95,1789651624745,HYPE,SHORT,5131.0,81.95398303059832391346716040,81.931,0.27,22.12137,0.00005262132137984798284934710583,0.0002804382380017207146974389,noise,5131.27,NONE,1d38337993ab062e6d91
A03,A03|HYPE|1789651624745,96,1789651624745,HYPE,SHORT,5131.27,81.95398182126452125886963656,81.931,0.47,38.50757,0.00009159525809400012082778727294,0.0002804234858855654490302828,noise,5131.74,NONE,54365015776e2a205005
A03,A03|HYPE|1789651624745,97,1789651624745,HYPE,SHORT,5131.74,81.95397971643146379200816877,81.931,6.10,499.77910,0.001188680642433170815356974438,0.0002803978099779386985176253,noise,5137.84,NONE,72cf1f07c80c087766f7
A03,A03|HYPE|1789651624745,98,1789651624745,HYPE,SHORT,5137.84,81.95395243331828161250642293,81.931,1.85,151.57235,0.0003600734939196238107842984601,0.0002800649954858104941991956,noise,5139.69,NONE,0aae48b98e16fc7b7764
A03,A03|HYPE|1789651624745,99,1789651624745,HYPE,SHORT,5139.69,81.95394417173020162694637225,81.93,73.23,5999.7339,0.01424794102368041652317552226,0.0002921661912943185261080534,noise,5212.92,NONE,2d015b08e0614ea0c644
A03,A03|HYPE|1789651624745,100,1789651624745,HYPE,SHORT,5212.92,81.95360780905903025559571219,81.93,3.61,295.7673,0.0006925101478633855881156818060,0.0002880630845933384691925779,noise,5216.53,NONE,1dc9590f4d0b9eb83b8b
A03,A03|HYPE|1789651624745,101,1789651624745,HYPE,SHORT,5216.53,81.95359147172545734424991326,81.93,188.00,15402.8400,0.03603928281827191638886386161,0.0002878637934201646471590905,noise,5404.53,NONE,67d95e392cb663520efd
A03,A03|HYPE|1789651624745,102,1789651624745,HYPE,SHORT,5404.53,81.95277082743550317973995889,81.93,26.84,2199.0012,0.004966204276782624946110022518,0.0002778530512830463258477457,noise,5431.37,NONE,4b2d096f43ac0afe6d66
A03,A03|HYPE|1789651624745,103,1789651624745,HYPE,SHORT,5431.37,81.95265830168079140253748134,81.93,3.67,300.6831,0.0006757042882366695695561156762,0.0002764803747717686504940940,noise,5435.04,NONE,f0ae21d9b90c1868397a
A03,A03|HYPE|1789651624745,104,1789651624745,HYPE,SHORT,5435.04,81.95264300170743913568253408,81.93,6.10,499.7730,0.001122346845653389855456445583,0.0002762937335281228324626983,noise,5441.14,NONE,a933dd25b942780e2952
A03,A03|HYPE|1789651624745,105,1789651624745,HYPE,SHORT,5441.14,81.95261761689645919788867774,81.929,18.29,1498.48141,0.003361427936057517358494727208,0.0002881862420412776517419551,noise,5459.43,NONE,b573ff9933907192329c
A03,A03|HYPE|1789651624745,106,1789651624745,HYPE,SHORT,5459.43,81.95253849394533861593609589,81.929,6.10,499.76690,0.001117332761845101045347224893,0.0002872210474246339803205511,noise,5465.53,NONE,f90abcb7578d48eee0d8
A03,A03|HYPE|1789651624745,107,1789651624745,HYPE,SHORT,5465.53,81.95251222296831231371888911,81.929,12.20,999.53380,0.002232171445404196848247105038,0.0002869005760841421977104768,noise,5477.73,NONE,ed0676a1584fc3ee8a89
A03,A03|HYPE|1789651624745,108,1789651624745,HYPE,SHORT,5477.73,81.95245985654641612492766164,81.928,3.71,303.95288,0.0006772878546405171485268532768,0.0002984639703217188492925708,noise,5481.44,NONE,be717d3deb37412cfba7
A03,A03|HYPE|1789651624745,109,1789651624745,HYPE,SHORT,5481.44,81.95244330139525380192066318,81.928,6.10,499.76080,0.001112846259377097988849645349,0.0002982620213696258486216319,noise,5487.54,NONE,e6d22f19ba69c374792d
A03,A03|HYPE|1789651624745,110,1789651624745,HYPE,SHORT,5487.54,81.95241612999631893343829840,81.928,12.20,999.52160,0.002223218418453441797235190996,0.0002979305693390302993200464,noise,5499.74,NONE,9def6894eacb6db175ab
A03,A03|HYPE|1789651624745,111,1789651624745,HYPE,SHORT,5499.74,81.95236196802030641448504838,81.928,12.20,999.52160,0.002218286682643179495757981286,0.0002972698703890073827560282,noise,5511.94,NONE,c573604412088739e5bd
A03,A03|HYPE|1789651624745,112,1789651624745,HYPE,SHORT,5511.94,81.95230804580601385356154095,81.928,12.20,999.52160,0.002213376778411956588787250950,0.0002966120953228948209005476,noise,5524.14,NONE,95cae83e3ad50339b4e6
A03,A03|HYPE|1789651624745,113,1789651624745,HYPE,SHORT,5524.14,81.95225436176490820290579167,81.927,6.10,499.75470,0.001104244280557697668777402455,0.0003081594516415244316628289,noise,5530.24,NONE,2bf9c9a0ee17ea4dd17e
A03,A03|HYPE|1789651624745,114,1789651624745,HYPE,SHORT,5530.24,81.95222650554044670755699572,81.926,33.59,2751.89434,0.006073877444740192107394977433,0.0003200218793161604143774214,noise,5563.83,NONE,a54cdcca89841e6ffed0
A03,A03|HYPE|1789651624745,115,1789651624745,HYPE,SHORT,5563.83,81.95206817066660915232852190,81.926,6.10,499.74860,0.001096367070884624440358530005,0.0003180904551709632628278866,noise,5569.93,NONE,6e5d7747ae78f468afac
A03,A03|HYPE|1789651624745,116,1789651624745,HYPE,SHORT,5569.93,81.95203962168285777379608002,81.925,60.66,4969.57050,0.01089062160565752172828024769,0.0003299444627330987737538466,noise,5630.59,NONE,90dc068ee2b1b19f1aca
A03,A03|HYPE|1789651624745,117,1789651624745,HYPE,SHORT,5630.59,81.95174831589584750443559201,81.925,6.10,499.74250,0.001083367817582171672950792013,0.0003263910343040142601506940,noise,5636.69,NONE,121cfa84fe2804708176
A03,A03|HYPE|1789651624745,118,1789651624745,HYPE,SHORT,5636.69,81.95171936899137614451034206,81.924,170.97,14006.54628,0.03033163079750704757579359518,0.0003382402371153241330997965,noise,5807.66,NONE,4d9fa712e9167f3d48e6
A03,A03|HYPE|1789651624745,119,1789651624745,HYPE,SHORT,5807.66,81.95090334661464341920842474,81.924,6.10,499.73640,0.001050336968761945430689813109,0.0003282861508048865807826974,noise,5813.76,NONE,7c71df108148c4593fbf
A03,A03|HYPE|1789651624745,120,1789651624745,HYPE,SHORT,5813.76,81.95087511868394980184940555,81.923,3.65,299.01895,0.0006278208938793483047115808014,0.0003401442467036519030241159,noise,5817.41,NONE,11f75cfaf90d81b8a7a9
A03,A03|HYPE|1789651624745,121,1789651624745,HYPE,SHORT,5817.41,81.95085762908235795654767328,81.923,6.10,499.73030,0.001048576600239625537825252131,0.0003399309035720446728979489,noise,5823.51,NONE,9c6e1d48a32eb7944305
A03,A03|HYPE|1789651624745,122,1789651624745,HYPE,SHORT,5823.51,81.95082844882210213427984154,81.922,67.51,5530.55422,0.01159266490484261210163629838,0.0003517773934415484499081344,noise,5891.02,NONE,e573769fdb91c5241fa5
A03,A03|HYPE|1789651624745,123,1789651624745,HYPE,SHORT,5891.02,81.95049808012873831696378556,81.922,1.23,100.76406,0.0002087923653289243628437859658,0.0003477474914292009454619118,noise,5892.25,NONE,fc2861e093bd7910a8f8
A03,A03|HYPE|1789651624745,124,1789651624745,HYPE,SHORT,5892.25,81.95049213118927404641690356,81.922,6.10,499.72420,0.001035258178115320972463829607,0.0003476749248029264476882586,noise,5898.35,NONE,e6b4787b5792fdd75889
A03,A03|HYPE|1789651624745,125,1789651624745,HYPE,SHORT,5898.35,81.95046266498257987403256843,81.921,343.46,28136.58666,0.05822984393940678325294361983,0.0003595179822599008493481451,neutral,6241.81,NONE,c6ed01ea9f30c3f302a6
A03,A03|HYPE|1789651624745,126,1789651624745,HYPE,SHORT,6241.81,81.94884146105056065468189516,81.921,37.61,3081.04881,0.006025495809709042729592858482,0.0003397419726036446047486778,noise,6279.42,NONE,bb6bec4119c8759be5c9
A03,A03|HYPE|1789651624745,127,1789651624745,HYPE,SHORT,6279.42,81.94867470721818257100178042,81.921,6.10,499.71810,0.0009714272974255584114456430689,0.0003377078069542585829704938,noise,6285.52,NONE,7fdf85182af9aa8e3239
A03,A03|HYPE|1789651624745,128,1789651624745,HYPE,SHORT,6285.52,81.94864784934261604449592078,81.92,3.00,245.7600,0.0004772874797948300220188624012,0.0003495829412009737597224336,noise,6288.52,NONE,2630062dffbac1438268
A03,A03|HYPE|1789651624745,129,1789651624745,HYPE,SHORT,6288.52,81.94863418260576415436382487,81.92,68.25,5591.0400,0.01085311011175920566365376909,0.0003494162275109886167382088,noise,6356.77,NONE,e88bad1e3b1fac300597
A03,A03|HYPE|1789651624745,130,1789651624745,HYPE,SHORT,6356.77,81.94832674927675533329033456,81.92,32.76,2683.6992,0.005153560691986653599233573025,0.0003456659873412892395895329,noise,6389.53,NONE,32a114798754ce877f7f
A03,A03|HYPE|1789651624745,131,1789651624745,HYPE,SHORT,6389.53,81.94818151413327740851048512,81.92,32.89,2694.3488,0.005147483461224847523996287677,0.0003438943197100359657256359,noise,6422.42,NONE,d2dc0c892456da472369
A03,A03|HYPE|1789651624745,132,1789651624745,HYPE,SHORT,6422.42,81.94803719314526300055119410,81.92,6.10,499.7120,0.0009497977397927883881776651169,0.0003421337972889024576934255,noise,6428.52,NONE,b8ae5b6959979a18dc95
A03,A03|HYPE|1789651624745,133,1789651624745,HYPE,SHORT,6428.52,81.94801058875137667768008811,81.919,188.02,15402.41038,0.02924778953787185853042379895,0.0003540121174748667619406462,noise,6616.54,NONE,bd0d36afcc5b62568500
A03,A03|HYPE|1789651624745,134,1789651624745,HYPE,SHORT,6616.54,81.94718620457217820794554253,81.919,152.39,12483.63641,0.02303167516556992023021095618,0.0003439557339017649032408018,noise,6768.93,NONE,57e3500d140c5134e77d
A03,A03|HYPE|1789651624745,135,1789651624745,HYPE,SHORT,6768.93,81.94655164405600294285802926,81.919,5.50,450.55450,0.0008125361024563705046440131601,0.0003362148071303425332379995,noise,6774.43,NONE,884f9813efd4f4024d9d
A03,A03|HYPE|1789651624745,136,1789651624745,HYPE,SHORT,6774.43,81.94652927552576379119719297,81.919,6.10,499.70590,0.0009004447606662110317768432178,0.0003359419339555325553154660,noise,6780.53,NONE,39f88612d2503e22f7da
A03,A03|HYPE|1789651624745,137,1789651624745,HYPE,SHORT,6780.53,81.94650450923452886426282311,81.918,0.22,18.02196,0.00003244584125429723045248675251,0.0003478428934246572899673154,noise,6780.75,NONE,b5bb34f4b0110d10647f
A03,A03|HYPE|1789651624745,138,1789651624745,HYPE,SHORT,6780.75,81.94650358441175386203591048,81.918,5.42,443.99556,0.0007993216089665597463407440180,0.0003478316116610489140264875,noise,6786.17,NONE,c644b1f097f3fdd08c5b
A03,A03|HYPE|1789651624745,139,1789651624745,HYPE,SHORT,6786.17,81.94648081907762405009010974,81.918,6.10,499.69980,0.0008988870010624549635508688995,0.0003475539009479165752128691,noise,6792.27,NONE,a20359c0e79f4d8d0bfb
A03,A03|HYPE|1789651624745,140,1789651624745,HYPE,SHORT,6792.27,81.94645524103134887158490460,81.917,25.85,2117.55445,0.003805796883810567012206523003,0.0003594449686043327433395110,noise,6818.12,NONE,0b8bdd2299ef33793d40
A03,A03|HYPE|1789651624745,141,1789651624745,HYPE,SHORT,6818.12,81.94634356538165946037910744,81.917,5.57,456.27769,0.0008169407402627117152528849595,0.0003580826685481997288314059,noise,6823.69,NONE,b78ca815a69457d0894a
A03,A03|HYPE|1789651624745,142,1789651624745,HYPE,SHORT,6823.69,81.94631961299531485164185360,81.917,6.10,499.69370,0.0008939444787204576995731048743,0.0003577904795942202596320966,noise,6829.79,NONE,7ff9f1008583e7d263ed
A03,A03|HYPE|1789651624745,143,1789651624745,HYPE,SHORT,6829.79,81.94629342629861240243111428,81.916,10.68,874.86288,0.001563737684467604421219393276,0.0003696741491530413170260601,noise,6840.47,NONE,764df660e17315b0e20d
A03,A03|HYPE|1789651624745,144,1789651624745,HYPE,SHORT,6840.47,81.94624612928643792020138967,81.916,93.22,7636.20952,0.01362771856319814281767188512,0.0003690971913309934794066648,noise,6933.69,NONE,c06c6bbbd5a275c26469
A03,A03|HYPE|1789651624745,145,1789651624745,HYPE,SHORT,6933.69,81.94583948518032966573354159,81.916,6.10,499.68760,0.0008797624352977995843483051593,0.0003641366708522895924714984,noise,6939.79,NONE,a8654231335e1744ad13
A03,A03|HYPE|1789651624745,146,1789651624745,HYPE,SHORT,6939.79,81.94581325659710164140413471,81.915,207.53,16999.81995,0.02990436310032436139998472576,0.0003760199011097250889425168,noise,7147.32,NONE,bb30cbd873fe5ae08a09
A03,A03|HYPE|1789651624745,147,1789651624745,HYPE,SHORT,7147.32,81.94491856108303531953235618,81.915,6.10,499.68150,0.0008534667539721182205358092264,0.0003651057516242883567029890,noise,7153.42,NONE,9dbf4936038a3915a620
A03,A03|HYPE|1789651624745,148,1789651624745,HYPE,SHORT,7153.42,81.94489304836008510614503273,81.914,527.30,43193.25220,0.07371299322561795616642109648,0.0003769978483204982416100034,neutral,7680.72,NONE,7abf11395e638738f137
A03,A03|HYPE|1789651624745,149,1789651624745,HYPE,SHORT,7680.72,81.94277216589069774708621067,81.913,0.37,30.30781,0.00004817256715516253684550406733,0.0003633287610824891962240691,noise,7681.09,NONE,790690b7d9895c1ce2c3
A03,A03|HYPE|1789651624745,150,1789651624745,HYPE,SHORT,7681.09,81.94277073175812287058216998,81.913,348.84,28574.53092,0.04541542932057819918787567910,0.0003633112658049868304302831,noise,8029.93,NONE,e9456fdd4ff1819bde16
A03,A03|HYPE|1789651624745,151,1789651624745,HYPE,SHORT,8029.93,81.94147741761136149381127855,81.913,1.23,100.75299,0.0001531769268225252274926431488,0.0003475336118999601261870638,noise,8031.16,NONE,2329f0be33567c6a1e35
A03,A03|HYPE|1789651624745,152,1789651624745,HYPE,SHORT,8031.16,81.94147305619611612768267598,81.912,0.13,10.64856,0.00001618695182265077523047729095,0.0003596842367710825816347152,noise,8031.29,NONE,bfdbdb3ab5071b63d545
A03,A03|HYPE|1789651624745,153,1789651624745,HYPE,SHORT,8031.29,81.94147257912489774369995356,81.912,14.33,1173.79896,0.001784271268999127163880273281,0.0003596784167679952999693780,noise,8045.62,NONE,39e763987db87b6d4134
A03,A03|HYPE|1789651624745,154,1789651624745,HYPE,SHORT,8045.62,81.94142008571123170122377144,81.912,5.48,448.87776,0.0006811159363728339146019821965,0.0003590380259514432358128196,noise,8051.10,NONE,1d8dd65ee6bc011a400b
A03,A03|HYPE|1789651624745,155,1789651624745,HYPE,SHORT,8051.1,81.94140006086124877345952727,81.911,16.11,1319.58621,0.002000968811715169355740209412,0.0003709975767886489325816090,noise,8067.21,NONE,48f4d1084553eace1d4a
A03,A03|HYPE|1789651624745,156,1789651624745,HYPE,SHORT,8067.21,81.94133935276260318003374153,81.911,15.34,1256.51474,0.001901524814650914008684539017,0.0003702569789833476394863498,noise,8082.55,NONE,eff910c783bcdb4f8009
A03,A03|HYPE|1789651624745,157,1789651624745,HYPE,SHORT,8082.55,81.94128177122319070095452549,81.911,0.80,65.52880,0.00009897866391176052112266549542,0.0003695545220751635955233783,noise,8083.35,NONE,1935f0129a4b949ae501
A03,A03|HYPE|1789651624745,158,1789651624745,HYPE,SHORT,8083.35,81.94127877427056851429172311,81.911,6.44,527.50684,0.0007966993882486840233319106559,0.0003695179611973056168252990,noise,8089.79,NONE,49ec8cb38be3838da7f3
A03,A03|HYPE|1789651624745,159,1789651624745,HYPE,SHORT,8089.79,81.94125467039317460651018135,81.911,5.55,454.60605,0.0006860499469083869915041057926,0.0003692239094321087364047831,noise,8095.34,NONE,2533f8f4715fb5850bf4
A03,A03|HYPE|1789651624745,160,1789651624745,HYPE,SHORT,8095.34,81.94123392840819533212934849,81.911,2.08,170.37488,0.0002569379420753174048279627539,0.0003689708704485780945724750,noise,8097.42,NONE,1d229f39365ba7fc8902
A03,A03|HYPE|1789651624745,161,1789651624745,HYPE,SHORT,8097.42,81.94122616216029303160759847,81.911,2.69,220.34059,0.0003322045787423648520145923022,0.0003688761271460103701308653,noise,8100.11,NONE,2d645c7784fc2649d311
A03,A03|HYPE|1789651624745,162,1789651624745,HYPE,SHORT,8100.11,81.94121612422547348122432905,81.91,8.28,678.2148,0.001022208340380562733098686314,0.0003809575412958095506004455,noise,8108.39,NONE,d6b8fe177a6870b46035
A03,A03|HYPE|1789651624745,163,1789651624745,HYPE,SHORT,8108.39,81.94118424742766443153326369,81.91,624.74,51172.4534,0.07704858794409247705154784119,0.0003805686690285219041955670,neutral,8733.13,NONE,ac6a0c39ca4f55d3b719
A03,A03|HYPE|1789651624745,164,1789651624745,HYPE,SHORT,8733.13,81.93895342677825705102294366,81.909,1.10,90.09990,0.0001259571310629751303370040295,0.0003655578394105781833453420,noise,8734.23,NONE,3a7a38edcf78b62045b8
A03,A03|HYPE|1789651624745,165,1789651624745,HYPE,SHORT,8734.23,81.93894965440571177997373552,81.907,0.76,62.24932,0.00008701396688660591717873241259,0.0003899202337894979815192080,noise,8734.99,NONE,baaaf49d75f9248d5ff6
A03,A03|HYPE|1789651624745,166,1789651624745,HYPE,SHORT,8734.99,81.93894687458142482132206219,81.907,185.87,15224.05409,0.02127878795510927888869935741,0.0003898863214622932393983414,noise,8920.86,NONE,4bc5b13370739561d2a7
A03,A03|HYPE|1789651624745,167,1789651624745,HYPE,SHORT,8920.86,81.93828124754788215485950906,81.907,113.62,9306.27334,0.01273644020867943225204744834,0.0003817659715533548613581938,noise,9034.48,NONE,e46abc76e0f2fffec41e
A03,A03|HYPE|1789651624745,168,1789651624745,HYPE,SHORT,9034.48,81.93788784633980040909936156,81.906,18.15,1486.59390,0.002008970079074833305292612303,0.0003891709583678858825010597,noise,9052.63,NONE,5038342b709881a5d3a7
A03,A03|HYPE|1789651624745,169,1789651624745,HYPE,SHORT,9052.63,81.93782391305068250883997247,81.906,1220.91,99999.85446,0.1348679886397654604242082135,0.0003883909961344938922661467,neutral,10273.54,NONE,bc49177835ffd8f6979e
A03,A03|HYPE|1789651624745,170,1789651624745,HYPE,SHORT,10273.54,81.93404195145976946602631615,81.906,358.77,29385.41562,0.03492175043850513065603482344,0.0003422503124694174747769212,noise,10632.31,NONE,31733e7764d0d0dcdd54
A03,A03|HYPE|1789651624745,171,1789651624745,HYPE,SHORT,10632.31,81.93309572143776846235672210,81.905,0.22,18.01910,0.00002069164650014907390773971037,0.0003429105319453616808668180,noise,10632.53,NONE,88189ce5b99ad41f33f9
A03,A03|HYPE|1789651624745,172,1789651624745,HYPE,SHORT,10632.53,81.93309514010306107765508303,81.905,367.47,30097.63035,0.03456091823865063159944058470,0.0003429034391416466835200467,noise,11000.00,NONE,2dbeebcc4e92006d927f
A03,A03|HYPE|1789651624745,173,1789681695004,HYPE,SHORT,11000.0,81.93215658363636363636363636,83.134,21.42,1780.73028,0.001947272727272727272727272727,-0.014668763358337752739398000,noise,11021.42,NONE,59952943a97d4d1e3280
A03,A03|HYPE|1789651624745,174,1789681695004,HYPE,SHORT,11021.42,81.93449235216514750367919923,83.133,21.65,1799.82945,0.001964356679992233305690192371,-0.014627632556549079713755643,noise,11043.07,NONE,ba10b7ebbc0ccc908e8b
A03,A03|HYPE|1789651624745,175,1789681695099,HYPE,SHORT,11043.07,81.93684203305783627197871606,83.13,6.93,576.0909,0.0006275428843609612182119646077,-0.014561922785122449175982517,noise,11050.00,NONE,aaa5b799ead07863e7cc
A03,A03|LIT|1790692910071,1,1790692910071,LIT,LONG,27.0,4.538,4.538,66.0,299.5080,2.444444444444444444444444444,0,neutral,93.0,NONE,6de34bfa0e40a1e07251
A03,A03|LIT|1790692910071,2,1790692910071,LIT,LONG,93.0,4.538,4.5381,268.0,1216.21080,2.881720430107526881720430108,0.000022036139268400176289114,neutral,361.0,NONE,978dca679020152870b0
A03,A03|LIT|1790692910071,3,1790692910071,LIT,LONG,361.0,4.538074238227146814404432133,4.5384,25.0,113.46000,0.06925207756232686980609418283,0.000071784143615166671061614,neutral,386.0,NONE,e09ea35a0e61a99b9b74
A03,A03|LIT|1790692910071,4,1790692910071,LIT,LONG,386.0,4.538095336787564766839378238,4.5386,27.0,122.54220,0.06994818652849740932642487047,0.000111205952053108491796106,neutral,413.0,NONE,0562f36b7caf2f72a788
A03,A03|LIT|1790692910071,5,1790692910071,LIT,LONG,413.0,4.538128329297820823244552058,4.5387,99.0,449.33130,0.2397094430992736077481840194,0.000125970589788859205857072,neutral,512.0,NONE,96e26c4332a566c58278
A03,A03|LIT|1790692910071,6,1790692910071,LIT,LONG,512.0,4.53823886718750000000000,4.5392,27.0,122.55840,0.052734375,0.000211785417345307451012088,neutral,539.0,NONE,5e1e3616f16bb55b29c0
A03,A03|LIT|1790692910071,7,1790692910071,LIT,LONG,539.0,4.538287012987012987012987013,4.5393,27.0,122.56110,0.05009276437847866419294990724,0.000223209111739339833297133,neutral,566.0,NONE,d39a76139994bec2c944
A03,A03|LIT|1790692910071,8,1790692910071,LIT,LONG,566.0,4.538335335689045936395759717,4.5394,80.0,363.15200,0.1413427561837455830388692580,0.000234593575001310002289876,neutral,646.0,NONE,41f371fd19e14d698c81
A03,A03|LIT|1790692910071,9,1790692910071,LIT,LONG,646.0,4.538467182662538699690402477,4.5395,230.0,1044.08500,0.3560371517027863777089783282,0.000227569638799368235030321,neutral,876.0,NONE,9919599abeb39dccd1e1
A03,A03|LIT|1790692910071,10,1790692910071,LIT,LONG,876.0,4.538738356164383561643835616,4.5395,50.0,226.97500,0.05707762557077625570776255708,0.000167809592853484418305854,neutral,926.0,NONE,f99c6e565fdda5de2673
A03,A03|LIT|1790692910071,11,1790692910071,LIT,LONG,926.0,4.538779481641468682505399568,4.5396,143.0,649.16280,0.1544276457883369330453563715,0.000180779516134274401986928,neutral,1069.0,NONE,154dfeac6b455e5672b5
A03,A03|LIT|1790692910071,12,1790692910071,LIT,LONG,1069.0,4.538889242282507015902712816,4.5398,84.0,381.34320,0.07857811038353601496725912067,0.000200656519442845929386959,neutral,1153.0,NONE,0eda5b16f4846f81a24e
A03,A03|LIT|1790692910071,13,1790692910071,LIT,LONG,1153.0,4.538955594102341717259323504,4.5401,268.0,1216.74680,0.2324371205550737207285342585,0.000252129784910268356662966,neutral,1421.0,NONE,983880b912cbaefee4ea
A03,A03|LIT|1790692910071,14,1790692910071,LIT,LONG,1421.0,4.539171428571428571428571429,4.5404,73.0,331.44920,0.05137227304714989444053483462,0.000270659843520843955158588,neutral,1494.0,NONE,4053dc2d0ac14c059601
A03,A03|LIT|1790692910071,15,1790692910071,LIT,LONG,1494.0,4.539231459170013386880856761,4.5412,27.0,122.61240,0.01807228915662650602409638554,0.000433672714796208181659705,noise,1521.0,NONE,f1e1100d9e96917b0790
A03,A03|LIT|1790692910071,16,1790692910071,LIT,LONG,1521.0,4.539266403681788297172912558,4.5416,88.0,399.66080,0.05785667324128862590401051940,0.000514091069058852405169577,profit,1609.0,PROFIT_PYRAMIDING,c9dc109eb794d6002d16
A03,A03|LIT|1790692910071,17,1790692910071,LIT,LONG,1609.0,4.539394033561218147917961467,4.542,88.0,399.6960,0.05469235550031075201988812927,0.000574078042028317806208614,profit,1697.0,PROFIT_PYRAMIDING,23d82bf96498e1ac23c3
A03,A03|LIT|1790692910071,18,1790692910071,LIT,LONG,1697.0,4.539529169121979964643488509,4.5421,735.0,3338.44350,0.4331172657631113730111962286,0.000566321039526942080572658,profit,2432.0,PROFIT_PYRAMIDING,b80b33101c7c3a354d8a
A03,A03|LIT|1790692910071,19,1790692910071,LIT,LONG,2432.0,4.540306126644736842105263158,4.5424,7.0,31.79680,0.002878289473684210526315789474,0.000461174488428276897954718,noise,2439.0,NONE,e5811ddaf0e9981dac2b
A03,A03|LIT|1790692910071,20,1790692910071,LIT,LONG,2439.0,4.540312136121361213612136121,4.5425,88.0,399.74000,0.03608036080360803608036080361,0.000481875213211179414643435,noise,2527.0,NONE,3a008c63195f8bf6caab
A03,A03|LIT|1790692910071,21,1790692910071,LIT,LONG,2527.0,4.540388326078353779184804116,4.5426,268.0,1217.41680,0.1060546102097348634744756628,0.000487111181425421939393830,neutral,2795.0,NONE,6a5115a06d13c0727423
A03,A03|LIT|1790692910071,22,1790692910071,LIT,LONG,2795.0,4.540600393559928443649373882,4.5438,10.0,45.43800,0.003577817531305903398926654741,0.000704665939026401755432861,noise,2805.0,NONE,094ebe2308435c67a122
A03,A03|LIT|1790692910071,23,1790692910071,LIT,LONG,2805.0,4.540611800356506238859180036,4.5444,27.0,122.69880,0.009625668449197860962566844920,0.000834292780368568517481146,noise,2832.0,NONE,cbce273fdf4e5c5a3032
A03,A03|LIT|1790692910071,24,1790692910071,LIT,LONG,2832.0,4.540647916666666666666666667,4.5446,1263.0,5739.82980,0.4459745762711864406779661017,0.000870378722566667477246043,profit,4095.0,PROFIT_PYRAMIDING,7d3f56a9cb4e14147b43
A03,A03|LIT|1790692910071,25,1790692910071,LIT,LONG,4095.0,4.541866837606837606837606838,4.5446,23.0,104.52580,0.005616605616605616605616605617,0.000601770701538781391182909,noise,4118.0,NONE,576dab5a9e7f514b7245
A03,A03|LIT|1790692910071,26,1790692910071,LIT,LONG,4118.0,4.541882102962603205439533754,4.5449,21.0,95.44290,0.005099562894609033511413307431,0.000664459571821176182249171,noise,4139.0,NONE,cb1336998f363823df4a
A03,A03|LIT|1790692910071,27,1790692910071,LIT,LONG,4139.0,4.541897414834501087219135057,4.5451,7.0,31.81570,0.001691229765643875332205846823,0.000705120541701096404859230,noise,4146.0,NONE,51d08383b93f285c1355
A03,A03|LIT|1790692910071,28,1790692910071,LIT,LONG,4146.0,4.541902821997105643994211288,4.5452,268.0,1218.11360,0.06464061746261456825856246985,0.000725946400025477505276203,profit,4414.0,PROFIT_PYRAMIDING,423befd0ddc38bb7d760
A03,A03|LIT|1790692910071,29,1790692910071,LIT,LONG,4414.0,4.542103013140009062075215224,4.5453,735.0,3340.79550,0.1665156320797462618939737200,0.000703856088411527115228452,profit,5149.0,PROFIT_PYRAMIDING,826de4547e3e1bb1b75b
A03,A03|LIT|1790692910071,30,1790692910071,LIT,LONG,5149.0,4.542559370751602252864633909,4.5457,44.0,200.01080,0.008545348611380850650611769276,0.000691378800378365835517712,noise,5193.0,NONE,13947f47209bf90dfbf8
A03,A03|LIT|1790692910071,31,1790692910071,LIT,LONG,5193.0,4.542585981128442133641440401,4.5466,10.0,45.46600,0.001925669170036587714230695167,0.000883641804081103538251035,noise,5203.0,NONE,9d1c8cdb8a8a4d195b6a
A03,A03|LIT|1790692910071,32,1790692910071,LIT,LONG,5203.0,4.542593695944647318854507015,4.5467,266.0,1209.42220,0.05112435133576782625408418220,0.000903955830128180040587913,profit,5469.0,PROFIT_PYRAMIDING,bd251fb03684348a2abe
A03,A03|LIT|1790692910071,33,1790692910071,LIT,LONG,5469.0,4.542793417443773998902907296,4.5467,20.0,90.93400,0.003656975681111720607057963065,0.000859951619465062927394759,noise,5489.0,NONE,a55a4f568293b375e8bf
A03,A03|LIT|1790692910071,34,1790692910071,LIT,LONG,5489.0,4.542807651666970304244853343,4.5471,170.0,773.00700,0.03097103297504099107305520131,0.000944866844946567522654234,noise,5659.0,NONE,d04a2782445ccfde2c3b
A03,A03|LIT|1790692910071,35,1790692910071,LIT,LONG,5659.0,4.542936596571832479236614243,4.5472,735.0,3342.19200,0.1298816045237674500795193497,0.000938468617718492571061635,profit,6394.0,PROFIT_PYRAMIDING,eb98e78e0a8b5df145a5
A03,A03|LIT|1790692910071,36,1790692910071,LIT,LONG,6394.0,4.543426681263684704410384736,4.5473,268.0,1218.67640,0.04191429465123553331248045042,0.000852510452581572455426519,noise,6662.0,NONE,3453998c91f6fcfcea46
A03,A03|LIT|1790692910071,37,1790692910071,LIT,LONG,6662.0,4.543582497748423896727709397,4.5478,7.0,31.83460,0.001050735514860402281597117983,0.000928232788480475491994928,noise,6669.0,NONE,1d41b5a11c43dd310acb
A03,A03|LIT|1790692910071,38,1790692910071,LIT,LONG,6669.0,4.543586924576398260608786925,4.5482,305.0,1387.20100,0.04573399310241415504573399310,0.001015293753630964062879502,noise,6974.0,NONE,4e7f681ff63ecb1afb2d
A03,A03|LIT|1790692910071,39,1790692910071,LIT,LONG,6974.0,4.543788672211069687410381417,4.5482,12.0,54.57840,0.001720676799541152853455692572,0.000970847921671431998822584,noise,6986.0,NONE,9c2cb468e44005939294
A03,A03|LIT|1790692910071,40,1790692910071,LIT,LONG,6986.0,4.543796249642141425708559977,4.5484,307.0,1396.35880,0.04394503292298883481248210707,0.001013194717571492055470087,noise,7293.0,NONE,05093e9a7722787762dd
A03,A03|LIT|1790692910071,41,1790692910071,LIT,LONG,7293.0,4.543990045248868778280542986,4.5485,619.0,2815.52150,0.08487590840532017002605237899,0.000992509822033339646679648,profit,7912.0,PROFIT_PYRAMIDING,f6bf65a880b846f8818a
A03,A03|LIT|1790692910071,42,1790692910071,LIT,LONG,7912.0,4.544342884226491405460060667,4.5487,10.0,45.48700,0.001263902932254802831142568251,0.000958799959534795215850893,noise,7922.0,NONE,169b70c34a474164e8e7
A03,A03|LIT|1790692910071,43,1790692910071,LIT,LONG,7922.0,4.544348384246402423630396365,4.5494,735.0,3343.80900,0.09277960111083059833375410250,0.001111625986051088162449765,profit,8657.0,PROFIT_PYRAMIDING,045e5f22aa04571b1d75
A03,A03|LIT|1790692910071,44,1790692910071,LIT,LONG,8657.0,4.544777278502945593161603327,4.5494,10.0,45.49400,0.001155134573177775210812059605,0.001017150283451763812869409,noise,8667.0,NONE,92bce0b31ea4766f2e16
A03,A03|LIT|1790692910071,45,1790692910071,LIT,LONG,8667.0,4.544782612207222799123110650,4.5495,268.0,1219.26600,0.03092188761970693434867889697,0.001037978753946638276318553,noise,8935.0,NONE,d7992e0164480038bd7a
A03,A03|LIT|1790692910071,46,1790692910071,LIT,LONG,8935.0,4.544924107442641298265249021,4.5495,266.0,1210.16700,0.02977056519306099608282036933,0.001006813854133526094376624,noise,9201.0,NONE,4208301468c2613a04ce
A03,A03|LIT|1790692910071,47,1790692910071,LIT,LONG,9201.0,4.545056396043908270840126073,4.5504,601.0,2734.79040,0.06531898706662319313118139333,0.001175695852914584250174954,profit,9802.0,PROFIT_PYRAMIDING,a13f5358f2069dfb59bf
A03,A03|LIT|1790692910071,48,1790692910071,LIT,LONG,9802.0,4.545384033870638645174454193,4.5505,7.0,31.85350,0.0007141399714344011426239542950,0.001125530008298294408167511,noise,9809.0,NONE,d1974c3b1b134ecea7d2
A03,A03|LIT|1790692910071,49,1790692910071,LIT,LONG,9809.0,4.545387684779284330716688755,4.5506,623.0,2835.02380,0.06351310021408910184524416352,0.001146726216153060600285009,profit,10432.0,PROFIT_PYRAMIDING,86649d123bc6605b0e2a
A03,A03|LIT|1790692910071,50,1790692910071,LIT,LONG,10432.0,4.545698964723926380368098160,4.5513,585.0,2662.51050,0.05607745398773006134969325153,0.001232161504652956471890450,profit,11017.0,PROFIT_PYRAMIDING,507efd21ae91afeac8d7
A03,A03|NEAR|1790707401786,1,1790707401786,NEAR,LONG,139.0,5.1101,5.1113,78.3,400.21479,0.5633093525179856115107913669,0.000234829064010489031525802,neutral,217.3,NONE,c4bd6b9e4381012a2838
A03,A03|NEAR|1790707401786,2,1790707401786,NEAR,LONG,217.3,5.110532397606994937873907041,5.1114,385.7,1971.46698,1.774965485503911642890013806,0.000169767516474666446181108,neutral,603.0,NONE,cef0ec9bf679fdffca5f
A03,A03|NEAR|1790707401786,3,1790707401786,NEAR,LONG,603.0,5.111087346600331674958540630,5.1114,155.0,792.26700,0.2570480928689883913764510779,0.000061171601748557124212716,neutral,758.0,NONE,4ddaff373317129272af
A03,A03|NEAR|1790707401786,4,1790707401786,NEAR,LONG,758.0,5.111151279683377308707124011,5.1114,78.3,400.22262,0.1032981530343007915567282322,0.000048662288203314318165005,neutral,836.3,NONE,f46182c67a81b01fd5a4
A03,A03|NEAR|1790707401786,5,1790707401786,NEAR,LONG,836.3,5.111174566543106540715054406,5.1114,19.5,99.67230,0.02331699151022360396986727251,0.000044105998329446419609552,noise,855.8,NONE,cf0b1a57f4050686042a
A03,A03|NEAR|1790707401786,6,1790707401786,NEAR,LONG,855.8,5.111179703201682636129936901,5.1116,19.5,99.67620,0.02278569759289553634026641739,0.000082230878725333545501148,noise,875.3,NONE,ffff70e9a44455e64843
A03,A03|NEAR|1790707401786,7,1790707401786,NEAR,LONG,875.3,5.111189066605735176510910545,5.1118,391.2,1999.73616,0.4469324802924711527476293842,0.000119528623634056896997278,neutral,1266.5,NONE,653e995a6d5d725b3a61
A03,A03|NEAR|1790707401786,8,1790707401786,NEAR,LONG,1266.5,5.111377773391235688906435057,5.1121,39.1,199.88311,0.03087248322147651006711409396,0.000141297834122938801238722,noise,1305.6,NONE,d6e646c7a01f92ec08bb
A03,A03|NEAR|1790707401786,9,1790707401786,NEAR,LONG,1305.6,5.111399402573529411764705882,5.1129,97.7,499.53033,0.07483149509803921568627450980,0.000293578589400596459123756,neutral,1403.3,NONE,587b8f017304443d2ea7
A03,A03|NEAR|1790707401786,10,1790707401786,NEAR,LONG,1403.3,5.111503876576640775315328155,5.113,97.7,499.5401,0.06962160621392432124278486425,0.000292697307775736778524422,neutral,1501.0,NONE,164b5b3210c99e6377b1
A03,A03|NEAR|1790707401786,11,1790707401786,NEAR,LONG,1501.0,5.111601259160559626915389740,5.1133,97.7,499.56941,0.06508994003997335109926715523,0.000332330468147537919806251,neutral,1598.7,NONE,74fa438fb6290c150f87
A03,A03|NEAR|1790707401786,12,1790707401786,NEAR,LONG,1598.7,5.111705072871708262963657972,5.1133,250.0,1278.32500,0.1563770563582911115281165947,0.000312014700682980100458844,neutral,1848.7,NONE,79c9e51111c1e9104745
A03,A03|NEAR|1790707401786,13,1790707401786,NEAR,LONG,1848.7,5.111920755125223129766863201,5.1135,78.2,399.87570,0.04229999459079353058906258452,0.000308933755123945496574809,noise,1926.9,NONE,aaa3355e2dcafa339c09
A03,A03|NEAR|1790707401786,14,1790707401786,NEAR,LONG,1926.9,5.111984846125901707405677513,5.1135,97.7,499.58895,0.05070320203435570086667704603,0.000296392481532206849354063,neutral,2024.6,NONE,96bebf69f9f30ef0ebe2
A03,A03|NEAR|1790707401786,15,1790707401786,NEAR,LONG,2024.6,5.112057962066581053047515559,5.1135,300.0,1534.05000,0.1481774177615331423491059962,0.000282085599208658854451304,neutral,2324.6,NONE,bbb63bf8c23d5e68afe9
A03,A03|NEAR|1790707401786,16,1790707401786,NEAR,LONG,2324.6,5.112244063494794803407037770,5.1136,97.7,499.59872,0.04202873612664544437752731653,0.000265233132136156508357588,noise,2422.3,NONE,a43425fed5196010c5fd
A03,A03|NEAR|1790707401786,17,1790707401786,NEAR,LONG,2422.3,5.112298753251042397721174091,5.1137,58.7,300.17419,0.02423316682491846592081905627,0.000274093283000433688438280,noise,2481.0,NONE,18ef8d438fb66d6b9233
A03,A03|NEAR|1790707401786,18,1790707401786,NEAR,LONG,2481.0,5.112331906489318823055219669,5.1137,97.7,499.60849,0.03937928254735993550987505038,0.000267606551316551398814490,noise,2578.7,NONE,535c83956c1841c4c2f0
A03,A03|NEAR|1790707401786,19,1790707401786,NEAR,LONG,2578.7,5.112383739868926203125605925,5.1137,79.2,405.00504,0.03071315003684026835227052391,0.000257465049192012295218302,noise,2657.9,NONE,515ef1d0870bc5775d7d
A03,A03|NEAR|1790707401786,20,1790707401786,NEAR,LONG,2657.9,5.112422961736709432258549983,5.1138,97.7,499.61826,0.03675834305278603408706121374,0.000269351396313810199866525,noise,2755.6,NONE,cb78a1bcc77bc07a95b8
A03,A03|NEAR|1790707401786,21,1790707401786,NEAR,LONG,2755.6,5.112471784729278560023225432,5.1138,484.2,2476.10196,0.1757149078240673537523588329,0.000259799041764642843396285,neutral,3239.8,NONE,e686e5271b780ae7760f
A03,A03|NEAR|1790707401786,22,1790707401786,NEAR,LONG,3239.8,5.112670291376010864868201741,5.1139,97.7,499.62803,0.03015618248040002469288227668,0.000240521792704566233978526,noise,3337.5,NONE,e0bab344d53d6c8473f3
A03,A03|NEAR|1790707401786,23,1790707401786,NEAR,LONG,3337.5,5.112706289138576779026217228,5.1139,78.2,399.90698,0.02343071161048689138576779026,0.000233479256173807204298954,noise,3415.7,NONE,45b7b76178bc99e5dce4
A03,A03|NEAR|1790707401786,24,1790707401786,NEAR,LONG,3415.7,5.112733618292004567145826624,5.1139,369.1,1887.54049,0.1080598413209591006235910648,0.000228132696728503226473662,neutral,3784.8,NONE,5bcf69dba3838d13a6b6
A03,A03|NEAR|1790707401786,25,1790707401786,NEAR,LONG,3784.8,5.112847365778905094060452336,5.114,97.7,499.6378,0.02581378144155569647009088988,0.000225438809069417722147192,noise,3882.5,NONE,d5c4adf16ccc995ae9bf
A03,A03|NEAR|1790707401786,26,1790707401786,NEAR,LONG,3882.5,5.112876370895041854475209272,5.1141,97.7,499.64757,0.02516419832582099162910495815,0.000239323037796030532461932,noise,3980.2,NONE,6bc0563ef01de248dc02
A03,A03|NEAR|1790707401786,27,1790707401786,NEAR,LONG,3980.2,5.112906406713230490930104015,5.1141,592.1,3028.05861,0.1487613687754384201798904578,0.000233447122208676601446256,neutral,4572.3,NONE,6645d56ad2ee361594d3
A03,A03|NEAR|1790707401786,28,1790707401786,NEAR,LONG,4572.3,5.113060973689390459943573256,5.1142,97.7,499.65734,0.02136780176278896835290772696,0.000222767988973865485340721,noise,4670.0,NONE,ad20c8eb30d8e022bcaa
A03,A03|NEAR|1790707401786,29,1790707401786,NEAR,LONG,4670.0,5.113084802997858672376873662,5.1143,97.7,499.66711,0.02092077087794432548179871520,0.000237664159496991730210522,noise,4767.7,NONE,b586d6c527463c6f8115
A03,A03|NEAR|1790707401786,30,1790707401786,NEAR,LONG,4767.7,5.113109704889149904566143004,5.1144,592.1,3028.23624,0.1241898609392369486335130147,0.000252350367060639567507272,neutral,5359.8,NONE,445f887aa22a3abb9e2a
A03,A03|NEAR|1790707401786,31,1790707401786,NEAR,LONG,5359.8,5.113252244486734579648494347,5.1144,222.5,1137.95400,0.04151274301279898503675510280,0.000224466828231086301992647,noise,5582.3,NONE,a46e693f44e41146217f
A03,A03|NEAR|1790707401786,32,1790707401786,NEAR,LONG,5582.3,5.113297991867151532522436988,5.1144,97.7,499.67688,0.01750174659190656181143972914,0.000215518073580151853459952,noise,5680.0,NONE,5b61ad515d0112697136
A03,A03|NEAR|1790707401786,33,1790707401786,NEAR,LONG,5680.0,5.113316947183098591549295775,5.1145,467.9,2393.07455,0.08237676056338028169014084507,0.000231367002890979892614880,neutral,6147.9,NONE,77f133142fecd33dc4c2
A03,A03|NEAR|1790707401786,34,1790707401786,NEAR,LONG,6147.9,5.113406986125343613266318580,5.1145,97.7,499.68665,0.01589160526358593991444232990,0.000213754523671234717034989,noise,6245.6,NONE,ea9b2db28ed8717e04c5
A03,A03|NEAR|1790707401786,35,1790707401786,NEAR,LONG,6245.6,5.113424084155245292686050980,5.1146,97.7,499.69642,0.01564301268092737287050083259,0.000229966422773043384707001,noise,6343.3,NONE,60720c9d82ea025b5721
A03,A03|NEAR|1790707401786,36,1790707401786,NEAR,LONG,6343.3,5.113442195702552299276401873,5.1147,592.1,3028.41387,0.09334258193684675169076032980,0.000245979958178619234084023,neutral,6935.4,NONE,c24ba5120d7c74439692
A03,A03|NEAR|1790707401786,37,1790707401786,NEAR,LONG,6935.4,5.113549578971652680451019408,5.1147,57.7,295.11819,0.008319635493266430198690774865,0.000224975041422923297400252,noise,6993.1,NONE,8da40fe8e43b01a791f6
A03,A03|NEAR|1790707401786,38,1790707401786,NEAR,LONG,6993.1,5.113559071084354578084111481,5.1147,97.7,499.70619,0.01397091418684131501051036021,0.000223118360379766278979564,noise,7090.8,NONE,4eff8be957e298f8d2b4
A03,A03|NEAR|1790707401786,39,1790707401786,NEAR,LONG,7090.8,5.113574791278840187284932589,5.1148,97.7,499.71596,0.01377841710385287978789417273,0.000239599257108627046448906,noise,7188.5,NONE,f93c1ffbe59c111e7e12
A03,A03|NEAR|1790707401786,40,1790707401786,NEAR,LONG,7188.5,5.113591443277457049453989010,5.1151,592.1,3028.65071,0.08236767058496209223064617097,0.000295009239450711853217432,neutral,7780.6,NONE,d6cbe76dc7845bd9a532
A03,A03|NEAR|1790707401786,41,1790707401786,NEAR,LONG,7780.6,5.113706243734416368917564198,5.1154,222.4,1137.66496,0.02858391383697915327866745495,0.000331218921239152314166778,noise,8003.0,NONE,f25bf48dc5fba1fc7aee
A03,A03|NEAR|1790707401786,42,1790707401786,NEAR,LONG,8003.0,5.113753312507809571410720980,5.1154,20.4,104.35416,0.002549044108459327752092965138,0.000322011522957661993652418,noise,8023.4,NONE,5760293e219f40f30161
A03,A03|NEAR|1790707401786,43,1790707401786,NEAR,LONG,8023.4,5.113757499314505072662462298,5.1154,20.9,106.91186,0.002604880723882643268439813545,0.000321192525401351781815830,noise,8044.3,NONE,34da30a64477a0c68bec
A03,A03|NEAR|1790707401786,44,1790707401786,NEAR,LONG,8044.3,5.113761766716805688499931629,5.1156,590.2,3019.22712,0.07336872070907350546349589150,0.000359467915607362076187849,neutral,8634.5,NONE,7abaa22defb8af248e30
A03,A03|NEAR|1790707401786,45,1790707401786,NEAR,LONG,8634.5,5.113887416758353118304476229,5.1159,573.0,2931.41070,0.06636168857490300538537263304,0.000393552512527278117229507,neutral,9207.5,NONE,17d147d879e961c6ed92
A03,A03|NEAR|1790707401786,46,1790707401786,NEAR,LONG,9207.5,5.114012663589465109964702688,5.1161,58.7,300.31507,0.006375237578061363019277762693,0.000408160195886142615237023,noise,9266.2,NONE,84b65e8eae8c6fc6d42e
A03,A03|NEAR|1790707401786,47,1790707401786,NEAR,LONG,9266.2,5.114025886555438043642485593,5.1162,573.0,2931.58260,0.06183764650018346247652759491,0.000425127579091378953314400,neutral,9839.2,NONE,1354f34d59ad21217a13
A03,A03|NEAR|1790707401786,48,1790707401786,NEAR,LONG,9839.2,5.114152499186925766322465241,5.1163,782.0,4000.94660,0.07947800634197902268477111960,0.000419913331371259341142140,neutral,10621.2,NONE,21486f23546fa5a39738
A03,A03|NEAR|1790707401786,49,1790707401786,NEAR,LONG,10621.2,5.114310611795277369788724438,5.1163,78.2,400.09466,0.007362633224117802131585884834,0.000388984626810590785288028,noise,10699.4,NONE,639aaffee32db9bd0120
A03,A03|NEAR|1790707401786,50,1790707401786,NEAR,LONG,10699.4,5.114325151877675383666373815,5.1165,18.9,96.70185,0.001766454193693104286221657289,0.000425246353671146959309771,noise,10718.3,NONE,0b3fdd5836fa29c5b58d
A03,A03|NEAR|1790707401786,51,1790707401786,NEAR,LONG,10718.3,5.114328986872918279951111650,5.1165,592.1,3029.47965,0.05524196934215313995689614958,0.000424496181738428661202169,neutral,11310.4,NONE,ac79add645d676580c57
A03,A03|NEAR|1790707401786,52,1790707401786,NEAR,LONG,11310.4,5.114442639517612109209223370,5.1167,9.7,49.63199,0.0008576177677182062526524260857,0.000441369791684828091775459,noise,11320.1,NONE,3d5789181cff2fd735d7
A03,A03|NEAR|1790707401786,53,1790707401786,NEAR,LONG,11320.1,5.114444573811185413556417346,5.117,432.9,2215.1493,0.03824171164565684048727484740,0.000499648818544206483490401,noise,11753.0,NONE,dabab5afe9fc6af7e63a
A03,A03|NEAR|1790707401786,54,1790707401786,NEAR,LONG,11753.0,5.114538698204713690121671063,5.1172,592.1,3029.89412,0.05037862673359993193227261125,0.000520340533589172003871310,profit,12345.1,PROFIT_PYRAMIDING,a00beb25d1f9fa0dc943
A03,A03|NEAR|1790707401786,55,1790707401786,NEAR,LONG,12345.1,5.114666340491369045208220266,5.1175,781.9,4001.37325,0.06333687049922641371880341188,0.000554026268770979776771414,profit,13127.0,PROFIT_PYRAMIDING,3fc85f343810e40e0dd3
A03,A03|NEAR|1790707401786,56,1790707401786,NEAR,LONG,13127.0,5.114835125314237830425839873,5.1175,592.1,3030.07175,0.04510550773215510017521139636,0.000521008912403300363253447,noise,13719.1,NONE,61817c594a6b89c1dc0a
A03,A03|NEAR|1790707401786,57,1790707401786,NEAR,LONG,13719.1,5.114950138128594441326326072,5.1179,133.3,682.21607,0.009716380812152400667682282365,0.000576713710152573240257777,noise,13852.4,NONE,298fe460d6f1b0d0e2a0
A03,A03|NEAR|1790707401786,58,1790707401786,NEAR,LONG,13852.4,5.114978524299038433773208975,5.118,592.1,3030.3678,0.04274349571193439404002194566,0.000590711317087227097752943,noise,14444.5,NONE,4eaf578d71e3fb45f156
A03,A03|NEAR|1790707401786,59,1790707401786,NEAR,LONG,14444.5,5.115102378760081691993492333,5.1182,58.7,300.43834,0.004063830523728754889404271522,0.000605583429332881111866010,noise,14503.2,NONE,008796c516a1d85e18f6
A03,A03|NEAR|1790707401786,60,1790707401786,NEAR,LONG,14503.2,5.115114916018533840807545921,5.1182,592.1,3030.48622,0.04082547299906227591152297424,0.000603130923179240038003824,noise,15095.3,NONE,ed0c93382911d1c82317
A03,A03|NEAR|1790707401786,61,1790707401786,NEAR,LONG,15095.3,5.115235925751724046557537777,5.1183,118.6,607.03038,0.007856750114273979318065888058,0.000599009369802559731410309,noise,15213.9,NONE,43207adfdf810bfb249f
A03,A03|NEAR|1790707401786,62,1790707401786,NEAR,LONG,15213.9,5.115259811751096037176529359,5.1185,400.1,2047.91185,0.02629831930011371180302223624,0.000633435713560511417238989,noise,15614.0,NONE,115f9df79287e8744562
A03,A03|NEAR|1790707401786,63,1790707401786,NEAR,LONG,15614.0,5.115342839759190470090944025,5.1186,54.1,276.91626,0.003464839246829768156782374792,0.000636743292256607332684085,noise,15668.1,NONE,2da7dc910e789eec87b5
A03,A03|LIT|1790743373804,1,1790743373804,LIT,LONG,328.0,3.8121,3.8123,150.0,571.84500,0.4573170731707317073170731707,0.000052464520867763175152803,neutral,478.0,NONE,2d882d4cc6c14b740953
A03,A03|LIT|1790743373804,2,1790743373804,LIT,LONG,478.0,3.812162761506276150627615063,3.8126,99.0,377.44740,0.2071129707112970711297071130,0.000114695652068928464925466,neutral,577.0,NONE,dc4a73d511f9fb2eed0d
A03,A03|LIT|1790743373804,3,1790743373804,LIT,LONG,577.0,3.812237781629116117850953206,3.814,200.0,762.8000,0.3466204506065857885615251300,0.000462253005144610451827763,neutral,777.0,NONE,5b897e224718d8681c4b
A03,A03|LIT|1790743373804,4,1790743373804,LIT,LONG,777.0,3.812691377091377091377091377,3.8142,73.0,278.43660,0.09395109395109395109395109395,0.000395684507192870576667806,neutral,850.0,NONE,e0d19aa3bad2c888dc17
A03,A03|LIT|1790743373804,5,1790743373804,LIT,LONG,850.0,3.812820941176470588235294118,3.8143,390.0,1487.57700,0.4588235294117647058823529412,0.000387917199980820129533242,neutral,1240.0,NONE,a9b072f6e0283c1b1b38
A03,A03|LIT|1790743373804,6,1790743373804,LIT,LONG,1240.0,3.813286129032258064516129032,3.8145,13.0,49.58850,0.01048387096774193548387096774,0.000318326746713337670743217,noise,1253.0,NONE,318e8e1aa6a4b65141d4
A03,A03|LIT|1790743373804,7,1790743373804,LIT,LONG,1253.0,3.813298723064644852354349561,3.8147,13.0,49.59110,0.01037509976057462090981644054,0.000367471063014171453107371,noise,1266.0,NONE,a4d6167413d5c197f9b6
A03,A03|LIT|1790743373804,8,1790743373804,LIT,LONG,1266.0,3.813313112164296998420221169,3.8151,100.0,381.51000,0.07898894154818325434439178515,0.000468591952232537606668779,neutral,1366.0,NONE,a2d63582a302629b2c17
A03,A03|LIT|1790743373804,9,1790743373804,LIT,LONG,1366.0,3.813443923865300146412884334,3.8151,13.0,49.59630,0.009516837481698389458272327965,0.000434273105298807616822383,noise,1379.0,NONE,7184d7405aac6e54b37f
A03,A03|LIT|1790743373804,10,1790743373804,LIT,LONG,1379.0,3.813459535895576504713560551,3.8151,230.0,877.47300,0.1667875271936185641769398115,0.000430177399021027901117463,neutral,1609.0,NONE,1c33febd4843241ad33a
A03,A03|LIT|1790743373804,11,1790743373804,LIT,LONG,1609.0,3.813694033561218147917961467,3.8152,13.0,49.59760,0.008079552517091361093847110006,0.000394883917149374542237529,noise,1622.0,NONE,ffed1642ef773c7a21b7
A03,A03|LIT|1790743373804,12,1790743373804,LIT,LONG,1622.0,3.813706103575832305795314427,3.8155,13.0,49.60150,0.008014796547472256473489519112,0.000470381402092229705650072,noise,1635.0,NONE,2f0673f08bad3b773cc3
A03,A03|LIT|1790743373804,13,1790743373804,LIT,LONG,1635.0,3.813720366972477064220183487,3.816,353.0,1347.0480,0.2159021406727828746177370031,0.000597745195810626008189840,profit,1988.0,PROFIT_PYRAMIDING,224550ccef33ffd145ec
A03,A03|LIT|1790743373804,14,1790743373804,LIT,LONG,1988.0,3.814125150905432595573440644,3.8172,89.0,339.73080,0.04476861167002012072434607646,0.000806174148175884599668225,noise,2077.0,NONE,cc7608e7c4aa8c301537
A03,A03|LIT|1790743373804,15,1790743373804,LIT,LONG,2077.0,3.814256909003370245546461242,3.8174,38.0,145.06120,0.01829561868078960038517091960,0.000824037570518818255245795,noise,2115.0,NONE,090d15e9b51bab532da9
A03,A03|LIT|1790743373804,16,1790743373804,LIT,LONG,2115.0,3.814313380614657210401891253,3.8175,852.0,3252.51000,0.4028368794326241134751773050,0.000835437224832659681472529,profit,2967.0,PROFIT_PYRAMIDING,47af0af499b9000b648a
A03,A03|LIT|1790743373804,17,1790743373804,LIT,LONG,2967.0,3.815228446241995281429052915,3.8176,3.0,11.45280,0.001011122345803842264914054601,0.000621602032858793015003786,noise,2970.0,NONE,a8fe690b067856a379f4
A03,A03|LIT|1790743373804,18,1790743373804,LIT,LONG,2970.0,3.815230841750841750841750842,3.8179,38.0,145.08020,0.01279461279461279461279461279,0.000699605963536756750517128,noise,3008.0,NONE,e1ff9bb694b27b7843b3
A03,A03|LIT|1790743373804,19,1790743373804,LIT,LONG,3008.0,3.815264561170212765957446809,3.8183,50.0,190.91500,0.01662234042553191489361702128,0.000795603759875621408048043,noise,3058.0,NONE,ff320bdc343defea1440
A03,A03|LIT|1790743373804,20,1790743373804,LIT,LONG,3058.0,3.815314192282537606278613473,3.8185,34.0,129.82900,0.01111837802485284499672988882,0.000835005338199018056624028,noise,3092.0,NONE,2424870175f680c27fad
A03,A03|LIT|1790743373804,21,1790743373804,LIT,LONG,3092.0,3.815349223803363518758085382,3.8188,10.0,38.18800,0.003234152652005174644243208279,0.000904445699258047331420665,noise,3102.0,NONE,d224ec1dd1c5cedc6102
A03,A03|LIT|1790743373804,22,1790743373804,LIT,LONG,3102.0,3.815360348162475822050290135,3.8188,435.0,1661.17800,0.1402321083172147001934235977,0.000901527385003294988044103,profit,3537.0,PROFIT_PYRAMIDING,6b5140bffd1cdd52710d
A03,A03|LIT|1790743373804,23,1790743373804,LIT,LONG,3537.0,3.815783375742154368108566582,3.8189,38.0,145.11820,0.01074356799547639242295730845,0.000816771800427339807254747,noise,3575.0,NONE,809bcd9cd8885da6cccc
A03,A03|LIT|1790743373804,24,1790743373804,LIT,LONG,3575.0,3.815816503496503496503496503,3.819,8.0,30.5520,0.002237762237762237762237762238,0.000834289725561857220854179,noise,3583.0,NONE,0e3710e3b20feb89487e
A03,A03|LIT|1790743373804,25,1790743373804,LIT,LONG,3583.0,3.815823611498744069215740999,3.819,353.0,1348.1070,0.09852079263187273234719508792,0.000832425401342998176724330,profit,3936.0,PROFIT_PYRAMIDING,d86ae89ea1e35d1ea4f9
A03,A03|LIT|1790743373804,26,1790743373804,LIT,LONG,3936.0,3.816108485772357723577235772,3.8191,852.0,3253.87320,0.2164634146341463414634146341,0.000783917500981844253369945,profit,4788.0,PROFIT_PYRAMIDING,fbd12e54c1509f4e925a
A03,A03|LIT|1790743373804,27,1790743373804,LIT,LONG,4788.0,3.816640810359231411862990810,3.8193,299.0,1141.97070,0.06244778613199665831244778613,0.000696735630335173933443487,profit,5087.0,PROFIT_PYRAMIDING,ece0ba03a4d5fae4a69b
A03,A03|LIT|1790743373804,28,1790743373804,LIT,LONG,5087.0,3.816797110281108708472577157,3.8195,38.0,145.14100,0.007470021623746805582858266169,0.000708156509448893018485653,noise,5125.0,NONE,ef9ae333d55ca99ad2b8
A03,A03|LIT|1790743373804,29,1790743373804,LIT,LONG,5125.0,3.816817151219512195121951220,3.82,38.0,145.160,0.007414634146341463414634146341,0.000833901299010577982332044,noise,5163.0,NONE,0cd1525ef78e7a15b399
A03,A03|LIT|1790743373804,30,1790743373804,LIT,LONG,5163.0,3.816840577183807863645167538,3.8201,32.0,122.24320,0.006197946930079411195041642456,0.000853958332888256783490563,noise,5195.0,NONE,666c9a6b1a9b4117fba1
A03,A03|LIT|1790743373804,31,1790743373804,LIT,LONG,5195.0,3.816860654475457170356111646,3.8205,89.0,340.02450,0.01713185755534167468719923003,0.000953491849453691139962032,noise,5284.0,NONE,754cce457406986909c1
A03,A03|LIT|1790743373804,32,1790743373804,LIT,LONG,5284.0,3.816921953065859197577592733,3.8206,38.0,145.18280,0.007191521574564723694171082513,0.000963615965787954231226461,noise,5322.0,NONE,232488fdf0bec86d3122
A03,A03|LIT|1790743373804,33,1790743373804,LIT,LONG,5322.0,3.816948214956783164223975949,3.8207,852.0,3255.23640,0.1600901916572717023675310034,0.000982927939267133811862581,profit,6174.0,PROFIT_PYRAMIDING,5400e2f3945aa8885d7c
A03,A03|LIT|1790743373804,34,1790743373804,LIT,LONG,6174.0,3.817465954000647878198898607,3.8208,353.0,1348.74240,0.05717525105280207321023647554,0.000873366269542781616156806,profit,6527.0,PROFIT_PYRAMIDING,34571dbca6570780c743
A03,A03|LIT|1790743373804,35,1790743373804,LIT,LONG,6527.0,3.817646269342730197640569940,3.8209,13.0,49.67170,0.001991726673816454726520606711,0.000852287097261628938555563,noise,6540.0,NONE,6be648636172b7596488
A03,A03|LIT|1790743373804,36,1790743373804,LIT,LONG,6540.0,3.817652737003058103975535168,3.8211,10.0,38.21100,0.001529051987767584097859327217,0.000902979719325669672242726,noise,6550.0,NONE,b756ef8e60b3312cc11a
A03,A03|LIT|1790743373804,37,1790743373804,LIT,LONG,6550.0,3.8176580000000000000000,3.8211,37.0,141.38070,0.005648854961832061068702290076,0.000901599881393252093299085,noise,6587.0,NONE,68a3e2b36551615064c3
A03,A03|LIT|1790743373804,38,1790743373804,LIT,LONG,6587.0,3.817677334143008957036587217,3.8213,2642.0,10095.87460,0.4010930620919993927432822226,0.000948918816315904782847489,profit,9229.0,PROFIT_PYRAMIDING,7560d78967217124975b
A03,A03|LIT|1790743373804,39,1790743373804,LIT,LONG,9229.0,3.818714400260049842886553256,3.8216,14.0,53.50240,0.001516957416838227326904323329,0.000755646910843516145906114,noise,9243.0,NONE,71a69b0a73ea27d22de5
A03,A03|LIT|1790743373804,40,1790743373804,LIT,LONG,9243.0,3.818718770961808936492480796,3.8217,8.0,30.57360,0.0008655198528616250135237477010,0.000780688292853833415660857,noise,9251.0,NONE,e3b9e0f7d4a2c8168ed8
A03,A03|LIT|1790743373804,41,1790743373804,LIT,LONG,9251.0,3.818721349043346665225381040,3.8219,746.0,2851.13740,0.08063993081828991460382661334,0.000832386201064301224724737,profit,9997.0,PROFIT_PYRAMIDING,2ee7bddc78dd3430d22e
A03,A03|LIT|1790743373804,42,1790743373804,LIT,LONG,9997.0,3.818958547564269280784235271,3.822,38.0,145.2360,0.003801140342102630789236771031,0.000796408863267331547518544,noise,10035.0,NONE,0c0b610b37f6ed183229
A03,A03|LIT|1790743373804,43,1790743373804,LIT,LONG,10035.0,3.818970064773293472845042352,3.8222,38.0,145.24360,0.003786746387643248629795714998,0.000845760812974130147226165,noise,10073.0,NONE,291b49d5fc0d57b29b8d
A03,A03|LIT|1790743373804,44,1790743373804,LIT,LONG,10073.0,3.818982249578080015884046461,3.8223,351.0,1341.62730,0.03484562692345875111684701678,0.000868752511820794181994866,noise,10424.0,NONE,86709811146c03d2746b
A03,A03|LIT|1790743373804,45,1790743373804,LIT,LONG,10424.0,3.819093965848042977743668457,3.8224,353.0,1349.30720,0.03386415963161933998465080583,0.000865659285034875013487423,noise,10777.0,NONE,db912a3b7e9afa5806cc
A03,A03|LIT|1790743373804,46,1790743373804,LIT,LONG,10777.0,3.819202254801892920107636634,3.8224,762.0,2912.66880,0.07070613343230954811171940243,0.000837280925378211259864167,profit,11539.0,PROFIT_PYRAMIDING,7c5f4e15ebe236d7050a
A03,A03|LIT|1790743373804,47,1790743373804,LIT,LONG,11539.0,3.819413424040211456798682728,3.8225,735.0,2809.53750,0.06369702747205130427246728486,0.000808128269215625814465880,profit,12274.0,PROFIT_PYRAMIDING,ac72bbc14e63414dd693
A03,A03|LIT|1790743373804,48,1790743373804,LIT,LONG,12274.0,3.819598256477106077888219000,3.8226,881.0,3367.71060,0.07177774156754114388137526479,0.000785879383467540854757786,profit,13155.0,PROFIT_PYRAMIDING,bca1ed694db02b344f89
A03,A03|LIT|1790743373804,49,1790743373804,LIT,LONG,13155.0,3.819799285442797415431394908,3.8227,365.0,1395.28550,0.02774610414291144051691372102,0.000759389261173268418592107,noise,13520.0,NONE,915f951cff4fc24de2d2
A03,A03|LIT|1790743373804,50,1790743373804,LIT,LONG,13520.0,3.819877596153846153846153847,3.8234,10.0,38.23400,0.0007396449704142011834319526627,0.000922124795229166500426778,noise,13530.0,NONE,4a6573d92ec2219539cb
A03,A03|LIT|1790743373804,51,1790743373804,LIT,LONG,13530.0,3.819880199556541019955654103,3.8235,34.0,129.99900,0.002512934220251293422025129342,0.000947621457835041865843217,noise,13564.0,NONE,2ca4f490b276da6d106d
A03,A03|LIT|1790743373804,52,1790743373804,LIT,LONG,13564.0,3.819889273075788852845768211,3.8236,37.0,141.47320,0.002727808905927455028015334710,0.000971422640537236364724613,noise,13601.0,NONE,d189d8c77fe57079efb9
A03,A03|LIT|1790743373804,53,1790743373804,LIT,LONG,13601.0,3.819899367693551944709947799,3.8236,162.0,619.42320,0.01191088890522755679729431659,0.000968777433705665947433459,noise,13763.0,NONE,1f3e8057b381fcf8cf2b
A03,A03|LIT|1790743373804,54,1790743373804,LIT,LONG,13763.0,3.819942926687495458838915935,3.8237,178.0,680.61860,0.01293322676741989391847707622,0.000983541739918749948703134,noise,13941.0,NONE,1acd7625c537778ea3b9
A03,A03|LIT|1790743373804,55,1790743373804,LIT,LONG,13941.0,3.819990897353131052291801163,3.8237,299.0,1143.28630,0.02144752887167348109891686393,0.000970971593005360894140216,noise,14240.0,NONE,067af3c1800b0acdddbe
A03,A03|LIT|1790743373804,56,1790743373804,LIT,LONG,14240.0,3.820068778089887640449438203,3.8239,38.0,145.30820,0.002668539325842696629213483146,0.001002919615501804840217430,noise,14278.0,NONE,6b26f83a12a5a721c65f
A03,A03|LIT|1790743373804,57,1790743373804,LIT,LONG,14278.0,3.820078974646309006863706402,3.824,89.0,340.3360,0.006233366017649530746603165709,0.001026425207362114938282298,noise,14367.0,NONE,fec256795e13418d963f
A03,A03|LIT|1790743373804,58,1790743373804,LIT,LONG,14367.0,3.820103264425419363819864969,3.824,353.0,1349.8720,0.02457019558710934781095566228,0.001020060271896011968174667,noise,14720.0,NONE,3a672cd8420f9a7065c2
A03,A03|LIT|1790743373804,59,1790743373804,LIT,LONG,14720.0,3.820196711956521739130434783,3.8241,852.0,3258.13320,0.05788043478260869565217391304,0.001021750537416483909579007,profit,15572.0,PROFIT_PYRAMIDING,12b96f5af808059974e7
A03,A03|LIT|1790743373804,60,1790743373804,LIT,LONG,15572.0,3.820410274852298998201900848,3.8243,702.0,2684.65860,0.04508091446185461083996917544,0.001018143306048820262995600,noise,16274.0,NONE,16e46eb9638b80ba022e
A03,A03|LIT|1790743373804,61,1790743373804,LIT,LONG,16274.0,3.820578063168243824505345951,3.8244,8.0,30.59520,0.0004915816640039326533120314612,0.001000355644765128788081316,noise,16282.0,NONE,0f3537cdfd6058989cef
A03,A03|LIT|1790743373804,62,1790743373804,LIT,LONG,16282.0,3.820579941039184375383859477,3.8246,709.0,2711.64140,0.04354501903943004544896204397,0.001052211712058086826832331,noise,16991.0,NONE,4f8969a2a827482ab088
A03,A03|LIT|1790743373804,63,1790743373804,LIT,LONG,16991.0,3.820747689953504796657053734,3.8247,14.0,53.54580,0.0008239656288623388852922135248,0.001034433667757658068929814,noise,17005.0,NONE,55fe1dea8c1cbf58e176
A03,A03|LIT|1790743373804,64,1790743373804,LIT,LONG,17005.0,3.820750943840047044986768597,3.8251,1336.0,5110.33360,0.07856512790355777712437518377,0.001138272612865452734746446,profit,18341.0,PROFIT_PYRAMIDING,62b1b7d97ff9f3c6008d
A03,A03|LIT|1790743373804,65,1790743533056,LIT,LONG,18341.0,3.821067738945531868491358159,3.8141,9.0,34.32690,0.0004907038874652418079712120386,-0.0018235057375493419489148082,noise,18350.0,NONE,a6c4e5ac2964ab903df2
A03,A03|LIT|1790743373804,66,1790743533326,LIT,LONG,18350.0,3.821064321525885558583106266,3.8141,75.0,286.05750,0.004087193460490463215258855586,-0.0018226130051389607908193937,noise,18425.0,NONE,047aac5940360bf451b1
A03,A03|LIT|1790743373804,67,1790743533459,LIT,LONG,18425.0,3.821035972862957937584803255,3.8141,13.0,49.58330,0.0007055630936227951153324287653,-0.0018152074233839455543422507,noise,18438.0,NONE,4d4ca00e5ad82bcf1b9d
A03,A03|LIT|1790743373804,68,1790743533729,LIT,LONG,18438.0,3.821031082546913981993708644,3.8141,13.0,49.58330,0.0007050656253389738583360451242,-0.0018139299045675541999017256,noise,18451.0,NONE,102739e3128fb3fb2d28
A03,A03|LIT|1790743373804,69,1790743534039,LIT,LONG,18451.0,3.821026199121998807652701749,3.8141,38.0,144.93580,0.002059508969703539103571622134,-0.0018126541826879701024858464,noise,18489.0,NONE,05f42d9f61a84ca4ed79
A03,A03|LIT|1790743373804,70,1790743534334,LIT,LONG,18489.0,3.821011963870409432635621179,3.8141,38.0,144.93580,0.002055276110119530531667477960,-0.0018089354170480303690150792,noise,18527.0,NONE,a15281c603ab5b9a1221
A03,A03|LIT|1790743373804,71,1790743534334,LIT,LONG,18527.0,3.820997787013547795109839692,3.8141,38.0,144.93580,0.002051060614238678685162195714,-0.0018052318786970651020220947,noise,18565.0,NONE,0671ad23ff0b6947580d
A03,A03|LIT|1790743373804,72,1790743534334,LIT,LONG,18565.0,3.820983668192835981685968218,3.8141,38.0,144.93580,0.002046862375437651494748182063,-0.0018015434742990320683966384,noise,18603.0,NONE,c8a4c3396ddf8aa8e7b6
A03,A03|LIT|1790743373804,73,1790743534334,LIT,LONG,18603.0,3.820969607052625920550448851,3.8141,38.0,144.93580,0.002042681287964306832231360533,-0.0017978701112791410855136510,noise,18641.0,NONE,a8a843c721e911ebbadf
A03,A03|LIT|1790743373804,74,1790743534334,LIT,LONG,18641.0,3.820955603240169518802639342,3.8141,76.0,289.87160,0.004077034493857625663859235020,-0.0017942116978161088155791327,noise,18717.0,NONE,b542573203eeb56ecdc7
A03,A03|LIT|1790743373804,75,1790743534334,LIT,LONG,18717.0,3.820927766201848586846182613,3.8141,38.0,144.93580,0.002030239888871079767056686435,-0.0017869393559972093077236019,noise,18755.0,NONE,fe7b2005a389370d12c4
A03,A03|LIT|1790743373804,76,1790743534334,LIT,LONG,18755.0,3.820913932284724073580378564,3.8141,76.0,289.87160,0.004052252732604638762996534258,-0.0017833252476979159423094997,noise,18831.0,NONE,fda700aa28a3cedea491
A03,A03|LIT|1790743373804,77,1790743534407,LIT,LONG,18831.0,3.820886431947320907015028409,3.8141,40.0,152.56400,0.002124156975200467314534544103,-0.0017761407118981526684499178,noise,18871.0,NONE,e38607786b85c843d2ec
A03,A03|LIT|1790743373804,78,1790743534407,LIT,LONG,18871.0,3.820872047056329818239626939,3.8141,85.0,324.19850,0.004504265804673838164379206189,-0.0017723825799262574078677626,noise,18956.0,NONE,eb652949084d01e42f4b
A03,A03|LIT|1790743373804,79,1790743534407,LIT,LONG,18956.0,3.820841680734332137581768304,3.8141,85.0,324.19850,0.004484068368854188647393964972,-0.0017644491181944094289586836,noise,19041.0,NONE,d0b67bdc227162b8efdd
A03,A03|LIT|1790743373804,80,1790743534407,LIT,LONG,19041.0,3.820811585525970274670447979,3.8141,13.0,49.58330,0.0006827372511947901895908828318,-0.0017565863628018607095808209,noise,19054.0,NONE,5ec401c62257e1d7ffb8
A03,A03|LIT|1790743373804,81,1790743534742,LIT,LONG,19054.0,3.820807006402855043560407262,3.8141,85.0,324.19850,0.004461005563136349322976802771,-0.0017553899978762433849942864,noise,19139.0,NONE,05fd2428c57cd7a555f5
A03,A03|LIT|1790743373804,82,1790743534806,LIT,LONG,19139.0,3.820777219290454046710904434,3.8141,13.0,49.58330,0.0006792413396729191702805789226,-0.0017476075958425167245086791,noise,19152.0,NONE,3745a91d1186756d0ff8
A03,A03|LIT|1790743373804,83,1790743534940,LIT,LONG,19152.0,3.820772686925647451963241435,3.8141,436.0,1662.94760,0.02276524644945697577276524645,-0.0017464234259422989313552247,noise,19588.0,NONE,d6a788b635682998899e
A03,A03|LIT|1790743373804,84,1790743535008,LIT,LONG,19588.0,3.820624162752705738207065548,3.8141,78.0,297.49980,0.003982029814171942005309373086,-0.0017076169952307402844968614,noise,19666.0,NONE,acb96894526d227853c7
A03,A03|LIT|1790743373804,85,1790743535008,LIT,LONG,19666.0,3.820598286382589240313230954,3.8141,65.0,247.91650,0.003305196786331740058985050341,-0.0017008557025611645846049703,noise,19731.0,NONE,0a83aed3dba74a90246c
A03,A03|LIT|1790743373804,86,1790743535008,LIT,LONG,19731.0,3.820576879022857432466676800,3.8141,48.0,183.07680,0.002432720085145202980082104303,-0.0016952620580465704924430814,noise,19779.0,NONE,12af03e3fa333c99e648
A03,A03|LIT|1790743373804,87,1790743535008,LIT,LONG,19779.0,3.820561160827139895849132916,3.8141,27.0,102.98070,0.001365084180191111785226755650,-0.0016911549259797935389662082,noise,19806.0,NONE,cc160487890f7a2e8b3b
A03,A03|LIT|1790743373804,88,1790743535008,LIT,LONG,19806.0,3.820552352822377057457336158,3.8141,154.0,587.37140,0.007775421589417348278299505200,-0.0016888533977581739912802448,noise,19960.0,NONE,0e8d9132a6edb38cff7b
A03,A03|LIT|1790743373804,89,1790743535008,LIT,LONG,19960.0,3.820502570140280561122244486,3.8141,231.0,881.05710,0.01157314629258517034068136273,-0.0016758450027807395624655985,noise,20191.0,NONE,045c7a5373eb06f018af
A03,A03|LIT|1790743373804,90,1790743535008,LIT,LONG,20191.0,3.820429319994056757961467978,3.8141,76.0,289.87160,0.003764053291070278837105641127,-0.0016567038581063460568046509,noise,20267.0,NONE,1cac95db241f1d3f8918
A03,A03|LIT|1790743373804,91,1790743535008,LIT,LONG,20267.0,3.820405585434450091281393395,3.8141,38.0,144.93580,0.001874969161691419549020575319,-0.0016505015746209131148150742,noise,20305.0,NONE,b370538965fffa20db8e
A03,A03|LIT|1790743373804,92,1790743535008,LIT,LONG,20305.0,3.820393784782073380940655008,3.8141,85.0,324.19850,0.004186161044077813346466387589,-0.0016474178151853519297085980,noise,20390.0,NONE,e2cf0f8fe4977817d858
A03,A03|LIT|1790743373804,93,1790743535008,LIT,LONG,20390.0,3.820367547817557626287395779,3.8141,330.0,1258.65300,0.01618440411966650318783717509,-0.0016405614745466197790646489,noise,20720.0,NONE,f528a75203f27f648aef
A03,A03|LIT|1790743373804,94,1790743535008,LIT,LONG,20720.0,3.820267726833976833976833973,3.8141,47.0,179.26270,0.002268339768339768339768339768,-0.0016144750250496970554226432,noise,20767.0,NONE,e1d709326ac41153842f
A03,A03|LIT|1790743373804,95,1790743535008,LIT,LONG,20767.0,3.820253767997303414070400150,3.8141,353.0,1346.37730,0.01699812202051331439302739924,-0.0016108270211927339702006198,noise,21120.0,NONE,9910b0eec6531fd87588
A03,A03|LIT|1790743373804,96,1790743535008,LIT,LONG,21120.0,3.820150913825757575757575754,3.8141,78.0,297.49980,0.003693181818181818181818181818,-0.0015839462791530875099677163,noise,21198.0,NONE,c073e228bfee96ee03f6
A03,A03|LIT|1790743373804,97,1790743535074,LIT,LONG,21198.0,3.820128648929144258892348331,3.8141,78.0,297.49980,0.003679592414378714973110670818,-0.0015781272002015443812035752,noise,21276.0,NONE,0053ae719315bb3c555f
A03,A03|LIT|1790743373804,98,1790743535074,LIT,LONG,21276.0,3.820106547283323933070125960,3.8141,78.0,297.49980,0.003666102650874224478285391991,-0.0015723507208445535746285124,noise,21354.0,NONE,1b1e80167ae0c35f9df9
A03,A03|LIT|1790743373804,99,1790743535074,LIT,LONG,21354.0,3.820084607099372482907183662,3.8141,13.0,49.58330,0.0006087852392994286784677343823,-0.0015666163750013519918452231,noise,21367.0,NONE,bf2e2720c82fa33c4048
A03,A03|LIT|1790743373804,100,1790743535074,LIT,LONG,21367.0,3.820080965975569803903215235,3.8141,171.0,652.21110,0.008002995273084663265783685122,-0.0015656647146593629029422461,noise,21538.0,NONE,f0cbc5ecef54e38dfcff
A03,A03|LIT|1790743373804,101,1790743535142,LIT,LONG,21538.0,3.820033480360293434859318411,3.8141,76.0,289.87160,0.003528647042436623641935184325,-0.0015532534965462679195786812,noise,21614.0,NONE,e57394f91635f2e3f487
A03,A03|LIT|1790743373804,102,1790743535142,LIT,LONG,21614.0,3.820012616822429906542056072,3.8141,46.0,175.44860,0.002128250208198389932451189044,-0.0015478003387716951074316306,noise,21660.0,NONE,de1db692b57801fecc65
A03,A03|LIT|1790743373804,103,1790743535343,LIT,LONG,21660.0,3.820000060018467220683287163,3.8141,436.0,1662.94760,0.02012927054478301015697137581,-0.0015445183051747642440864579,noise,22096.0,NONE,947f8b188eddb5c90a29
A03,A03|LIT|1790743373804,104,1790743535451,LIT,LONG,22096.0,3.819883639572773352643012308,3.8141,13.0,49.58330,0.0005883417813178855901520637219,-0.0015140878933736869894555617,noise,22109.0,NONE,841c46e9a50e8652b496
A03,A03|LIT|1790743373804,105,1790743535546,LIT,LONG,22109.0,3.819880238816771450540503865,3.8141,38.0,144.93580,0.001718757067257677868741236600,-0.0015131989631596174739569408,noise,22147.0,NONE,01e2606ca5b3dd007fbd
A03,A03|LIT|1790743373804,106,1790743535546,LIT,LONG,22147.0,3.819870321036709260847970377,3.8141,76.0,289.87160,0.003431616020228473382399422044,-0.0015106065263344335397810275,noise,22223.0,NONE,b33d1696d4ae9f44f19c
A03,A03|LIT|1790743373804,107,1790743535546,LIT,LONG,22223.0,3.819850587229446969356072535,3.8141,38.0,144.93580,0.001709940152094676686315978941,-0.0015054482101138655941726196,noise,22261.0,NONE,d2492adaee83c2f417bc
A03,A03|LIT|1790743373804,108,1790743535546,LIT,LONG,22261.0,3.819840770854858272314810653,3.8141,57.0,217.40370,0.002560531871883563182246979022,-0.0015028822401865512837782936,noise,22318.0,NONE,a551f9457758baa03e5a
A03,A03|LIT|1790743373804,109,1790743535546,LIT,LONG,22318.0,3.819826108970337843892821935,3.8141,38.0,144.93580,0.001702661528810825342772649879,-0.0014990496444041947715234756,noise,22356.0,NONE,861dd1cbb82859dbc110
A03,A03|LIT|1790743373804,110,1790743535546,LIT,LONG,22356.0,3.819816375916979781714081229,3.8141,80.0,305.12800,0.003578457684737877974592950438,-0.0014965054218365448258050402,noise,22436.0,NONE,3b2d2f93e54e951de809
A03,A03|LIT|1790743373804,111,1790743535546,LIT,LONG,22436.0,3.819795993046888928507755391,3.8141,82.0,312.75620,0.003654840435015154216437867713,-0.0014911772925196135735864810,noise,22518.0,NONE,10505829a50fe3baaf21
A03,A03|LIT|1790743373804,112,1790743535546,LIT,LONG,22518.0,3.819775250910382804867217335,3.8141,99.0,377.59590,0.004396482813749000799360511591,-0.0014857551917564256924278699,noise,22617.0,NONE,c3fcef2936547cec5c4d
A03,A03|LIT|1790743373804,113,1790743535546,LIT,LONG,22617.0,3.819750408984392271300349293,3.8141,83.0,316.57030,0.003669805898218154485563956316,-0.0014792613075194670944566806,noise,22700.0,NONE,75c45020f28e7e7c3e50
A03,A03|LIT|1790743373804,114,1790743535546,LIT,LONG,22700.0,3.819729748898678414096916298,3.8141,63.0,240.28830,0.002775330396475770925110132159,-0.0014738605264682949125723657,noise,22763.0,NONE,1ed1ce93521a83004991
A03,A03|LIT|1790743373804,115,1790743535546,LIT,LONG,22763.0,3.819714167728331063568070991,3.8141,78.0,297.49980,0.003426613363792118789263278127,-0.0014697873929320564663491597,noise,22841.0,NONE,968be19ca678a42f2a32
A03,A03|LIT|1790743373804,116,1790743535546,LIT,LONG,22841.0,3.819694995840812573880302963,3.8141,78.0,297.49980,0.003414911781445645987478656801,-0.0014647755506407841287368934,noise,22919.0,NONE,e24b5d8d41bcfae91d9e
A03,A03|LIT|1790743373804,117,1790743535546,LIT,LONG,22919.0,3.819675954448274357519961603,3.8141,78.0,297.49980,0.003403289846851956891661939875,-0.0014597977720546625227111420,noise,22997.0,NONE,40ae1ab18d61bed7ab0f
A03,A03|LIT|1790743373804,118,1790743535614,LIT,LONG,22997.0,3.819657042222898638952906900,3.8141,436.0,1662.94760,0.01895899465147627951471931121,-0.0014548537110715695613055151,noise,23433.0,NONE,90f6fb9d9b07fede516a
A03,A03|LIT|1790743373804,119,1790743535678,LIT,LONG,23433.0,3.819553646566807493705458114,3.8141,13.0,49.58330,0.0005547731831178252891221781249,-0.0014278230053685683791362466,noise,23446.0,NONE,cda39dd3a95e59bc2544
A03,A03|LIT|1790743373804,120,1790743535745,LIT,LONG,23446.0,3.819550622707498080696067559,3.8141,8.0,30.51280,0.0003412095879894225027723279024,-0.0014270324564082863389963736,noise,23454.0,NONE,5f0aa4b2fb45cfefbc24
A03,A03|LIT|1790743373804,121,1790743536148,LIT,LONG,23454.0,3.819548763537136522554788095,3.8141,13.0,49.58330,0.0005542764560416133708535857423,-0.0014265463997089104272250911,noise,23467.0,NONE,161669717d55311bafa2
A03,A03|LIT|1790743373804,122,1790743536148,LIT,LONG,23467.0,3.819545745088848169770315762,3.8141,65.0,247.91650,0.002769847019218477010269740487,-0.0014257572633736040899094621,noise,23532.0,NONE,1d9578f158ff2598dbd4
A03,A03|LIT|1790743373804,123,1790743536349,LIT,LONG,23532.0,3.819530702872684004759476457,3.8141,76.0,289.87160,0.003229644739078701342852286249,-0.0014218246415978674694211485,noise,23608.0,NONE,85cdb85a4c11a427b322
A03,A03|LIT|1790743373804,124,1790743536349,LIT,LONG,23608.0,3.819513220094883090477804134,3.8141,38.0,144.93580,0.001609623856319891562182311081,-0.0014172539229353988322114596,noise,23646.0,NONE,cf4a4b572df3edfb66a3
A03,A03|LIT|1790743373804,125,1790743536349,LIT,LONG,23646.0,3.819504520849192252389410471,3.8141,38.0,144.93580,0.001607037131015816628605260932,-0.0014149795659858684248097030,noise,23684.0,NONE,3010e1c6fab668cc0b86
A03,A03|LIT|1790743373804,126,1790743536349,LIT,LONG,23684.0,3.819495849518662388110116534,3.8141,13.0,49.58330,0.0005488937679446039520351292011,-0.0014127124969496641211654359,noise,23697.0,NONE,a57cf70eb7e1dbe4af73
A03,A03|LIT|1790743373804,127,1790743536620,LIT,LONG,23697.0,3.819492889395282103219816854,3.8141,13.0,49.58330,0.0005485926488585052960290332110,-0.0014119385875165034677791000,noise,23710.0,NONE,0508f1ffc5f005bcaf67
A03,A03|LIT|1790743373804,128,1790743536755,LIT,LONG,23710.0,3.819489932517924926191480388,3.8141,38.0,144.93580,0.001602699283002952340784479123,-0.0014111655255422331587965462,noise,23748.0,NONE,97c4fd460aadc3e276d8
A03,A03|LIT|1790743373804,129,1790743536755,LIT,LONG,23748.0,3.819481307899612598955701533,3.8141,16.0,61.02560,0.0006737409466060299814721239683,-0.0014089106519470983190249796,noise,23764.0,NONE,b640029125c5f99c13ec
A03,A03|LIT|1790743373804,130,1790743536956,LIT,LONG,23764.0,3.819477684733209897323682882,3.8141,13.0,49.58330,0.0005470459518599562363238512035,-0.0014079633858590086303804919,noise,23777.0,NONE,2e107e7455b72be4b7fe
A03,A03|LIT|1790743373804,131,1790743537276,LIT,LONG,23777.0,3.819474744500988350086217774,3.8141,13.0,49.58330,0.0005467468562055768179332968835,-0.0014071946695619679035279944,noise,23790.0,NONE,e5f9debb5fd5cd159f42
A03,A03|LIT|1790743373804,132,1790743537426,LIT,LONG,23790.0,3.819471807482135350987810005,3.8141,192.0,732.30720,0.008070617906683480453972257251,-0.0014064267922104505045005977,noise,23982.0,NONE,cdd662fd299d3d3bd968
A03,A03|LIT|1790743373804,133,1790743537764,LIT,LONG,23982.0,3.819428800767242098240346928,3.8141,13.0,49.58330,0.0005420732215828538070219331165,-0.0013951826425385008832360422,noise,23995.0,NONE,d463e472eb9bd891ad8a
A03,A03|LIT|1790743373804,134,1790743538027,LIT,LONG,23995.0,3.819425913732027505730360493,3.8141,13.0,49.58330,0.0005417795374036257553657011877,-0.0013944278151538912216916600,noise,24008.0,NONE,9438350fc96a399f81e8
A03,A03|LIT|1790743373804,135,1790743538567,LIT,LONG,24008.0,3.819423029823392202599133623,3.8141,13.0,49.58330,0.0005414861712762412529156947684,-0.0013936738040871938346061522,noise,24021.0,NONE,3fbfc1085d218fc9859f
A03,A03|LIT|1790743373804,136,1790743538768,LIT,LONG,24021.0,3.819420149036259939219849299,3.8141,76.0,289.87160,0.003163898255692935348236959327,-0.0013929206080148979188056860,noise,24097.0,NONE,b5b18caf817112452fa7
A03,A03|LIT|1790743373804,137,1790743538768,LIT,LONG,24097.0,3.819403369714072291156575508,3.8141,76.0,289.87160,0.003153919575050836203676806241,-0.0013885335484922377739715205,noise,24173.0,NONE,42a2a17efce46506e530
A03,A03|LIT|1790743373804,138,1790743538768,LIT,LONG,24173.0,3.819386695900384726761262566,3.8141,76.0,289.87160,0.003144003640425267860836470442,-0.0013841740366481633773102610,noise,24249.0,NONE,35e0b6d3bb9fb1844b99
A03,A03|LIT|1790743373804,139,1790743538768,LIT,LONG,24249.0,3.819370126603158893150233000,3.8141,13.0,49.58330,0.0005361045816322322570002886717,-0.0013798418138244162642550488,noise,24262.0,NONE,3acd35442be60fc2218c
A03,A03|LIT|1790743373804,140,1790743539166,LIT,LONG,24262.0,3.819367302778006759541670102,3.8141,13.0,49.58330,0.0005358173275080372599126205589,-0.0013791034903020719488024721,noise,24275.0,NONE,c7711ad8510b59b721eb
A03,A03|LIT|1790743373804,141,1790743539378,LIT,LONG,24275.0,3.819364481977342945417095778,3.8141,13.0,49.58330,0.0005355303810504634397528321318,-0.0013783659564790850274778624,noise,24288.0,NONE,4e09b46552db71a24db9
A03,A03|LIT|1790743373804,142,1790743539781,LIT,LONG,24288.0,3.819361664196310935441370224,3.8141,38.0,144.93580,0.001564558629776021080368906456,-0.0013776292110891574792352408,noise,24326.0,NONE,a5f7298184d785841512
A03,A03|LIT|1790743373804,143,1790743539781,LIT,LONG,24326.0,3.819353444873797582833182603,3.8141,76.0,289.87160,0.003124229219764860642933486804,-0.0013754801564250547526083795,noise,24402.0,NONE,7517840b1f7476403872
A03,A03|LIT|1790743373804,144,1790743539781,LIT,LONG,24402.0,3.819337083025981476928120646,3.8141,38.0,144.93580,0.001557249405786410949922137530,-0.0013712020992481356933991364,noise,24440.0,NONE,17b06dbf9f70cb777bda
A03,A03|LIT|1790743373804,145,1790743539781,LIT,LONG,24440.0,3.819328940261865793780687398,3.8141,76.0,289.87160,0.003109656301145662847790507365,-0.0013690730344653897194236913,noise,24516.0,NONE,640ed16483d2e0c11389
A03,A03|LIT|1790743373804,146,1790743539781,LIT,LONG,24516.0,3.819312730461739272311959537,3.8141,525.0,2002.40250,0.02141458639255996084189916789,-0.0013648346782823082782182481,noise,25041.0,NONE,dba1ad6f6bec1fab693d
A03,A03|LIT|1790743373804,147,1790743539781,LIT,LONG,25041.0,3.819203442354538556766902281,3.8141,66.0,251.73060,0.002635677488918174194321313047,-0.0013362583144804365393160990,noise,25107.0,NONE,92063cb776f3b3065890
A03,A03|LIT|1790743373804,148,1790743539837,LIT,LONG,25107.0,3.819190026685784840881029196,3.8141,13.0,49.58330,0.0005177838849723184769187875891,-0.0013327503083688826440369163,noise,25120.0,NONE,b70ed5f52d632a818025
A03,A03|LIT|1790743373804,149,1790743539901,LIT,LONG,25120.0,3.819187392515923566878980893,3.8141,38.0,144.93580,0.001512738853503184713375796178,-0.0013320615076109690285320383,noise,25158.0,NONE,dca4059b9a2d1ff952bf
A03,A03|LIT|1790743373804,150,1790743539978,LIT,LONG,25158.0,3.819179708243898561093886638,3.8141,76.0,289.87160,0.003020907862310199538914063121,-0.0013300521661585460236690076,noise,25234.0,NONE,d9889447f3ca18378691
A03,A03|LIT|1790743373804,151,1790743539978,LIT,LONG,25234.0,3.819164409130538162796227314,3.8141,67.0,255.54470,0.002655147816438139018784180075,-0.0013260516144396920762950547,noise,25301.0,NONE,51abfec9272f9f861f7b
A03,A03|LIT|1790743373804,152,1790743540048,LIT,LONG,25301.0,3.819150997984269396466542826,3.8141,13.0,49.58330,0.0005138136832536263388798861705,-0.0013225447192151581154048068,noise,25314.0,NONE,4a12672a0aed7bbed8a2
A03,A03|LIT|1790743373804,153,1790743540390,LIT,LONG,25314.0,3.819148404045192383661215139,3.8141,13.0,49.58330,0.0005135498143319902030496958205,-0.0013218664244220464616995751,noise,25327.0,NONE,6fc0206be7c878071411
A03,A03|LIT|1790743373804,154,1790743540587,LIT,LONG,25327.0,3.819145812768981719113989025,3.8141,85.0,324.19850,0.003356102183440596991353101433,-0.0013211888250277020478538962,noise,25412.0,NONE,bb0cc0e63e8967cc0c91
A03,A03|LIT|1790743373804,155,1790743540587,LIT,LONG,25412.0,3.819128935148748622697937984,3.8141,66.0,251.73060,0.002597198174090980639068156776,-0.0013167754307705126394766209,noise,25478.0,NONE,de3e7b81a2c39112c637
A03,A03|LIT|1790743373804,156,1790743540653,LIT,LONG,25478.0,3.819115907842059816312112413,3.8141,13.0,49.58330,0.0005102441321924797864824554518,-0.0013133688432341891699566530,noise,25491.0,NONE,98d321d171c2add869de
A03,A03|LIT|1790743373804,157,1790743540653,LIT,LONG,25491.0,3.819113349809736769840335807,3.8141,85.0,324.19850,0.003334510219293083833509866227,-0.0013126999254909594051169148,noise,25576.0,NONE,13bb123e596e71baad70
A03,A03|LIT|1790743373804,158,1790743540988,LIT,LONG,25576.0,3.819096688301532686893963093,3.8141,38.0,144.93580,0.001485767907413199874882702534,-0.0013083429693828633235761252,noise,25614.0,NONE,376a71482ede0af54eb3
A03,A03|LIT|1790743373804,159,1790743540988,LIT,LONG,25614.0,3.819089275396267666120090578,3.8141,13.0,49.58330,0.0005075349418286874365581322714,-0.0013064044950219133748423435,noise,25627.0,NONE,1bb9ba13b23e485ac74b
A03,A03|LIT|1790743373804,160,1790743540988,LIT,LONG,25627.0,3.819086744449213719904787921,3.8141,71.0,270.80110,0.002770515471963163850626292582,-0.0013057426507689615314476495,noise,25698.0,NONE,eaa08ec3dc19fed65749
A03,A03|LIT|1790743373804,161,1790743541390,LIT,LONG,25698.0,3.819072966767841855397307185,3.8141,13.0,49.58330,0.0005058759436532025838586660441,-0.0013021397630039462266968442,noise,25711.0,NONE,0b68f82696753c4e57b5
A03,A03|LIT|1790743373804,162,1790743541659,LIT,LONG,25711.0,3.819070452335576212516043718,3.8141,13.0,49.58330,0.0005056201625763291976196958500,-0.0013014822317657171195989371,noise,25724.0,NONE,41d88fa9b698973416a6
A03,A03|LIT|1790743373804,163,1790743541997,LIT,LONG,25724.0,3.819067940444720883221893952,3.8141,13.0,49.58330,0.0005053646400248794899704556057,-0.0013008253642490526149130700,noise,25737.0,NONE,f79f8354e60d292c8ead
A03,A03|LIT|1790743373804,164,1790743542608,LIT,LONG,25737.0,3.819065431091424796984885574,3.8141,13.0,49.58330,0.0005051093756071026149123829506,-0.0013001691594495044102942717,noise,25750.0,NONE,c28811525675416d3f2f
A03,A03|LIT|1790743373804,165,1790743543010,LIT,LONG,25750.0,3.819062924271844660194174758,3.8141,4.0,15.25640,0.0001553398058252427184466019417,-0.0012995136163646499679187812,noise,25754.0,NONE,797e38c7a10ec91a0639
A03,A03|LIT|1790743373804,166,1790743543010,LIT,LONG,25754.0,3.819062153451890968393259300,3.8141,13.0,49.58330,0.0005047759571328725634852838394,-0.0012993120437712397228834756,noise,25767.0,NONE,bd4297dfe5987257114a
A03,A03|LIT|1790743373804,167,1790743543414,LIT,LONG,25767.0,3.819059649939845538867543758,3.8141,13.0,49.58330,0.0005045212869173749369348391353,-0.0012986573644964301360154813,noise,25780.0,NONE,8618280b3eddfc764d77
A03,A03|LIT|1790743373804,168,1790743544221,LIT,LONG,25780.0,3.819057148952676493405740885,3.8141,13.0,49.58330,0.0005042668735453840186190845617,-0.0012980033446307350546484027,noise,25793.0,NONE,73c8cd555ad369a16adf
A03,A03|LIT|1790743373804,169,1790743544628,LIT,LONG,25793.0,3.819054650486566122591400768,3.8141,13.0,49.58330,0.0005040127166285426278447640833,-0.0012973499831783962663225143,noise,25806.0,NONE,e68fecb422191e959de9
A03,A03|LIT|1790743373804,170,1790743545031,LIT,LONG,25806.0,3.819052154537704409827171976,3.8141,13.0,49.58330,0.0005037588157792761373324033171,-0.0012966972791456594446823204,noise,25819.0,NONE,7fe55e74b9f94a6f7093
A03,A03|LIT|1790743373804,171,1790743545097,LIT,LONG,25819.0,3.819049661102289011967930594,3.8141,5.0,19.07050,0.0001936558348503040396607149773,-0.0012960452315407691111798142,noise,25824.0,NONE,4991791f26a05d53ab74
A03,A03|LIT|1790743373804,172,1790743545231,LIT,LONG,25824.0,3.819048702757125154894671624,3.8141,13.0,49.58330,0.0005034076827757125154894671623,-0.0012957946185793564130798683,noise,25837.0,NONE,c740908be6e4d1b72829
A03,A03|LIT|1790743373804,173,1790743545565,LIT,LONG,25837.0,3.819046212795603204706428766,3.8141,13.0,49.58330,0.0005031543909896659828927507064,-0.0012951434782409971017615950,noise,25850.0,NONE,5dc16ec4ad2d752be3a1
A03,A03|LIT|1790743373804,174,1790743545832,LIT,LONG,25850.0,3.819043725338491295938104450,3.8141,13.0,49.58330,0.0005029013539651837524177949710,-0.0012944929919735656673238334,noise,25863.0,NONE,82d97d457373f523c18e
A03,A03|LIT|1790743373804,175,1790743545903,LIT,LONG,25863.0,3.819041240382012914201755405,3.8141,232.0,884.87120,0.008970343734292232146309399528,-0.0012938431587920347794268006,noise,26095.0,NONE,6704a92b2bb204817338
A03,A03|LIT|1790743373804,176,1790743546237,LIT,LONG,26095.0,3.818997309829469246982180496,3.8141,13.0,49.58330,0.0004981797279172255221306763748,-0.0012823548780368027871609541,noise,26108.0,NONE,c16aebb2c41f68386ce3
A03,A03|LIT|1790743373804,177,1790743546716,LIT,LONG,26108.0,3.818994871303814922629079211,3.8141,13.0,49.58330,0.0004979316684541136816301516776,-0.0012817171713414217428614490,noise,26121.0,NONE,cc3a6833a9c0134e7004
A03,A03|LIT|1790743373804,178,1790743547047,LIT,LONG,26121.0,3.818992435205390298993147278,3.8141,13.0,49.58330,0.0004976838559013820297844646070,-0.0012810800985855258884964579,noise,26134.0,NONE,fcd7733d894d2cb8fade
A03,A03|LIT|1790743373804,179,1790743551308,LIT,LONG,26134.0,3.818990001530573199663273898,3.8141,13.0,49.58330,0.0004974362898905640162240759164,-0.0012804436588242930500992803,noise,26147.0,NONE,f31a7531c2270dc38350
A03,A03|LIT|1790743373804,180,1790743551442,LIT,LONG,26147.0,3.818987570275748651852985048,3.8141,3.0,11.44230,0.0001147359161662905878303438253,-0.0012798078511147776695720647,noise,26150.0,NONE,5aa3b5f434ec38dd787b
A03,A03|LIT|1790743373804,181,1790743551579,LIT,LONG,26150.0,3.818987009560229445506692163,3.8141,38.0,144.93580,0.001453154875717017208413001912,-0.0012796612159181454846530275,noise,26188.0,NONE,a1629988220df32b161c
A03,A03|LIT|1790743373804,182,1790743551579,LIT,LONG,26188.0,3.818979918283183137314800676,3.8141,18.0,68.65380,0.0006873377119291278448144188178,-0.0012778067409626226772457408,noise,26206.0,NONE,7342cf244181b0242cf2
A03,A03|LIT|1790743373804,183,1790775400510,LIT,LONG,26206.0,3.818976566435167518888804094,3.98,12562.0,49996.760,0.4793558727009081889643593070,0.042164027656011562394533540,profit,38768.0,PROFIT_PYRAMIDING,b0e7e32a0ef6fd0f4bfa
A02,A02|FARTCOIN|1788249737576,1,1788249737576,FARTCOIN,SHORT,65.8,0.17627,0.17623,1618.0,285.140140,24.58966565349544072948328267,0.0002269246043002212514891927,neutral,1683.8,NONE,1ce4403352c4ff21c6cf
A02,A02|FARTCOIN|1788249737576,2,1788249737576,FARTCOIN,SHORT,1683.8,0.1762315631310131844637130301,0.17622,1618.0,285.123960,0.9609217246703884071742487231,0.0000656132806618089114400872,neutral,3301.8,NONE,b4c4c3bf9191c1dd88cd
A02,A02|FARTCOIN|1788249737576,3,1788249737576,FARTCOIN,SHORT,3301.8,0.1762258967835725967654006906,0.17618,1700.5,299.594090,0.5150221091525834393361196923,0.0002604428997683793653122956,neutral,5002.3,NONE,74001dfa11a192cc0151
A02,A02|FARTCOIN|1788249737576,4,1788249737576,FARTCOIN,SHORT,5002.3,0.1762102944645463086979989205,0.17618,1350.0,237.843000,0.2698758571057313635727565320,0.0001719222173617329447299625,neutral,6352.3,NONE,8402805dad77b70ae2f9
A02,A02|FARTCOIN|1788249737576,5,1788249737576,FARTCOIN,SHORT,6352.3,0.1762038562410465500684791335,0.17617,1248.6,219.965862,0.1965587267603860019205642051,0.0001921424523208776613009462,neutral,7600.9,NONE,fef6e3109b922a1b54cc
A02,A02|FARTCOIN|1788249737576,6,1788249737576,FARTCOIN,SHORT,7600.9,0.1761982946756305174387243616,0.17615,1385.5,244.055825,0.1822810456656448578457814206,0.0002740927528238838130166947,neutral,8986.4,NONE,4f2b78d730a30b2bdf2a
A02,A02|FARTCOIN|1788249737576,7,1788249737576,FARTCOIN,SHORT,8986.4,0.1761908487269651918454553548,0.17615,780.0,137.397000,0.08679782782871895308466126591,0.0002318436358093332536266297,neutral,9766.4,NONE,720507341e96cf233451
A02,A02|FARTCOIN|1788249737576,8,1788249737576,FARTCOIN,SHORT,9766.4,0.1761875863163499344692005242,0.17614,28393.7,5001.266318,2.907284157929226736566186107,0.0002700889281977667510825881,neutral,38160.1,NONE,521b657e7e870e311045
A02,A02|FARTCOIN|1788249737576,9,1788249737576,FARTCOIN,SHORT,38160.1,0.1761521788726968744840815407,0.17614,567.6,99.977064,0.01487417485803234268254014009,0.0000691383596547847038476797,noise,38727.7,NONE,249ac483dd103b0af21b
A02,A02|FARTCOIN|1788249737576,10,1788249737576,FARTCOIN,SHORT,38727.7,0.1761520003769911458723342724,0.17614,5081.1,894.984954,0.1312006651569806624199216581,0.0000681251246960767037127185,neutral,43808.8,NONE,7ee9dd2447ef55c17649
A02,A02|FARTCOIN|1788249737576,11,1788249738254,FARTCOIN,SHORT,43808.8,0.1761506085307061594930698855,0.17614,31938.5,5625.647390,0.7290430233195157137378791476,0.0000602242069706517020933312,neutral,75747.3,NONE,7f5c3a580ab751a52de0
A02,A02|FARTCOIN|1788249737576,12,1788249738321,FARTCOIN,SHORT,75747.3,0.1761461354926182187351892411,0.17614,5762.4,1014.989136,0.07607399867718057277289091492,0.0000348318321095148644627866,neutral,81509.7,NONE,0e9115fa4a5da61c3450
A02,A02|FARTCOIN|1788249737576,13,1788249740267,FARTCOIN,SHORT,81509.7,0.1761457017385660847727325705,0.17614,9513.9,1675.778346,0.1167210773687058104740908137,0.0000323694447824065750736734,neutral,91023.6,NONE,dff7db30d0e6ab812128
A02,A02|FARTCOIN|1788249737576,14,1788249742317,FARTCOIN,SHORT,91023.6,0.1761451057857522664451856442,0.17614,3633.7,640.039918,0.03992041624369943619017485575,0.0000289862481815230402302115,noise,94657.3,NONE,e5118e30834ae02aa79c
A02,A02|FARTCOIN|1788249737576,15,1788249750435,FARTCOIN,SHORT,94657.3,0.1761449097850878907384850402,0.17614,195.3,34.400142,0.002063232312774609037020916506,0.0000278735564591738886823422,noise,94852.6,NONE,28dbd9c58e1d5c0e92b9
A02,A02|FARTCOIN|1788249737576,16,1788249763915,FARTCOIN,SHORT,94852.6,0.1761448996759182141554369622,0.17614,3403.3,599.457262,0.03587988099430063066273354658,0.0000278161668446197900893918,noise,98255.9,NONE,b7b8f632bce4e7534b3f
A02,A02|FARTCOIN|1788249737576,17,1788249765722,FARTCOIN,SHORT,98255.9,0.1761447299653252374666559464,0.17614,9465.3,1667.217942,0.09633314640647533634112557109,0.0000268527212035726438540306,neutral,107721.2,NONE,55d04067f6eb2fef5cc5
A02,A02|FARTCOIN|1788249737576,18,1788249767750,FARTCOIN,SHORT,107721.2,0.1761443143503785698636851428,0.17614,9473.7,1668.697518,0.08794647664526574156247795234,0.0000244932707279324753917731,neutral,117194.9,NONE,686df882755d587feb4d
A02,A02|FARTCOIN|1788249737576,19,1788249769712,FARTCOIN,SHORT,117194.9,0.1761439655906528355756095188,0.17614,9474.2,1668.785588,0.08084140180161423406649948078,0.0000225133494612659702074802,neutral,126669.1,NONE,68c8c303d5ed8cbd1f6b
A02,A02|FARTCOIN|1788249737576,20,1788249771055,FARTCOIN,SHORT,126669.1,0.1761436689847800292257543473,0.17614,66.2,11.660468,0.0005226215391125381012417393034,0.0000208295012882140552845872,noise,126735.3,NONE,ce66da7a93959cf71dc5
A02,A02|FARTCOIN|1788249737576,21,1788249771791,FARTCOIN,SHORT,126735.3,0.1761436670682911548716103563,0.17614,9465.1,1667.182714,0.07468400674476645417653960657,0.0000208186212549619732966062,neutral,136200.4,NONE,1cf8bac9637928f28f42
A02,A02|FARTCOIN|1788249737576,22,1788249773696,FARTCOIN,SHORT,136200.4,0.1761434122293326598159770455,0.17614,9513.2,1675.655048,0.06984707827583472588920443699,0.0000193718816359547459875009,neutral,145713.6,NONE,7263bd748922ec15d786
A02,A02|FARTCOIN|1788249737576,23,1788249775782,FARTCOIN,SHORT,145713.6,0.1761431894552052793973932426,0.17614,8272.4,1457.100536,0.05677163970967706514697324066,0.0000181071730059168887080117,neutral,153986.0,NONE,fa0bebdb9ac37c22fc99
A02,A02|PUMP|1788652950484,1,1788652950484,PUMP,SHORT,282468.0,0.003846,0.003846,1640195.0,6308.1899700,5.806657745302122718325615645,-0,neutral,1922663.0,NONE,8aff48dd0c95e04ce8df
A02,A02|PUMP|1788652950484,2,1788652950484,PUMP,SHORT,1922663.0,0.003846,0.003846,10102.0,38.8522920,0.005254170907746183288491014806,-0,noise,1932765.0,NONE,864356d07c01f6bb3518
A02,A02|PUMP|1788652950484,3,1788652950484,PUMP,SHORT,1932765.0,0.003846,0.003846,407627.0,1567.7334420,0.2109035500953297477965505377,-0,neutral,2340392.0,NONE,61e21d1cc5dad0cf4c5d
A02,A02|PUMP|1788652950484,4,1788652950484,PUMP,SHORT,2340392.0,0.003846,0.003846,104004.0,399.9993840,0.04443870941278213222400350027,-0,noise,2444396.0,NONE,71e58781c36feb7e2ee7
A02,A02|PUMP|1788652950484,5,1788652950484,PUMP,SHORT,2444396.0,0.003846,0.003846,393077.0,1511.7741420,0.1608074141832992690218769790,-0,neutral,2837473.0,NONE,c49beb9de8d5e439c41e
A02,A02|PUMP|1788652950484,6,1788652950484,PUMP,SHORT,2837473.0,0.003846,0.003845,340221.0,1308.1497450,0.1199028149342742644599613811,0.0002600104004160166406656266,neutral,3177694.0,NONE,26387e0a19596274a1f6
A02,A02|TRUMP|1788710549327,1,1788710549327,TRUMP,SHORT,43.3,2.3074,2.3071,381.1,879.23581,8.801385681293302540415704388,0.0001300164687527086764323481,neutral,424.4,NONE,837572ac80f07df252fa
A02,A02|TRUMP|1788710549327,2,1788710549327,TRUMP,SHORT,424.4,2.307130607917059377945334590,2.3068,276.4,637.59952,0.6512723845428840716305372290,0.0001432983099980888452177363,neutral,700.8,NONE,bf760774ee4ee666870a
A02,A02|TRUMP|1788710549327,3,1788710549327,TRUMP,SHORT,700.8,2.307000214041095890410958904,2.3066,9663.3,22289.36778,13.78895547945205479452054795,0.0001734781118181383807565289,neutral,10364.1,NONE,4ccdf3bea5a3cd587dd1
A02,A02|FARTCOIN|1788768141015,1,1788768141015,FARTCOIN,SHORT,1325.4,0.17009,0.17008,1325.4,225.424032,1,0.0000587924040214004350637898,neutral,2650.8,NONE,005eb5c8aebcbcb72e98
A02,A02|FARTCOIN|1788768141015,2,1788768141015,FARTCOIN,SHORT,2650.8,0.170085,0.17008,47036.6,7999.984928,17.74430360645842764448468387,0.0000293970661727959549636946,neutral,49687.4,NONE,7c863f452f771d31f74f
A02,A02|FARTCOIN|1788768141015,3,1788768141015,FARTCOIN,SHORT,49687.4,0.1700802667477066620511437507,0.17007,1325.4,225.410778,0.02667477066620511437507295612,0.0000603641322005422272121171,noise,51012.8,NONE,57dc744e03c425329e35
A02,A02|FARTCOIN|1788768141015,4,1788768141015,FARTCOIN,SHORT,51012.8,0.1700800000000000000000000000,0.17007,1325.4,225.410778,0.02598171439325032148794028165,0.0000587958607714016933207902,noise,52338.2,NONE,c50e6ef8a943f4311053
A02,A02|FARTCOIN|1788768141015,5,1788768141015,FARTCOIN,SHORT,52338.2,0.1700797467624029867286226886,0.17007,1325.4,225.410778,0.02532375970132713773114092575,0.0000573070138480550770838573,noise,53663.6,NONE,e5170b740903f859732d
A02,A02|FARTCOIN|1788768141015,6,1788768141015,FARTCOIN,SHORT,53663.6,0.1700795060338851661088708175,0.17007,26860.0,4568.080200,0.5005254958668445650310452523,0.0000558917068072399569501682,neutral,80523.6,NONE,e506570f92dee48f6244
A02,A02|PENGU|1788912148109,1,1788912148109,PENGU,SHORT,276702.0,0.008094,0.008094,21044.0,170.3301360,0.07605293781757992352783861338,-0,neutral,297746.0,NONE,5094294755c7df5ae9c0
A02,A02|PENGU|1788912148109,2,1788912148109,PENGU,SHORT,297746.0,0.008094,0.008094,15348.0,124.2267120,0.05154729198712996984006502186,-0,neutral,313094.0,NONE,7541f3150824315de1c6
A02,A02|PENGU|1788912148109,3,1788912148109,PENGU,SHORT,313094.0,0.008094,0.008093,15089.0,122.1152770,0.04819319437612985237660255387,0.0001235483073881887818136892,noise,328183.0,NONE,937d697d8ce605255dad
A02,A02|PENGU|1788912148109,4,1788912148109,PENGU,SHORT,328183.0,0.008093954022603242703004116606,0.008093,24206.0,195.8991580,0.07375762912765134086774756767,0.0001178685473846888208816042,neutral,352389.0,NONE,22990115759f31e5ceea
A02,A02|PENGU|1788912148109,5,1788912148109,PENGU,SHORT,352389.0,0.008093888489708816109469932376,0.008092,14460.0,117.0103200,0.04103419800277534202259434886,0.0002333229215126052899164982,noise,366849.0,NONE,17e6b094e96ecdae73ca
A02,A02|PENGU|1788912148109,6,1788912148109,PENGU,SHORT,366849.0,0.008093814051557997977369435381,0.008092,308928.0,2499.8453760,0.8421121496855654506350024124,0.0002241281485394127836850192,neutral,675777.0,NONE,9ee723a19f2850890f17
A02,A02|PENGU|1788912148109,7,1788912148109,PENGU,SHORT,675777.0,0.008092984767164316039166766552,0.008092,50000.0,404.6000000,0.07398890462386260556366967210,0.0001216815788794681827041080,neutral,725777.0,NONE,eb700e4e4e600b6679be
A02,A02|PENGU|1788912148109,8,1788912148109,PENGU,SHORT,725777.0,0.008092916924895663544036253560,0.008091,24093.0,194.9364630,0.03319614702587709447943376547,0.0002368645215875927999816405,noise,749870.0,NONE,7b6c548dced8a6c67588
A02,A02|PENGU|1788912148109,9,1788912148109,PENGU,SHORT,749870.0,0.008092855334924720284849373891,0.008091,247176.0,1999.9010160,0.3296251350234040567031618814,0.0002292559112867848105519308,neutral,997046.0,NONE,c9f8ee5d6fed714a4f31
A02,A02|PENGU|1788912148109,10,1788912148109,PENGU,SHORT,997046.0,0.008092395381958304832475131539,0.008091,233345.0,1887.9943950,0.2340363433582803601839834872,0.0001724312632345899415346473,neutral,1230391.0,NONE,aab0acf7747d32771a0a
A02,A02|PENGU|1788912148109,11,1788912148109,PENGU,SHORT,1230391.0,0.008092130746242454634339815555,0.008091,50000.0,404.5500000,0.04063748840815643157337789369,0.0001397340549619383486188347,noise,1280391.0,NONE,e3d3a30225d5e553b826
A02,A02|PENGU|1788912148109,12,1788912148109,PENGU,SHORT,1280391.0,0.008092086589955724462293158887,0.00809,3193.0,25.831370,0.002493769481353742723902307967,0.0002578556139419510325725388,noise,1283584.0,NONE,56724deeeb715989ad9d
A02,A02|PENGU|1788912148109,13,1788912148109,PENGU,SHORT,1283584.0,0.008092081399425358994814519346,0.00809,15052.0,121.770680,0.01172654068607897885919425608,0.0002572143460527721242254480,noise,1298636.0,NONE,da59ba474f6cc20ded9c
A02,A02|PENGU|1788912148109,14,1788912148109,PENGU,SHORT,1298636.0,0.008092057274709772407356641892,0.00809,15563.0,125.904670,0.01198411256117957610908676488,0.0002542338295357892198009147,noise,1314199.0,NONE,7cdcebbf58c7ef81a786
A02,A02|PENGU|1788912148109,15,1788912148109,PENGU,SHORT,1314199.0,0.008092032912062785012011118560,0.00809,124725.0,1009.025250,0.09490571823597491704072214330,0.0002512238994671601152248297,neutral,1438924.0,NONE,0a3deddb8bf0dbe8e5b2
A02,A02|PENGU|1788912148109,16,1788912148109,PENGU,SHORT,1438924.0,0.008091856700562364655812259716,0.00809,50000.0,404.500000,0.03474818683961070911319847330,0.0002294529711871466496796657,noise,1488924.0,NONE,554a225c60472c08edd4
A02,A02|PENGU|1788912148109,17,1788912148109,PENGU,SHORT,1488924.0,0.008091794350148160685165931908,0.00809,284189.0,2299.089010,0.1908687078722621168038126862,0.0002217493513200605042693932,neutral,1773113.0,NONE,edbb350753a6b9351043
A02,A02|PENGU|1788912148109,18,1788912148109,PENGU,SHORT,1773113.0,0.008091506757324547279276616888,0.00809,144857.0,1171.893130,0.08169642882320528922860528348,0.0001862146779007928361719854,neutral,1917970.0,NONE,76fc3c5edb8441402a22
A02,A02|PENGU|1788912148109,19,1788912148109,PENGU,SHORT,1917970.0,0.008091392957658357534268002106,0.008089,15052.0,121.7556280,0.007847880832338357742821837672,0.0002957411252771555227759523,noise,1933022.0,NONE,2a1d7ba0acb04083aea0
A02,A02|PENGU|1788912148109,20,1788912148109,PENGU,SHORT,1933022.0,0.008091374324244628359118520120,0.008089,15052.0,121.7556280,0.007786771180048649213511279230,0.0002934389325573581798793472,noise,1948074.0,NONE,1265a7ad9a7d169cc02f
A02,A02|PENGU|1788912148109,21,1788912148109,PENGU,SHORT,1948074.0,0.008091355978776986911174832168,0.008089,15713.0,127.1024570,0.008065915360504785752491948458,0.0002911723057502926370900047,noise,1963787.0,NONE,5640b417e058057835cb
A02,A02|PENGU|1788912148109,22,1788912148109,PENGU,SHORT,1963787.0,0.008091337127702749839977553574,0.008089,123624.0,999.9945360,0.06295183744469232151959453851,0.0002888431993209242368343837,neutral,2087411.0,NONE,45c0a678853732054d53
A02,A02|PENGU|1788912148109,23,1788912148109,PENGU,SHORT,2087411.0,0.008091198714579927000480499528,0.008089,24724.0,199.9924360,0.01184433731545919802089765743,0.0002717415129064904881550823,noise,2112135.0,NONE,839bd8ce8d8ae654329e
A02,A02|PENGU|1788912148109,24,1788912148109,PENGU,SHORT,2112135.0,0.008091172977106103539783205146,0.008089,30908.0,250.0148120,0.01463353431480468814730119050,0.0002685614449538970056858105,noise,2143043.0,NONE,6f61f45366340106413f
A02,A02|PENGU|1788912148109,25,1788912148109,PENGU,SHORT,2143043.0,0.008091141637381984402552818586,0.008088,21277.0,172.0883760,0.009928405542959240668526016510,0.0003882811008362138289055777,noise,2164320.0,NONE,38ba58f1957f082a6543
A02,A02|PENGU|1788912148109,26,1788912148109,PENGU,SHORT,2164320.0,0.008091110752568936201670732609,0.008088,110959.0,897.4363920,0.05126737266208324092555629482,0.0003844654540105676402505166,neutral,2275279.0,NONE,d5964ef66e9f61e460f8
A02,A02|PENGU|1788912148109,27,1788912148109,PENGU,SHORT,2275279.0,0.008090959049857182349944776003,0.008088,190929.0,1544.2337520,0.08391454410645903205716749462,0.0003657230050168875400405901,neutral,2466208.0,NONE,d298a5f01388c4877819
A02,A02|PENGU|1788912148109,28,1788912148109,PENGU,SHORT,2466208.0,0.008090729966004489483449895548,0.008088,31070.0,251.2941600,0.01259828854662704848901633601,0.0003374189987751679479157723,noise,2497278.0,NONE,cdfa2ede4bb4fe182984
A02,A02|PENGU|1788912148109,29,1788912148109,PENGU,SHORT,2497278.0,0.008090696001005895218714135951,0.008088,25829.0,208.9049520,0.01034286130739148785197322845,0.0003332223835328915969369863,noise,2523107.0,NONE,c01004b096f721ae26a8
A02,A02|PENGU|1788912148109,30,1788912148109,PENGU,SHORT,2523107.0,0.008090668402093133584901472668,0.008088,84902.0,686.6873760,0.03364978179680845877721396675,0.0003298123171681642104741070,noise,2608009.0,NONE,4ac2b8981793ed252da1
A02,A02|ENA|1789027344625,1,1789027344625,ENA,SHORT,9319.0,0.14938,0.14938,4876.0,728.376880,0.5232321064491898272346818328,-0,neutral,14195.0,NONE,08f12e4e8416317fb440
A02,A02|ENA|1789027344625,2,1789027344625,ENA,SHORT,14195.0,0.14938,0.14937,804.0,120.093480,0.05663966185276505811905600564,0.0000669433659124380773865310,neutral,14999.0,NONE,e80a55e4657142a54033
A02,A02|ENA|1789027344625,3,1789027344625,ENA,SHORT,14999.0,0.1493794639642642842856190413,0.14937,2214.0,330.705180,0.1476098406560437362490832722,0.0000633551896166150968664030,neutral,17213.0,NONE,f15aff0fcd9c6248c23f
A02,A02|ENA|1789027344625,4,1789027344625,ENA,SHORT,17213.0,0.1493782466740254458839249405,0.14936,12640.0,1887.910400,0.7343287050485098472085051996,0.0001221508113243820579935093,neutral,29853.0,NONE,7293c4ded6057c11e2e3
A02,A02|ENA|1789027344625,5,1789027344625,ENA,SHORT,29853.0,0.1493705208856731316785582689,0.14936,6015.0,898.400400,0.2014872877097779117676615416,0.0000704348194727410162101094,neutral,35868.0,NONE,72659328a91ff6859cff
A02,A02|ENA|1789027344625,6,1789027344625,ENA,SHORT,35868.0,0.1493687565518010482881677261,0.14935,6695.0,999.898250,0.1866566298650607784097245456,0.0001255721225378449246479164,neutral,42563.0,NONE,f61ca77ef4c040bee1fc
A02,A02|ENA|1789027344625,7,1789027344625,ENA,SHORT,42563.0,0.1493658062166670582430749712,0.14935,1404.0,209.687400,0.03298639663557549984728520076,0.0001058221896123270713969662,noise,43967.0,NONE,a1af3dfcf894068cf835
A02,A02|ENA|1789027344625,8,1789027344625,ENA,SHORT,43967.0,0.1493653014761070803102326745,0.14934,6696.0,999.980640,0.1522960402119771646917005936,0.0001693932650825707998271595,neutral,50663.0,NONE,715d771241b40094551e
A02,A02|ENA|1789027344625,9,1789027344625,ENA,SHORT,50663.0,0.1493619574442887314213528611,0.14934,18120.0,2706.040800,0.3576574620531749008151905730,0.0001470082788445072371179394,neutral,68783.0,NONE,7bc5f902374d0655007e
A02,A02|ENA|1789027344625,10,1789027344625,ENA,SHORT,68783.0,0.1493561730369422677114984807,0.14934,4000.0,597.360000,0.05815390430775046159661544277,0.0001082850250740384002276842,neutral,72783.0,NONE,abdfed7c54019372b449
A02,A02|ENA|1789027344625,11,1789027344625,ENA,SHORT,72783.0,0.1493552842009809983100449281,0.14933,2679.0,400.055070,0.03680804583487902394789992169,0.0001692889616612054082223707,noise,75462.0,NONE,a631de1718d079d385c5
A02,A02|ENA|1789027344625,12,1789027344625,ENA,SHORT,75462.0,0.1493543865786753597837322096,0.14933,1137.0,169.788210,0.01506718613341814423153375209,0.0001632799627382465523923776,noise,76599.0,NONE,bed489285ddf22489e96
A02,A02|ENA|1789027344625,13,1789027344625,ENA,SHORT,76599.0,0.1493540245956213527591744018,0.14933,1238.0,184.870540,0.01616209088891499889032493897,0.0001608567006239019950906429,noise,77837.0,NONE,d82887b856e5aaa38cfb
A02,A02|ENA|1789027344625,14,1789027344625,ENA,SHORT,77837.0,0.1493536424836517337513007953,0.14933,736.0,109.906880,0.009455657335200483060755167851,0.0001582986745992596744331843,noise,78573.0,NONE,ba968b3c25d402bf3b6c
A02,A02|ENA|1789027344625,15,1789027344625,ENA,SHORT,78573.0,0.1493534210224886411362681837,0.14933,12643.0,1887.979190,0.1609076909370903491021088669,0.0001568161099243555663027584,neutral,91216.0,NONE,70cf66c6a090c02198d1
A02,A02|ENA|1789027344625,16,1789027344625,ENA,SHORT,91216.0,0.1493501747500438519557972286,0.14932,4000.0,597.280000,0.04385195579722855639361515524,0.0002020402727640135950769491,noise,95216.0,NONE,512d8297dc6aa3c16688
A02,A02|ENA|1789027344625,17,1789027344625,ENA,SHORT,95216.0,0.1493489071164510166358595194,0.14931,2679.0,400.001490,0.02813602755839354730297429004,0.0002605115578159524134077543,noise,97895.0,NONE,cb09594efef5d71feaea
A02,A02|ENA|1789027344625,18,1789027344625,ENA,SHORT,97895.0,0.1493478423821441340211451044,0.14931,32953.0,4920.212430,0.3366157617855865978854895551,0.0002533841904947293385989949,neutral,130848.0,NONE,ad8a41885a3e0a4ecf8e
A02,A02|ENA|1789027344625,19,1789027344625,ENA,SHORT,130848.0,0.1493383120873074101247248716,0.14931,8039.0,1200.303090,0.06143769870383956957691367082,0.0001895835496711525439020038,neutral,138887.0,NONE,8e0f8a158ff5d5546ba8
A02,A02|ENA|1789027344625,20,1789027344625,ENA,SHORT,138887.0,0.1493366733387574071007365700,0.14931,13347.0,1992.840570,0.09609970695601460179858446075,0.0001786121128927314759198114,neutral,152234.0,NONE,52c6d422c3ee11e71d1a
A02,A02|XPL|1789056147989,1,1789056147989,XPL,SHORT,4690.0,0.086795,0.086795,4860.0,421.8237000,1.036247334754797441364605544,-0,neutral,9550.0,NONE,11c68bcf35f2c751870a
A02,A02|XPL|1789056147989,2,1789056147989,XPL,SHORT,9550.0,0.086795,0.086792,4860.0,421.8091200,0.5089005235602094240837696335,0.0000345642030070856616164526,neutral,14410.0,NONE,b720f9f3dc7210835a20
A02,A02|XPL|1789056147989,3,1789056147989,XPL,SHORT,14410.0,0.08679398820263705759888965996,0.086772,21758.0,1887.9851760,1.509923664122137404580152672,0.0002533378531439523409173207,neutral,36168.0,NONE,2f87e97b2a509038e553
A02,A02|XPL|1789056147989,4,1789056147989,XPL,SHORT,36168.0,0.08678076050652510506525105065,0.086771,21758.0,1887.9634180,0.6015815085158150851581508516,0.0001124731618867429267656471,neutral,57926.0,NONE,055323a5d4b349698ca0
A02,A02|XPL|1789056147989,5,1789056147989,XPL,SHORT,57926.0,0.08677709429271829575665504264,0.08677,2341.0,203.128570,0.04041363118461485343369126126,0.0000817530567958998626624879,noise,60267.0,NONE,9c2ac793634e40bcf552
A02,A02|XPL|1789056147989,6,1789056147989,XPL,SHORT,60267.0,0.08677681872334776909419748785,0.086768,2253.0,195.4883040,0.03738364278958634078351336552,0.0001016253358616887083654851,noise,62520.0,NONE,3218ac2534132e38ac20
A02,A02|XPL|1789056147989,7,1789056147989,XPL,SHORT,62520.0,0.08677650092770313499680102367,0.086761,12981.0,1126.2445410,0.2076295585412667946257197697,0.0001786304764241349192048717,neutral,75501.0,NONE,926bf01c4fdbc2770f76
A02,A02|XPL|1789056147989,8,1789056147989,XPL,SHORT,75501.0,0.08677383582998900676812227653,0.086745,2277.0,197.5183650,0.03015854094647753009893908690,0.0003323101913519549120209199,noise,77778.0,NONE,e30cae2c1c1fe08fccc1
A02,A02|XPL|1789056147989,9,1789056147989,XPL,SHORT,77778.0,0.08677299164288102033994188588,0.086742,2442.0,211.8239640,0.03139705315127671063796960580,0.0003571577088014682781341732,noise,80220.0,NONE,638017dd36c05a5dc972
A02,A02|XPL|1789056147989,10,1789056147989,XPL,SHORT,80220.0,0.08677204821740214410371478434,0.086732,34585.0,2999.6262200,0.4311269010221889803041635502,0.0004615336185427559053076999,neutral,114805.0,NONE,a2cd674bf3a941657364
A02,A02|XPL|1789056147989,11,1789056147989,XPL,SHORT,114805.0,0.08675998369408997865946605113,0.086731,92201.0,7996.6849310,0.8031096206611210313139671617,0.0003340675373127462417993640,neutral,207006.0,NONE,85cb909276404db19df1
A02,A02|XPL|1789056147989,12,1789056147989,XPL,SHORT,207006.0,0.08674707428287102789291131658,0.086725,12981.0,1125.7772250,0.06270832729486101852120228399,0.0002544671742939306719877121,neutral,219987.0,NONE,54a2500928a72055c3f6
A02,A02|XPL|1789056147989,13,1789056147989,XPL,SHORT,219987.0,0.08674577172287453349516107770,0.086723,2066.0,179.1697180,0.009391464041056971548318764291,0.0002625110414289931038916630,noise,222053.0,NONE,890d54152d2ff879ad78
A02,A02|XPL|1789056147989,14,1789056147989,XPL,SHORT,222053.0,0.08674555985282792846752802259,0.086722,1208.0,104.7601760,0.005440142668642171013226572035,0.0002715972191302931572507753,noise,223261.0,NONE,fc265da7a63a90300fed
A02,A02|SUI|1789085174004,1,1789085174004,SUI,SHORT,1369.5,0.73041,0.73039,3986.5,2911.699735,2.910916392844103687477181453,0.0000273818814090716173108254,neutral,5356.0,NONE,64e5ead2fd5d97bbe0f0
A02,A02|SUI|1789085174004,2,1789085174004,SUI,SHORT,5356.0,0.7303951138909634055265123226,0.73032,2739.5,2000.711640,0.5114824495892457057505601195,0.0001028400786572332663009749,neutral,8095.5,NONE,3233edd80be9e2d9450a
A02,A02|SUI|1789085174004,3,1789085174004,SUI,SHORT,8095.5,0.7303696955098511518744981780,0.73029,2073.6,1514.329344,0.2561423012784880489160644803,0.0001091166711065669476411998,neutral,10169.1,NONE,be974538de98d4160a5d
A02,A02|SUI|1789085174004,4,1789085174004,SUI,SHORT,10169.1,0.7303534446509523950005408542,0.73027,2073.6,1514.287872,0.2039118506062483405611116028,0.0001142524233486357215390143,neutral,12242.7,NONE,3f75c9665dd4bb6c928b
A02,A02|SUI|1789085174004,5,1789085174004,SUI,SHORT,12242.7,0.7303393112630383820562457628,0.73024,729.2,532.491008,0.05956202471676999354717505126,0.0001359796213990379009467546,neutral,12971.9,NONE,c416f7977830d1fb047f
A02,A02|SUI|1789085174004,6,1789085174004,SUI,SHORT,12971.9,0.7303337285979694570571774374,0.73023,3954.9,2887.986627,0.3048820912896337467911408506,0.0001420290394756738244955001,neutral,16926.8,NONE,838f7659e3a721072162
A02,A02|SUI|1789085174004,7,1789085174004,SUI,SHORT,16926.8,0.7303094926979700829453883782,0.73018,1585.5,1157.700390,0.09366802939716898645934258100,0.0001773120838012117957662075,neutral,18512.3,NONE,0a1384b56748896bc6aa
A02,A02|SUI|1789085174004,8,1789085174004,SUI,SHORT,18512.3,0.7302984021974579063649573527,0.73016,6850.3,5001.815048,0.3700404595863290893081896901,0.0001895145834106387817229003,neutral,25362.6,NONE,759145531eed4fd25999
A02,A02|SUI|1789085174004,9,1789085174004,SUI,SHORT,25362.6,0.7302610205184011102962630014,0.73016,500.0,365.080000,0.01971406716976966083918841128,0.0001383348084625924275177287,noise,25862.6,NONE,63dc8e65b5114a40f75d
A02,A02|SUI|1789085174004,10,1789085174004,SUI,SHORT,25862.6,0.7302590674951474329727096270,0.73015,1208.1,882.094215,0.04671224084198804451215268380,0.0001493545236234368641322468,noise,27070.7,NONE,292fe93d80f74a519e4c
A02,A02|SUI|1789085174004,11,1789085174004,SUI,SHORT,27070.7,0.7302542000760970348014643138,0.73013,4108.2,2999.520066,0.1517581739666872301048735349,0.0001700778661513927344270426,neutral,31178.9,NONE,1dcaf74467e919f52b79
A02,A02|SUI|1789085174004,12,1789085174004,SUI,SHORT,31178.9,0.7302378352026530762791503228,0.7301,547.9,400.02179,0.01757278159267966477329219440,0.0001887538497848782798714950,noise,31726.8,NONE,a35b0a7d4977627d0140
A02,A02|SUI|1789085174004,13,1789085174004,SUI,SHORT,31726.8,0.7302354548835684657765674446,0.73009,1247.1,910.495239,0.03930746246075872763720261735,0.0001991890185497192266536116,noise,32973.9,NONE,abba424a2e1b5a7f453a
A02,A02|SUI|1789085174004,14,1789085174004,SUI,SHORT,32973.9,0.7302299536603192221726880957,0.73008,6851.1,5001.851088,0.2077734207964480998607989956,0.0002053512863551692339438854,neutral,39825.0,NONE,4ae2404e96c12b835dfa
A02,A02|SUI|1789085174004,15,1789085174004,SUI,SHORT,39825.0,0.7302041571123666038920276208,0.73006,15.0,10.950900,0.0003766478342749529190207156309,0.0001974202843992032287626159,noise,39840.0,NONE,823567bf32982d02dc6a
A02,A02|SUI|1789085174004,16,1789085174004,SUI,SHORT,39840.0,0.7302041028363453815261044177,0.73006,3031.4,2213.103884,0.07608935742971887550200803213,0.0001973459691415594598372734,neutral,42871.4,NONE,14a3cdf545c8540144ca
A02,A02|BNB|1789113772367,1,1789113772367,BNB,LONG,1.399,714.34,714.38,1.400,1000.13200,1.000714796283059328091493924,0.000055995744323431419212140,neutral,2.799,NONE,82ef8165460459160dc2
A02,A02|BNB|1789113772367,2,1789113772367,BNB,LONG,2.799,714.3600071454090746695248303,714.5,11.197,8000.2565,4.000357270453733476241514827,0.000195969613627081968341925,neutral,13.996,NONE,1500fb66d4b8871f063b
A02,A02|BNB|1789113772367,3,1789113772367,BNB,LONG,13.996,714.4720034295513003715347242,714.51,9.873,7054.35723,0.7054158330951700485853100886,0.000053181328682315798977922,neutral,23.869,NONE,ed08a0263e4c819f746c
A02,A02|BNB|1789113772367,4,1789113772367,BNB,LONG,23.869,714.4877200553018559638024216,714.55,41.987,30001.81085,1.759059868448615358833633583,0.000087167270969084709158736,neutral,65.856,NONE,1d73cd404b04b03907df
A02,A02|BNB|1789113772367,5,1789113772367,BNB,LONG,65.856,714.5274271137026239067055394,714.55,1.000,714.55000,0.01518464528668610301263362488,0.000031591350367834199127085,noise,66.856,NONE,f5b95e7f7e40b407ca54
A02,A02|BNB|1789113772367,6,1789113772367,BNB,LONG,66.856,714.5277647481153523991863109,714.55,3.832,2738.15560,0.05731721909776235491204977863,0.000031118807388101917420100,neutral,70.688,NONE,a49bd2f5af155e7fe845
A02,A02|BNB|1789113772367,7,1789113772367,BNB,LONG,70.688,714.5289701222272521502942508,714.56,1.120,800.30720,0.01584427342688999547306473517,0.000043427039448715259235620,noise,71.808,NONE,3ec4ec74b8b78c25ba2f
A02,A02|BNB|1789113772367,8,1789113772367,BNB,LONG,71.808,714.5294540998217468805704100,714.56,2.800,2000.76800,0.03899286987522281639928698752,0.000042749672533423335182389,noise,74.608,NONE,1568dad1d41bd845b0e3
A02,A02|BNB|1789113772367,9,1789113772367,BNB,LONG,74.608,714.5306004717992708556723140,714.57,12.842,9176.50794,0.1721263135320609049967831868,0.000055140435097830557926931,neutral,87.450,NONE,ec19b2c8a71fc8c277fe
A02,A02|BNB|1789113772367,10,1789113772367,BNB,LONG,87.45,714.5363862778730703259005146,714.59,8.75,6252.6625,0.1000571755288736420811892510,0.000075032878879984787324340,neutral,96.20,NONE,d8fb9246e49b816f509f
A02,A02|BNB|1789113772367,11,1789113772367,BNB,LONG,96.2,714.5412627858627858627858628,714.6,34.991,25004.5686,0.3637318087318087318087318087,0.000082202690308196788225677,neutral,131.191,NONE,6680d6ea2206949c7197
A02,A02|BNB|1789113772367,12,1789113772367,BNB,LONG,131.191,714.5569290576335266900930704,714.64,1.680,1200.59520,0.01280575649244231692722823974,0.000116255177143167992500409,noise,132.871,NONE,6f01a32ad8df72f467fb
A02,A02|BNB|1789113772367,13,1789113772367,BNB,LONG,132.871,714.5579793935471246547403120,714.65,1.793,1281.36745,0.01349429145562237056995130615,0.000128779761903959426990966,noise,134.664,NONE,9614f499b7a4428a9c99
A02,A02|BNB|1789113772367,14,1789113772367,BNB,LONG,134.664,714.5592046129626329234242262,714.65,11.184,7992.64560,0.08305114952771342006772411335,0.000127064890426463594733631,neutral,145.848,NONE,e2dc2007539e12b56a38
A02,A02|BNB|1789113772367,15,1789113772367,BNB,LONG,145.848,714.5661670369151445340354342,714.66,25.198,18008.00268,0.1727689100981844111677911250,0.000131314589765636033680195,neutral,171.046,NONE,75930a42a36637dd2833
A02,A02|BNB|1789113772367,16,1789113772367,BNB,LONG,171.046,714.5799902365445552658349216,714.71,1.120,800.47520,0.006547946166528302328028717421,0.000181938712574932475108074,noise,172.166,NONE,5b12e4d3721a3a817ba3
A02,A02|BNB|1789113772367,17,1789113772367,BNB,LONG,172.166,714.5808359954927221402599816,714.71,0.296,211.55416,0.001719270936189491537237317473,0.000180754923727191268260898,noise,172.462,NONE,81918182008ea857d90c
A02,A02|BNB|1789113772367,18,1789113772367,BNB,LONG,172.462,714.5810576822720367385279076,714.71,0.274,195.83054,0.001588755783882826361749254908,0.000180444634435433870194644,noise,172.736,NONE,b90e4410753cfe94a4d2
A02,A02|BNB|1789113772367,19,1789113772367,BNB,LONG,172.736,714.5812622151722860318636532,714.73,13.768,9840.40264,0.07970544646165246387550944794,0.000208146774471293862227246,neutral,186.504,NONE,7cd5b3f405621e7fefd6
A02,A02|XRP|1789142638021,1,1789142638021,XRP,LONG,3634.0,1.3763,1.3763,466.0,641.35580,0.1282333516785910842047330765,0,neutral,4100.0,NONE,4791d8a0e0699de570bf
A02,A02|XRP|1789142638021,2,1789142638021,XRP,LONG,4100.0,1.3763,1.3763,1329.0,1829.10270,0.3241463414634146341463414634,0,neutral,5429.0,NONE,34b05154099df422d63f
A02,A02|XRP|1789142638021,3,1789142638021,XRP,LONG,5429.0,1.3763,1.3764,70.0,96.34800,0.01289371891692761097808067784,0.000072658577345055583811669,noise,5499.0,NONE,61264ce9a10c6fd5a830
A02,A02|XRP|1789142638021,4,1789142638021,XRP,LONG,5499.0,1.376301272958719767230405528,1.3764,1678.0,2309.59920,0.3051463902527732314966357520,0.000071733597301696275615148,neutral,7177.0,NONE,d03fe9d7e9b9dc45305b
A02,A02|XRP|1789142638021,5,1789142639179,XRP,LONG,7177.0,1.376324355580326041521527100,1.3764,181.0,249.12840,0.02521945102410477915563605963,0.000054961186559881134007309,noise,7358.0,NONE,afbc1f03965addc1780f
A02,A02|XRP|1789142638021,6,1789142640045,XRP,LONG,7358.0,1.376326216363142158195161729,1.3764,363.0,499.63320,0.04933405816798042946452840446,0.000053609119684438295562570,noise,7721.0,NONE,d9214aea134bbb1eda1d
A02,A02|XRP|1789142638021,7,1789142640864,XRP,LONG,7721.0,1.376329685273928247636316539,1.3764,181.0,249.12840,0.02344255925398264473513793550,0.000051088577703501148504916,noise,7902.0,NONE,2e36ef4e902742dcc752
A02,A02|XRP|1789142638021,8,1789142640999,XRP,LONG,7902.0,1.376331295874462161478106808,1.3764,364.0,501.00960,0.04606428752214629207795494811,0.000049918305093968565848382,noise,8266.0,NONE,52a4cc26919331c7a42c
A02,A02|XRP|1789142638021,9,1789142641615,XRP,LONG,8266.0,1.376334321316235180256472296,1.3764,180.0,247.75200,0.02177594967336075489958867651,0.000047720007230517212713844,noise,8446.0,NONE,aaddb869325a90138b10
A02,A02|XRP|1789142638021,10,1789142641615,XRP,LONG,8446.0,1.376335721051385271134264741,1.3764,217.0,298.67880,0.02569263556713237035282974189,0.000046702957448220601406603,noise,8663.0,NONE,efb7720a5846aaf46450
A02,A02|XRP|1789142638021,11,1789142641615,XRP,LONG,8663.0,1.376337331178575551194736235,1.3764,152.0,209.21280,0.01754588479741429066143368348,0.000045533039033958832379229,noise,8815.0,NONE,f8eba295f0a81805711f
A02,A02|XRP|1789142638021,12,1789142641615,XRP,LONG,8815.0,1.376338411798071469086783891,1.3764,186.0,256.01040,0.02110039705048213272830402723,0.000044747862444724665100082,noise,9001.0,NONE,b1e5ea31c98cc7611618
A02,A02|XRP|1789142638021,13,1789142641615,XRP,LONG,9001.0,1.376339684479502277524719476,1.3764,273.0,375.75720,0.03032996333740695478280191090,0.000043823135507810571853172,noise,9274.0,NONE,65eb1431478af273a7d1
A02,A02|XRP|1789142638021,14,1789142641927,XRP,LONG,9274.0,1.376341459995686866508518439,1.3764,6000.0,8258.40000,0.6469700237222342031485874488,0.000042533053035630374905006,neutral,15274.0,NONE,8ac0a3c0723c678d5350
A02,A02|XRP|1789142638021,15,1789142641927,XRP,LONG,15274.0,1.376364455938195626554929946,1.3764,48.0,66.06720,0.003142595259918816289118763913,0.000025824600200202727630520,noise,15322.0,NONE,abd1b98653b842227a94
A02,A02|XRP|1789142638021,16,1789142641927,XRP,LONG,15322.0,1.376364567288865683331157812,1.3764,7956.0,10950.63840,0.5192533611800026106252447461,0.000025743696093623862142503,neutral,23278.0,NONE,39e5f55eb682e5e754b7
A02,A02|XRP|1789142638021,17,1789142641927,XRP,LONG,23278.0,1.376376677549617664747830570,1.3764,1661.0,2286.20040,0.07135492739926110490591975256,0.000016944816606349746826368,neutral,24939.0,NONE,bf1bb46239909826e4d9
A02,A02|XRP|1789142638021,18,1789142641927,XRP,LONG,24939.0,1.376378230883355387144632905,1.3764,2434.0,3350.15760,0.09759813946028309074140903805,0.000015816231437082161727320,neutral,27373.0,NONE,9bd1ca9214ac827407fa
A02,A02|XRP|1789142638021,19,1789142641927,XRP,LONG,27373.0,1.376380166587513242976655829,1.3764,1818.0,2502.29520,0.06641581120081832462645672743,0.000014409836009138665443164,neutral,29191.0,NONE,17defa83d77824532df5
A02,A02|XRP|1789142638021,20,1789142641927,XRP,LONG,29191.0,1.376381401801925250933506903,1.3764,276.0,379.88640,0.009454968997293686410194923093,0.000013512386937516559922999,noise,29467.0,NONE,585b154ff70d03a7dc3e
A02,A02|BNB|1789372961648,1,1789372961648,BNB,LONG,0.06,724.6,724.6,1.38,999.948,23,0,neutral,1.44,NONE,e9507879925c5dc90755
A02,A02|BNB|1789372961648,2,1789372961648,BNB,LONG,1.44,724.6,724.6,1.793,1299.2078,1.245138888888888888888888889,0,neutral,3.233,NONE,8d3bf68bc5de3ec0d4e5
A02,A02|BNB|1789372961648,3,1789372961648,BNB,LONG,3.233,724.6,724.64,1.380,1000.00320,0.4268481286730590782554902567,0.000055202870549268561965222,neutral,4.613,NONE,bb724205f4117077d470
A02,A02|BNB|1789372961648,4,1789372961648,BNB,LONG,4.613,724.6119661825276392802948190,724.64,1.000,724.64000,0.2167786689789724691090396705,0.000038688041021529422147497,neutral,5.613,NONE,4719a37fc34d5d3755f6
A02,A02|BNB|1789372961648,5,1789372961648,BNB,LONG,5.613,724.6169606271156244432567255,724.66,1.296,939.15936,0.2308925708177445216461785142,0.000059396032970477776889932,neutral,6.909,NONE,22fb639d3652a5f73b49
A02,A02|BNB|1789372961648,6,1789372961648,BNB,LONG,6.909,724.6250340136054421768707483,724.68,2.363,1712.41884,0.3420176581270806194818352873,0.000075854385115717366561059,neutral,9.272,NONE,1ae54adbf47892322efe
A02,A02|BNB|1789372961648,7,1789372961648,BNB,LONG,9.272,724.6390422778257118205349439,724.71,0.552,400.03992,0.05953408110440034512510785160,0.000097921472670365829692484,neutral,9.824,NONE,0a6176920a7d65b034df
A02,A02|BNB|1789372961648,8,1789372961648,BNB,LONG,9.824,724.6430293159609120521172638,724.72,1.283,929.81576,0.1305985342019543973941368078,0.000106218760031053816411279,neutral,11.107,NONE,3da39f37c79ca6fdd0f0
A02,A02|BNB|1789372961648,9,1789372961648,BNB,LONG,11.107,724.6519204105519042045556856,724.72,1.104,800.09088,0.09939677680741874493562618169,0.000093947987344772743227855,neutral,12.211,NONE,2790b49fc81b4a48fbb6
A02,A02|BNB|1789372961648,10,1789372961648,BNB,LONG,12.211,724.6580755056915895504053722,724.73,3.805,2757.59765,0.3116042912128408811727131275,0.000099253008749290536550688,neutral,16.016,NONE,1e61c0cd0f00c3252156
A02,A02|BNB|1789372961648,11,1789372961648,BNB,LONG,16.016,724.6751629620379620379620380,724.73,3.242,2349.57466,0.2024225774225774225774225774,0.000075671198303384650345175,neutral,19.258,NONE,4ac83030d3937e30481c
A02,A02|BNB|1789372961648,12,1789372961648,BNB,LONG,19.258,724.6843945373351334510333368,724.76,1.230,891.45480,0.06386956070204590300135008828,0.000104328812976766010395147,neutral,20.488,NONE,7f0887aa0e5b4c86bc18
A02,A02|BNB|1789372961648,13,1789372961648,BNB,LONG,20.488,724.6889335220616946505271378,724.78,1.283,929.89274,0.06262202264740335806325654041,0.000125662851639962312203663,neutral,21.771,NONE,7626d47c1631dec09122
A02,A02|BNB|1789372961648,14,1789372961648,BNB,LONG,21.771,724.6943002158835147673510633,724.78,0.552,400.07856,0.02535482981948463552432134491,0.000118256462195101592418080,noise,22.323,NONE,3605608a039b2b273b8a
A02,A02|BNB|1789372961648,15,1789372961648,BNB,LONG,22.323,724.6964193880750795144021861,724.78,1.704,1235.02512,0.07633382609864265555704878377,0.000115331895796442525219740,neutral,24.027,NONE,40c026ac1d6295dde5b9
A02,A02|BNB|1789372961648,16,1789372961648,BNB,LONG,24.027,724.7023469430224330961002206,724.82,1.163,842.96566,0.04840387896949265409747367545,0.000162346731004607917500264,noise,25.190,NONE,b9590e690af723639979
A02,A02|BNB|1789372961648,17,1789372961648,BNB,LONG,25.19,724.7077788805081381500595474,724.82,15.681,11365.90242,0.6225089321159190154823342596,0.000154850165490448232821684,neutral,40.871,NONE,5c46435ea588b8e9ffa7
A02,A02|BNB|1789372961648,18,1789372961648,BNB,LONG,40.871,724.7508348217562574930880086,724.82,1.104,800.20128,0.02701181767023072594259988745,0.000095433043910536301510342,noise,41.975,NONE,bae522389e89cfaaec5f
A02,A02|BNB|1789372961648,19,1789372961648,BNB,LONG,41.975,724.7526539606908874329958309,724.82,0.414,300.07548,0.009863013698630136986301369863,0.000092922790887448450035209,noise,42.389,NONE,9484eae2357aaf61aba0
A02,A02|BNB|1789372961648,20,1789372961648,BNB,LONG,42.389,724.7533117082261907570360235,724.83,8.622,6249.48426,0.2034018259454103658968128524,0.000105812958057489625937268,neutral,51.011,NONE,bf51af091268e40a65c2
A02,A02|BNB|1789372961648,21,1789372961648,BNB,LONG,51.011,724.7662737448785556056536825,724.88,6.229,4515.27752,0.1221109172531414792887808512,0.000156914386390827864664958,neutral,57.240,NONE,ba203f0aad53c32db59a
A02,A02|BNB|1789372961648,22,1789372961648,BNB,LONG,57.24,724.7786497204751921733053809,724.89,1.175,851.74575,0.02052760307477288609364081062,0.000153633498403619092272701,noise,58.415,NONE,e064c36988d4d4378f7a
A02,A02|BNB|1789372961648,23,1789372961648,BNB,LONG,58.415,724.7808894975605580758366858,724.89,3.512,2545.81368,0.06012154412394076863819224514,0.000150542741979690628197059,neutral,61.927,NONE,da7c1b1efeb8d4e1f649
A02,A02|BNB|1789372961648,24,1789372961648,BNB,LONG,61.927,724.7870773652849322589500541,724.9,1.663,1205.5087,0.02685419929917483488623702101,0.000155801114895093447354088,noise,63.590,NONE,3cdaad654fd179f13c04
A02,A02|BNB|1789372961648,25,1789372961648,BNB,LONG,63.59,724.7900305079415002358861456,724.95,1.151,834.41745,0.01810033024060386853278817424,0.000220711496192064390867449,noise,64.741,NONE,5f513e1f8b274b9dab57
A02,A02|BNB|1789372961648,26,1789372961648,BNB,LONG,64.741,724.7928745308228170710986855,724.95,41.433,30036.85335,0.6399808467586228201603311657,0.000216786718935246584740162,neutral,106.174,NONE,81ed8b7cf0e8e8dd24e7
A02,A02|BNB|1789372961648,27,1789372961648,BNB,LONG,106.174,724.8541906681485109348804792,724.96,15.684,11370.27264,0.1477197807372803134477367340,0.000145973263607619135655111,neutral,121.858,NONE,a98cee043a1341e4ef0a
A02,A02|BNB|1789372961648,28,1789372961648,BNB,LONG,121.858,724.8678090892678363340937813,724.96,0.264,191.38944,0.002166456038996208701931756635,0.000127183066451789844547687,noise,122.122,NONE,23e67377a654ae76b33f
A02,A02|BNB|1789372961648,29,1789372961648,BNB,LONG,122.122,724.8680083850575653854342379,724.96,0.302,218.93792,0.002472936899166407363128674604,0.000126908090684514930529351,noise,122.424,NONE,37d6de413f5b1181b156
A02,A02|BNB|1789372961648,30,1789372961648,BNB,LONG,122.424,724.8682353133372541331765013,724.96,2.604,1887.79584,0.02127033914918643403254263870,0.000126594989533620466092042,noise,125.028,NONE,cb49ecb950071e023cf1
A02,A02|BNB|1789372961648,31,1789372961648,BNB,LONG,125.028,724.8701465271779121476789199,724.97,24.841,18008.97977,0.1986834948971430399590491730,0.000137753600835241456670410,neutral,149.869,NONE,38a32c2726571d928dbe
A02,A02|BNB|1789372961648,32,1789372961648,BNB,LONG,149.869,724.8866973823806124014973076,724.99,0.755,547.36745,0.005037732953446009514976412734,0.000142508640305334582999299,noise,150.624,NONE,1b0aa322fd96f57f38c4
A02,A02|BNB|1789372961648,33,1789372961648,BNB,LONG,150.624,724.8872151848311026131293818,724.99,3.826,2773.81174,0.02540099851285319736562566390,0.000141794217108228906173133,noise,154.450,NONE,34ecbfec0fcf081c9e1c
A02,A02|BNB|1789372961648,34,1789372961648,BNB,LONG,154.45,724.8897613467141469731304629,725.01,0.493,357.42993,0.003191971511816121722240207187,0.000165871639657968603612943,noise,154.943,NONE,1c8fd54279518d0a7159
A02,A02|BNB|1789372961648,35,1789372961648,BNB,LONG,154.943,724.8901439238945934956726022,725.01,1.104,800.41104,0.007125200880323731953040795647,0.000165343779481694897865537,noise,156.047,NONE,94cfcbff149a1d4ed773
A02,A02|BNB|1789372961648,36,1789372961648,BNB,LONG,156.047,724.8909918806513422238171833,725.03,3.511,2545.58033,0.02249963152127243715034572917,0.000191764169931283368015255,noise,159.558,NONE,71fe0b0da458958f5a60
A02,A02|BNB|1789372961648,37,1789372961648,BNB,LONG,159.558,724.8940506900312112209980070,725.04,8.623,6252.01992,0.05404304390879805462590405997,0.000201338816106793416028205,neutral,168.181,NONE,3eafedb6d353bb2730e0
A02,A02|BNB|1789372961648,38,1789372961648,BNB,LONG,168.181,724.9015338236780611365136371,725.05,0.414,300.17070,0.002461633597136418501495412680,0.000204808749043219901937563,noise,168.595,NONE,476d54a0a310138a3d2d
A02,A02|BNB|1789372961648,39,1789372961648,BNB,LONG,168.595,724.9018983955633322459147662,725.05,0.414,300.17070,0.002455588837154126753462439574,0.000204305720214643309707858,noise,169.009,NONE,edb0eaed1007da1ea476
A02,A02|BNB|1789372961648,40,1789372961648,BNB,LONG,169.009,724.9022611813572058292753640,725.06,0.997,722.88482,0.005899094131081776710116029324,0.000217600119477804775488243,noise,170.006,NONE,44dcab3bae555e1fc638
A02,A02|BNB|1789372961648,41,1789372961648,BNB,LONG,170.006,724.9031862404856299189440373,725.07,1.104,800.47728,0.006493888450995847205392750844,0.000230118673335545040552150,noise,171.110,NONE,de116383518c187a6b1a
A02,A02|BNB|1789372961648,42,1789372961648,BNB,LONG,171.11,724.9042625211852025013149436,725.08,1.063,770.76004,0.006212378002454561393255800362,0.000242428535602191470168417,noise,172.173,NONE,84d6e2f83fe6f6ea15b5
A02,A02|BTC|1789402066508,1,1789402066508,BTC,LONG,0.06371,78443.0,78443.0,0.04989,3913.521270,0.7830795793439020561921205462,0,neutral,0.11360,NONE,39c985bab627b465d4bb
A02,A02|BTC|1789402066508,2,1789402066508,BTC,LONG,0.1136,78443.0,78443.0,0.21238,16659.724340,1.869542253521126760563380282,0,neutral,0.32598,NONE,e7f340182e95924eebd7
A02,A02|BTC|1789402066508,3,1789402066508,BTC,LONG,0.32598,78443.0,78443.0,0.06371,4997.603530,0.1954414381250383459107920731,0,neutral,0.38969,NONE,ba2422ae3c9d0aed0647
A02,A02|BTC|1789402066508,4,1789402066508,BTC,LONG,0.38969,78443.0,78443.0,0.21238,16659.724340,0.5449973055505658343811747800,0,neutral,0.60207,NONE,4039fa0c2cc409562f8d
A02,A02|BTC|1789402066508,5,1789402066508,BTC,LONG,0.60207,78443.0,78443.0,0.11500,9020.945000,0.1910076901356985068181440696,0,neutral,0.71707,NONE,10cb2793d69c9437459e
A02,A02|BTC|1789402066508,6,1789402066508,BTC,LONG,0.71707,78443.0,78443.0,0.42476,33319.448680,0.5923550002091845984352992037,0,neutral,1.14183,NONE,5d0538fa23af36e35557
A02,A02|BTC|1789402066508,7,1789402066508,BTC,LONG,1.14183,78443.0,78443.0,0.42476,33319.448680,0.3719993344017936120087929026,0,neutral,1.56659,NONE,380801168ae72f8746b3
A02,A02|BTC|1789402066508,8,1789402066508,BTC,LONG,1.56659,78443.0,78443.0,0.18161,14246.033230,0.1159269496166833696117044026,0,neutral,1.74820,NONE,25238f4cb521a5f1c19c
A02,A02|XRP|1789402070806,1,1789402070806,XRP,LONG,5656.0,1.4026,1.4026,4802.0,6735.28520,0.8490099009900990099009900990,0,neutral,10458.0,NONE,fd20aff7ee0b650b9c14
A02,A02|XRP|1789402070806,2,1789402070806,XRP,LONG,10458.0,1.4026,1.4027,1289.0,1808.08030,0.1232549244597437368521705871,0.000071296164266362469699130,neutral,11747.0,NONE,a858134c35db834bf7d4
A02,A02|XRP|1789402070806,3,1789402070806,XRP,LONG,11747.0,1.402610973014386651911126245,1.4027,2894.0,4059.41380,0.2463607729633097812207372095,0.000063472329338774490370089,neutral,14641.0,NONE,f822f2433454b260a147
A02,A02|XRP|1789402070806,4,1789402070806,XRP,LONG,14641.0,1.402628570452837920907041869,1.4027,3565.0,5000.62550,0.2434942968376477016597226965,0.000050925489945651185452447,neutral,18206.0,NONE,3031ec413e8218b54bb0
A02,A02|XRP|1789402070806,5,1789402070806,XRP,LONG,18206.0,1.402642557398659782489289245,1.4027,1109.0,1555.59430,0.06091398440074700648137976491,0.000040953128819041774791594,neutral,19315.0,NONE,64733ec04b34b8c15ff5
A02,A02|XRP|1789402070806,6,1789402070806,XRP,LONG,19315.0,1.402645855552679264820088014,1.4027,2851.0,3999.09770,0.1476054879627232720683406679,0.000038601652089436964268044,neutral,22166.0,NONE,661f997a3ba022107aa2
A02,A02|XRP|1789402070806,7,1789402070806,XRP,LONG,22166.0,1.402652819633673193178742217,1.4028,1401.0,1965.32280,0.06320490841829829468555445277,0.000104930004250977440486509,neutral,23567.0,NONE,770bdb5574eee252b049
A02,A02|XRP|1789402070806,8,1789402070806,XRP,LONG,23567.0,1.402661569143293588492383417,1.4028,2851.0,3999.38280,0.1209742436457758730428141045,0.000098691558784890070659938,neutral,26418.0,NONE,d7c4621130e6cc1c7b8a
A02,A02|XRP|1789402070806,9,1789402070806,XRP,LONG,26418.0,1.402676508441214323567264743,1.4028,3565.0,5000.98200,0.1349458702399878870467105761,0.000088039942240789242028559,neutral,29983.0,NONE,8f1e6fc6e74c40c88652
A02,A02|XRP|1789402070806,10,1789402070806,XRP,LONG,29983.0,1.402691191675282660174098655,1.4028,952.0,1335.46560,0.03175132575125904679318280359,0.000077571118549184212146928,noise,30935.0,NONE,a1d8b76163decd30c13c
A02,A02|XRP|1789402070806,11,1789402070806,XRP,LONG,30935.0,1.402694540164861807014708258,1.4028,2608.0,3658.50240,0.08430580248909002747696783578,0.000075183749646446942373417,neutral,33543.0,NONE,8897145ad8e4fb293de5
A02,A02|XRP|1789402070806,12,1789402070806,XRP,LONG,33543.0,1.402702739766866410279342932,1.4029,2851.0,3999.66790,0.08499537906567689234713651134,0.000140628678864899764420875,neutral,36394.0,NONE,bd92e0dabe5ecaccd30a
A02,A02|XRP|1789402070806,13,1789402070806,XRP,LONG,36394.0,1.402718192559213057097323734,1.4029,885.0,1241.56650,0.02431719514205638292026158158,0.000129610809748778709447144,noise,37279.0,NONE,dc9fbcf043a3fe189932
A02,A02|XRP|1789402070806,14,1789402070806,XRP,LONG,37279.0,1.402722508650983127229807666,1.4029,3565.0,5001.33850,0.09563024759247833901123957188,0.000126533471818006655247171,neutral,40844.0,NONE,48bbdbe8ccd8ab9379ed
A02,A02|XRP|1789402070806,15,1789402070806,XRP,LONG,40844.0,1.402738000685535207129566154,1.4029,2626.0,3684.01540,0.06429340906865145431397512487,0.000115487934586231944437456,neutral,43470.0,NONE,fc8cb0cd6eba3424ae24
A02,A02|XRP|1789402070806,16,1789402070806,XRP,LONG,43470.0,1.402747786979526109960892569,1.4029,2708.0,3799.05320,0.06229583620887968714055670577,0.000108510611734161783026326,neutral,46178.0,NONE,d660f991db011ec2638f
A02,A02|XRP|1789402070806,17,1789402070806,XRP,LONG,46178.0,1.402756713153449694659794707,1.403,1314.0,1843.5420,0.02845510849322188054917926285,0.000173434811802388302875181,noise,47492.0,NONE,d82b6e252c1c04e6bf73
A02,A02|XRP|1789402070806,18,1789402070806,XRP,LONG,47492.0,1.402763444369578034195232881,1.403,2851.0,3999.9530,0.06003116314326623431314747747,0.000168635439832321329310490,neutral,50343.0,NONE,5896a22b9a235b2c68ef
A02,A02|XRP|1789402070806,19,1789402070806,XRP,LONG,50343.0,1.402776840871620682120652325,1.403,4143.0,5812.6290,0.08229545319110899231273464037,0.000159083841333349296706615,neutral,54486.0,NONE,882d347eecbc2fa7ca5a
A02,A02|XRP|1789402070806,20,1789402070806,XRP,LONG,54486.0,1.402793809418933303967991778,1.403,3385.0,4749.1550,0.06212605072862753734904379107,0.000146985665093649441458725,neutral,57871.0,NONE,9dafa02d8217ac3e3dfa
A02,A02|XRP|1789402070806,21,1789402070806,XRP,LONG,57871.0,1.402805869952134920772062000,1.403,153.0,214.6590,0.002643811235333759568695892589,0.000138386965740101394797602,noise,58024.0,NONE,52992db7d87770902575
A02,A02|XRP|1789402070806,22,1789402070806,XRP,LONG,58024.0,1.402806381841996415276437336,1.4031,721.0,1011.63510,0.01242589273404108644698745347,0.000209307686223982468520198,noise,58745.0,NONE,028281a5aa43f18846fd
A02,A02|XRP|1789402070806,23,1789402070806,XRP,LONG,58745.0,1.402809985530683462422333815,1.4031,2653.0,3722.42430,0.04516129032258064516129032258,0.000206738241321275605225113,noise,61398.0,NONE,60764f8810a014f73fab
A02,A02|XRP|1789402070806,24,1789402070806,XRP,LONG,61398.0,1.402822517020098374539887292,1.4031,1228.0,1723.00680,0.02000065148701912114401120558,0.000197803340433300112541207,noise,62626.0,NONE,b6919981374d9d0d0ffb
A02,A02|XRP|1789402070806,25,1789402070806,XRP,LONG,62626.0,1.402827958036598217992527065,1.4031,99.0,138.90690,0.001580813080829048637945901063,0.000193923967542344016952394,noise,62725.0,NONE,c7f9b6053bdb113b4321
A02,A02|XRP|1789402070806,26,1789402070806,XRP,LONG,62725.0,1.402828387405340773216420884,1.4031,6343.0,8899.86330,0.1011239537664408130729374253,0.000193617834581747439932053,neutral,69068.0,NONE,28f8e17f86b45f82f280
A02,A02|FET|1789459501361,1,1789459501361,FET,SHORT,1122.0,0.15819,0.15819,1027.0,162.461130,0.9153297682709447415329768271,-0,neutral,2149.0,NONE,38bc58266504a9b387fe
A02,A02|FET|1789459501361,2,1789459501361,FET,SHORT,2149.0,0.15819,0.15819,2529.0,400.062510,1.176826430898092135877152164,-0,neutral,4678.0,NONE,5ac48e1d7a30a60e07b0
A02,A02|FET|1789459501361,3,1789459501361,FET,SHORT,4678.0,0.15819,0.15819,6407.0,1013.523330,1.369602394185549380076955964,-0,neutral,11085.0,NONE,181423ccec5d8e63efed
A02,A02|FET|1789459501361,4,1789459513157,FET,SHORT,11085.0,0.15819,0.15819,592.0,93.648480,0.05340550293188994136220117276,-0,neutral,11677.0,NONE,34d3264a0d94b0f5af78
A02,A02|FET|1789459501361,5,1789459516508,FET,SHORT,11677.0,0.15819,0.15819,315.0,49.829850,0.02697610687676629271216922155,-0,noise,11992.0,NONE,2706485252c9ec9573c0
A02,A02|FET|1789459501361,6,1789459516508,FET,SHORT,11992.0,0.15819,0.15819,252.0,39.863880,0.02101400933955970647098065377,-0,noise,12244.0,NONE,3fb4299fa74c2d4bc494
A02,A02|FET|1789459501361,7,1789459516508,FET,SHORT,12244.0,0.15819,0.15819,2070.0,327.453300,0.1690623979091800065338124796,-0,neutral,14314.0,NONE,ff9a1a53db9a055f2013
A02,A02|FET|1789459501361,8,1789459516508,FET,SHORT,14314.0,0.15819,0.15819,2033.0,321.600270,0.1420287830096409109962274696,-0,neutral,16347.0,NONE,c62192c30b72714bd1ef
A02,A02|FET|1789459501361,9,1789459516508,FET,SHORT,16347.0,0.15819,0.15819,3961.0,626.590590,0.2423074570257539609714320670,-0,neutral,20308.0,NONE,1756dd1914866080c060
A02,A02|FET|1789459501361,10,1789459516508,FET,SHORT,20308.0,0.15819,0.15819,6293.0,995.489670,0.3098778806381721489068347449,-0,neutral,26601.0,NONE,78923d68c4b06f397fa3
A02,A02|FET|1789459501361,11,1789459516508,FET,SHORT,26601.0,0.15819,0.15819,2888.0,456.852720,0.1085673470922145783993082967,-0,neutral,29489.0,NONE,d590c1668e99f5acb7e9
A02,A02|FET|1789459501361,12,1789459516646,FET,SHORT,29489.0,0.15819,0.15819,3280.0,518.863200,0.1112279154939129845026959205,-0,neutral,32769.0,NONE,704941b4404ed74ccffe
A02,A02|FET|1789459501361,13,1789459516711,FET,SHORT,32769.0,0.15819,0.15819,252.0,39.863880,0.007690195001373249107388080198,-0,noise,33021.0,NONE,9617805879b65df76bff
A02,A02|FET|1789459501361,14,1789459516711,FET,SHORT,33021.0,0.15819,0.15819,315.0,49.829850,0.009539384028345598255655491960,-0,noise,33336.0,NONE,76dd1f85806cf4939a67
A02,A02|FET|1789459501361,15,1789459516913,FET,SHORT,33336.0,0.15819,0.15819,252.0,39.863880,0.007559395248380129589632829374,-0,noise,33588.0,NONE,4c490195cb37de1aeabd
A02,A02|FET|1789459501361,16,1789459516976,FET,SHORT,33588.0,0.15819,0.15819,315.0,49.829850,0.009378349410503751339764201501,-0,noise,33903.0,NONE,43e9a16f721a248ece9c
A02,A02|FET|1789459501361,17,1789459517182,FET,SHORT,33903.0,0.15819,0.15819,315.0,49.829850,0.009291213166976373772232545792,-0,noise,34218.0,NONE,47bca243381da40065b6
A02,A02|FET|1789459501361,18,1789459517182,FET,SHORT,34218.0,0.15819,0.15819,252.0,39.863880,0.007364544976328248290373487638,-0,noise,34470.0,NONE,1685d4f5501eed3e2440
A02,A02|FET|1789459501361,19,1789459517383,FET,SHORT,34470.0,0.15819,0.15819,252.0,39.863880,0.007310704960835509138381201044,-0,noise,34722.0,NONE,1686ef694bb448806a9f
A02,A02|FET|1789459501361,20,1789459517383,FET,SHORT,34722.0,0.15819,0.15819,315.0,49.829850,0.009072058061171591498185588388,-0,noise,35037.0,NONE,3bf3b3c1efbf6f092b6f
A02,A02|FET|1789459501361,21,1789459517583,FET,SHORT,35037.0,0.15819,0.15819,252.0,39.863880,0.007192396609298741330593372720,-0,noise,35289.0,NONE,833807fa794db58afeb0
A02,A02|FET|1789459501361,22,1789459517583,FET,SHORT,35289.0,0.15819,0.15819,315.0,49.829850,0.008926294312675337923998979852,-0,noise,35604.0,NONE,c284e58417afa53c9ba7
A02,A02|FET|1789459501361,23,1789459517860,FET,SHORT,35604.0,0.15819,0.15819,252.0,39.863880,0.007077856420626895854398382204,-0,noise,35856.0,NONE,79c8116a80ac801b27a0
A02,A02|FET|1789459501361,24,1789459517860,FET,SHORT,35856.0,0.15819,0.15819,315.0,49.829850,0.008785140562248995983935742972,-0,noise,36171.0,NONE,e9d81c09d82b40716b6a
A02,A02|FET|1789459501361,25,1789459517860,FET,SHORT,36171.0,0.15819,0.15819,43712.0,6914.801280,1.208481933040280888004202261,-0,neutral,79883.0,NONE,1a713b39648a29436731
A02,A02|FET|1789459501361,26,1789459518063,FET,SHORT,79883.0,0.15819,0.15819,252.0,39.863880,0.003154613622422793335252807231,-0,noise,80135.0,NONE,99b34333d51549be7f30
A02,A02|FET|1789459501361,27,1789459518063,FET,SHORT,80135.0,0.15819,0.15819,315.0,49.829850,0.003930866662507019404754476820,-0,noise,80450.0,NONE,30aaf6c7470e6e0d8571
A02,A02|FET|1789459501361,28,1789459518182,FET,SHORT,80450.0,0.15819,0.15819,62594.0,9901.744860,0.7780484773151025481665630827,-0,neutral,143044.0,NONE,ceeaf8d380a09aa06b2e
A02,A02|FET|1789459501361,29,1789459518265,FET,SHORT,143044.0,0.15819,0.15819,252.0,39.863880,0.001761695702021755543748776600,-0,noise,143296.0,NONE,290f6378a260ccd62b56
A02,A02|FET|1789459501361,30,1789459518331,FET,SHORT,143296.0,0.15819,0.15819,315.0,49.829850,0.002198246985261277355962483251,-0,noise,143611.0,NONE,6065064259c018e0b963
A02,A02|FET|1789459501361,31,1789459518387,FET,SHORT,143611.0,0.15819,0.15819,3552.0,561.890880,0.02473348141855428901685804012,-0,noise,147163.0,NONE,0a798b0fe6ad121f5602
A02,A02|FET|1789459501361,32,1789459518534,FET,SHORT,147163.0,0.15819,0.15819,252.0,39.863880,0.001712386945088099590250266711,-0,noise,147415.0,NONE,1449b973721e854b8754
A02,A02|FET|1789459501361,33,1789459518534,FET,SHORT,147415.0,0.15819,0.15819,315.0,49.829850,0.002136824610792660177051182037,-0,noise,147730.0,NONE,9aa36668175893ac841e
A02,A02|FET|1789459501361,34,1789459518735,FET,SHORT,147730.0,0.15819,0.15819,315.0,49.829850,0.002132268327353956542340756786,-0,noise,148045.0,NONE,5a7884aac2d075c2b873
A02,A02|FET|1789459501361,35,1789459518735,FET,SHORT,148045.0,0.15819,0.15819,252.0,39.863880,0.001702185146408186699989867946,-0,noise,148297.0,NONE,ea71112233a350b44780
A02,A02|FET|1789459501361,36,1789459526206,FET,SHORT,148297.0,0.15819,0.15819,252.0,39.863880,0.001699292635724256053730014768,-0,noise,148549.0,NONE,f92ca0ac1c4875936a94
A02,A02|FET|1789459501361,37,1789459526206,FET,SHORT,148549.0,0.15819,0.15819,315.0,49.829850,0.002120512423510087580528983702,-0,noise,148864.0,NONE,c91c88f1ad3f03975986
A02,A02|FET|1789459501361,38,1789459526206,FET,SHORT,148864.0,0.15819,0.15819,2311.0,365.577090,0.01552423688736027515047291488,-0,noise,151175.0,NONE,d3fa1c39cf655d9e84c4
A02,A02|FET|1789459501361,39,1789459526206,FET,SHORT,151175.0,0.15819,0.15819,1360.0,215.138400,0.008996196461055068629072267240,-0,noise,152535.0,NONE,7d0af09eb3a50301fcea
A02,A02|FET|1789459501361,40,1789459526206,FET,SHORT,152535.0,0.15819,0.15819,2033.0,321.600270,0.01332808863539515521027960796,-0,noise,154568.0,NONE,6e29f2bc1fea2b9d94b4
A02,A02|FET|1789459501361,41,1789459526206,FET,SHORT,154568.0,0.15819,0.15819,2607.0,412.401330,0.01686636302468816313855390508,-0,noise,157175.0,NONE,21c69cbd3e0b6cb33e5b
A02,A02|FET|1789459501361,42,1789459526206,FET,SHORT,157175.0,0.15819,0.15819,5079.0,803.447010,0.03231429934786066486400508987,-0,noise,162254.0,NONE,79b9e8b19c54f0b276a0
A02,A02|FET|1789459501361,43,1789459526206,FET,SHORT,162254.0,0.15819,0.15819,6014.0,951.354660,0.03706534199465036301108139091,-0,noise,168268.0,NONE,f708b6b2400a4da36af1
A02,A02|FET|1789459501361,44,1789459526349,FET,SHORT,168268.0,0.15819,0.15819,618.0,97.761420,0.003672712577554852972638885587,-0,noise,168886.0,NONE,e5a069221ef619f1f41e
A02,A02|FET|1789459501361,45,1789459526349,FET,SHORT,168886.0,0.15819,0.15819,2107.0,333.306330,0.01247587129779851497459824971,-0,noise,170993.0,NONE,b0de7dac4e2a101e27e7
A02,A02|FET|1789459501361,46,1789459526415,FET,SHORT,170993.0,0.15819,0.15819,252.0,39.863880,0.001473744539250144742767247782,-0,noise,171245.0,NONE,3132ecbb79ec318e1e42
A02,A02|FET|1789459501361,47,1789459526415,FET,SHORT,171245.0,0.15819,0.15819,315.0,49.829850,0.001839469765540599725539431808,-0,noise,171560.0,NONE,01c8218fe71ffb678ad2
A02,A02|FET|1789459501361,48,1789459526415,FET,SHORT,171560.0,0.15819,0.15819,2750.0,435.022500,0.01602937747726742830496619259,-0,noise,174310.0,NONE,00d89146dc4acc2e11bc
A02,A02|FET|1789459501361,49,1789459526677,FET,SHORT,174310.0,0.15819,0.15819,252.0,39.863880,0.001445700189317881934484539040,-0,noise,174562.0,NONE,b98006021b0c9f5c7ffb
A02,A02|FET|1789459501361,50,1789459526677,FET,SHORT,174562.0,0.15819,0.15819,315.0,49.829850,0.001804516446878472978082285950,-0,noise,174877.0,NONE,d9cafc9c3bf68f40d983
A02,A02|FET|1789459501361,51,1789459526944,FET,SHORT,174877.0,0.15819,0.15819,315.0,49.829850,0.001801266032697267222104679289,-0,noise,175192.0,NONE,ad44d279b77773c908ea
A02,A02|FET|1789459501361,52,1789459526944,FET,SHORT,175192.0,0.15819,0.15819,252.0,39.863880,0.001438421845746381113292844422,-0,noise,175444.0,NONE,021a0021859df445cc44
A02,A02|FET|1789459501361,53,1789459527146,FET,SHORT,175444.0,0.15819,0.15819,315.0,49.829850,0.001795444700303230660495656734,-0,noise,175759.0,NONE,ef7e0ff14cf8f9c43c89
A02,A02|FET|1789459501361,54,1789459527146,FET,SHORT,175759.0,0.15819,0.15819,252.0,39.863880,0.001433781484874174295484157284,-0,noise,176011.0,NONE,1743931adc4b22cce26f
A02,A02|FET|1789459501361,55,1789459527274,FET,SHORT,176011.0,0.15819,0.15819,252.0,39.863880,0.001431728698774508411406105300,-0,noise,176263.0,NONE,0893a807432215b9450d
A02,A02|FET|1789459501361,56,1789459527274,FET,SHORT,176263.0,0.15819,0.15819,315.0,49.829850,0.001787102227920777474569251630,-0,noise,176578.0,NONE,560748214443d924b88a
A02,A02|FET|1789459501361,57,1789459527550,FET,SHORT,176578.0,0.15819,0.15819,315.0,49.829850,0.001783914190895808084812377533,-0,noise,176893.0,NONE,ae30c59abd7192993f40
A02,A02|FET|1789459501361,58,1789459527550,FET,SHORT,176893.0,0.15819,0.15819,252.0,39.863880,0.001424590006388042488962254018,-0,noise,177145.0,NONE,204cf0eba7b90698944a
A02,A02|FET|1789459501361,59,1789459527684,FET,SHORT,177145.0,0.15819,0.15819,1668.0,263.860920,0.009416015128849247791357362613,-0,noise,178813.0,NONE,0c8e416e75770c32e046
A02,A02|FET|1789459501361,60,1789459527817,FET,SHORT,178813.0,0.15819,0.15819,252.0,39.863880,0.001409293507742725640753189086,-0,noise,179065.0,NONE,16ea3902e950b4f90c12
A02,A02|FET|1789459501361,61,1789459527817,FET,SHORT,179065.0,0.15819,0.15819,315.0,49.829850,0.001759137743277580766760673498,-0,noise,179380.0,NONE,a3fc298c051a8961c7ce
A02,A02|FET|1789459501361,62,1789459528017,FET,SHORT,179380.0,0.15819,0.15819,252.0,39.863880,0.001404838889508306388672092764,-0,noise,179632.0,NONE,820db4e5635c0acfcfe4
A02,A02|FET|1789459501361,63,1789459528017,FET,SHORT,179632.0,0.15819,0.15819,315.0,49.829850,0.001753585107330542442326534248,-0,noise,179947.0,NONE,57dc2e50f3a7f8324c5c
A02,A02|FET|1789459501361,64,1789459528219,FET,SHORT,179947.0,0.15819,0.15819,252.0,39.863880,0.001400412343634514607078750966,-0,noise,180199.0,NONE,36a44a7ddcb6ef0b2b7d
A02,A02|FET|1789459501361,65,1789459528219,FET,SHORT,180199.0,0.15819,0.15819,315.0,49.829850,0.001748067414358570247337665581,-0,noise,180514.0,NONE,bcc8d6de78a77d9a193b
A02,A02|FET|1789459501361,66,1789459528421,FET,SHORT,180514.0,0.15819,0.15819,252.0,39.863880,0.001396013605592918000819881006,-0,noise,180766.0,NONE,145d2a2bb1e5c87b6082
A02,A02|FET|1789459501361,67,1789459528421,FET,SHORT,180766.0,0.15819,0.15819,315.0,49.829850,0.001742584335549826847969197747,-0,noise,181081.0,NONE,a49afd1de604a81fdb89
A02,A02|FET|1789459501361,68,1789459528616,FET,SHORT,181081.0,0.15819,0.15819,252.0,39.863880,0.001391642414168245149960514908,-0,noise,181333.0,NONE,d64b1e541bdfe6f8c98a
A02,A02|FET|1789459501361,69,1789459528616,FET,SHORT,181333.0,0.15819,0.15819,315.0,49.829850,0.001737135546205048171044432067,-0,noise,181648.0,NONE,92dd418728e420006b87
A02,A02|FET|1789459501361,70,1789459528826,FET,SHORT,181648.0,0.15819,0.15819,315.0,49.829850,0.001734123139258345811679732229,-0,noise,181963.0,NONE,f7036e1dec79e8613d03
A02,A02|FET|1789459501361,71,1789459528826,FET,SHORT,181963.0,0.15819,0.15819,252.0,39.863880,0.001384896929595577122821672538,-0,noise,182215.0,NONE,2b16667d9f8829f053a6
A02,A02|FET|1789459501361,72,1789459528889,FET,SHORT,182215.0,0.15819,0.15819,1021.0,161.511990,0.005603270861345114288066295310,-0,noise,183236.0,NONE,45a7d53febaa7f4f7804
A02,A02|FET|1789459501361,73,1789459529023,FET,SHORT,183236.0,0.15819,0.15819,315.0,49.829850,0.001719094501080573686393503460,-0,noise,183551.0,NONE,ad4d9df0a313ff3bdf7a
A02,A02|FET|1789459501361,74,1789459529023,FET,SHORT,183551.0,0.15819,0.15819,252.0,39.863880,0.001372915429499158272087866587,-0,noise,183803.0,NONE,dab9ff6960beaef8734d
A02,A02|FET|1789459501361,75,1789459529359,FET,SHORT,183803.0,0.15819,0.15819,252.0,39.863880,0.001371033116978504159344515596,-0,noise,184055.0,NONE,8186c9bfa5306243c306
A02,A02|FET|1789459501361,76,1789459529359,FET,SHORT,184055.0,0.15819,0.15819,315.0,49.829850,0.001711444948520822580207003341,-0,noise,184370.0,NONE,0f8ecbc8ca36834362e8
A02,A02|FET|1789459501361,77,1789459529442,FET,SHORT,184370.0,0.15819,0.15819,315.0,49.829850,0.001708520909041601128166187558,-0,noise,184685.0,NONE,62253696f86f22a0bac6
A02,A02|FET|1789459501361,78,1789459529642,FET,SHORT,184685.0,0.15819,0.15819,252.0,39.863880,0.001364485475268700760754798711,-0,noise,184937.0,NONE,4cc863b52fda1e82edf5
A02,A02|FET|1789459501361,79,1789459529710,FET,SHORT,184937.0,0.15819,0.15819,315.0,49.829850,0.001703282739527514775301859552,-0,noise,185252.0,NONE,716edf1124347d116f75
A02,A02|FET|1789459501361,80,1789459529710,FET,SHORT,185252.0,0.15819,0.15819,252.0,39.863880,0.001360309200440481074428346253,-0,noise,185504.0,NONE,5dae4509fc5c00b52988
A02,A02|FET|1789459501361,81,1789459529914,FET,SHORT,185504.0,0.15819,0.15819,315.0,49.829850,0.001698076591340348456097981715,-0,noise,185819.0,NONE,e90128dc2d5cdd8459f9
A02,A02|FET|1789459501361,82,1789459529914,FET,SHORT,185819.0,0.15819,0.15819,252.0,39.863880,0.001356158412218341504367152982,-0,noise,186071.0,NONE,a1029002925ceb77d20c
A02,A02|FET|1789459501361,83,1789459529914,FET,SHORT,186071.0,0.15819,0.15819,529.0,83.682510,0.002843000790021013484100155317,-0,noise,186600.0,NONE,e46daf6ddbeaffec46c0
A02,A02|FET|1789459501361,84,1789459530111,FET,SHORT,186600.0,0.15819,0.15819,315.0,49.829850,0.001688102893890675241157556270,-0,noise,186915.0,NONE,b0b564cfa1dd67bb1fcc
A02,A02|FET|1789459501361,85,1789459530111,FET,SHORT,186915.0,0.15819,0.15819,252.0,39.863880,0.001348206403980418906989808202,-0,noise,187167.0,NONE,0156a5fe70a04c1a4ead
A02,A02|FET|1789459501361,86,1789459589408,FET,SHORT,187167.0,0.15819,0.15811,6407.0,1013.010770,0.03423146174272174047775515983,0.0005057209684556545925785448,noise,193574.0,NONE,22f81ffd8d3b88381b8c
A02,A02|FET|1789459501361,87,1789459678783,FET,SHORT,193574.0,0.1581873521237356256522053582,0.15801,400.0,63.204000,0.002066393213964685339973343528,0.0011211523636662124733946525,noise,193974.0,NONE,c6cb610dc16ff6285c62
A02,A02|FET|1789459501361,88,1789459732687,FET,SHORT,193974.0,0.1581869864002392073164444720,0.15769,3957.0,623.979330,0.02039964118902533329209069257,0.0031417653977031310533569235,noise,197931.0,NONE,dd5742671e4ab28c3a13
A02,A02|AAVE|1789516970640,1,1789516970640,AAVE,SHORT,0.82,121.89,121.89,0.82,99.9498,1,-0,neutral,1.64,NONE,2e1a69ae0218d9185b77
A02,A02|AAVE|1789516970640,2,1789516970640,AAVE,SHORT,1.64,121.89,121.89,20.02,2440.2378,12.20731707317073170731707317,-0,neutral,21.66,NONE,109ff2cea434b0322652
A02,A02|AAVE|1789516970640,3,1789516970640,AAVE,SHORT,21.66,121.89,121.89,2.82,343.7298,0.1301939058171745152354570637,-0,neutral,24.48,NONE,c79008a11d62d752fb90
A02,A02|AAVE|1789516970640,4,1789516970640,AAVE,SHORT,24.48,121.89,121.89,9.37,1142.1093,0.3827614379084967320261437908,-0,neutral,33.85,NONE,91895967861eeda82d06
A02,A02|AAVE|1789516970640,5,1789516970640,AAVE,SHORT,33.85,121.89,121.89,2.30,280.3470,0.06794682422451994091580502216,-0,neutral,36.15,NONE,08e3f8ee07beecf2f699
A02,A02|AAVE|1789516970640,6,1789516970640,AAVE,SHORT,36.15,121.89,121.89,28.68,3495.8052,0.7933609958506224066390041494,-0,neutral,64.83,NONE,83cebfff7e9ea3462d0b
A02,A02|AAVE|1789516970640,7,1789516970640,AAVE,SHORT,64.83,121.89,121.89,7.58,923.9262,0.1169211784667592164121548666,-0,neutral,72.41,NONE,bc7d997fe115926094ca
A02,A02|AAVE|1789516970640,8,1789516970640,AAVE,SHORT,72.41,121.89,121.89,38.43,4684.2327,0.5307278000276204944068498826,-0,neutral,110.84,NONE,e767ab760bd83b37ac55
A02,A02|AAVE|1789516970640,9,1789516970640,AAVE,SHORT,110.84,121.89,121.89,21.94,2674.2666,0.1979429808733309274630097438,-0,neutral,132.78,NONE,24564bcbf0ea88846c36
A02,A02|AAVE|1789516970640,10,1789516970640,AAVE,SHORT,132.78,121.89,121.89,31.93,3891.9477,0.2404729627956017472510920319,-0,neutral,164.71,NONE,ade573c024f9b1c63690
A02,A02|AAVE|1789516970640,11,1789516970640,AAVE,SHORT,164.71,121.89,121.89,10.85,1322.5065,0.06587335316617084572885677858,-0,neutral,175.56,NONE,40c30feacaac6f349b07
A02,A02|AAVE|1789516970640,12,1789516970640,AAVE,SHORT,175.56,121.89,121.89,0.46,56.0694,0.002620186830713146502620186831,-0,noise,176.02,NONE,ef58eb7d373f78558583
A02,A02|AAVE|1789516970640,13,1789516970640,AAVE,SHORT,176.02,121.89,121.89,24.70,3010.6830,0.1403249630723781388478581979,-0,neutral,200.72,NONE,ecb67f4c1b9ff84e6f7e
A02,A02|AAVE|1789516970640,14,1789516970640,AAVE,SHORT,200.72,121.89,121.89,1.35,164.5515,0.006725787166201673973694699083,-0,noise,202.07,NONE,6b250f9ba2a8e06a8ce4
A02,A02|AAVE|1789516970640,15,1789516970640,AAVE,SHORT,202.07,121.89,121.89,3.51,427.8339,0.01737021824120354332657000049,-0,noise,205.58,NONE,2b70b43b15257d255ce9
A02,A02|AAVE|1789516970640,16,1789516970640,AAVE,SHORT,205.58,121.89,121.89,9.16,1116.5124,0.04455686350812335830333690048,-0,noise,214.74,NONE,cd75e66b5462ab603940
A02,A02|AAVE|1789516970640,17,1789516970640,AAVE,SHORT,214.74,121.89,121.89,3.09,376.6401,0.01438949427214305671975412126,-0,noise,217.83,NONE,48b07058e01c79a2c215
A02,A02|AAVE|1789516970640,18,1789516970640,AAVE,SHORT,217.83,121.89,121.89,25.94,3161.8266,0.1190836891153651930404443832,-0,neutral,243.77,NONE,d51f292bdfccbfe26d84
A02,A02|AAVE|1789516970640,19,1789516970712,AAVE,SHORT,243.77,121.89,121.89,5.03,613.1067,0.02063420437297452516716577101,-0,noise,248.80,NONE,1d7a985346597e0ea22a
A02,A02|AAVE|1789516970640,20,1789516970712,AAVE,SHORT,248.8,121.89,121.89,8.4,1023.876,0.03376205787781350482315112540,-0,noise,257.2,NONE,22ca3ebcb7d3d4dae5f7
A02,A02|AAVE|1789516970640,21,1789516970712,AAVE,SHORT,257.2,121.89,121.89,9.35,1139.6715,0.03635303265940902021772939347,-0,noise,266.55,NONE,bdad9ca61f4c5e027c3c
A02,A02|AAVE|1789516970640,22,1789516970841,AAVE,SHORT,266.55,121.89,121.89,1.64,199.8996,0.006152691802663665353592196586,-0,noise,268.19,NONE,010a221ce0fee457ee58
A02,A02|AAVE|1789516970640,23,1789516970841,AAVE,SHORT,268.19,121.89,121.89,0.82,99.9498,0.003057533837950706588612550804,-0,noise,269.01,NONE,ffe0d0ddb9a14988095b
A02,A02|AAVE|1789516970640,24,1789516970841,AAVE,SHORT,269.01,121.89,121.89,0.82,99.9498,0.003048213821047544700940485484,-0,noise,269.83,NONE,e90c2ef833be2a727869
A02,A02|AAVE|1789516970640,25,1789516970973,AAVE,SHORT,269.83,121.89,121.89,10.49,1278.6261,0.03887632954082199903643034503,-0,noise,280.32,NONE,9dfd4bda2a0be5f6e942
A02,A02|AAVE|1789516970640,26,1789516970973,AAVE,SHORT,280.32,121.89,121.89,11.79,1437.0831,0.04205907534246575342465753425,-0,noise,292.11,NONE,8e53b80979689e217188
A02,A02|FIL|1789574650021,1,1789574650756,FIL,SHORT,25502.1,0.77352,0.77352,8250.2,6381.694704,0.3235106128514906615533622721,-0,neutral,33752.3,NONE,f97333d7c915c117d429
A02,A02|BNB|1789632536854,1,1789632536854,BNB,LONG,0.528,725.24,725.24,1.793,1300.35532,3.395833333333333333333333333,0,neutral,2.321,NONE,9933cd64d13a6883bfa2
A02,A02|BNB|1789632536854,2,1789632536854,BNB,LONG,2.321,725.24,725.24,5.425,3934.42700,2.337354588539422662645411461,0,neutral,7.746,NONE,9fbace9994cdcf38704d
A02,A02|BNB|1789632536854,3,1789632536854,BNB,LONG,7.746,725.24,725.24,3.189,2312.79036,0.4116963594113090627420604183,0,neutral,10.935,NONE,e8f27592c25fa7bda003
A02,A02|BNB|1789632536854,4,1789632536854,BNB,LONG,10.935,725.24,725.24,1.380,1000.83120,0.1262002743484224965706447188,0,neutral,12.315,NONE,ca23ae2ea320c3bb748e
A02,A02|BNB|1789632536854,5,1789632536854,BNB,LONG,12.315,725.24,725.24,3.128,2268.55072,0.2539991879821356069833536338,0,neutral,15.443,NONE,03c9b9501dbff2eebff9
A02,A02|BNB|1789632536854,6,1789632536854,BNB,LONG,15.443,725.24,725.24,4.137,3000.31788,0.2678883636599106391245224374,0,neutral,19.580,NONE,f6acf27fe618a822cd21
A02,A02|BNB|1789632536854,7,1789632536854,BNB,LONG,19.58,725.24,725.3,1.762,1277.9786,0.08998978549540347293156281920,0.000082731233798466714466935,neutral,21.342,NONE,5f697214a8e90554b38b
A02,A02|BNB|1789632536854,8,1789632536854,BNB,LONG,21.342,725.2449536125948833286477369,725.36,1.762,1278.08432,0.08256020991472214412894761503,0.000158631076068915554129376,neutral,23.104,NONE,b0c043db4dda9629c54b
A02,A02|BNB|1789632536854,9,1789632536854,BNB,LONG,23.104,725.2537274930747922437673130,725.38,2.759,2001.32342,0.1194165512465373961218836565,0.000174108042659337439393076,neutral,25.863,NONE,2ab6560a3d5f87dd6255
A02,A02|BNB|1789632536854,10,1789632536854,BNB,LONG,25.863,725.2671979275412751807601593,725.42,1.527,1107.71634,0.05904187449251826934230367707,0.000210683831966147600465641,neutral,27.390,NONE,fc9421024eaa9840c1f2
A02,A02|BNB|1789632536854,11,1789632536854,BNB,LONG,27.39,725.2757166849215041986126323,725.43,1.759,1276.03137,0.06422051843738590726542533771,0.000212723673948014526724122,neutral,29.149,NONE,f0cdd03636e465da7fe6
A02,A02|BNB|1789632536854,12,1789632536854,BNB,LONG,29.149,725.2850269305979621942433703,725.43,3.462,2511.43866,0.1187690829874095166214964493,0.000199884271726334950989905,neutral,32.611,NONE,d3abfcc6f6f25d1a7f9c
A02,A02|BNB|1789632536854,13,1789632536854,BNB,LONG,32.611,725.3004173438410352335101653,725.43,0.521,377.94903,0.01597620434822605869185244243,0.000178660666753117140256565,noise,33.132,NONE,d4110f1a1c2312d1d60e
A02,A02|BNB|1789632536854,14,1789632536854,BNB,LONG,33.132,725.3024550283713630327176144,725.44,0.805,583.97920,0.02429675238440178679222503924,0.000189638089151727297283491,noise,33.937,NONE,0d0aa23651b58343bc71
A02,A02|BNB|1789632536854,15,1789632536854,BNB,LONG,33.937,725.3057176532987594660694817,725.44,1.100,797.98400,0.03241300055986091876123405133,0.000185138960624364526587322,noise,35.037,NONE,01e4d590d5f835a93cc3
A02,A02|BNB|1789632536854,16,1789632536854,BNB,LONG,35.037,725.3099334988726203727488084,725.44,41.736,30276.96384,1.191197876530524873704940491,0.000179325409897452886690623,neutral,76.773,NONE,c8c39cce90e8896d76b8
A02,A02|BNB|1789632536854,17,1789632536854,BNB,LONG,76.773,725.3806413713154364164484910,725.45,8.620,6253.37900,0.1122790564391127088950542508,0.000095616873030196518042347,neutral,85.393,NONE,f3e0c088d2d6a29cd0c0
A02,A02|BNB|1789632536854,18,1789632536854,BNB,LONG,85.393,725.3876427810242057311489232,725.45,3.898,2827.80410,0.04564776972351363694916445142,0.000085963994005641343296201,noise,89.291,NONE,31e07faf047cfd0a1752
A02,A02|BNB|1789632536854,19,1789632536854,BNB,LONG,89.291,725.3903649863928055459116820,725.45,1.683,1220.93235,0.01884848416973715156062761085,0.000082210925986469525473317,noise,90.974,NONE,53b579953d97cf58be96
A02,A02|BNB|1789632536854,20,1789632536854,BNB,LONG,90.974,725.3914682216897135445292061,725.46,20.676,14999.61096,0.2272737265592367049926352584,0.000094475578101701895981597,neutral,111.650,NONE,a2b52e1a4af841660e08
A02,A02|BNB|1789632536854,21,1789632536854,BNB,LONG,111.65,725.4041593372145096283027318,725.46,13.90,10083.8940,0.1244961934617107030900134348,0.000076978691211959318375508,neutral,125.55,NONE,41696ac3e2b463fb10fa
A02,A02|BNB|1789632536854,22,1789632536854,BNB,LONG,125.55,725.4103416168857029072082836,725.47,14.064,10203.01008,0.1120191158900836320191158901,0.000082240877599460456555675,neutral,139.614,NONE,e47f17289318eebf0dde
A02,A02|BNB|1789632536854,23,1789632536854,BNB,LONG,139.614,725.4163512971478505020986434,725.47,0.460,333.71620,0.003294798515908146747460856361,0.000073955739702059333394591,noise,140.074,NONE,e19169246cb99225577c
A02,A02|BNB|1789632536854,24,1789632536854,BNB,LONG,140.074,725.4165274783328811913702757,725.47,0.669,485.33943,0.004776046946613932635606893499,0.000073712852742683001205570,noise,140.743,NONE,69e840e8dd2a6d0adaac
A02,A02|BNB|1789632536854,25,1789632536854,BNB,LONG,140.743,725.4167816516629601472186894,725.49,3.074,2230.15626,0.02184122833817667663755923918,0.000100932801927097526437764,noise,143.817,NONE,d06477de4f15589098a1
A02,A02|BNB|1789632536854,26,1789632536854,BNB,LONG,143.817,725.4183466488662675483426855,725.49,4.125,2992.64625,0.02868228373558063372202173596,0.000098775212213395756029188,noise,147.942,NONE,76fc911bbbaa1e69c007
A02,A02|BNB|1789632536854,27,1789632536854,BNB,LONG,147.942,725.4203445269091941436508902,725.49,5.411,3925.62639,0.03657514431331197361128009625,0.000096020843110255522810222,noise,153.353,NONE,a08d163c2f5985bf7215
A02,A02|BNB|1789632536854,28,1789632536854,BNB,LONG,153.353,725.4228022927494082280750947,725.51,0.267,193.71117,0.001741081035258521189673498399,0.000120202600435218373215706,noise,153.620,NONE,9aec54152baf725a2f49
A02,A02|BNB|1789632536854,29,1789632536854,BNB,LONG,153.62,725.4229538471553183179273532,725.51,0.273,198.06423,0.001777112355162088269756542117,0.000119993656642717807253272,noise,153.893,NONE,1a5fce598cd1d96470a6
A02,A02|BNB|1789632536854,30,1789632536854,BNB,LONG,153.893,725.4231082635337539719155517,725.52,5.489,3982.37928,0.03566763920386242389192490887,0.000133565825740206396381811,noise,159.382,NONE,4bce3dcc1932005077af
A02,A02|BNB|1789632536854,31,1789632536854,BNB,LONG,159.382,725.4264451443701296256791859,725.52,2.721,1974.13992,0.01707219133904706930519130140,0.000128965322750608621606138,noise,162.103,NONE,603d362fd360b92f1367
A02,A02|BNB|1789632536854,32,1789632536854,BNB,LONG,162.103,725.4280155209959100078345250,725.53,3.840,2786.03520,0.02368864240637125778054693621,0.000140585250117264428844745,noise,165.943,NONE,dfe7c0e7974791a5e098
A02,A02|BNB|1789632536854,33,1789632536854,BNB,LONG,165.943,725.4303754903792266019054736,725.54,3.101,2249.89954,0.01868713955996938707869569672,0.000151116514175008178760932,noise,169.044,NONE,bf293cf2d1bdedc74939
A02,A02|BNB|1789632536854,34,1789632536854,BNB,LONG,169.044,725.4323864792598376753981212,725.56,0.690,500.63640,0.004081777525378008092567615532,0.000175913735199373820657290,noise,169.734,NONE,befa29fc035ab6b24d68
A02,A02|BNB|1789632536854,35,1789632536854,BNB,LONG,169.734,725.4329052517468509550237430,725.56,0.690,500.63640,0.004065184347272791544416557673,0.000175198488148319350488846,noise,170.424,NONE,bbcb42cbe878109f093e
A02,A02|BNB|1789632536854,36,1789632536854,BNB,LONG,170.424,725.4334198234990376942214712,725.57,0.690,500.64330,0.004048725531615265455569638079,0.000188273896361423257372645,noise,171.114,NONE,e79c9f3e7ac49fd6fee6
A02,A02|BNB|1789632536854,37,1789632536854,BNB,LONG,171.114,725.4339705693280503056441904,725.57,1.762,1278.45434,0.01029722874808607127412134600,0.000187514558444502394053421,noise,172.876,NONE,22fff8ab935572bbce05
A02,A02|BNB|1789632536854,38,1789632536854,BNB,LONG,172.876,725.4353570189037228996506166,725.58,13.211,9585.63738,0.07641893611606006617459913464,0.000199387829248730604780410,neutral,186.087,NONE,ac0c59070f0e5fa5c481
A02,A02|BNB|1789632536854,39,1789632536854,BNB,LONG,186.087,725.4456257556949168937110061,725.58,0.690,500.65020,0.003707943058891808670138161183,0.000185229932519209538037619,noise,186.777,NONE,8c091d1f1dcc1e8ee4b5
A02,A02|BNB|1789632536854,40,1789632536854,BNB,LONG,186.777,725.4461221670762460045937134,725.58,0.690,500.65020,0.003694245008753754477264331261,0.000184545521483841941965480,noise,187.467,NONE,b58097182ceac80b68fc
A02,A02|BNB|1789632536854,41,1789632536854,BNB,LONG,187.467,725.4466149242266638928451407,725.59,1.671,1212.46089,0.008913568788106706780393349229,0.000197650761370377012136189,noise,189.138,NONE,46fa0ef2f917333b0e3d
A02,A02|BNB|1789632536854,42,1789632536854,BNB,LONG,189.138,725.4478817054214383148811979,725.59,5.410,3925.44190,0.02860345356300690501115587560,0.000195904210574662434120863,noise,194.548,NONE,27d00a0f9ebb7debe1c7
A02,A02|BNB|1789632536854,43,1789632536854,BNB,LONG,194.548,725.4518337376894134095441742,725.59,3.824,2774.65616,0.01965581758743343545037728478,0.000190455459459966123327940,noise,198.372,NONE,2be1b4d3778d8226d192
A02,A02|BNB|1789632536854,44,1789632536854,BNB,LONG,198.372,725.4544971568568144697840421,725.6,4.876,3538.0256,0.02458008186639243441614744016,0.000200567842247072179078385,noise,203.248,NONE,a6a52c33197a99e7b3b2
A02,A02|BNB|1789632536854,45,1789632536854,BNB,LONG,203.248,725.4579878276785011414626466,725.62,0.690,500.67780,0.003394867354168306699204912225,0.000223323989865533582355497,noise,203.938,NONE,b814cd5da43e4b7d0fe2
A02,A02|BNB|1789632536854,46,1789632536854,BNB,LONG,203.938,725.4585359766203453990918809,725.63,1.759,1276.38317,0.008625170394923947474232364738,0.000236352616829889287364623,noise,205.697,NONE,c7282bdcb66f69e95289
A02,A02|BNB|1789632536854,47,1789632536854,BNB,LONG,205.697,725.4600022362990223484056646,725.64,0.319,231.47916,0.001550824756802481319610883970,0.000248115351840373739205576,noise,206.016,NONE,8454a8c277d6650ca9e2
A02,A02|BNB|1789632536854,48,1789632536854,BNB,LONG,206.016,725.4602809490525007766387077,725.64,1.472,1068.14208,0.007145076110593351972662317490,0.000247731069042662725471728,noise,207.488,NONE,d075831a746efc7b3855
A02,A02|BNB|1789632536854,49,1789632536854,BNB,LONG,207.488,725.4615559454040715607649599,725.65,41.736,30285.72840,0.2011489821098087600246761258,0.000259757464818866486146163,neutral,249.224,NONE,deffdf6d62d07d23c913
A02,A02|BNB|1789632536854,50,1789632536854,BNB,LONG,249.224,725.4931135043174012133662890,725.66,0.944,685.02304,0.003787757198343658716656501782,0.000230031812261448360403135,noise,250.168,NONE,57e34aea65ec9eaa3b73
A02,A02|BNB|1789632536854,51,1789632536854,BNB,LONG,250.168,725.4937432445396693422020402,725.66,0.870,631.32420,0.003477663010456972914201656487,0.000229163596527793993225085,noise,251.038,NONE,005351117570adbeb51d
A02,A02|BNB|1789632536854,52,1789632536854,BNB,LONG,251.038,725.4943194257443096264310582,725.67,1.684,1222.02828,0.006708147770457062277424134992,0.000242152928771031688926706,noise,252.722,NONE,ae5d76e47bf55fc920bd
A02,A02|BNB|1789632536854,53,1789632536854,BNB,LONG,252.722,725.4954900641811951472368848,725.68,24.829,18017.90872,0.09824629434714824985557252633,0.000254322650306871130395873,neutral,277.551,NONE,a9f1544a053b1aafa10c
A02,A02|BNB|1789632536854,54,1789632536854,BNB,LONG,277.551,725.5119958494114595155484938,725.7,13.707,9947.1699,0.04938551833717046596841661532,0.000259133069699874342544800,noise,291.258,NONE,6c438af0f4446e3790da
A02,A02|BNB|1789632536854,55,1789632536854,BNB,LONG,291.258,725.5208435819788640998702182,725.7,5.600,4063.9200,0.01922693968921025345226568884,0.000246934901465573755636726,noise,296.858,NONE,04d4238768fce4db7538
A02,A02|BNB|1789632536854,56,1789632536854,BNB,LONG,296.858,725.5242232313092454978474557,725.75,4.118,2988.63850,0.01387195224652864332441773508,0.000311191220722031076392851,noise,300.976,NONE,18081caa3b86e878fe09
A02,A02|BNB|1789632536854,57,1789632536854,BNB,LONG,300.976,725.5273123438413694115145394,725.75,24.827,18018.19525,0.08248830471532613896124607942,0.000306932147653036414596096,neutral,325.803,NONE,fbe9f705db77a056941c
A02,A02|BNB|1789632536854,58,1789632536854,BNB,LONG,325.803,725.5442816978358087555977078,725.76,2.601,1887.70176,0.007983351902836990451284978960,0.000297319278238113774635855,noise,328.404,NONE,7a8b19afd684a3cc84da
A02,A02|BNB|1789632536854,59,1789632536854,BNB,LONG,328.404,725.5459902132738943496425135,725.79,1.105,801.99795,0.003364758041923971693402029208,0.000336311949921160877867271,noise,329.509,NONE,f4f42715f0935e8c0fd1
A02,A02|BNB|1789632536854,60,1789632536854,BNB,LONG,329.509,725.5468084938499403658170187,725.8,0.361,262.0138,0.001095569468512240940308155468,0.000348966466651070381992061,noise,329.870,NONE,095f57bdd0633edecd9e
A02,A02|ETH|1789661071200,1,1789661071200,ETH,LONG,1.5,2471.8,2471.8,8.0922,20002.29996,5.3948,0,neutral,9.5922,NONE,ea2b040ff5f168485f5b
A02,A02|ETH|1789661071200,2,1789661071200,ETH,LONG,9.5922,2471.8,2471.8,0.3395,839.17610,0.03539334042242655490919705594,0,noise,9.9317,NONE,8d2d64dc8d98ab53c4e7
A02,A02|ETH|1789661071200,3,1789661071200,ETH,LONG,9.9317,2471.8,2471.8,0.1708,422.18344,0.01719745864252846944631835436,0,noise,10.1025,NONE,b5b6f264961e49962fea
A02,A02|ETH|1789661071200,4,1789661071200,ETH,LONG,10.1025,2471.8,2471.8,2.0220,4997.97960,0.2001484780994803266518188567,0,neutral,12.1245,NONE,50bce93b769ccb45d9de
A02,A02|ETH|1789661071200,5,1789661071200,ETH,LONG,12.1245,2471.8,2471.8,13.4800,33319.86400,1.111798424677306280671367891,0,neutral,25.6045,NONE,47446e1342c45a503e12
A02,A02|ETH|1789661071200,6,1789661071200,ETH,LONG,25.6045,2471.8,2471.8,6.7400,16659.93200,0.2632349782264836259251303482,0,neutral,32.3445,NONE,0fdcbc41307ac0342ec7
A02,A02|ETH|1789661071200,7,1789661071200,ETH,LONG,32.3445,2471.8,2471.8,2.0220,4997.97960,0.06251449241756712887817094096,0,neutral,34.3665,NONE,3ef7279e4c4253069b60
A02,A02|ETH|1789661071200,8,1789661071200,ETH,LONG,34.3665,2471.8,2471.8,6.7400,16659.93200,0.1961212227023409424875969331,0,neutral,41.1065,NONE,9729af9c444cd5aeb208
A02,A02|ETH|1789661071200,9,1789661071200,ETH,LONG,41.1065,2471.8,2471.8,0.1387,342.83866,0.003374162237115784608273630691,0,noise,41.2452,NONE,b4413c9a1b3b4cf06ecc
A02,A02|ETH|1789661071200,10,1789661071200,ETH,LONG,41.2452,2471.8,2471.8,0.5161,1275.69598,0.01251297120634643546400550852,0,noise,41.7613,NONE,59c9fa7435cdfc6e67fe
A02,A02|ETH|1789661071200,11,1789661071200,ETH,LONG,41.7613,2471.8,2471.8,3.2789,8104.78502,0.07851527610491052721059928690,0,neutral,45.0402,NONE,fe96cce227174055b5ec
A02,A02|ETH|1789661071200,12,1789661071200,ETH,LONG,45.0402,2471.8,2471.8,4.1787,10328.91066,0.09277711910693114151358120079,0,neutral,49.2189,NONE,e7a609d7ef2ff14f9043
A02,A02|SOL|1789661075489,1,1789661075489,SOL,LONG,65.06,101.34,101.34,49.34,5000.1156,0.7583768828773439901629265294,0,neutral,114.40,NONE,9dd8289ddb523d111f27
A02,A02|SOL|1789661075489,2,1789661075489,SOL,LONG,114.4,101.34,101.34,37.03,3752.6202,0.3236888111888111888111888112,0,neutral,151.43,NONE,6204a6f381a30c900a72
A02,A02|SOL|1789661075489,3,1789661075489,SOL,LONG,151.43,101.34,101.34,1.23,124.6482,0.008122564881463382420920557353,0,noise,152.66,NONE,b9cbb39c932e5e222fa7
A02,A02|SOL|1789661075489,4,1789661075489,SOL,LONG,152.66,101.34,101.34,11.73,1188.7182,0.07683741648106904231625835189,0,neutral,164.39,NONE,afa41588cfad6e2c5923
A02,A02|SOL|1789661075489,5,1789661075489,SOL,LONG,164.39,101.34,101.34,197.36,20000.4624,1.200559644747247399476853823,0,neutral,361.75,NONE,0931b51ede4e14d450e4
A02,A02|SOL|1789661075489,6,1789661075489,SOL,LONG,361.75,101.34,101.34,106.45,10787.6430,0.2942639944713199723565998618,0,neutral,468.20,NONE,cf46625a481579e8003c
A02,A02|SOL|1789661075489,7,1789661075489,SOL,LONG,468.2,101.34,101.34,0.59,59.7906,0.001260145237078171721486544212,0,noise,468.79,NONE,10281b82f21f01773382
A02,A02|SOL|1789661075489,8,1789661075489,SOL,LONG,468.79,101.34,101.34,628.96,63738.8064,1.341666844429275368501887839,0,neutral,1097.75,NONE,2e5294903c92166f2bd4
A02,A02|SOL|1789661075489,9,1789661075489,SOL,LONG,1097.75,101.34,101.34,32.72,3315.8448,0.02980642222728307902527897973,0,noise,1130.47,NONE,8974eeff022ad139b325
A02,A02|SOL|1789661075489,10,1789661075489,SOL,LONG,1130.47,101.34,101.34,41.27,4182.3018,0.03650693959149734181358196149,0,noise,1171.74,NONE,84b3901cc2a1877a0382
A02,A02|ETH|1789718750150,1,1789718750150,ETH,LONG,6.6535,2491.9,2491.9,2.0056,4997.75464,0.3014353347862027504321034042,0,neutral,8.6591,NONE,e9d883536a693158442f
A02,A02|ETH|1789718750150,2,1789718750150,ETH,LONG,8.6591,2491.9,2491.9,13.3713,33319.94247,1.544190504786871614832950307,0,neutral,22.0304,NONE,4bb2795f790229f71708
A02,A02|ETH|1789718750150,3,1789718750150,ETH,LONG,22.0304,2491.9,2491.9,7.1889,17914.01991,0.3263172706805141985619870724,0,neutral,29.2193,NONE,5fb5e305892fb1ebef26
A02,A02|ETH|1789718750150,4,1789718750150,ETH,LONG,29.2193,2491.9,2491.9,1.0274,2560.17806,0.03516169107405037081654933554,0,noise,30.2467,NONE,94c83581a841988a8eb8
A02,A02|ETH|1789718750150,5,1789718750150,ETH,LONG,30.2467,2491.9,2491.9,2.0056,4997.75464,0.06630806005283220979478753054,0,neutral,32.2523,NONE,4c9b84a109bcc6b5b648
A02,A02|ETH|1789718750150,6,1789718750150,ETH,LONG,32.2523,2491.9,2491.9,1.4715,3666.83085,0.04562465312551352926768013444,0,noise,33.7238,NONE,0e8093620875bccecf32
A02,A02|ETH|1789718750150,7,1789718750150,ETH,LONG,33.7238,2491.9,2491.9,8.0260,19999.98940,0.2379921598396384749049632604,0,neutral,41.7498,NONE,26177c4f9bc0f2a18b7f
A02,A02|ETH|1789718750150,8,1789718750150,ETH,LONG,41.7498,2491.9,2491.9,2.0061,4999.00059,0.04805052958337524970179497866,0,noise,43.7559,NONE,c233601cbe1a76375e84
A02,A02|BTC|1789747349227,1,1789747349227,BTC,LONG,0.08977,80703.0,80703.0,0.74385,60030.926550,8.286175782555419405146485463,0,neutral,0.83362,NONE,f6138629b9cfa2ae0f40
A02,A02|BTC|1789747349227,2,1789747349227,BTC,LONG,0.83362,80703.0,80703.0,0.11740,9474.532200,0.1408315539454427676879153571,0,neutral,0.95102,NONE,efd252497be7e6db6a7f
A02,A02|XRP|1789776202765,1,1789776202765,XRP,LONG,3570.0,1.3973,1.3973,1409.0,1968.79570,0.3946778711484593837535014006,0,neutral,4979.0,NONE,2a0e47fb95122166bf2d
A02,A02|XRP|1789776202765,2,1789776202765,XRP,LONG,4979.0,1.3973,1.3973,286.0,399.62780,0.05744125326370757180156657963,0,neutral,5265.0,NONE,99cc200fa658fa4eb614
A02,A02|XRP|1789776202765,3,1789776202765,XRP,LONG,5265.0,1.3973,1.3973,3579.0,5000.93670,0.6797720797720797720797720798,0,neutral,8844.0,NONE,5a5b22fb14887d0b8afe
A02,A02|XRP|1789776202765,4,1789776202765,XRP,LONG,8844.0,1.3973,1.3973,2643.0,3693.06390,0.2988466757123473541383989145,0,neutral,11487.0,NONE,29f14ceead201a115ec9
A02,A02|XRP|1789776202765,5,1789776202765,XRP,LONG,11487.0,1.3973,1.3974,364.0,508.65360,0.03168799512492382693479585619,0.000071566592714520861661776,noise,11851.0,NONE,51f75ab19562f63ae871
A02,A02|XRP|1789776202765,6,1789776202765,XRP,LONG,11851.0,1.397303071470761961015948021,1.3974,286.0,399.65640,0.02413298455826512530588136022,0.000069368293262258943595715,noise,12137.0,NONE,4ab6f6207be9704f9a1c
A02,A02|XRP|1789776202765,7,1789776202765,XRP,LONG,12137.0,1.397305355524429430666556810,1.3974,3424.0,4784.69760,0.2821125484057015737002554173,0.000067733566751447723174805,neutral,15561.0,NONE,9de0846debcf2814bdbd
A02,A02|XRP|1789776202765,8,1789776202765,XRP,LONG,15561.0,1.397326180836707152496626181,1.3975,3578.0,5000.25500,0.2299338088811773022299338089,0.000124394121914158977426233,neutral,19139.0,NONE,d7abe39862801403fae6
A02,A02|XRP|1789776202765,9,1789776202765,XRP,LONG,19139.0,1.397358676001880976017555776,1.3975,4777.0,6675.85750,0.2495950676628872981869481164,0.000101136523174837143294506,neutral,23916.0,NONE,7f70344c6f0b1b1a1cc1
A02,A02|XRP|1789776202765,10,1789776202765,XRP,LONG,23916.0,1.397386904164576016056196688,1.3975,2708.0,3784.43000,0.1132296370630540224117745442,0.000080933802289780283398291,neutral,26624.0,NONE,b11292fa6ebe665b01bd
A02,A02|XRP|1789776202765,11,1789776202765,XRP,LONG,26624.0,1.397398407451923076923076923,1.3975,743.0,1038.34250,0.02790715144230769230769230769,0.000072701204992906310552755,noise,27367.0,NONE,e6cbd03780b8b978483c
A02,A02|XRP|1789776202765,12,1789776202765,XRP,LONG,27367.0,1.397401165637446559725216502,1.3975,1367.0,1910.38250,0.04995067051558446303942704717,0.000070727265000065620405027,noise,28734.0,NONE,0d30111b81371b6b1f36
A02,A02|XRP|1789776202765,13,1789776202765,XRP,LONG,28734.0,1.397405867613280434328669869,1.3975,2547.0,3559.43250,0.08864063478805596157861766548,0.000067362238059255070177689,neutral,31281.0,NONE,155bb88abcf7df00e094
A02,A02|XRP|1789776202765,14,1789776202765,XRP,LONG,31281.0,1.397413532176081327323295292,1.3975,6440.0,8999.90000,0.2058757712349349445350212589,0.000061877047794165259305836,neutral,37721.0,NONE,f1d085d85b94a8cf58b4
A02,A02|XRP|1789776202765,15,1789776202765,XRP,LONG,37721.0,1.397428294583918772036796480,1.3976,1167.0,1630.99920,0.03093767397470904801039208929,0.000122872434132552666310668,noise,38888.0,NONE,66691f679515cafb630a
A02,A02|XRP|1789776202765,16,1789776202765,XRP,LONG,38888.0,1.397433447335939107179592677,1.3976,218.0,304.67680,0.005605842419255297263937461428,0.000119184684163963640996063,noise,39106.0,NONE,ef715b8635d7a32adbe4
A02,A02|XRP|1789776202765,17,1789776202765,XRP,LONG,39106.0,1.397434375799110110980412213,1.3976,3578.0,5000.61280,0.09149491126681327673502787296,0.000118520199415574223211295,neutral,42684.0,NONE,276c9cbce2642430282d
A02,A02|XRP|1789776202765,18,1789776202765,XRP,LONG,42684.0,1.397448259300909005716427701,1.3976,1104.0,1542.95040,0.02586449254990160247399493956,0.000108584126876299855848448,noise,43788.0,NONE,8681984b69b1764f205c
A02,A02|XRP|1789776202765,19,1789776202765,XRP,LONG,43788.0,1.397452085046131360190006394,1.3976,15.0,20.96400,0.0003425596053713346122225267196,0.000105846172080924679506709,noise,43803.0,NONE,1232c49523eb026dcb60
A02,A02|XRP|1789776202765,20,1789776202765,XRP,LONG,43803.0,1.397452135698468141451498755,1.3976,1870.0,2613.51200,0.04269113987626418281852841130,0.000105809922039264471056357,noise,45673.0,NONE,48ba5beaed507c7287f2
A02,A02|XRP|1789776202765,21,1789776202765,XRP,LONG,45673.0,1.397458189740109035973113217,1.3976,286.0,399.71360,0.006261905283208898036038797539,0.000101477282778196788653003,noise,45959.0,NONE,5443aa6c17fb1efe3be1
A02,A02|XRP|1789776202765,22,1789776202765,XRP,LONG,45959.0,1.397459072216540829870101611,1.3976,17889.0,25001.66640,0.3892382340782001349028481908,0.000100845732272961273060556,neutral,63848.0,NONE,4da8804b8e1edd61be21
A02,A02|XRP|1789776202765,23,1789776202765,XRP,LONG,63848.0,1.397498557511590026312492168,1.3976,134.0,187.27840,0.002098734494424257611828091718,0.000072588617615895022861000,noise,63982.0,NONE,6d169e0618d63ab93458
A02,A02|XRP|1789776202765,24,1789776202765,XRP,LONG,63982.0,1.397498769966553093057422399,1.3976,1959.0,2737.89840,0.03061798630864930761776749711,0.000072436581428497230216438,noise,65941.0,NONE,6130f2c055f4aa1d8bca
A02,A02|PENGU|1789920165626,1,1789920165626,PENGU,SHORT,5216.0,0.007674,0.007674,5216.0,40.0275840,1,-0,neutral,10432.0,NONE,b48434194a25162ff6b0
A02,A02|PENGU|1789920165626,2,1789920165626,PENGU,SHORT,10432.0,0.007674,0.007674,299619.0,2299.2762060,28.72114647239263803680981595,-0,neutral,310051.0,NONE,4bd7c115cd455acb1696
A02,A02|PENGU|1789920165626,3,1789920165626,PENGU,SHORT,310051.0,0.007674,0.007674,52124.0,399.9995760,0.1681142779736236941664435851,-0,neutral,362175.0,NONE,cae4dbc0f44ab7e21b35
A02,A02|PENGU|1789920165626,4,1789920166351,PENGU,SHORT,362175.0,0.007674,0.007674,52124.0,399.9995760,0.1439193759922689307655139090,-0,neutral,414299.0,NONE,bb0ab6c100fe0916e2ca
A02,A02|PENGU|1789920165626,5,1789920166637,PENGU,SHORT,414299.0,0.007674,0.007674,509523.0,3910.0795020,1.229843663634235177975326998,-0,neutral,923822.0,NONE,c0126733515dc7bb0910
A02,A02|PENGU|1789920165626,6,1789920166755,PENGU,SHORT,923822.0,0.007674,0.007674,1907.0,14.6343180,0.002064250472493618900610723711,-0,noise,925729.0,NONE,7c5048ba21a1889eed02
A02,A02|PENGU|1789920165626,7,1789920166839,PENGU,SHORT,925729.0,0.007674,0.007674,76650.0,588.2121000,0.08279960982101673383895286850,-0,neutral,1002379.0,NONE,266cb77b5a229f683d2b
A02,A02|PENGU|1789920165626,8,1789920167104,PENGU,SHORT,1002379.0,0.007674,0.007674,33793.0,259.3274820,0.03371279725532957095070826504,-0,noise,1036172.0,NONE,1a93056937336ede033e
A02,A02|PENGU|1789920165626,9,1789920167159,PENGU,SHORT,1036172.0,0.007674,0.007674,130310.0,999.9989400,0.1257609740467798782441525152,-0,neutral,1166482.0,NONE,5fd520fc1f02bf1173a6
A02,A02|PENGU|1789920165626,10,1789920167401,PENGU,SHORT,1166482.0,0.007674,0.007674,77106.0,591.7114440,0.06610132003751450943949413707,-0,neutral,1243588.0,NONE,ad538fa47e17a317f57e
A02,A02|PENGU|1789920165626,11,1789920167401,PENGU,SHORT,1243588.0,0.007674,0.007674,33685.0,258.4986900,0.02708694519406748858946853781,-0,noise,1277273.0,NONE,bfffbb98c24ffe72e836
A02,A02|PENGU|1789920165626,12,1789920167401,PENGU,SHORT,1277273.0,0.007674,0.007674,103408.0,793.5529920,0.08095998271317095092435211580,-0,neutral,1380681.0,NONE,a4cd602cba7105ec84c5
A02,A02|PENGU|1789920165626,13,1789920167401,PENGU,SHORT,1380681.0,0.007674,0.007674,404061.0,3100.7641140,0.2926534079921430076896835692,-0,neutral,1784742.0,NONE,d60b5e35a3636d0cd014
A02,A02|PENGU|1789920165626,14,1789920167401,PENGU,SHORT,1784742.0,0.007674,0.007674,89675.0,688.1659500,0.05024535759230185651483519747,-0,neutral,1874417.0,NONE,c2de6e7b7d3ec010dda1
A02,A02|PENGU|1789920165626,15,1789920167401,PENGU,SHORT,1874417.0,0.007674,0.007674,61769.0,474.0153060,0.03295371307451863699486293605,-0,noise,1936186.0,NONE,88f70c785c19f9b00013
A02,A02|PENGU|1789920165626,16,1789920167401,PENGU,SHORT,1936186.0,0.007674,0.007674,69384.0,532.4528160,0.03583540011135293819911929949,-0,noise,2005570.0,NONE,8a109b3aaccbce4a046b
A02,A02|PENGU|1789920165626,17,1789920167520,PENGU,SHORT,2005570.0,0.007674,0.007674,449304.0,3447.9588960,0.2240280817922086987739146477,-0,neutral,2454874.0,NONE,245cc3a5775e8e264e8b
A02,A02|PENGU|1789920165626,18,1789920167520,PENGU,SHORT,2454874.0,0.007674,0.007674,527068.0,4044.7198320,0.2147026690575565181756782629,-0,neutral,2981942.0,NONE,80e0eb5969a78b206735
A02,A02|PENGU|1789920165626,19,1789920167520,PENGU,SHORT,2981942.0,0.007674,0.007674,75419.0,578.7654060,0.02529190708605331693238835631,-0,noise,3057361.0,NONE,22e30a7ca44e247879c6
A02,A02|PENGU|1789920165626,20,1789920167520,PENGU,SHORT,3057361.0,0.007674,0.007674,69384.0,532.4528160,0.02269408159520580003473583918,-0,noise,3126745.0,NONE,9b545168e626084cbf1d
A02,A02|PENGU|1789920165626,21,1789920167614,PENGU,SHORT,3126745.0,0.007674,0.007674,105507.0,809.6607180,0.03374339768673172900252499005,-0,noise,3232252.0,NONE,c53b4f8c1beadec48bec
A02,A02|PENGU|1789920165626,22,1789920168012,PENGU,SHORT,3232252.0,0.007674,0.007674,130291.0,999.8531340,0.04030966644927437588405854494,-0,noise,3362543.0,NONE,8239fb2775e3b1eb6e86
A02,A02|PENGU|1789920165626,23,1789920168220,PENGU,SHORT,3362543.0,0.007674,0.007674,77636.0,595.7786640,0.02308847797634112039608118023,-0,noise,3440179.0,NONE,6a71544193bf3a72fa0a
A02,A02|PENGU|1789920165626,24,1789920168687,PENGU,SHORT,3440179.0,0.007674,0.007674,65817.0,505.0796580,0.01913185331344677122905523230,-0,noise,3505996.0,NONE,6fcf069abdc12b040a12
A02,A02|PENGU|1789920165626,25,1789920168824,PENGU,SHORT,3505996.0,0.007674,0.007674,13029.0,99.9845460,0.003716205038454122594549451853,-0,noise,3519025.0,NONE,5979985a2c0583fccc3f
A02,A02|PENGU|1789920165626,26,1789920168824,PENGU,SHORT,3519025.0,0.007674,0.007674,117279.0,899.9990460,0.03332712896327818074608733953,-0,noise,3636304.0,NONE,5dbe2802af174bf589a1
A02,A02|PENGU|1789920165626,27,1789920169226,PENGU,SHORT,3636304.0,0.007674,0.007674,50364.0,386.4933360,0.01385032714536518398901741989,-0,noise,3686668.0,NONE,8675b6e0ea6ec30cdf57
A02,A02|PENGU|1789920165626,28,1789920169505,PENGU,SHORT,3686668.0,0.007674,0.007674,130310.0,999.9989400,0.03534628016409397320290300076,-0,noise,3816978.0,NONE,df4b2402744987be3ff7
A02,A02|PENGU|1789920165626,29,1789920169706,PENGU,SHORT,3816978.0,0.007674,0.007674,56776.0,435.6990240,0.01487459450905926101748556057,-0,noise,3873754.0,NONE,723b99d355f6c0833953
A02,A02|PENGU|1789920165626,30,1789920170245,PENGU,SHORT,3873754.0,0.007674,0.007674,35931.0,275.7344940,0.009275498650662897024436760827,-0,noise,3909685.0,NONE,1310aff745f8f6b7ba91
A02,A02|PENGU|1789920165626,31,1789920170847,PENGU,SHORT,3909685.0,0.007674,0.007674,64333.0,493.6914420,0.01645477832613113332659792285,-0,noise,3974018.0,NONE,ef39382d5611da65c3d7
A02,A02|PENGU|1789920165626,32,1789920171251,PENGU,SHORT,3974018.0,0.007674,0.007674,47991.0,368.2829340,0.01207619089797781489666126324,-0,noise,4022009.0,NONE,bcad50c387b39ac161f9
A02,A02|PENGU|1789920165626,33,1789920171584,PENGU,SHORT,4022009.0,0.007674,0.007674,69384.0,532.4528160,0.01725108024372894242653360547,-0,noise,4091393.0,NONE,53c141848e3bc02f4546
A02,A02|PENGU|1789920165626,34,1789920171894,PENGU,SHORT,4091393.0,0.007674,0.007674,61745.0,473.8311300,0.01509143707289913239818321046,-0,noise,4153138.0,NONE,acbd11b61c19e5ccb3f2
A02,A02|PENGU|1789920165626,35,1789920172470,PENGU,SHORT,4153138.0,0.007674,0.007674,61665.0,473.2172100,0.01484780905426210253548040060,-0,noise,4214803.0,NONE,43942522a2db23c35f35
A02,A02|PENGU|1789920165626,36,1789920172873,PENGU,SHORT,4214803.0,0.007674,0.007674,52497.0,402.8619780,0.01245538640833272634569160172,-0,noise,4267300.0,NONE,ae6626b8995cc5e3a0c0
A02,A02|PENGU|1789920165626,37,1789920173352,PENGU,SHORT,4267300.0,0.007674,0.007674,51749.0,397.1218260,0.01212687179246830548590443606,-0,noise,4319049.0,NONE,b9570ad759f804a59431
A02,A02|PENGU|1789920165626,38,1789920173546,PENGU,SHORT,4319049.0,0.007674,0.007674,274800.0,2108.8152000,0.06362511747377721345601774835,-0,neutral,4593849.0,NONE,d61927d79dc6611d5b96
A02,A02|PENGU|1789920165626,39,1789920173610,PENGU,SHORT,4593849.0,0.007674,0.007674,6515.0,49.9961100,0.001418200728844156610284752503,-0,noise,4600364.0,NONE,64af8eea199f8a1dd849
A02,A02|PENGU|1789920165626,40,1789920173610,PENGU,SHORT,4600364.0,0.007674,0.007674,13031.0,99.9998940,0.002832601941933290496143348657,-0,noise,4613395.0,NONE,1a8924e67bba11dcbfd0
A02,A02|PENGU|1789920165626,41,1789920173610,PENGU,SHORT,4613395.0,0.007674,0.007674,403751.0,3098.3851740,0.08751711050105182842570384717,-0,neutral,5017146.0,NONE,b626f2e959ec97927cc4
A02,A02|PENGU|1789920165626,42,1789920173610,PENGU,SHORT,5017146.0,0.007674,0.007674,274800.0,2108.8152000,0.05477217525661003287526414420,-0,neutral,5291946.0,NONE,80a4bb0aa637db562e02
A02,A02|PENGU|1789920165626,43,1789920173610,PENGU,SHORT,5291946.0,0.007674,0.007674,274800.0,2108.8152000,0.05192796751894293705944845242,-0,neutral,5566746.0,NONE,ba1ed73e98d6fc38fc93
A02,A02|PENGU|1789920165626,44,1789920173610,PENGU,SHORT,5566746.0,0.007674,0.007674,274800.0,2108.8152000,0.04936456594211411837364233971,-0,noise,5841546.0,NONE,adb7d6256228c6c2fc16
A02,A02|PENGU|1789920165626,45,1789920173610,PENGU,SHORT,5841546.0,0.007674,0.007674,274800.0,2108.8152000,0.04704234118844566147386325469,-0,noise,6116346.0,NONE,39527da369452db47a82
A02,A02|PENGU|1789920165626,46,1789920173679,PENGU,SHORT,6116346.0,0.007674,0.007674,40104.0,307.7580960,0.006556856005203106560681818851,-0,noise,6156450.0,NONE,e7616b9d8abc8c72e7a0
A02,A02|PENGU|1789920165626,47,1789920173679,PENGU,SHORT,6156450.0,0.007674,0.007674,29121.0,223.4745540,0.004730161050605462563652754428,-0,noise,6185571.0,NONE,d19f04ec318fe388d0a9
A02,A02|PENGU|1789920165626,48,1789920173679,PENGU,SHORT,6185571.0,0.007674,0.007674,63016.0,483.5847840,0.01018758009567750495467597090,-0,noise,6248587.0,NONE,fe97d9e26d3e2f4be36d
A02,A02|PENGU|1789920165626,49,1789920173679,PENGU,SHORT,6248587.0,0.007674,0.007674,22544.0,173.0026560,0.003607855664008519045985916496,-0,noise,6271131.0,NONE,0c1b97c5cc6f3f3a1345
A02,A02|PENGU|1789920165626,50,1789920173679,PENGU,SHORT,6271131.0,0.007674,0.007674,17989.0,138.0475860,0.002868541575674308190978628895,-0,noise,6289120.0,NONE,9d8a8e1f272bfabbc5d7
A02,A02|PENGU|1789920165626,51,1789920173819,PENGU,SHORT,6289120.0,0.007674,0.007674,39093.0,299.9996820,0.006215972981911618795634365380,-0,noise,6328213.0,NONE,ee48b8c490271d29a331
A02,A02|PENGU|1789920165626,52,1789920173819,PENGU,SHORT,6328213.0,0.007674,0.007674,449427.0,3448.9027980,0.07101957535247312313918637062,-0,neutral,6777640.0,NONE,093eecb54b4c3a3c6cc9
A02,A02|PENGU|1789920165626,53,1789920173819,PENGU,SHORT,6777640.0,0.007674,0.007674,23263.0,178.5202620,0.003432315673302211389215125029,-0,noise,6800903.0,NONE,853b1492f53cac1ddc67
A02,A02|PENGU|1789920165626,54,1789920173819,PENGU,SHORT,6800903.0,0.007674,0.007674,23263.0,178.5202620,0.003420575179501898497890647757,-0,noise,6824166.0,NONE,87369d7716d9c2b86f62
A02,A02|PENGU|1789920165626,55,1789920173819,PENGU,SHORT,6824166.0,0.007674,0.007674,28048.0,215.2403520,0.004110099314700140647223411623,-0,noise,6852214.0,NONE,a60a27e425faf9fc00cb
A02,A02|PENGU|1789920165626,56,1789920173819,PENGU,SHORT,6852214.0,0.007674,0.007674,37778.0,289.9083720,0.005513254548092047329520064610,-0,noise,6889992.0,NONE,4a9cac80b601a5513456
A02,A02|PENGU|1789920165626,57,1789920173819,PENGU,SHORT,6889992.0,0.007674,0.007674,173369.0,1330.4337060,0.02516243850500842381239339610,-0,noise,7063361.0,NONE,710e059351594adfac4e
A02,A02|PENGU|1789920165626,58,1789920173819,PENGU,SHORT,7063361.0,0.007674,0.007674,62464.0,479.3487360,0.008843382066979161903235584306,-0,noise,7125825.0,NONE,5e3e94899d638f155000
A02,A02|PENGU|1789920165626,59,1789920173819,PENGU,SHORT,7125825.0,0.007674,0.007674,66875.0,513.1987500,0.009384878242168450670624103174,-0,noise,7192700.0,NONE,4c23b42a6f7fda963d72
A02,A02|PENGU|1789920165626,60,1789920173819,PENGU,SHORT,7192700.0,0.007674,0.007674,161995.0,1243.1496300,0.02252214050356611564502898772,-0,noise,7354695.0,NONE,af30f972ae1fc8479427
A07,A07|LIT|1788250840003,1,1788250840003,LIT,SHORT,84.0,3.6543,3.6543,36.0,131.55480,0.4285714285714285714285714286,-0,neutral,120.0,NONE,6f9ee591e7dfe715a620
A07,A07|LIT|1788250840003,2,1788250840003,LIT,SHORT,120.0,3.6543,3.6543,684.0,2499.54120,5.7,-0,neutral,804.0,NONE,0903ca1632067439bf0b
A07,A07|LIT|1788250840003,3,1788250840003,LIT,SHORT,804.0,3.6543,3.6542,120.0,438.50400,0.1492537313432835820895522388,0.0000273650220288427332184002,neutral,924.0,NONE,cbeea1ed2f1a24c8bc0e
A07,A07|LIT|1788250840003,4,1788250840003,LIT,SHORT,924.0,3.654287012987012987012987013,3.6534,35.0,127.86900,0.03787878787878787878787878788,0.0002427321619403788682994995,noise,959.0,NONE,9190a9f20059a8a8fa9c
A07,A07|LIT|1788250840003,5,1788250840003,LIT,SHORT,959.0,3.654254640250260688216892596,3.6531,29.0,105.93990,0.03023983315954118873826903024,0.0003159714808986636400976112,noise,988.0,NONE,a20eec0058dfd591dddf
A07,A07|LIT|1788250840003,6,1788250840003,LIT,SHORT,988.0,3.654220748987854251012145749,3.6528,35.0,127.84800,0.03542510121457489878542510121,0.0003887967053571599210839908,noise,1023.0,NONE,d92ff3f8103830eb1f77
A07,A07|LIT|1788250840003,7,1788250840003,LIT,SHORT,1023.0,3.654172140762463343108504399,3.6525,35.0,127.83750,0.03421309872922776148582600196,0.0004575976987538528048965362,noise,1058.0,NONE,78843b498a460b58a52c
A07,A07|LIT|1788250840003,8,1788250840003,LIT,SHORT,1058.0,3.654116824196597353497164461,3.6522,35.0,127.82700,0.03308128544423440453686200378,0.0005245656580831377593224473,noise,1093.0,NONE,06c22a87e505630206c7
A07,A07|LIT|1788250840003,9,1788250840003,LIT,SHORT,1093.0,3.654055443732845379688929552,3.652,35.0,127.8200,0.03202195791399817017383348582,0.0005625102750892076797650488,noise,1128.0,NONE,3417b7aebe396005c8f6
A07,A07|LIT|1788250840003,10,1788250840003,LIT,SHORT,1128.0,3.653991666666666666666666667,3.6519,58.0,211.81020,0.05141843971631205673758865248,0.0005724333434440417899146824,profit,1186.0,PROFIT_PYRAMIDING,2d5344347ab0aa01b394
A07,A07|ETH|1788251861859,1,1788251861859,ETH,SHORT,0.2444,2454.0,2453.9,1.1834,2903.94526,4.842062193126022913256955810,0.0000407497962510187449062755,neutral,1.4278,NONE,bfb639cdf24c047beec2
A07,A07|ETH|1788251861859,2,1788251861859,ETH,SHORT,1.4278,2453.917117243311388149600784,2453.9,4.0324,9895.10636,2.824205070738198627258719709,0.0000069754773668221397062191,neutral,5.4602,NONE,4900461637d7ea5289c0
A07,A07|HYPE|1788448478730,1,1788448478730,HYPE,LONG,2.0,83.558,83.558,2.0,167.1160,1,0,neutral,4.0,NONE,225e93910ef264bfe1e1
A07,A07|HYPE|1788448478730,2,1788448478730,HYPE,LONG,4.0,83.558,83.558,49.03,4096.84874,12.2575,0,neutral,53.03,NONE,94a30481e8f9fab5d116
A07,A07|HYPE|1788448478730,3,1788448478730,HYPE,LONG,53.03,83.558,83.558,49.03,4096.84874,0.9245709975485574203281161607,0,neutral,102.06,NONE,729310966c55f8780eb2
A07,A07|HYPE|1788448478730,4,1788448478730,HYPE,LONG,102.06,83.558,83.558,2.94,245.66052,0.02880658436213991769547325103,0,noise,105.00,NONE,43f553d8d34be594bcca
A07,A07|SOL|1788459254569,1,1788459254569,SOL,LONG,68.16,105.03,105.03,101.67,10678.4001,1.491637323943661971830985915,0,neutral,169.83,NONE,037294537aeb8f0431ef
A07,A07|SOL|1788596783043,1,1788596783043,SOL,SHORT,76.54,102.14,102.14,172.85,17654.8990,2.258296315651946694538803240,-0,neutral,249.39,NONE,462882c39a60fa740fb1
A07,A07|BTC|1788598977590,1,1788598977590,BTC,LONG,0.06243,79660.0,79660.0,0.08716,6943.165600,1.396123658497517219285599872,0,neutral,0.14959,NONE,0243285255d0fd34559f
A07,A07|BTC|1788598977590,2,1788598977590,BTC,LONG,0.14959,79660.0,79660.0,0.15921,12682.668600,1.064309111571629119593555719,0,neutral,0.30880,NONE,953eb207ff0e087b27ba
A07,A07|BTC|1788598977590,3,1788598977590,BTC,LONG,0.3088,79660.0,79660.0,0.15892,12659.567200,0.5146373056994818652849740933,0,neutral,0.46772,NONE,f82498dfbb126b995963
A07,A07|BTC|1788598977590,4,1788598977590,BTC,LONG,0.46772,79660.0,79660.0,0.09787,7796.324200,0.2092491234071666809202086719,0,neutral,0.56559,NONE,ac178b796f7c94d7d2b7
A07,A07|SOL|1788770172320,1,1788770172320,SOL,SHORT,8.38,104.6,104.6,77.62,8119.052,9.262529832935560859188544153,-0,neutral,86.00,NONE,4680abd8c230f3131f34
A07,A07|SOL|1788770172320,2,1788770172320,SOL,SHORT,86.0,104.6,104.6,55.89,5846.094,0.6498837209302325581395348837,-0,neutral,141.89,NONE,52bdcd3823c1701c7226
A05,A05|PONS|1788671817604,1,1788671818010,PONS,LONG,2948.0,0.85015,0.85015,341.0,289.901150,0.1156716417910447761194029851,0,neutral,3289.0,NONE,2315bef2d5948ff72f43
A05,A05|PONS|1788671817604,2,1788671818920,PONS,LONG,3289.0,0.85015,0.85015,5243.0,4457.336450,1.594101550623289753724536333,0,neutral,8532.0,NONE,94dd97f37ea3ed0e0eb0
A05,A05|PONS|1788671817604,3,1788671828028,PONS,LONG,8532.0,0.85015,0.85015,50281.0,42746.392150,5.893225503984997655883731833,0,neutral,58813.0,NONE,23673ea7c9a0f11eea0c
A05,A05|HYPE|1789081709736,1,1789081737345,HYPE,LONG,1263.9,79.12,79.08,9.02,713.3016,0.007136640557006092254134029591,-0.0005055611729019211324570273,noise,1272.92,NONE,36c34a2ed31db0417f79
A05,A05|HYPE|1789081709736,2,1789081737345,HYPE,LONG,1272.92,79.11971655720705150362945040,79.08,300.00,23724.0000,0.2356785972409892216321528454,-0.0005019805294465972666570378,adverse,1572.92,AVERAGING_DOWN,d5d8c7aecd1481279029
A05,A05|HYPE|1789081709736,3,1789081737345,HYPE,LONG,1572.92,79.11214149479948121964244844,79.08,63.23,5000.2284,0.04019912010782493705973603235,-0.0004062776483126053942369598,noise,1636.15,NONE,380e38810b2f3f7a61ea
A05,A05|HYPE|1789081709736,4,1789081737433,HYPE,LONG,1636.15,79.11089936741741282889710601,79.08,27.84,2201.5872,0.01701555480854444885860098402,-0.0003905829369213192321119064,noise,1663.99,NONE,7ae302ada827c493a39d
A05,A05|HYPE|1789081709736,5,1789081737433,HYPE,LONG,1663.99,79.11038239412496469329743568,79.08,86.23,6819.0684,0.05182122488716879308168919284,-0.0003840506543578659841157634,neutral,1750.22,NONE,f9de65ead138137092e5
A05,A05|HYPE|1789081709736,6,1789081737433,HYPE,LONG,1750.22,79.10888551153569265578041618,79.08,0.82,64.8456,0.0004685125298533898595605123927,-0.0003651361202842449059567785,noise,1751.04,NONE,2019aa4b604daecca310
A05,A05|HYPE|1789081709736,7,1789081737433,HYPE,LONG,1751.04,79.10887198464912280701754386,79.08,19.92,1575.2736,0.01137609649122807017543859649,-0.0003649651919537589015166249,noise,1770.96,NONE,5b0eb8311468c50e9490
A05,A05|HYPE|1789081709736,8,1789081737433,HYPE,LONG,1770.96,79.10854722862176446672990920,79.08,74.76,5912.0208,0.04221439219406423634638839951,-0.0003608614950197944478790860,noise,1845.72,NONE,11b94042dd05e2c8aa7c
A05,A05|HYPE|1789081709736,9,1789081737433,HYPE,LONG,1845.72,79.10739093687016448865483389,79.08,31.23,2469.6684,0.01692022625316949483128535206,-0.0003462500348674524786415177,noise,1876.95,NONE,002bb21e422dd592a6a0
A05,A05|HYPE|1789081709736,10,1789081737433,HYPE,LONG,1876.95,79.10693518740509869735475106,79.08,31.23,2469.6684,0.01663869575641333013665787581,-0.0003404908475001461815381951,noise,1908.18,NONE,69b6d94167178d85296e
A05,A05|HYPE|1789081709736,11,1789081737433,HYPE,LONG,1908.18,79.10649435587837625381253341,79.08,31.23,2469.6684,0.01636638053013866616356947458,-0.0003349201110996706351268219,noise,1939.41,NONE,21a95e64b8d1ac0f532d
A05,A05|HYPE|1789081709736,12,1789081737433,HYPE,LONG,1939.41,79.10606772162668027905393908,79.08,31.23,2469.6684,0.01610283539839435704673070676,-0.0003295287248812857711819644,noise,1970.64,NONE,ba391deda235152d9261
A05,A05|HYPE|1789081709736,13,1789081737433,HYPE,LONG,1970.64,79.10565460966995493849713799,79.08,31.23,2469.6684,0.01584764340518816222141030325,-0.0003243081647771219272301745,noise,2001.87,NONE,28c1072abb4a89612369
A05,A05|HYPE|1789081709736,14,1789081737433,HYPE,LONG,2001.87,79.10525438714801660447481605,79.08,31.23,2469.6684,0.01560041361327159106235669649,-0.0003192504384654327817822924,noise,2033.10,NONE,a960f4e5efd56923e523
A05,A05|HYPE|1789081709736,15,1789081737433,HYPE,LONG,2033.1,79.10486646008558359155968718,79.08,31.23,2469.6684,0.01536077910579902611775121735,-0.0003143480445432596780473145,noise,2064.33,NONE,86f8e77c752c6ae7502e
A05,A05|HYPE|1789081709736,16,1789081737433,HYPE,LONG,2064.33,79.10449027045094534304108355,79.08,31.23,2469.6684,0.01512839516937698914417752976,-0.0003095939354038610265818911,noise,2095.56,NONE,8529ad0bef4fa1ba052f
A05,A05|HYPE|1789081709736,17,1789081737433,HYPE,LONG,2095.56,79.10412529347763843554944740,79.08,31.23,2469.6684,0.01490293763958082803641985913,-0.0003049814834325414765044741,noise,2126.79,NONE,56ba5d7c22edfaea64af
A05,A05|HYPE|1789081709736,18,1789081737433,HYPE,LONG,2126.79,79.10377103522209527033698673,79.08,31.23,2469.6684,0.01468410139223900808260335999,-0.0003005044501798893249171450,noise,2158.02,NONE,2a6a335001baed2e539a
A05,A05|HYPE|1789081709736,19,1789081737433,HYPE,LONG,2158.02,79.10342703033336113659743654,79.08,31.23,2469.6684,0.01447159896571857536074735174,-0.0002961569582108964840538353,noise,2189.25,NONE,3535fe3349aa48badf6c
A05,A05|HYPE|1789081709736,20,1789081737433,HYPE,LONG,2189.25,79.10309284001370332305584104,79.08,31.23,2469.6684,0.01426515930113052415210688592,-0.0002919334653628357750221990,noise,2220.48,NONE,91f550dff5dee9ec3a8a
A05,A05|HYPE|1789081709736,21,1789081737433,HYPE,LONG,2220.48,79.10276805015131863380890618,79.08,31.23,2469.6684,0.01406452658884565499351491569,-0.0002878287411748175853755180,noise,2251.71,NONE,f3dec9458bb0ee73f40c
A05,A05|HYPE|1789081709736,22,1789081737433,HYPE,LONG,2251.71,79.10245226960843092582970276,79.08,31.23,2469.6684,0.01386945921099964027339222191,-0.0002838378452782456064303360,noise,2282.94,NONE,db8343db51b93a246b2b
A05,A05|HYPE|1789081709736,23,1789081737433,HYPE,LONG,2282.94,79.10214512864989881468632553,79.08,31.23,2469.6684,0.01367972877079555310257825436,-0.0002799561075604522453356974,noise,2314.17,NONE,9d83d20c43c1f462ef49
A05,A05|HYPE|1789081709736,24,1789081737433,HYPE,LONG,2314.17,79.10184627749906013819209479,79.08,31.23,2469.6684,0.01349511920040446466767782834,-0.0002761791099340550757259454,noise,2345.40,NONE,e2e7898e94f9ade8475c
A05,A05|HYPE|1789081709736,25,1789081737433,HYPE,LONG,2345.4,79.10155538500895369659759529,79.08,31.23,2469.6684,0.01331542594013814274750575595,-0.0002725026695624090943577846,noise,2376.63,NONE,53030b44f28eee5980f9
A05,A05|HYPE|1789081709736,26,1789081737433,HYPE,LONG,2376.63,79.10127213743830549980434481,79.08,31.23,2469.6684,0.01314045518233801643503616465,-0.0002689228234072544705100145,noise,2407.86,NONE,6c55eb1bddd876df336f
A05,A05|HYPE|1789081709736,27,1789081737433,HYPE,LONG,2407.86,79.10099623732276793501283297,79.08,31.23,2469.6684,0.01297002317410480675786798236,-0.0002654358139785493084102314,noise,2439.09,NONE,acf7f73225a06b2de73f
A05,A05|HYPE|1789081709736,28,1789081737433,HYPE,LONG,2439.09,79.10072740243287455567445236,79.08,31.23,2469.6684,0.01280395557359507029260912881,-0.0002620380761787665925597943,noise,2470.32,NONE,087e7f4c39d488079d26
A05,A05|HYPE|1789081709736,29,1789081737433,HYPE,LONG,2470.32,79.10046536481103662683377052,79.08,31.23,2469.6684,0.01264208685514427280676187700,-0.0002587262251448261958528169,noise,2501.55,NONE,c437547c5791b650cec8
A05,A05|HYPE|1789081709736,30,1789081737433,HYPE,LONG,2501.55,79.10020986988067398213107873,79.08,26.89,2126.4612,0.01074933541204453238991825068,-0.0002554970450005010786456958,noise,2528.44,NONE,60cf6f49d0989569aa2a
A05,A05|HYPE|1789081709736,31,1789081737906,HYPE,LONG,2528.44,79.09999493758997642815332774,79.04,527.83,41719.6832,0.2087571783392131116419610511,-0.0007584695503117608372391513,adverse,3056.27,AVERAGING_DOWN,14d810738d97d513516b
A05,A05|HYPE|1789081709736,32,1789081738207,HYPE,LONG,3056.27,79.08963357295003386480906464,79.04,505.75,39974.4800,0.1654794897047708481253292412,-0.0006275610431834061471102943,adverse,3562.02,AVERAGING_DOWN,0de57d4aa456f38e28b0
A05,A05|HYPE|1789081709736,33,1789081742018,HYPE,LONG,3562.02,79.08258639760585285877114671,79.04,2.77,218.9408,0.0007776486375708165591434073924,-0.0005385053719884674873004568,noise,3564.79,NONE,823d031eeded25bad49f
A05,A05|HYPE|1789081709736,34,1789081747005,HYPE,LONG,3564.79,79.08255330608535145127763487,79.04,1.20,94.8480,0.0003366257198881280524238454439,-0.0005380871545794791862214796,noise,3565.99,NONE,b59ce1a742e8c92874fe
A05,A05|HYPE|1789081709736,35,1789081748311,HYPE,LONG,3565.99,79.08253898636844186326938662,79.04,227.63,17991.8752,0.06383360581493498299210037044,-0.0005379061789578400185147955,adverse,3793.62,AVERAGING_DOWN,8b2b9f61422d2fdbdf0e
A05,A05|LINK|1789133401836,1,1789133401836,LINK,LONG,454.0,11.61,11.61,11.9,138.159,0.02621145374449339207048458150,0,noise,465.9,NONE,4f4dc79d5ed5f71b4942
A05,A05|LINK|1789133401836,2,1789133401836,LINK,LONG,465.9,11.61,11.61,380.6,4418.766,0.8169135007512341704228375188,0,neutral,846.5,NONE,afe99e81e53b8d846c5f
A05,A05|LINK|1789133401836,3,1789133401836,LINK,LONG,846.5,11.61,11.61,83.8,972.918,0.09899586532782043709391612522,0,neutral,930.3,NONE,ba376f50bd0e16e0a5da
A05,A05|LINK|1789133401836,4,1789133401836,LINK,LONG,930.3,11.61,11.61,452.1,5248.881,0.4859722670106417284746855853,0,neutral,1382.4,NONE,db5736c5b78bdc52b547
A05,A05|LINK|1789133401836,5,1789133401836,LINK,LONG,1382.4,11.61,11.61,444.7,5162.967,0.3216869212962962962962962963,0,neutral,1827.1,NONE,ee8290cc2b14da424d3f
A05,A05|LINK|1789133401836,6,1789133401836,LINK,LONG,1827.1,11.61,11.61,239.1,2775.951,0.1308631164139893820808932188,0,neutral,2066.2,NONE,e8345d7ece321f3a9dcb
A05,A05|LINK|1789133401836,7,1789133401913,LINK,LONG,2066.2,11.61,11.61,101.6,1179.576,0.04917239376633433355919078502,0,noise,2167.8,NONE,6d583f09b4e6df5a37bc
A05,A05|LINK|1789133401836,8,1789133401913,LINK,LONG,2167.8,11.61,11.61,6445.4,74831.094,2.973244764277147338315342744,0,neutral,8613.2,NONE,547cf3c4ceec8054ebd7
A05,A05|LINK|1789133401836,9,1789133785233,LINK,LONG,8613.2,11.61,11.604,282.5,3278.1300,0.03279849533274508893326522082,-0.0005167958656330749354005168,noise,8895.7,NONE,b9b4d8be5d29fbef519a
A05,A05|LINK|1789133401836,10,1789133785295,LINK,LONG,8895.7,11.60980945850242251874501163,11.604,48.2,559.3128,0.005418348190698876985509853075,-0.0005003922349619590473352622,noise,8943.9,NONE,8749dbb6f8ddf0bef7ac
A05,A05|LINK|1789133401836,11,1789133785361,LINK,LONG,8943.9,11.60977815047127092208097139,11.604,49.3,572.0772,0.005512136763604244233499927325,-0.0004976968893274133760274505,noise,8993.2,NONE,4f106b5ed84d3cc25371
A05,A05|LINK|1789133401836,12,1789133785361,LINK,LONG,8993.2,11.60974647511453097896188231,11.604,7.2,83.5488,0.0008006049014811190677400702753,-0.0004949699054022012633191394,noise,9000.4,NONE,26140c5ea61ba25302a9
A05,A05|LINK|1789133401836,13,1789133785441,LINK,LONG,9000.4,11.60974187813874938891604818,11.604,5.8,67.3032,0.0006444158037420559086262832763,-0.0004945741429067771265350251,noise,9006.2,NONE,0c21891d6eaaab4b5de3
A05,A05|LINK|1789133401836,14,1789133785441,LINK,LONG,9006.2,11.60973818036463769403299949,11.604,3.4,39.4536,0.0003775177100219848548777508827,-0.0004942557941868650943121219,noise,9009.6,NONE,142bfbb35fb7027b16e1
A05,A05|LINK|1789133401836,15,1789133785441,LINK,LONG,9009.6,11.60973601491742141715503463,11.604,39.4,457.1976,0.004373113123779080092345942106,-0.0004940693664396138040131245,noise,9049.0,NONE,35cbda6dfd53338fb351
A05,A05|LINK|1789133401836,16,1789133785441,LINK,LONG,9049.0,11.60971103989391092938446237,11.604,26.7,309.8268,0.002950602276494640291744944193,-0.0004919192109335321265987544,noise,9075.7,NONE,b190e3589ab5e9462477
A05,A05|LINK|1789133401836,17,1789133785642,LINK,LONG,9075.7,11.60969423846094516125477925,11.604,5.8,67.3032,0.0006390691627092125125334684928,-0.0004904727328719059949660095,noise,9081.5,NONE,587923508140616a7457
A05,A05|LINK|1789133401836,18,1789133785642,LINK,LONG,9081.5,11.60969060177283488410504873,11.604,3.4,39.4536,0.0003743874910532401035071298794,-0.0004901596405993723894255864,noise,9084.9,NONE,cc7bed742193428e97bb
A05,A05|LINK|1789133401836,19,1789133785767,LINK,LONG,9084.9,11.60968847208004490968530198,11.604,38.5,446.7540,0.004237801186584332243613028212,-0.0004899762895210345810784069,noise,9123.4,NONE,19c44fc5f7ae7dd6285a
A05,A05|LINK|1789133401836,20,1789133785840,LINK,LONG,9123.4,11.60966446719424775851108140,11.604,56.9,660.2676,0.006236709998465484358901286801,-0.0004879096385820624903190738,noise,9180.3,NONE,5ec5681b4997efde1448
A05,A05|LINK|1789133401836,21,1789133785840,LINK,LONG,9180.3,11.60962935851769550014705402,11.604,7.1,82.3884,0.0007733952049497293116782675947,-0.0004848870143787476045994889,noise,9187.4,NONE,0b159ea9c0e037921633
A05,A05|LINK|1789133401836,22,1789133785840,LINK,LONG,9187.4,11.60962500816335415895683218,11.604,7.2,83.5488,0.0007836819992598558895879138821,-0.0004845124764494040089272878,noise,9194.6,NONE,9efd46b92c26df6a80f7
A05,A05|LINK|1789133401836,23,1789133785840,LINK,LONG,9194.6,11.60962060339764644465229591,11.604,7.1,82.3884,0.0007721923737846127074587257738,-0.0004841332537603796478860824,noise,9201.7,NONE,233d8a14865c9f30352f
A05,A05|LINK|1789133401836,24,1789133785840,LINK,LONG,9201.7,11.60961626655944010345914342,11.604,7.1,82.3884,0.0007715965528108936392188399970,-0.0004837598789218645120746482,noise,9208.8,NONE,9c5ff470055c7241b004
A05,A05|LINK|1789133401836,25,1789133785840,LINK,LONG,9208.8,11.60961193640865259317174876,11.604,7.1,82.3884,0.0007710016505950829641212753019,-0.0004833870795502751409265383,noise,9215.9,NONE,51f7d77a1a9f04c7c36b
A05,A05|LINK|1789133401836,26,1789133785840,LINK,LONG,9215.9,11.60960761292982779761065116,11.604,113.2,1313.5728,0.01228311939148645276098916004,-0.0004830148543162215681307282,noise,9329.1,NONE,d4c7cfd8a81c4c4cb3d1
A05,A05|LINK|1789133401836,27,1789133785840,LINK,LONG,9329.1,11.60953956973341479885519503,11.604,62.1,720.6084,0.006656590667910087789818953597,-0.0004771567123864845721305531,noise,9391.2,NONE,6ca45e7a785ff8287a76
A05,A05|LINK|1789133401836,28,1789133785840,LINK,LONG,9391.2,11.60950293892154357270636340,11.604,3.4,39.4536,0.0003620410597154783201294829202,-0.0004740029741578896796765250,noise,9394.6,NONE,5f010d71b68cd03f65c8
A05,A05|LINK|1789133401836,29,1789133785840,LINK,LONG,9394.6,11.60950094735273454963489664,11.604,5.8,67.3032,0.0006173759393694249888233666149,-0.0004738315090097742244461056,noise,9400.4,NONE,ee7344f178146298d8a3
A05,A05|LINK|1789133401836,30,1789133785840,LINK,LONG,9400.4,11.60949755329560444236415472,11.604,16.2,187.9848,0.001723330922088421769286413344,-0.0004735392957677004856587177,noise,9416.6,NONE,a9eb8f0b28e2bcd41761
A05,A05|LINK|1789133401836,31,1789133785840,LINK,LONG,9416.6,11.60948809549094152878958435,11.604,43.2,501.2928,0.004587643098358218465263470892,-0.0004727250198975675374615862,noise,9459.8,NONE,c69343e285527bf5f7a9
A05,A05|LINK|1789133401836,32,1789133785988,LINK,LONG,9459.8,11.60946303304509609082644453,11.604,60.6,703.2024,0.006406055096302247404807712637,-0.0004705672458361037862470409,noise,9520.4,NONE,a647d7f574cc604316f6
A05,A05|LINK|1789133401836,33,1789133785988,LINK,LONG,9520.4,11.60942825931683542708289568,11.604,7.1,82.3884,0.0007457669845804798117726145960,-0.0004675733546550083624907112,noise,9527.5,NONE,6ab3ed578d2696e6c015
A05,A05|LINK|1789133401836,34,1789133785988,LINK,LONG,9527.5,11.60942421411702965101023353,11.604,7.1,82.3884,0.0007452112306481238520073471530,-0.0004672250765403008317172679,noise,9534.6,NONE,396ebd97f903e379b3c2
A05,A05|LINK|1789133401836,35,1789133785988,LINK,LONG,9534.6,11.60942017494179095085268391,11.604,7.1,82.3884,0.0007446563044071067480544543033,-0.0004668773168784139848196900,noise,9541.7,NONE,91d58ff5da336f16299b
A05,A05|LINK|1789133401836,36,1789133785988,LINK,LONG,9541.7,11.60941614177767064569206745,11.604,70.4,816.9216,0.007378140163702484882148883323,-0.0004665300745125420987169447,noise,9612.1,NONE,b051d470ba089290665e
A05,A05|LINK|1789133401836,37,1789133785988,LINK,LONG,9612.1,11.60937647340331457225788329,11.604,7.1,82.3884,0.0007386523236337532901239063264,-0.0004631147431243951298945661,noise,9619.2,NONE,747957302c134672a912
A05,A05|LINK|1789133401836,38,1789133786112,LINK,LONG,9619.2,11.60937250499001996007984032,11.604,5.8,67.3032,0.0006029607451763140385894876913,-0.0004627730730244647769257774,noise,9625.0,NONE,0f40461f1c1836d2d290
A05,A05|LINK|1789133401836,39,1789133786112,LINK,LONG,9625.0,11.60936926753246753246753247,11.604,101.6,1178.9664,0.01055584415584415584415584416,-0.0004624943361465452169240840,noise,9726.6,NONE,879df85aa45b56657673
A05,A05|LINK|1789133401836,40,1789133786112,LINK,LONG,9726.6,11.60931318240700758744062673,11.604,3.4,39.4536,0.0003495568852425307918491559229,-0.0004576655245255415747672816,noise,9730.0,NONE,6a2fece90b47a6cfc81e
A05,A05|LINK|1789133401836,41,1789133786112,LINK,LONG,9730.0,11.60931132579650565262076053,11.604,96.6,1120.9464,0.009928057553956834532374100719,-0.0004575056734591659135942964,noise,9826.6,NONE,c2111391cd0120105fc4
A05,A05|LINK|1789133401836,42,1789133786313,LINK,LONG,9826.6,11.60925911301976268495715710,11.604,129.1,1498.0764,0.01313780961878981539901898927,-0.0004530102195638479121010801,noise,9955.7,NONE,00493894af152a01c9ee
A05,A05|LINK|1789133401836,43,1789133786313,LINK,LONG,9955.7,11.60919091575680263567604488,11.604,861.9,10001.4876,0.08657352069668632039936920558,-0.0004471384607653547327699822,neutral,10817.6,NONE,813cfae081cc2573afa5
A05,A05|LINK|1789133401836,44,1789133786384,LINK,LONG,10817.6,11.60877732583937287383523147,11.604,5.8,67.3032,0.0005361632894542227481141842923,-0.0004115270458964935996010594,noise,10823.4,NONE,60b0d02a98424a86a38e
A05,A05|LINK|1789133401836,45,1789133786450,LINK,LONG,10823.4,11.60877476578524308442818337,11.604,3.4,39.4536,0.0003141341907348892215015614317,-0.0004113066091449926376250663,noise,10826.8,NONE,bea5bfd9feeedb784413
A05,A05|LINK|1789133401836,46,1789133786595,LINK,LONG,10826.8,11.60877326633908449403332470,11.604,5.8,67.3032,0.0005357076883289614659917981306,-0.0004111774973609920550303010,noise,10832.6,NONE,91ce9d94d9f034ffdd7f
A05,A05|LINK|1789133401836,47,1789133786595,LINK,LONG,10832.6,11.60877071063271975333714897,11.604,2780.7,32267.2428,0.2566973764377896349906762919,-0.0004109574348255632357436813,neutral,13613.3,NONE,971e79a45339bf21d064
A05,A05|LINK|1789133401836,48,1789133786595,LINK,LONG,13613.3,11.60779622868812117561502354,11.604,81.8,949.2072,0.006008829600464251871331712370,-0.0003270412930525929952578706,noise,13695.1,NONE,4406e98cec694d9fde12
A05,A05|LINK|1789133401836,49,1789133786595,LINK,LONG,13695.1,11.60777355404487736489693394,11.604,3.4,39.4536,0.0002482639776270344867872450731,-0.0003250885303118634373331545,noise,13698.5,NONE,1d2bda3a935f0612f17c
A05,A05|LINK|1789133401836,50,1789133786595,LINK,LONG,13698.5,11.60777261743986567872394788,11.604,283.1,3285.0924,0.02066649633171515129393729240,-0.0003250078687962568415246888,noise,13981.6,NONE,7553247e630d1ef089d6
A05,A05|LINK|1789133401836,51,1789133786595,LINK,LONG,13981.6,11.60769622932997654059621216,11.604,7.2,83.5488,0.0005149625221719974824054471591,-0.0003184291918871050285001739,noise,13988.8,NONE,66c07c4f18b76a5b72c3
A05,A05|LINK|1789133401836,52,1789133786595,LINK,LONG,13988.8,11.60769432689008349536772274,11.604,72.0,835.4880,0.005146974722635251057989248542,-0.0003182653493489498211584623,noise,14060.8,NONE,c3f29880bd56f955353d
A05,A05|LINK|1789133401836,53,1789133786595,LINK,LONG,14060.8,11.60767540964952207555757851,11.604,54.3,630.0972,0.003861800182066454255803368229,-0.0003166361497726485391233272,noise,14115.1,NONE,0e3677c176b232b99aac
A05,A05|LINK|1789133401836,54,1789133786714,LINK,LONG,14115.1,11.60766127055422915884407478,11.604,97.3,1129.0692,0.006893327004413712974049068019,-0.0003154184524247703810281414,noise,14212.4,NONE,5146f57e7e6ec06160ed
A05,A05|LINK|1789133401836,55,1789133786714,LINK,LONG,14212.4,11.60763620500408094340153668,11.604,7.2,83.5488,0.0005065998705355886409051251020,-0.0003132597317715183344084947,noise,14219.6,NONE,b57802baf86f1a1fb19b
A05,A05|LINK|1789133401836,56,1789133786714,LINK,LONG,14219.6,11.60763436383583223156769529,11.604,7.1,82.3884,0.0004993108104306731553630200568,-0.0003131011644504649980510602,noise,14226.7,NONE,ce0a70eae2ef313fbe2c
A05,A05|LINK|1789133401836,57,1789133786790,LINK,LONG,14226.7,11.60763255006431568810757237,11.604,5.8,67.3032,0.0004076841431955407789578749815,-0.0003129449565747634591819044,noise,14232.5,NONE,7a11c0044484381fe74e
A05,A05|LINK|1789133401836,58,1789133786790,LINK,LONG,14232.5,11.60763106973476198840681537,11.604,7.1,82.3884,0.0004988582469699631125944141929,-0.0003128174657643525096483210,noise,14239.6,NONE,aec9b1484de78f1c931a
A05,A05|LINK|1789133401836,59,1789133786790,LINK,LONG,14239.6,11.60762925924885530492429561,11.604,7.1,82.3884,0.0004986095115031321104525408017,-0.0003126615407675554053659839,noise,14246.7,NONE,3e83da6199ec7869e4bd
A05,A05|LINK|1789133401836,60,1789133786790,LINK,LONG,14246.7,11.60762745056749984206868958,11.604,67.4,782.1096,0.004730920142910287996518492002,-0.0003125057711360726944182125,noise,14314.1,NONE,c9a2923d7bc992efed12
A05,A05|LINK|1789133401836,61,1789133786790,LINK,LONG,14314.1,11.60761037019442368014754681,11.604,36.5,423.5460,0.002549933282567538301395127881,-0.0003110347504163518564688943,noise,14350.6,NONE,85f5adaa115f99e4ea0d
A05,A05|LINK|1789133401836,62,1789133786790,LINK,LONG,14350.6,11.60760118740679832202137888,11.604,92.5,1073.3700,0.006445723523755104316195838502,-0.0003102438952421354692582619,noise,14443.1,NONE,0e2873a012b5721b11ad
A05,A05|LINK|1789133401836,63,1789133786790,LINK,LONG,14443.1,11.60757812380998539094792668,11.604,43.2,501.2928,0.002991047628279247529962404193,-0.0003082575686176759596810886,noise,14486.3,NONE,447221cfd53fb8ba6b21
A05,A05|LINK|1789133401836,64,1789133786855,LINK,LONG,14486.3,11.60756745338699322808446600,11.604,3.4,39.4536,0.0002347045139200485976405293277,-0.0003073385876342484117479547,noise,14489.7,NONE,22e296909bab17556e62
A05,A05|LINK|1789133401836,65,1789133786855,LINK,LONG,14489.7,11.60756661628605147104494916,11.604,43.2,501.2928,0.002981428186918983829892958446,-0.0003072664929656585494140498,noise,14532.9,NONE,bccac1fedc61c6a90832
A05,A05|LINK|1789133401836,66,1789133786914,LINK,LONG,14532.9,11.60755601428482959354292672,11.604,14.2,164.7768,0.0009770933537009131006199726139,-0.0003063534029431680007816954,noise,14547.1,NONE,42a48b8271e89ca24424
A05,A05|LINK|1789133401836,67,1789133786914,LINK,LONG,14547.1,11.60755254311855971293247449,11.604,7.1,82.3884,0.0004880697871053337091241553299,-0.0003060544507865104052579205,noise,14554.2,NONE,11032666176ce496c343
A05,A05|LINK|1789133401836,68,1789133786914,LINK,LONG,14554.2,11.60755081007544214041307662,11.604,7.1,82.3884,0.0004878316911956686042516936692,-0.0003059051933987668041509216,noise,14561.3,NONE,01e1b60dcf21b5d6289c
A05,A05|LINK|1789133401836,69,1789133786914,LINK,LONG,14561.3,11.60754907872236682164367190,11.604,995.9,11556.4236,0.06839361870162691517927657558,-0.0003057560815204811313971794,neutral,15557.2,NONE,b661c515cc05e87a0a63
A05,A05|LINK|1789133401836,70,1789133786914,LINK,LONG,15557.2,11.60732188311521353456920266,11.604,37.5,435.1500,0.002410459465713624559689404263,-0.0002861885927403949955472819,noise,15594.7,NONE,3fe7935f23216ad7e9f2
A05,A05|LINK|1789133401836,71,1789133786914,LINK,LONG,15594.7,11.60731389510538836912540797,11.604,96.9,1124.4276,0.006213649509128101213873944353,-0.0002855006020631339773526659,noise,15691.6,NONE,e7fb941f05884dd6dd3e
A05,A05|LINK|1789133401836,72,1789133787005,LINK,LONG,15691.6,11.60729343088021616661143540,11.604,5.8,67.3032,0.0003696245124780137143439802187,-0.0002837380565786571820087050,noise,15697.4,NONE,8e221eaf05910baceddf
A05,A05|LINK|1789133401836,73,1789133787005,LINK,LONG,15697.4,11.60729221399722246996317860,11.604,3.4,39.4536,0.0002165963790181813548740555761,-0.0002836332485239229424853193,noise,15700.8,NONE,ea69830c1e0911d7687f
A05,A05|LINK|1789133401836,74,1789133787116,LINK,LONG,15700.8,11.60729150107000917150718433,11.604,26.7,309.8268,0.001700550290431060837664322837,-0.0002835718453099714978228507,noise,15727.5,NONE,50c59c0948078ff86bf3
A05,A05|LINK|1789133401836,75,1789133787173,LINK,LONG,15727.5,11.60728591320934668574153551,11.604,3.4,39.4536,0.0002161818470831346367827054522,-0.0002830905720696725693301227,noise,15730.9,NONE,08b3693f49afc1cf8d1b
A05,A05|LINK|1789133401836,76,1789133787254,LINK,LONG,15730.9,11.60728520300809235326650094,11.604,5.8,67.3032,0.0003687010914823690952202353330,-0.0002830294035715582039689830,noise,15736.7,NONE,2e3d5b64aed0954e2d19
A05,A05|LINK|1789133401836,77,1789133787254,LINK,LONG,15736.7,11.60728399219658505277472403,11.604,861.9,10001.4876,0.05477005979652659070834418906,-0.0002829251182957903736807749,neutral,16598.6,NONE,f604c621a4b931a32747
A05,A05|LINK|1789133401836,78,1789133787254,LINK,LONG,16598.6,11.60711346740086513320400513,11.604,129.1,1498.0764,0.007777764389767811743159061608,-0.0002682378706479828706457383,noise,16727.7,NONE,bd2c16626f28734a970c
A05,A05|LINK|1789133401836,79,1789133787317,LINK,LONG,16727.7,11.60708943847629979016840328,11.604,7.1,82.3884,0.0004244456799201324748770004244,-0.0002661682321546193547370286,noise,16734.8,NONE,155f05f9e0b8aeec1624
A05,A05|LINK|1789133401836,80,1789133787317,LINK,LONG,16734.8,11.60708812773382412696895090,11.604,14.3,165.9372,0.0008545067762984917656619738509,-0.0002660553361738845651962257,noise,16749.1,NONE,ef6bb67d61c5d8e07ff2
A05,A05|LINK|1789133401836,81,1789133787417,LINK,LONG,16749.1,11.60708549116071908341343711,11.604,5.8,67.3032,0.0003462872631962314393012161848,-0.0002658282445725771506358936,noise,16754.9,NONE,4ff8809dead33c0dbe8e
A05,A05|LINK|1789133401836,82,1789133787417,LINK,LONG,16754.9,11.60708442306429760846080845,11.604,3.4,39.4536,0.0002029257112844600683979015094,-0.0002657362479563419520398804,noise,16758.3,NONE,1a3889f46e013702e8b4
A05,A05|LINK|1789133401836,83,1789133787417,LINK,LONG,16758.3,11.60708379728254059182613985,11.604,7.1,82.3884,0.0004236706587183664214150600001,-0.0002656823485036416144136736,noise,16765.4,NONE,d43166b47e7e5d941eed
A05,A05|LINK|1789133401836,84,1789133787417,LINK,LONG,16765.4,11.60708249132141195557517264,11.604,64.2,744.9768,0.003829315137127655767234900450,-0.0002655698642373505162819713,noise,16829.6,NONE,efddf86a778e65c28cf9
A05,A05|LINK|1789133401836,85,1789133787417,LINK,LONG,16829.6,11.60707073251889527974521078,11.604,63.3,734.5332,0.003761230213433474354708370965,-0.0002645570609208209945347734,noise,16892.9,NONE,6019b8420b4f048f76e0
A05,A05|LINK|1789133401836,86,1789133787417,LINK,LONG,16892.9,11.60705922606538841761923644,11.604,62.2,721.7688,0.003682020257031060386316144652,-0.0002635659908169045691538437,noise,16955.1,NONE,958ae0aaf9e6cc864160
A05,A05|LINK|1789133401836,87,1789133787522,LINK,LONG,16955.1,11.60704800325565758975175607,11.604,90.2,1046.6808,0.005319933235427688424131972091,-0.0002625993495333745657279840,noise,17045.3,NONE,4f972c6ac6b42153424d
A05,A05|LINK|1789133401836,88,1789133787522,LINK,LONG,17045.3,11.60703187388898992684200333,11.604,53.4,619.6536,0.003132828404310865751849483435,-0.0002612100941852659371501648,noise,17098.7,NONE,33bdad7e482f5b17767f
A05,A05|LINK|1789133401836,89,1789133787522,LINK,LONG,17098.7,11.60702240521209214735623173,11.604,61.9,718.2876,0.003620158257645318065116061455,-0.0002603945358746742007308326,noise,17160.6,NONE,66e9321108d119f2c027
A05,A05|LINK|1789133401836,90,1789133787522,LINK,LONG,17160.6,11.60701150309429740218873463,11.604,70.3,815.7612,0.004096593359206554549374730487,-0.0002594555104468165364336456,noise,17230.9,NONE,950c0a5403459ae5e26c
A05,A05|HYPE|1789651264135,1,1789651265470,HYPE,SHORT,1812.68,82.75,82.8,793.93,65737.404,0.4379868482026612529514310303,-0.000604229607250755287009063,adverse,2606.61,AVERAGING_DOWN,28c2cb1e912cb283b092
A05,A05|HYPE|1789651264135,2,1789651265470,HYPE,SHORT,2606.61,82.76522916738599176708445068,82.8,0.20,16.560,0.00007672801071123029528774922217,-0.000420114013623849601018694,noise,2606.81,NONE,187ec0c90d4ab752b942
A05,A05|HYPE|1789651264135,3,1789651265470,HYPE,SHORT,2606.81,82.76523183507812230273782899,82.8,10.45,865.260,0.004008730977708386878982357748,-0.000420081768044320485133493,noise,2617.26,NONE,556bfa2d5a9141782d20
A05,A05|HYPE|1789651264135,4,1789651265470,HYPE,SHORT,2617.26,82.76537065480693549742860854,82.8,82.49,6830.172,0.03151769407701183680643115319,-0.000418403795199499448094215,noise,2699.75,NONE,249a91b33e770568cbbc
A05,A05|HYPE|1789651264135,5,1789651265470,HYPE,SHORT,2699.75,82.76642874340216686730252801,82.8,5.23,433.044,0.001937216408926752477081211223,-0.000405614415259028666566307,noise,2704.98,NONE,bb2a98678a426b16ba7f
A05,A05|HYPE|1789651264135,6,1789651265470,HYPE,SHORT,2704.98,82.76649365244844693860952761,82.8,464.49,38459.772,0.1717166115830800967105117228,-0.000404829854122518538919504,neutral,3169.47,NONE,982a8a5d870fcd9ba9ca
A05,A05|HYPE|1789651274121,1,1789651274121,HYPE,SHORT,60.73,82.218,82.209,248.41,20421.53769,4.090400131730610900708052034,0.0001094650806392760709333723,neutral,309.14,NONE,9a229e9bf61be6cbd543
A05,A05|HYPE|1789651274121,2,1789651274121,HYPE,SHORT,309.14,82.21076803390049815617519570,82.207,2.59,212.91613,0.008378081128291389014685902827,0.0000458338243348409869841134,noise,311.73,NONE,bc7fc967583961a960b5
A05,A05|HYPE|1789651274121,3,1789651274121,HYPE,SHORT,311.73,82.21073672729605748564462836,82.205,0.60,49.32300,0.001924742565681840053892791839,0.0000697807552204157068299352,noise,312.33,NONE,8a8110ff75a97cb5b09d
A05,A05|HYPE|1789651274121,4,1789651274121,HYPE,SHORT,312.33,82.21072570678449076297505843,82.205,61.28,5037.52240,0.1962027342874523740915057791,0.0000696467125823978159685747,neutral,373.61,NONE,64e421d800074cc1e19a
A05,A05|HYPE|1789651274121,5,1789651274121,HYPE,SHORT,373.61,82.20978656888198924011669923,82.203,0.24,19.72872,0.0006423810925831749685500923423,0.0000825518367731426401933272,noise,373.85,NONE,0617e1bf84a8e8a213d3
A05,A05|HYPE|1789651274121,6,1789651274121,HYPE,SHORT,373.85,82.20978221211715928848468637,82.202,10.64,874.62928,0.02846061254513842450180553698,0.0000946628479939245438950010,noise,384.49,NONE,aa8a0cb2c4a299031658
A05,A05|HYPE|1789651274121,7,1789651274121,HYPE,SHORT,384.49,82.20956685479466306015761138,82.201,248.41,20419.55041,0.6460766209784389711045800931,0.0001042075165022405202910678,neutral,632.90,NONE,dcf4dc478d596fc7e2cf
A05,A05|HYPE|1789651274121,8,1789651274121,HYPE,SHORT,632.9,82.20620440827934902828250909,82.2,0.5,41.10,0.0007900142202559646073629325328,0.0000754737227440238682209185,noise,633.4,NONE,c8ada6ceb416a8d199e4
A05,A05|HYPE|1789651274121,9,1789651274121,HYPE,SHORT,633.4,82.20619951057783391221976634,82.2,0.2,16.44,0.0003157562361856646668771708241,0.0000754141489905051975686260,noise,633.6,NONE,43d77e0909929c604d42
A05,A05|HYPE|1789651274121,10,1789651274121,HYPE,SHORT,633.6,82.20619755366161616161616162,82.2,61.28,5037.216,0.09671717171717171717171717172,0.0000753903458138979584453438,neutral,694.88,NONE,9b7cf4ee4c88fd748fc3
A05,A05|HYPE|1789651274121,11,1789651274121,HYPE,SHORT,694.88,82.20565100448998388210914115,82.2,248.41,20419.302,0.3574861846649781257195486991,0.0000687422874331988484167198,neutral,943.29,NONE,a314c317b515cb58152c
A05,A05|HYPE|1789651274121,12,1789651274121,HYPE,SHORT,943.29,82.20416284493633983186506801,82.199,61.60,5063.45840,0.06530335315756554188001568977,0.0000628051519249533457322236,neutral,1004.89,NONE,249a1394d59efd02e17d
A05,A05|HYPE|1789651274121,13,1789651274121,HYPE,SHORT,1004.89,82.20384636129327588094219268,82.196,29.73,2443.68708,0.02958532774731562658599448696,0.0000954500505826749211244499,noise,1034.62,NONE,21d0a203eab81cc10ec0
A05,A05|HYPE|1789651274121,14,1789651274121,HYPE,SHORT,1034.62,82.20362089462797935473893797,82.195,0.30,24.65850,0.0002899615317701184976126500551,0.0001048724439891762927582526,noise,1034.92,NONE,d1eeae917ae19c49002d
A05,A05|HYPE|1789651274121,15,1789651274121,HYPE,SHORT,1034.92,82.20361839562478259189116067,82.194,61.60,5063.15040,0.05952150890890117110501294786,0.0001170069616460401794992561,neutral,1096.52,NONE,7db1f76dacb045b6ad42
A05,A05|HYPE|1789651274121,16,1789651274121,HYPE,SHORT,1096.52,82.20307805603180972531280779,82.193,8.25,678.09225,0.007523802575420420968153795644,0.0001225994971251593963120435,noise,1104.77,NONE,3736e61704679619fadb
A05,A05|HYPE|1789651274121,17,1789651274121,HYPE,SHORT,1104.77,82.20300279696226363858540692,82.191,0.22,18.08202,0.0001991364718448183784860197145,0.0001460140938149182903993320,noise,1104.99,NONE,fab582ce60f505bb3cd5
A05,A05|HYPE|1789651274121,18,1789651274121,HYPE,SHORT,1104.99,82.20300040724350446610376564,82.191,3.71,304.92861,0.003357496447931655490094932986,0.0001459850271164435855295545,noise,1108.70,NONE,41e452c2128ba1193a22
A05,A05|HYPE|1789651274121,19,1789651274121,HYPE,SHORT,1108.7,82.20296025074411472896184720,82.189,0.24,19.72536,0.0002164697393343555515468566790,0.0001698266181842077697425325,noise,1108.94,NONE,9d3e80a23891a0ca83cd
A05,A05|HYPE|1789651274121,20,1789651274121,HYPE,SHORT,1108.94,82.20295722942629898822298771,82.189,0.39,32.05371,0.0003516871967825130304615218136,0.0001697898700571650570925451,noise,1109.33,NONE,c98d39fd0a7254f2d58b
A05,A05|HYPE|1789651274121,21,1789651274121,HYPE,SHORT,1109.33,82.20295232257308465470148647,82.187,5.57,457.78159,0.005021048741132034651546428926,0.0001940602146561117738339979,noise,1114.90,NONE,49773192da4fc2956c52
A05,A05|HYPE|1789651274121,22,1789651274121,HYPE,SHORT,1114.9,82.20287262534756480401829760,82.182,0.3,24.6546,0.0002690824289173916943223607498,0.0002539160090267776302103785,noise,1115.2,NONE,e80f6c57c96a1a445d8e
A05,A05|HYPE|1789651274121,23,1789651274121,HYPE,SHORT,1115.2,82.20286701040172166427546628,82.182,125.99,10354.11018,0.1129752510760401721664275466,0.0002538477204095717360156684,neutral,1241.19,NONE,627b80b5b4d6e9b82f44
A05,A05|HYPE|1789651274121,24,1789651274121,HYPE,SHORT,1241.19,82.20074885392244539514498183,82.181,61.60,5062.34960,0.04962979076531393259694325607,0.0002402515086272601727190980,noise,1302.79,NONE,d76eac27385e5a3dca32
A05,A05|HYPE|1789651274121,25,1789651274121,HYPE,SHORT,1302.79,82.19981506612731138556482626,82.181,7.43,610.60483,0.005703144789259972827547033674,0.0002288942634746224590611352,noise,1310.22,NONE,6fc323ee6f05d26ad70e
A05,A05|HYPE|1789651274121,26,1789651274121,HYPE,SHORT,1310.22,82.19970836958678695180961976,82.18,6.00,493.0800,0.004579383614965425653707011036,0.0002397620378186023558529460,noise,1316.22,NONE,508c22e2c9ef2161bd83
A05,A05|HYPE|1789651274121,27,1789651274121,HYPE,SHORT,1316.22,82.19961852881737095622312379,82.178,1.09,89.57402,0.0008281290361793621127167190895,0.0002630003545550759149118431,noise,1317.31,NONE,543ec74686e8ba4f0df4
A05,A05|HYPE|1789651274121,28,1789651274121,HYPE,SHORT,1317.31,82.19960064069960753353424782,82.178,0.45,36.98010,0.0003416052409835194449294395397,0.0002627827937270096293265060,noise,1317.76,NONE,42433ff76bc657388c60
A05,A05|HYPE|1789651274121,29,1789651274121,HYPE,SHORT,1317.76,82.19959326432734337056823701,82.177,3.69,303.23313,0.002800206410879067508499271491,0.0002748585902936372153733222,noise,1321.45,NONE,c350f6e914d504c0f053
A05,A05|HYPE|1789651274121,30,1789651274121,HYPE,SHORT,1321.45,82.19953017518634832948654887,82.176,248.41,20413.34016,0.1879828975746339248552726172,0.0002862568087214129385191402,neutral,1569.86,NONE,45c51243509fcf6c3b08
A05,A05|HYPE|1789651274121,31,1789651274121,HYPE,SHORT,1569.86,82.19580682990839947511243041,82.175,61.60,5061.98000,0.03923916782388238441644477852,0.0002531373644333951801404948,noise,1631.46,NONE,71be46ae2c7cb5c86e2e
A05,A05|HYPE|1789651274121,32,1789651274121,HYPE,SHORT,1631.46,82.19502121412722346854964265,82.174,0.21,17.25654,0.0001287190614541576256849692913,0.0002557480224071097275349054,noise,1631.67,NONE,369451251c9eba9194a8
A05,A05|HYPE|1789651274121,33,1789651274121,HYPE,SHORT,1631.67,82.19501850864451758014794658,82.174,0.13,10.68262,0.00007967297308892116665747363131,0.0002557151154155047283945521,noise,1631.80,NONE,c66cad981ea289c7664c
A05,A05|HYPE|1789651274121,34,1789651274121,HYPE,SHORT,1631.8,82.19501683417085427135678392,82.174,5.53,454.42222,0.003388895698002206152714793480,0.0002556947486640937502945066,noise,1637.33,NONE,b1c88ce69606b0ad5915
A05,A05|HYPE|1789651274121,35,1789651274121,HYPE,SHORT,1637.33,82.19494585086696023403956441,82.174,161.72,13289.17928,0.09877055938631796888837314408,0.0002548313725391827771754316,neutral,1799.05,NONE,91cea967affe1d3273d0
A05,A05|HYPE|1789651274121,36,1789651274121,HYPE,SHORT,1799.05,82.19306298879964425669103138,82.174,26.87,2208.01538,0.01493566048747950307106528446,0.0002319294123670990168218879,noise,1825.92,NONE,312674b53548050e7335
A05,A05|HYPE|1789651358325,1,1789651358325,HYPE,SHORT,1805.57,83.076,83.162,1803.70,149999.29940,0.9989643159777798700687317578,-0.001035196687370600414078675,adverse,3609.27,AVERAGING_DOWN,3ce19ea21e6d0bba16cf
A05,A05|BTC|1789724572190,1,1789724572190,BTC,LONG,0.00077,78004.0,78004.0,0.00050,39.002000,0.6493506493506493506493506494,0,neutral,0.00127,NONE,b6ea46da60d72e55da2e
A11,A11|BTC|1788570678113,1,1788570678113,BTC,LONG,0.00074,79634.0,79634.0,0.04581,3648.033540,61.90540540540540540540540541,0,neutral,0.04655,NONE,ba1825cbdc23eb5111dc
A11,A11|BTC|1788570678113,2,1788570678113,BTC,LONG,0.04655,79634.0,79634.0,0.03946,3142.357640,0.8476906552094522019334049409,0,neutral,0.08601,NONE,2b95e7111d435e1477fa
A11,A11|BTC|1788570678113,3,1788570678113,BTC,LONG,0.08601,79634.0,79634.0,0.50229,39999.361860,5.839902336937565399372166027,0,neutral,0.58830,NONE,b28fe37237548910a518
A11,A11|BTC|1788570678113,4,1788570678113,BTC,LONG,0.5883,79634.0,79634.0,0.27531,21924.036540,0.4679755226925038245792962774,0,neutral,0.86361,NONE,f73508cdf74d2e9ae2ec
A11,A11|BTC|1788570678113,5,1788570678113,BTC,LONG,0.86361,79634.0,79634.0,0.03335,2655.793900,0.03861696830745359595187642570,0,noise,0.89696,NONE,8833b826406362ef8f7f
A11,A11|BTC|1788570678113,6,1788570678113,BTC,LONG,0.89696,79634.0,79634.0,0.00062,49.373080,0.0006912236889047449161612557974,0,noise,0.89758,NONE,375a9ea663d5fb2cb550
A11,A11|BTC|1788570678113,7,1788570678113,BTC,LONG,0.89758,79634.0,79634.0,0.00118,93.968120,0.001314646048263107466743911406,0,noise,0.89876,NONE,e3e1e625cd561838dc97
A11,A11|BTC|1788570678113,8,1788570678113,BTC,LONG,0.89876,79634.0,79634.0,0.08800,7007.792000,0.09791267969202011660510036050,0,neutral,0.98676,NONE,a3eeaae7eda5ed4fec1b
A11,A11|BTC|1788570678113,9,1788570678113,BTC,LONG,0.98676,79634.0,79635.0,0.00250,199.087500,0.002533544124204467144999797316,0.000012557450335283923952081,noise,0.98926,NONE,65d6b3d57c9d1f6b5553
A11,A11|BTC|1788570678113,10,1788570678113,BTC,LONG,0.98926,79634.00252714149970685158603,79635.0,0.00013,10.352550,0.0001314113579847562824737682712,0.000012525715483914379982084,noise,0.98939,NONE,02d2d9add7b5afe1bf0e
A11,A11|BTC|1788570678113,11,1788570727012,BTC,LONG,0.98939,79634.00265820353955467510284,79642.0,0.40255,32059.887100,0.4068668573565530276230808882,0.000100426219071089161991545,neutral,1.39194,NONE,efbd78d8ebb2a6842f1c
A11,A11|BTC|1788570678113,12,1788570727012,BTC,LONG,1.39194,79636.31549492075807865281549,79642.0,0.10463,8332.942460,0.07516846990531201057516846991,0.000071380814693824977042758,neutral,1.49657,NONE,28636c82420750a10040
A11,A11|BTC|1788570678113,13,1788570727012,BTC,LONG,1.49657,79636.71291686990919235318094,79642.0,0.24771,19728.119820,0.1655184856037472353448218259,0.000066390022094581128835180,neutral,1.74428,NONE,4c83d8b2877741cde006
A11,A11|BTC|1788570678113,14,1788570727012,BTC,LONG,1.74428,79637.46375008599536771619235,79642.0,0.07422,5911.029240,0.04255050794597197697617355012,0.000056961255424206473171389,noise,1.81850,NONE,492048a40434441d37f4
A11,A11|BTC|1788570678113,15,1788570727012,BTC,LONG,1.8185,79637.64889194390981578223811,79642.0,0.33504,26683.255680,0.1842397580423425900467418202,0.000054636319839049634948716,neutral,2.15354,NONE,afc3c6c2e9903966971f
A11,A11|BTC|1788570678113,16,1788570727012,BTC,LONG,2.15354,79638.32582167036600202457349,79642.0,0.15696,12500.608320,0.07288464574607390621952691847,0.000046135805740836131178743,neutral,2.31050,NONE,e5d690500369b6bbe560
A11,A11|BTC|1788570678113,17,1788570727012,BTC,LONG,2.3105,79638.57542090456611123133521,79642.0,0.09814,7816.065880,0.04247565462021207530837481065,0.000043001511231640650797479,noise,2.40864,NONE,68a2fd1635defd2e21ce
A11,A11|BTC|1788570678113,18,1788570727012,BTC,LONG,2.40864,79638.71495532748771090740003,79642.0,0.00075,59.731500,0.0003113790354722997210043842168,0.000041249343040693221588298,noise,2.40939,NONE,845a9b05a8ec7420d5db
A11,A11|BTC|1788570678113,19,1788570727012,BTC,LONG,2.40939,79638.71597790312070690091683,79642.0,0.00105,83.624100,0.0004357949522493245178240135470,0.000041236502328722767372474,noise,2.41044,NONE,c61ea13a648a57c00fa6
A11,A11|BTC|1788570678113,20,1788570727012,BTC,LONG,2.41044,79638.71740843995287167488093,79642.0,0.01047,833.851740,0.004343605316871608503011898243,0.000041218538756869102974426,noise,2.42091,NONE,de35277b38ffc637a86c
A11,A11|BTC|1788570678113,21,1788570727012,BTC,LONG,2.42091,79638.73160505760230657066971,79642.0,0.08800,7008.496000,0.03634996757417665258105423167,0.000041040268679896052887319,noise,2.50891,NONE,193559cf25507f617b5e
A11,A11|BTC|1788570678113,22,1788570727012,BTC,LONG,2.50891,79638.84624398643235508647181,79642.0,0.00250,199.105000,0.0009964486569865001135951468965,0.000039600724549745552716312,noise,2.51141,NONE,400220cad73dca46d79c
A11,A11|BTC|1788570678113,23,1788570727012,BTC,LONG,2.51141,79638.84938341409805647026969,79642.0,0.00753,599.704260,0.002998315687203602757016974528,0.000039561302182224940689350,noise,2.51894,NONE,55ff4cb9ccf447a65582
A11,A11|BTC|1788570678113,24,1788570727012,BTC,LONG,2.51894,79638.85880171818304524919212,79642.0,1.65786,132035.286120,0.6581577965334624881894765258,0.000039443034833507488647034,neutral,4.17680,NONE,e0b670dd23fa7265ca57
A11,A11|ETH|1789176266738,1,1789176266738,ETH,LONG,1.4287,2513.4,2513.4,14.3092,35964.74328,10.01553860152586267235948765,0,neutral,15.7379,NONE,754b1b9294e85c225fd3
A11,A11|ETH|1789176266738,2,1789176266738,ETH,LONG,15.7379,2513.4,2513.4,2.8909,7265.98806,0.1836903271719860972556694349,0,neutral,18.6288,NONE,3e8a4662a3666a5b84dc
A11,A11|ETH|1789176266738,3,1789176266738,ETH,LONG,18.6288,2513.4,2513.4,15.9146,39999.75564,0.8543008674740187236966417590,0,neutral,34.5434,NONE,7cf9c68626b3cc641f6c
A11,A11|ETH|1789176266738,4,1789176266738,ETH,LONG,34.5434,2513.4,2513.4,21.3120,53565.58080,0.6169630088526317617837271375,0,neutral,55.8554,NONE,575067a821b2b45760c4
A11,A11|ETH|1789176266738,5,1789176266738,ETH,LONG,55.8554,2513.4,2513.4,3.9781,9998.55654,0.07122140383919907475373911923,0,neutral,59.8335,NONE,9d6388ae65f0f6d02de9
A11,A11|ETH|1789176266738,6,1789176266738,ETH,LONG,59.8335,2513.4,2513.4,3.9780,9998.30520,0.06648449447216024467898418110,0,neutral,63.8115,NONE,ec993fda52672b27bb0b
A11,A11|ETH|1789176266738,7,1789176266738,ETH,LONG,63.8115,2513.4,2513.4,7.9573,19999.87782,0.1247000932433808952931681593,0,neutral,71.7688,NONE,4bd97f4d5e32cabf9c66
A11,A11|ETH|1789176266738,8,1789176266738,ETH,LONG,71.7688,2513.4,2513.4,15.9174,40006.79316,0.2217871832885599313350648193,0,neutral,87.6862,NONE,b5604de0c86582310365
A11,A11|ETH|1789176266738,9,1789176266738,ETH,LONG,87.6862,2513.4,2513.4,0.7957,1999.91238,0.009074403954099960997283495008,0,noise,88.4819,NONE,c462322d0d79d9503e54
A11,A11|ETH|1789176266738,10,1789176266738,ETH,LONG,88.4819,2513.4,2513.4,0.8104,2036.85936,0.009158935330276587641088177356,0,noise,89.2923,NONE,089fff96e346c07d35e7
A11,A11|ETH|1789176266738,11,1789176266738,ETH,LONG,89.2923,2513.4,2513.4,0.8953,2250.24702,0.01002662043647660548557938366,0,noise,90.1876,NONE,b714fd4442f3b6f8e576
A11,A11|ETH|1789176266738,12,1789176266738,ETH,LONG,90.1876,2513.4,2513.5,11.5800,29106.33000,0.1283990260301859679157666908,0.000039786743057213336516273,neutral,101.7676,NONE,c74bc302090044083d3e
A11,A11|ETH|1789176266738,13,1789176266738,ETH,LONG,101.7676,2513.411378867144356357033083,2513.5,15.9168,40006.87680,0.1564034132670909012298609774,0.000035259302794907908441572,neutral,117.6844,NONE,ac6c775adc5cdcd947c3
A11,A11|ETH|1789176266738,14,1789176266738,ETH,LONG,117.6844,2513.423364863992168885595712,2513.5,0.0409,102.80215,0.0003475396909021076710252165963,0.000030490341213159701641680,noise,117.7253,NONE,c16582ed4735e3a0263d
A11,A11|ETH|1789176266738,15,1789176266738,ETH,LONG,117.7253,2513.423391488490579340209793,2513.5,0.7901,1985.91635,0.006711386592346759787403387377,0.000030479747967990320197979,noise,118.5154,NONE,371a2a0ac8b61a81adfe
A11,A11|ETH|1789176266738,16,1789176266738,ETH,LONG,118.5154,2513.423902210176905279820174,2513.5,8.1059,20374.17965,0.06839533090214436267354284760,0.000030276544181893950104206,neutral,126.6213,NONE,f08544f09b7996379d5d
A11,A11|ETH|1789176266738,17,1789176266738,ETH,LONG,126.6213,2513.428773752915188834737914,2513.5,7.2827,18305.06645,0.05751559966609093414773027919,0.000028338279496363052180206,neutral,133.9040,NONE,ab9c028ef8ea94e096ea
A11,A11|ETH|1789176266738,18,1789176266738,ETH,LONG,133.904,2513.432647568407217110765920,2513.5,0.7238,1819.27130,0.005405365037638905484526227745,0.000026796990823661918581365,noise,134.6278,NONE,5f0f7312240cf71e15ec
A11,A11|ETH|1789176266738,19,1789176266738,ETH,LONG,134.6278,2513.433009675564779339779747,2513.5,4.6202,11612.87270,0.03431832058460436848852911509,0.000026652918210805151167015,noise,139.2480,NONE,8ec58958ce58d08e509b
A11,A11|ETH|1789308828038,1,1789308831233,ETH,LONG,0.6817,2483.0,2483.0,0.0200,49.66000,0.02933841865923426727299398562,0,noise,0.7017,NONE,8722129229875828e8f0
A11,A11|ETH|1789308828038,2,1789308831377,ETH,LONG,0.7017,2483.0,2483.0,8.0576,20007.02080,11.48296993016958814308108878,0,neutral,8.7593,NONE,6f14e8a30c0b7f67533d
A11,A11|ETH|1789308828038,3,1789308835522,ETH,LONG,8.7593,2483.0,2483.0,0.0896,222.47680,0.01022912789834804151016633749,0,noise,8.8489,NONE,bee173543f0e536fe358
A11,A11|ETH|1789308828038,4,1789308839735,ETH,LONG,8.8489,2483.0,2483.0,100.6764,249979.50120,11.37727853179491236198849575,0,neutral,109.5253,NONE,9ee1a4d18aec94d0a672
A11,A11|ETH|1789308828038,5,1789308842606,ETH,LONG,109.5253,2483.0,2483.0,0.1611,400.01130,0.001470893026542725744645301131,0,noise,109.6864,NONE,469e567fb0e63fc10cf5
A11,A11|ETH|1789308828038,6,1789308844660,ETH,LONG,109.6864,2483.0,2483.0,0.0090,22.34700,0.00008205210490999795781427779561,0,noise,109.6954,NONE,ab6c0816aa8a40f360f0
A11,A11|BTC|1789498213734,1,1789498213865,BTC,LONG,0.21297,74950.0,74950.0,0.00880,659.560000,0.04132037376156266140771000610,0,noise,0.22177,NONE,638e7d2fdcb25f998a26
A11,A11|BTC|1789498213734,2,1789498213865,BTC,LONG,0.22177,74950.0,74950.0,0.01366,1023.817000,0.06159534653018893448167019885,0,neutral,0.23543,NONE,4ae847ba8c107f006b70
A11,A11|BTC|1789498213734,3,1789498213932,BTC,LONG,0.23543,74950.0,74950.0,0.22685,17002.407500,0.9635560463832136940916620652,0,neutral,0.46228,NONE,2e99847d65a7b706cae4
A11,A11|BTC|1789498213734,4,1789498213932,BTC,LONG,0.46228,74950.0,74950.0,0.26389,19778.555500,0.5708445098208877736436791555,0,neutral,0.72617,NONE,9f066fddfd56857202db
A11,A11|BTC|1789498213734,5,1789498213932,BTC,LONG,0.72617,74950.0,74950.0,0.25510,19119.745000,0.3512951512731178649627497693,0,neutral,0.98127,NONE,49151a21bd58f278c41a
A11,A11|BTC|1789498213734,6,1789498213932,BTC,LONG,0.98127,74950.0,74950.0,0.00041,30.729500,0.0004178258787082046735353164776,0,noise,0.98168,NONE,02ba83fb7f0dd58aa580
A11,A11|BTC|1789498213734,7,1789498213932,BTC,LONG,0.98168,74950.0,74950.0,0.00033,24.733500,0.0003361584222964713552277727977,0,noise,0.98201,NONE,bc83b19f6006b98a8b3a
A11,A11|BTC|1789498213734,8,1789498213932,BTC,LONG,0.98201,74950.0,74950.0,0.00047,35.226500,0.0004786101974521644382440097351,0,noise,0.98248,NONE,839fdff50429d4bf2c75
A11,A11|BTC|1789498213734,9,1789498214127,BTC,LONG,0.98248,74950.0,74950.0,0.01258,942.871000,0.01280433189479684064815568765,0,noise,0.99506,NONE,b10917095742335b7705
A11,A11|BTC|1789498213734,10,1789498214178,BTC,LONG,0.99506,74950.0,74950.0,0.00015,11.242500,0.0001507446787128414366972845859,0,noise,0.99521,NONE,f6b9d9eb4835d304d9c5
A11,A11|BTC|1789498213734,11,1789498214340,BTC,LONG,0.99521,74950.0,74950.0,0.00753,564.373500,0.007566242300619969654645753158,0,noise,1.00274,NONE,e854a140d83e277681ed
A11,A11|BTC|1789498213734,12,1789498214411,BTC,LONG,1.00274,74950.0,74950.0,0.06514,4882.243000,0.06496200410874204679179049405,0,neutral,1.06788,NONE,6907d2c65f2d92f83070
A11,A11|BTC|1789498213734,13,1789498214480,BTC,LONG,1.06788,74950.0,74950.0,0.00224,167.888000,0.002097613964115818256732966251,0,noise,1.07012,NONE,072aa49f71c0057bde2b
A11,A11|BTC|1789498213734,14,1789498214669,BTC,LONG,1.07012,74950.0,74950.0,0.85998,64455.501000,0.8036294994953836952865099241,0,neutral,1.93010,NONE,33a69a55697f6ecda945
A11,A11|BTC|1789498213734,15,1789498214669,BTC,LONG,1.9301,74950.0,74950.0,0.63903,47895.298500,0.3310864722035127713589969432,0,neutral,2.56913,NONE,d45df94a4c49d71c9d40
A11,A11|BTC|1789498213734,16,1789498214669,BTC,LONG,2.56913,74950.0,74950.0,0.48091,36044.204500,0.1871878807222678494276272512,0,neutral,3.05004,NONE,d89fcec8e8aafe2d88a6
A11,A11|BTC|1789498213734,17,1789498214669,BTC,LONG,3.05004,74950.0,74950.0,0.02668,1999.666000,0.008747426263262121152509475286,0,noise,3.07672,NONE,e0cf9e09bd8b013a5e6f
A11,A11|BTC|1789498213734,18,1789498214745,BTC,LONG,3.07672,74950.0,74950.0,0.00160,119.920000,0.0005200343222652695077875139759,0,noise,3.07832,NONE,91bba64f33c5c8e89f5f
A11,A11|BTC|1789498213734,19,1789498214813,BTC,LONG,3.07832,74950.0,74950.0,0.01035,775.732500,0.003362223550508069336521219366,0,noise,3.08867,NONE,e8ce7f2805ff2f7aef96
A11,A11|BTC|1789498213734,20,1789498214947,BTC,LONG,3.08867,74950.0,74950.0,0.20964,15712.518000,0.06787387451556818954436699291,0,neutral,3.29831,NONE,17d62bb3c93e0f0d99ad
A11,A11|BTC|1789498213734,21,1789498215070,BTC,LONG,3.29831,74950.0,74950.0,0.00015,11.242500,0.00004547783561884722782273346047,0,noise,3.29846,NONE,81a70addc1bd6807f556
A11,A11|BTC|1789498213734,22,1789498215070,BTC,LONG,3.29846,74950.0,74950.0,0.02239,1678.130500,0.006788016225753836638916342778,0,noise,3.32085,NONE,83098e14648a8ead582c
A11,A11|BTC|1789498213734,23,1789498215279,BTC,LONG,3.32085,74950.0,74950.0,0.14361,10763.569500,0.04324495234653778400108405980,0,noise,3.46446,NONE,ece6829bcafd37db8ebd
A11,A11|BTC|1789498213734,24,1789498215354,BTC,LONG,3.46446,74950.0,74950.0,0.00302,226.349000,0.0008717087222828377294008301438,0,noise,3.46748,NONE,ca725404a0750806258d
A11,A11|BTC|1789498213734,25,1789498215354,BTC,LONG,3.46748,74950.0,74950.0,0.02471,1852.014500,0.007126212696252033176831589512,0,noise,3.49219,NONE,5d4db29bc6c3d62210b9
A11,A11|BTC|1789498213734,26,1789498215354,BTC,LONG,3.49219,74950.0,74950.0,0.02865,2147.317500,0.008204020972512950326299542694,0,noise,3.52084,NONE,98068a1bad8a38a3c747
A11,A11|BTC|1789498213734,27,1789498215354,BTC,LONG,3.52084,74950.0,74950.0,0.00789,591.355500,0.002240942502357391986003340112,0,noise,3.52873,NONE,fbfa045c8ec94c174f4a
A11,A11|BTC|1789498213734,28,1789498215354,BTC,LONG,3.52873,74950.0,74950.0,0.00025,18.737500,0.00007084701861576261147778379190,0,noise,3.52898,NONE,49153494e4cfeab70f97
A11,A11|BTC|1789498213734,29,1789498215354,BTC,LONG,3.52898,74950.0,74950.0,0.17302,12967.849000,0.04902833113250854354516035795,0,noise,3.70200,NONE,b204f8a3ef575abc82cd
A11,A11|BTC|1789498213734,30,1789498215354,BTC,LONG,3.702,74950.0,74950.0,1.05595,79143.452500,0.2852377093462992976769313884,0,neutral,4.75795,NONE,09178da8d0c5c9096347
A10,A10|VVV|1789953430624,1,1789953430624,VVV,LONG,11.65,30.027,30.03,0.40,12.0120,0.03433476394849785407725321888,0.000099910080927165551004096,noise,12.05,NONE,4979ea218504c5e4df17
A10,A10|VVV|1789953430624,2,1789953430624,VVV,LONG,12.05,30.02709958506224066390041494,30.033,0.91,27.33003,0.07551867219917012448132780083,0.000196502992939572842291424,neutral,12.96,NONE,d16e31b7d257ef50dd7b
A10,A10|VVV|1789953430624,3,1789953430624,VVV,LONG,12.96,30.02751388888888888888888889,30.034,16.54,496.76236,1.276234567901234567901234568,0.000216005598569090107637394,neutral,29.50,NONE,f35697c8e29d66c7d488
A10,A10|VVV|1789953430624,4,1789953430624,VVV,LONG,29.5,30.03115050847457627118644068,30.034,1.95,58.56630,0.06610169491525423728813559322,0.000094884527471554000188776,neutral,31.45,NONE,461d67197344cd47736c
A10,A10|VVV|1789953430624,5,1789953430624,VVV,LONG,31.45,30.03132718600953895071542131,30.035,0.66,19.82310,0.02098569157392686804451510334,0.000122299423122800733233269,noise,32.11,NONE,409000102df076068988
A10,A10|VVV|1789953430624,6,1789953430624,VVV,LONG,32.11,30.03140267829336655247586422,30.045,3.38,101.55210,0.1052631578947368421052631579,0.000452770117076867757879186,neutral,35.49,NONE,3bafde73bfa8597085b7
A10,A10|VVV|1789953430624,7,1789953430624,VVV,LONG,35.49,30.03269766131304592843054382,30.047,3.43,103.06121,0.09664694280078895463510848126,0.000476225574147399635171749,neutral,38.92,NONE,bbd518409bd11594ee0b
A10,A10|VVV|1789953430624,8,1789953430624,VVV,LONG,38.92,30.03395811921891058581706064,30.047,5.00,150.23500,0.1284686536485097636176772867,0.000434237829370343170562373,neutral,43.92,NONE,37c133dddc6585eb14ab
A10,A10|VVV|1789953430624,9,1789953430624,VVV,LONG,43.92,30.03544285063752276867030965,30.048,1.33,39.96384,0.03028233151183970856102003643,0.000418077716547159126249335,noise,45.25,NONE,e79b08943aa3479b5b41
A10,A10|VVV|1789953430624,10,1789953430624,VVV,LONG,45.25,30.03581193370165745856353591,30.048,13.93,418.56864,0.3078453038674033149171270718,0.000405784479049388770527623,neutral,59.18,NONE,800f9b96d95de8f98add
A10,A10|VVV|1789953430624,11,1789953430624,VVV,LONG,59.18,30.03868080432578573842514363,30.051,2.41,72.42291,0.04072321730314295370057451842,0.000410111074932432083893093,noise,61.59,NONE,cd3973efd30abae2e0b7
A10,A10|VVV|1789953430624,12,1789953430624,VVV,LONG,61.59,30.03916285111219353791199870,30.052,3.47,104.28044,0.05634031498619905828868322780,0.000427347091909093246050115,neutral,65.06,NONE,f88e47f1b62ba454d5f9
A10,A10|VVV|1789953430624,13,1789953430624,VVV,LONG,65.06,30.03984752536120504150015370,30.053,1.66,49.88798,0.02551490931447894251460190593,0.000437834267557149012362143,noise,66.72,NONE,dbcba5dddd3e24f86b3f
A10,A10|VVV|1789953430624,14,1789953430624,VVV,LONG,66.72,30.04017476019184652278177458,30.054,9.98,299.93892,0.1495803357314148681055155875,0.000460225012621237648547449,neutral,76.70,NONE,d32b4b63e7f768267296
A10,A10|VVV|1789953430624,15,1789953430624,VVV,LONG,76.7,30.04197366362451108213820078,30.056,33.03,992.74968,0.4306388526727509778357235984,0.000466891307892740664302546,neutral,109.73,NONE,2dbdd2847192bda8dd35
A10,A10|VVV|1789953430624,16,1789953430624,VVV,LONG,109.73,30.04619575321243051125489839,30.057,76.02,2284.93314,0.6927913970655244691515538139,0.000359587845207137006011212,neutral,185.75,NONE,a7e5868e5cd36c61edae
A10,A10|VVV|1789953430624,17,1789953430624,VVV,LONG,185.75,30.05061749663526244952893674,30.057,3.16,94.98012,0.01701211305518169582772543742,0.000212391754194475137884000,noise,188.91,NONE,203a2fac30a70e830107
A10,A10|VVV|1789953430624,18,1789953430624,VVV,LONG,188.91,30.05072426022973902916732835,30.063,3.36,101.01168,0.01778624741940606638081626171,0.000408500629267932402727700,noise,192.27,NONE,1afbeafb8973a5d6ecd5
A10,A10|VVV|1789953430624,19,1789953430624,VVV,LONG,192.27,30.05093878400166432620793675,30.064,12.27,368.88528,0.06381650803557497269464815104,0.000434635872516872064458088,neutral,204.54,NONE,bfbcdf7934cb5848e5ae
A10,A10|VVV|1789953430624,20,1789953430624,VVV,LONG,204.54,30.05172230370587660115380854,30.071,61.73,1856.28283,0.3017991590886868094260291386,0.000641483908952071563565237,profit,266.27,PROFIT_PYRAMIDING,80ae581602e3c73c252a
A10,A10|VVV|1789953430624,21,1789953430624,VVV,LONG,266.27,30.05619149735231156345063281,30.072,99.99,3006.89928,0.3755210876178315243925338942,0.000525964929691142931789642,profit,366.26,PROFIT_PYRAMIDING,5cd695d2aaf9647fedcd
A10,A10|VVV|1789953430624,22,1789953430624,VVV,LONG,366.26,30.06050726260033855730901545,30.075,0.44,13.23300,0.001201332386829028558947195981,0.000482118856912721653059312,noise,366.70,NONE,18e73a820ca8ce075c76
A10,A10|VVV|1789953430624,23,1789953430624,VVV,LONG,366.7,30.06052465230433596945732206,30.075,6.65,199.99875,0.01813471502590673575129533679,0.000481540088308285743657288,noise,373.35,NONE,cf41364a05b709011606
A10,A10|VVV|1789953430624,24,1789953430624,VVV,LONG,373.35,30.06078248292486942547207714,30.076,29.06,874.00856,0.07783581090129904914959153609,0.000506224915594743119603839,profit,402.41,PROFIT_PYRAMIDING,736d6aaa11afe4ae1f2b
A10,A10|VVV|1789953430624,25,1789953430624,VVV,LONG,402.41,30.06188141447777142715141274,30.08,12.37,372.0896,0.03073979274868914788399890659,0.000602709633253449018709839,noise,414.78,NONE,c1de6e616243c39c052b
A10,A10|VVV|1789953430624,26,1789953430624,VVV,LONG,414.78,30.06242176575534018033656396,30.081,1.34,40.30854,0.003230628284873909060224697430,0.000617988610146592693684203,noise,416.12,NONE,eabd6add5f1c1db2083c
A10,A10|VVV|1789953430624,27,1789953430624,VVV,LONG,416.12,30.06248159184850523887340190,30.081,21.55,648.24555,0.05178794578486974911083341344,0.000615997321941514637609703,profit,437.67,PROFIT_PYRAMIDING,501b0b311a058dc2da76
A10,A10|VVV|1789953430624,28,1789953430624,VVV,LONG,437.67,30.06339340142116206274133480,30.083,226.10,6801.76630,0.5165992642858774876048164142,0.000652175165891655153427821,profit,663.77,PROFIT_PYRAMIDING,2e95161bbae4e9d9a709
A10,A10|VVV|1789953430624,29,1789953430624,VVV,LONG,663.77,30.07007199783057384334935294,30.084,139.21,4187.99364,0.2097262606023170676589782605,0.000463184862691083746228933,neutral,802.98,NONE,89b99cc106bf9d1e3427
A10,A10|VVV|1789953430624,30,1789953430624,VVV,LONG,802.98,30.07248664972975665645470622,30.084,22.76,684.71184,0.02834441704650178086627313258,0.000382853283945071003858419,noise,825.74,NONE,cbd085452b32df28b703
A10,A10|VVV|1789953430624,31,1789953430624,VVV,LONG,825.74,30.07280399399326664567539419,30.086,32.60,980.80360,0.03947973938527865914210284109,0.000438801982328256481430887,noise,858.34,NONE,80d79d87c672fc6c79de
A10,A10|VVV|1789953430624,32,1789953430624,VVV,LONG,858.34,30.07330518209567304331616842,30.087,18.17,546.68079,0.02116876762122235943798494769,0.000455381203409602302031146,noise,876.51,NONE,6a45ce5f4701f6695a6b
A10,A10|VVV|1789953430624,33,1789953430624,VVV,LONG,876.51,30.07358907485368107608584044,30.093,18.17,546.78981,0.02072994033154213870919898233,0.000645447575213081384061830,noise,894.68,NONE,bc80cd7364e452fee50d
A10,A10|VVV|1789953430624,34,1789953430624,VVV,LONG,894.68,30.07398329011490141726650870,30.096,12.47,375.29712,0.01393794429293155094558948451,0.000732084927783254917733565,noise,907.15,NONE,759cb4f41e3a983a33bd
A10,A10|VVV|1789953430624,35,1789953430624,VVV,LONG,907.15,30.07428593948079148983078873,30.099,39.87,1200.04713,0.04395083503279501736206801521,0.000821767159125280920023290,noise,947.02,NONE,fed9ca109eabde159784
A10,A10|VVV|1789953430624,36,1789953430624,VVV,LONG,947.02,30.07532641338092120546556567,30.101,23.96,721.21996,0.02530041604189985427974066018,0.000853642825557373407194016,noise,970.98,NONE,1f9f121a5ab50362cec8
A10,A10|VVV|1789953430624,37,1789953430624,VVV,LONG,970.98,30.07595993738285031617541041,30.102,1.40,42.14280,0.001441842262456487260293723867,0.000865809858483793346280560,noise,972.38,NONE,d3b528a43675b628f25d
A10,A10|VVV|1789953430624,38,1789953430624,VVV,LONG,972.38,30.07599742898866698204405685,30.102,26.58,800.11116,0.02733499249264690758756864600,0.000864562216855043077184019,noise,998.96,NONE,e88bb150f9e623409c37
A10,A10|VVV|1789953430624,39,1789953430624,VVV,LONG,998.96,30.07668929686874349323296228,30.102,800.97,24110.79894,0.8018038760310723152078161288,0.000841538870233685621447515,profit,1799.93,PROFIT_PYRAMIDING,bd1ceee4d582b78c84fc
A10,A10|VVV|1789953430624,40,1789953430624,VVV,LONG,1799.93,30.08795257593350852533154067,30.102,23.47,706.49394,0.01303939597651019761879628652,0.000466878696084080072217050,noise,1823.40,NONE,acbdd55dabde1a7e265d
A10,A10|VVV|1789953430624,41,1789953430624,VVV,LONG,1823.4,30.08813338817593506635954810,30.106,39.8,1198.2188,0.02182735548974443347592409784,0.000593809246773885040422695,noise,1863.2,NONE,523b21a88490bfea174d
A10,A10|VVV|1789953430624,42,1789953430624,VVV,LONG,1863.2,30.08851503864319450407900387,30.111,19.93,600.11223,0.01069665092314297981966509231,0.000747293820513497441239514,noise,1883.13,NONE,d363bed4ddbab7c68a69
A10,A10|VVV|1789953430624,43,1789953430624,VVV,LONG,1883.13,30.08875300696181357633302003,30.112,12.57,378.50784,0.006675056953051568399420114384,0.000772614040628657118148628,noise,1895.70,NONE,c1989b93fb731a62e28d
A10,A10|VVV|1789953430624,44,1789953430624,VVV,LONG,1895.7,30.08890715303054280740623517,30.114,1.34,40.35276,0.0007068629002479295247138260273,0.000833956741660185254971569,noise,1897.04,NONE,eabf13c020fcc8978230
A10,A10|VVV|1789953430624,45,1789953430624,VVV,LONG,1897.04,30.08892487770421287901151268,30.115,2.34,70.46910,0.001233500611478935604942436638,0.000866601993981802073789939,noise,1899.38,NONE,2e399b214e281114a254
A10,A10|VVV|1789953430624,46,1789953430624,VVV,LONG,1899.38,30.08895700175846855289620824,30.122,61.73,1859.43106,0.03250007897313860312312438796,0.001098176923832897814228500,noise,1961.11,NONE,9df17150ddb318079da6
A10,A10|VVV|1789953430624,47,1789953430624,VVV,LONG,1961.11,30.08999709858192554216744599,30.123,28.00,843.44400,0.01427762848590849059971138794,0.001096806400809849562090178,noise,1989.11,NONE,fe058e85175f276ec4e6
A10,A10|VVV|1789953430624,48,1789953430624,VVV,LONG,1989.11,30.09046166878654272513837848,30.125,2.13,64.16625,0.001070830673014564302627808417,0.001147816593631217000113585,noise,1991.24,NONE,641d0fc0b5289a5c7913
A10,A10|VVV|1789953430624,49,1789953430624,VVV,LONG,1991.24,30.09049861392900905968140456,30.125,149.53,4504.59125,0.07509391133163255057150318395,0.001146587383401487214554821,profit,2140.77,PROFIT_PYRAMIDING,ad723d5ee26c8ebee3f8
A10,A10|VVV|1789953430624,50,1789953430624,VVV,LONG,2140.77,30.09290849087010748469008816,30.126,18.17,547.38942,0.008487600255982660444606379947,0.001099644759825463656068409,noise,2158.94,NONE,111a100e07a22a629870
A10,A10|VVV|1789953430624,51,1789953430624,VVV,LONG,2158.94,30.09318699454361862765987014,30.127,70.00,2108.89000,0.03242331885091757992348096751,0.001123609987287561697753749,noise,2228.94,NONE,617cbbcffcdd631b39de
A10,A10|VVV|1789953430624,52,1789953430624,VVV,LONG,2228.94,30.09424889409315638823835547,30.128,12.67,381.72176,0.005684316311789460461026317442,0.001121513483377490657905651,noise,2241.61,NONE,f576418379b5b637a099
A10,A10|VVV|1789953430624,53,1789953430624,VVV,LONG,2241.61,30.09443966167174486195190066,30.128,1.65,49.71120,0.0007360780867323040136330583821,0.001115167409845399416234689,noise,2243.26,NONE,e8eb39822c42a7018112
A10,A10|VVV|1789953430624,54,1789953430624,VVV,LONG,2243.26,30.09446434653138735590167882,30.129,55.01,1657.39629,0.02452234694150477430168593921,0.001147574951690181423209291,noise,2298.27,NONE,27c5ebd369a37d1d9ac6
A10,A10|VVV|1789953430624,55,1789953430624,VVV,LONG,2298.27,30.09529097103473482227936667,30.129,46.26,1393.76754,0.02012818337271077810701092561,0.001120076526181736914284281,noise,2344.53,NONE,2b103a40257f151345ab
A10,A10|VVV|1789953430624,56,1789953430624,VVV,LONG,2344.53,30.09595608501490703893744164,30.132,12.42,374.23944,0.005297437012962086217706747195,0.001197633159859626632572938,noise,2356.95,NONE,d2e004e7d060fcacb9d6
A10,A10|VVV|1789953430624,57,1789953430624,VVV,LONG,2356.95,30.09614601921975434353719852,30.136,10.00,301.36000,0.004242771378264282229152082140,0.001324222069988444154322393,noise,2366.95,NONE,74e7be6360de4edf3391
A10,A10|VVV|1789953430624,58,1789953430624,VVV,LONG,2366.95,30.09631439616383954033672027,30.137,104.52,3149.91924,0.04415809374933986776231014597,0.001351846717860787651456182,noise,2471.47,NONE,f6da12389db658051fd1
A10,A10|VVV|1789953430624,59,1789953430624,VVV,LONG,2471.47,30.09803501559800442651539369,30.143,7.38,222.45534,0.002986077112002168749772402659,0.001493950830301477216720876,noise,2478.85,NONE,a6c617a90ed8e927edf0
A10,A10|VVV|1789953430624,60,1789953430624,VVV,LONG,2478.85,30.09816888476511285475119513,30.144,12.77,384.93888,0.005151582386993968977550073623,0.001522721046930055221813822,noise,2491.62,NONE,5eea6ab7f1c7b1e53bbd
A10,A10|VVV|1789953430624,61,1789953430624,VVV,LONG,2491.62,30.09840377746205280098891486,30.146,154.00,4642.48400,0.06180717765951469325177996645,0.001581353711972847725383011,profit,2645.62,PROFIT_PYRAMIDING,0e8376ab7b098ab98060
A10,A10|VVV|1789953430624,62,1789953430624,VVV,LONG,2645.62,30.10117432586690454411442310,30.147,1.34,40.39698,0.0005064975317694907053923087972,0.001522388250936641509016393,noise,2646.96,NONE,15ba3acbc7e1e746d957
A10,A10|VVV|1789953430624,63,1789953430624,VVV,LONG,2646.96,30.10119752470758908332577751,30.153,133.97,4039.59741,0.05061277843261703992504609061,0.001720944000646171617286726,profit,2780.93,PROFIT_PYRAMIDING,e450ea9bd46c6d2546ea
A10,A10|VVV|1789953430624,64,1789953430624,VVV,LONG,2780.93,30.10369308468749662882560871,30.161,12.87,388.17207,0.004627948204377672217567504396,0.001903650663434813862614592,noise,2793.80,NONE,681d7ae9ac3da615fe57
A10,A10|VVV|1789953430624,65,1789953430624,VVV,LONG,2793.8,30.10395707638342043095425586,30.162,338.27,10202.89974,0.1210788173813444054692533467,0.001928082858652302932388228,profit,3132.07,PROFIT_PYRAMIDING,bd893ab3c2721f6209fb
A10,A10|VVV|1789953430624,66,1789953430624,VVV,LONG,3132.07,30.11022583147886222210870128,30.163,522.43,15758.05609,0.1668002311570303345710664193,0.001752699193174592582183646,profit,3654.50,PROFIT_PYRAMIDING,0db24090ac566091aed9
A10,A10|VVV|1789953430624,67,1789953430624,VVV,LONG,3654.5,30.11777017649473252154877548,30.166,55.01,1659.43166,0.01505267478451224517717882063,0.001601374312329011992914364,noise,3709.51,NONE,fe8f57c4524e0a3cace2
A10,A10|VVV|1789953430624,68,1789953430624,VVV,LONG,3709.51,30.11848539834102078172049678,30.168,664.38,20043.01584,0.1791018220735353186809039469,0.001643993746833848747934783,profit,4373.89,PROFIT_PYRAMIDING,3222b1f912255eeabb76
A10,A10|VVV|1789953430624,69,1789953490481,VVV,LONG,4373.89,30.12600650908001801599948787,30.472,8.20,249.87040,0.001874761368027088015473640169,0.011484877387107351597166795,noise,4382.09,NONE,4c26ee20f4cb1c66e2dc
A10,A10|VVV|1789953430624,70,1789953490481,VVV,LONG,4382.09,30.12665395051219851714592808,30.477,1.31,39.92487,0.0002989441111433128940756579623,0.011629105909448170630695601,noise,4383.40,NONE,a9211986dc76469199a0
A10,A10|VVV|1789953430624,71,1789953490481,VVV,LONG,4383.4,30.12675865310033307478213259,30.477,61.94,1887.74538,0.01413058356526896929324268832,0.011625590091937212891702009,noise,4445.34,NONE,09fd4d150917fd5d82eb
A10,A10|VVV|1789953430624,72,1789953490481,VVV,LONG,4445.34,30.13163880828013155349197137,30.48,6.56,199.9488,0.001475702645916847755177331768,0.011561309158668770639307532,noise,4451.90,NONE,77f839229670077e0e32
A10,A10|VVV|1789953430624,73,1789953490481,VVV,LONG,4451.9,30.13215212830476875042116849,30.481,8.85,269.75685,0.001987915272131000247085514050,0.011577263721814927290580738,noise,4460.75,NONE,dc84cc401f27f1194ca0
A10,A10|VVV|1789953430624,74,1789953490481,VVV,LONG,4460.75,30.13284423247211791739057333,30.483,61.93,1887.81219,0.01388331558594406770161968279,0.011620402137496964662669572,noise,4522.68,NONE,7ac68ca521f001a1733f
A10,A10|VVV|1789953430624,75,1789953490481,VVV,LONG,4522.68,30.13763898838741631068304634,30.485,1.08,32.92380,0.0002387964658123059778715275014,0.011525820312149476681959682,noise,4523.76,NONE,384d2d52ccb0d669749d
A10,A10|VVV|1789953430624,76,1789953490481,VVV,LONG,4523.76,30.13772191716625108316975260,30.492,1.08,32.93136,0.0002387394556740410631863759351,0.011755303994359122973528082,noise,4524.84,NONE,db3039f5766b61f421b6
A10,A10|VVV|1789953430624,77,1789953490481,VVV,LONG,4524.84,30.13780647713510311966831976,30.493,1.08,32.93244,0.0002386824727504176943273132310,0.011785646149608614157455664,noise,4525.92,NONE,c7535f60da4322a23d28
A10,A10|VVV|1789953430624,78,1789953490481,VVV,LONG,4525.92,30.13789123537313960476543995,30.494,13.93,424.78142,0.003077827270477604553328384063,0.011815981478123195057575414,noise,4539.85,NONE,f0e614ae26c7a9f9e0ad
A10,A10|VVV|1789953430624,79,1789953490481,VVV,LONG,4539.85,30.13898391356542617046818727,30.497,4.85,147.91045,0.001068317235150941110389109772,0.011878837304579214400308302,noise,4544.70,NONE,abe5296b8ec67073e341
A10,A10|VVV|1789953430624,80,1789953490481,VVV,LONG,4544.7,30.13936598015270534908794860,30.5,6.36,193.980,0.001399432305762756617598521355,0.011965547652355341543278542,noise,4551.06,NONE,67075223bf5f7fa88e3a
A10,A10|VVV|1789953430624,81,1789953490481,VVV,LONG,4551.06,30.13986995776808040324671615,30.502,1.08,32.94216,0.0002373073525728072141435182133,0.012014983566264068712972552,noise,4552.14,NONE,f1d48b3822576e2e68dc
A10,A10|VVV|1789953430624,82,1789953490481,VVV,LONG,4552.14,30.13995587350125435509452697,30.507,1.08,32.94756,0.0002372510511539627515849688278,0.012177991502019654387859015,noise,4553.22,NONE,e9e29a90488e2f313c26
A10,A10|VVV|1789953430624,83,1789953490481,VVV,LONG,4553.22,30.14004293445078428013581597,30.508,13.11,399.95988,0.002879281036277623308340031890,0.012208246230752115569475905,noise,4566.33,NONE,6ba284f33219eac841a2
A10,A10|VVV|1789953430624,84,1789953490481,VVV,LONG,4566.33,30.14109934455021866575565060,30.509,1.63,49.72967,0.0003569606226444431304789623177,0.012205946811833891365553694,noise,4567.96,NONE,4402090afb51166782ee
A10,A10|VVV|1789953430624,85,1789953490481,VVV,LONG,4567.96,30.14123062373575950752633561,30.509,1.08,32.94972,0.0002364293908002697046383943817,0.012201538180548863077881635,noise,4569.04,NONE,2dd63140ecfae74d229c
A10,A10|VVV|1789953430624,86,1789953490481,VVV,LONG,4569.04,30.14131755467231628525904785,30.51,1.40,42.7140,0.0003064100992768721657065816889,0.012231795927929928711059940,noise,4570.44,NONE,edf32e1cef7fef064aac
A10,A10|VVV|1789953430624,87,1789953490481,VVV,LONG,4570.44,30.14143048809305012208890172,30.51,1.31,39.9681,0.0002866244825443502157341525105,0.012228003314326707237127222,noise,4571.75,NONE,721d9be4d89278cab62f
A10,A10|VVV|1789953430624,88,1789953490481,VVV,LONG,4571.75,30.14153609886804834035106907,30.51,13.11,399.9861,0.002867610871110625034177284410,0.012224456640940378404667630,noise,4584.86,NONE,c973c55dead689bf4fa8
A10,A10|VVV|1789953430624,89,1789953490481,VVV,LONG,4584.86,30.14258968867097359570412183,30.511,49.16,1499.92076,0.01072224669891774230838019045,0.012222251476537618597300455,noise,4634.02,NONE,49fea9b91c7c5b835b6b
A10,A10|VVV|1789953430624,90,1789953490481,VVV,LONG,4634.02,30.14649796936569112778969448,30.512,18.03,550.13136,0.003890790285756211669349722271,0.012124195354489440781040384,noise,4652.05,NONE,f7ca048dab68e65772bd
A10,A10|VVV|1789953430624,91,1789953490481,VVV,LONG,4652.05,30.14791454949968293548005718,30.512,76.02,2319.52224,0.01634118291935813243623778764,0.012076638001030794768319673,noise,4728.07,NONE,e17b419bb83f48cf99a3
A10,A10|VVV|1789953430624,92,1789953490481,VVV,LONG,4728.07,30.15376847635504550482543617,30.515,21.07,642.95105,0.004456363801720363700199024126,0.011979647715615138461997070,noise,4749.14,NONE,0c52b70d3d41fbd8cd2b
A10,A10|VVV|1789953430624,93,1789953490481,VVV,LONG,4749.14,30.15537111350686650635694041,30.518,0.36,10.98648,0.00007580319805270006780174936936,0.012025349816726636104182748,noise,4749.50,NONE,e05f335b6bb14ff676e7
A10,A10|VVV|1789953430624,94,1789953490481,VVV,LONG,4749.5,30.15539859985261606484893147,30.518,13.11,400.09098,0.002760290556900726392251815981,0.012024427365690869779256118,noise,4762.61,NONE,86f2dafc8b7185caf0ce
A10,A10|VVV|1789953430624,95,1789953490481,VVV,LONG,4762.61,30.15639672994429524987349374,30.526,8.81,268.93406,0.001849826040763362945947705145,0.012256214605662786009468033,noise,4771.42,NONE,2e1810bf5902f6ba399c
A10,A10|VVV|1789953430624,96,1789953490481,VVV,LONG,4771.42,30.15707916930389695310829900,30.53,1.08,32.9724,0.0002263477120018778476847563199,0.012365946602537337835938285,noise,4772.50,NONE,85876db49d3c73669ab5
A10,A10|VVV|1789953430624,97,1789953490481,VVV,LONG,4772.5,30.15716355997904662126767941,30.531,9.82,299.81442,0.002057621791513881613410162389,0.012396273252868650175555744,noise,4782.32,NONE,d003cf4150a7911198b1
A10,A10|VVV|1789953430624,98,1789953490481,VVV,LONG,4782.32,30.15793119448301242911390288,30.531,55.26,1687.14306,0.01155506114187256394385988391,0.012370503901979704999092150,noise,4837.58,NONE,81f181d2564e4fb8d056
A10,A10|VVV|1789953430624,99,1789953490481,VVV,LONG,4837.58,30.16219278440873329226596769,30.534,61.73,1884.86382,0.01276051248764878306922056069,0.012326929220592315453259986,noise,4899.31,NONE,90e0cdd29f19652b2905
A10,A10|VVV|1789953430624,100,1789953490481,VVV,LONG,4899.31,30.16687745621322186185401618,30.543,1.33,40.62219,0.0002714667983858951566649181211,0.012468063502187605214646027,noise,4900.64,NONE,f24c992198e46430e084
A10,A10|VVV|1789953430624,101,1789953490481,VVV,LONG,4900.64,30.16697953328544843122530935,30.546,1.47,44.90262,0.0002999608214437297985569231774,0.012564084060731051867013976,noise,4902.11,NONE,0399240acfd9c79e503a
A10,A10|VVV|1789953430624,102,1789953490481,VVV,LONG,4902.11,30.16709319048328168890538972,30.546,6.31,192.74526,0.001287200817607112039509517330,0.012560269135783054310694852,noise,4908.42,NONE,26550546071d7a87b810
A10,A10|VVV|1789953430624,103,1789953490481,VVV,LONG,4908.42,30.16758029263999413253144596,30.559,7.20,220.02480,0.001466867138508929553705673109,0.012974845962554736611820922,noise,4915.62,NONE,bb2cf0370b00a7e29d1b
A10,A10|VVV|1789953430624,104,1789953490481,VVV,LONG,4915.62,30.16815361236222490753963895,30.56,54.32,1660.0192,0.01105048803609717594118341125,0.012988742787268403885943015,noise,4969.94,NONE,bdfc9790f21a93f082fc
A10,A10|VVV|1789953430624,105,1789953490481,VVV,LONG,4969.94,30.17243637951363597950880695,30.562,52.34,1599.61508,0.01053131426133917109663295734,0.012911241756760101052918176,noise,5022.28,NONE,4dcdbb1c3ab12e194af9
A10,A10|VVV|1789953430624,106,1789953490481,VVV,LONG,5022.28,30.17649624075121259666924186,30.565,32.90,1005.58850,0.006550809592456015992736366750,0.012874382637045208033053940,noise,5055.18,NONE,44fc12412c5e5b96db1b
A10,A10|VVV|1789953430624,107,1789953490481,VVV,LONG,5055.18,30.17902469150455572304052477,30.566,2.00,61.13200,0.0003956337855427502086968218738,0.012822657870861494486397199,noise,5057.18,NONE,a10c3a80af3cf8306b98
A10,A10|VVV|1789953430624,108,1789953490481,VVV,LONG,5057.18,30.17917773146298925488117884,30.568,61.73,1886.96264,0.01220640752356056141960539273,0.012883792659852627962748002,noise,5118.91,NONE,32d2c94d24bf2dc288f1
A10,A10|VVV|1789953430624,109,1789953490481,VVV,LONG,5118.91,30.18386662004215741241787802,30.569,23.57,720.51133,0.004604495879005491403443311174,0.012759577320094342400018231,noise,5142.48,NONE,c742be32a9e1d0fe9b4b
A10,A10|VVV|1789953430624,110,1789953490481,VVV,LONG,5142.48,30.18563183716805899099267280,30.571,51.69,1580.21499,0.01005157044849955663415317123,0.012766609124193681046767130,noise,5194.17,NONE,033cec621778708bb7cd
A10,A10|VVV|1789953430624,111,1789953490481,VVV,LONG,5194.17,30.18946684455841838060748878,30.571,100.33,3067.18843,0.01931588685006459164794375232,0.012637956059510606719861114,noise,5294.50,NONE,a863fa13077a26b07ff2
A10,A10|VVV|1789953430624,112,1789953490481,VVV,LONG,5294.5,30.19669684200585513268486165,30.576,1.32,40.36032,0.0002493153272263669846066672963,0.012561081100317764369024779,noise,5295.82,NONE,7d2a55ab12a720b034d4
A10,A10|VVV|1789953430624,113,1789953490481,VVV,LONG,5295.82,30.19679138452590911322514738,30.584,1.63,49.85192,0.0003077899173310271119486689502,0.012822839703178287802073518,noise,5297.45,NONE,f06d5a9e73015beaf5b3
A10,A10|VVV|1789953430624,114,1789953490481,VVV,LONG,5297.45,30.19691052676287647830559986,30.591,12.42,379.94022,0.002344524252234565687264627321,0.013050655393632088403007050,noise,5309.87,NONE,d5a122089c7965356912
A10,A10|VVV|1789953430624,115,1789953490481,VVV,LONG,5309.87,30.19783231792868751965679009,30.594,21.07,644.61558,0.003968082081105563789697299557,0.013119076823143515881923025,noise,5330.94,NONE,3636ddde6cdd14586e73
A10,A10|VVV|1789953430624,116,1789953490481,VVV,LONG,5330.94,30.19939813053607806503168297,30.594,791.04,24201.07776,0.1483865884815811095228984007,0.013066547477478394549711041,profit,6121.98,PROFIT_PYRAMIDING,80e6662356f9e3a4bb5e
A10,A10|VVV|1789953430624,117,1789953490481,VVV,LONG,6121.98,30.25038586045691099938255270,30.596,209.37,6405.88452,0.03419971969852890731430027540,0.011425115075800515420932968,noise,6331.35,NONE,5d35a0920d3e43076c18
A10,A10|VVV|1789953430624,118,1789953490481,VVV,LONG,6331.35,30.26181489729678504584330356,30.596,49.03,1500.12188,0.007744004043371476857226341933,0.011043128240569170342697230,noise,6380.38,NONE,af1646a654bda4e35291
A10,A10|VVV|1789953430624,119,1789953490481,VVV,LONG,6380.38,30.26438294114143671693535495,30.599,147.21,4504.47879,0.02307229349976020237039173215,0.011056463946723475775461586,noise,6527.59,NONE,118113e49ba9d0125351
A10,A10|VVV|1789953430624,120,1789953490481,VVV,LONG,6527.59,30.27192921430420721889702019,30.599,6.54,200.11746,0.001001901161071697211375101684,0.010804424897414336199271864,noise,6534.13,NONE,ed0aea256eb52c2658a5
A10,A10|VVV|1789953430624,121,1789953490481,VVV,LONG,6534.13,30.27225657891716265210517697,30.601,154.00,4712.55400,0.02356855465073391560927009411,0.010859561137301792989627224,noise,6688.13,NONE,422c901b024905cef238
A10,A10|VVV|1789953430624,122,1789953490481,VVV,LONG,6688.13,30.27982618160831203938918651,30.602,100.33,3070.29866,0.01500120362492953934806889220,0.010639883348715303230428852,noise,6788.46,NONE,51a29e1aa98fb4541810
A10,A10|VVV|1789953430624,123,1789953490481,VVV,LONG,6788.46,30.28458774744198242311216388,30.609,1.32,40.40388,0.0001944476361354416170972503337,0.010712123779377494673054676,noise,6789.78,NONE,e721c0521767921b658d
A10,A10|VVV|1789953430624,124,1789953490481,VVV,LONG,6789.78,30.28465081637402095502357956,30.61,16.50,505.0650,0.002430122920035700714897979021,0.010743038960517659325834774,noise,6806.28,NONE,52d78058deba3483b41b
A10,A10|VVV|1789953430624,125,1789953490481,VVV,LONG,6806.28,30.28543953819119989186457213,30.612,1.40,42.85680,0.0002056923899692636800131643130,0.010782754577393330305980255,noise,6807.68,NONE,812393cf55db800d5356
A10,A10|VVV|1789953430624,126,1789953490481,VVV,LONG,6807.68,30.28550669537933627902604118,30.613,98.53,3016.29889,0.01447335949985898279590109993,0.010813532291689523468654695,noise,6906.21,NONE,d7910e974ecb7a0fbc81
A10,A10|VVV|1789953430624,127,1789953490481,VVV,LONG,6906.21,30.29017899976977242221131417,30.614,51.69,1582.43766,0.007484568236413314973045997732,0.010690626827681964339275307,noise,6957.90,NONE,e1157ceb1404ecbdb172
A10,A10|VVV|1789953430624,128,1789953490481,VVV,LONG,6957.9,30.29258465485275729746044065,30.617,104.52,3200.08884,0.01502177381106368300780407882,0.010709397987776939109848015,noise,7062.42,NONE,7f68cf7440877f3aa088
A10,A10|VVV|1789953430624,129,1789953490481,VVV,LONG,7062.42,30.29738582667131096706228177,30.618,13.06,399.87108,0.001849224486790646832105708808,0.010582238849348079723070637,noise,7075.48,NONE,c1baf5c2bea8456e8ac4
A10,A10|VVV|1789953430624,130,1789953490481,VVV,LONG,7075.48,30.29797761989292599230016903,30.618,19.60,600.11280,0.002770130083047369224420110014,0.010562499719352719519109289,noise,7095.08,NONE,623f39d7104d061e3d06
A10,A10|VVV|1789953430624,131,1789953490481,VVV,LONG,7095.08,30.29886167456885616511723617,30.619,10.00,306.19000,0.001409427377844929162179989514,0.010566018250773089761988341,noise,7105.08,NONE,74be867d6d6400d4e07b
A10,A10|VVV|1789953430624,132,1789953490481,VVV,LONG,7105.08,30.29931225123432811453213757,30.62,61.73,1890.1726,0.008688149887123016208121513058,0.010583994319957139083732532,noise,7166.81,NONE,499cf14e18538c40aec7
A10,A10|VVV|1789953430624,133,1789953490481,VVV,LONG,7166.81,30.30207443618569489075334772,30.625,85.76,2626.40000,0.01196627230246092752563553380,0.010656879762287116214099409,noise,7252.57,NONE,c75bce71d7ab58770847
A10,A10|VVV|1789953430624,134,1789953490481,VVV,LONG,7252.57,30.30589295794456309970120936,30.627,45.51,1393.83477,0.006275016993975928532920054546,0.010595531453273348677006782,noise,7298.08,NONE,58bd8f14205f439bab30
A10,A10|VVV|1789953430624,135,1789953490481,VVV,LONG,7298.08,30.30789534507706136408480039,30.632,16.50,505.42800,0.002260868612018503496810119922,0.010693736771648950735559977,noise,7314.58,NONE,86bc9a3768b415cd5350
A10,A10|VVV|1789953430624,136,1789953490481,VVV,LONG,7314.58,30.30862645018579330597245501,30.635,48.97,1500.19595,0.006694847824482061854542571139,0.010768338524037799436910262,noise,7363.55,NONE,8c26ffa12dfe5f3d7e9b
A10,A10|VVV|1789953430624,137,1789953490481,VVV,LONG,7363.55,30.31079694033448540445844735,30.642,1.32,40.44744,0.0001792613617073286662004060541,0.010926900414973375056260500,noise,7364.87,NONE,762b8ed5867f7c85f38b
A10,A10|VVV|1789953430624,138,1789953490481,VVV,LONG,7364.87,30.31085630160478053244660123,30.651,59.37,1819.74987,0.008061242085739463154135782437,0.011221843916603928833837613,noise,7424.24,NONE,94d67bf5e47da3ba27b0
A10,A10|VVV|1789953430624,139,1789953490481,VVV,LONG,7424.24,30.31357635529023846211868151,30.651,19.57,599.84007,0.002635960044395116537180910100,0.011131106430827827100480558,noise,7443.81,NONE,ec7d1a7bb66f6136d85c
A10,A10|VVV|1789953430624,140,1789953490481,VVV,LONG,7443.81,30.31446345218376073542984036,30.66,0.40,12.2640,0.00005373592286745631605320393723,0.011398405528808654343174294,noise,7444.21,NONE,061c0b1003e5b216b985
A10,A10|VVV|1789953430624,141,1789953490481,VVV,LONG,7444.21,30.31448201891134183479509579,30.66,1.63,49.9758,0.0002189621195533172761112327567,0.011397786077067414067692601,noise,7445.84,NONE,84b481d5d7ef6425394b
A10,A10|VVV|1789953430624,142,1789953490481,VVV,LONG,7445.84,30.31455765769879556906944012,30.662,100.33,3076.31846,0.01347463818722937908953187283,0.011461237410237015519854509,noise,7546.17,NONE,ad02b8d1d7758ea55d8d
A10,A10|VVV|1789953430624,143,1789953490481,VVV,LONG,7546.17,30.31917707260769370422346700,30.667,0.69,21.16023,0.00009143711313156210368968629119,0.011472043801167414712475007,noise,7546.86,NONE,afe8adfab32eae97f9a4
A10,A10|VVV|1789953430624,144,1789953490481,VVV,LONG,7546.86,30.31920887362426227596642842,30.667,27.27,836.28909,0.003613423331027738688673170034,0.011470982894883294936692386,noise,7574.13,NONE,9f7e4a78ccf56156c9a8
A10,A10|VVV|1789953430624,145,1789953490481,VVV,LONG,7574.13,30.32046106549531101261795084,30.667,66.02,2024.63534,0.008716512655578924576155941342,0.011429210583444931315213800,noise,7640.15,NONE,2287a795a31c66fa7a1b
A10,A10|VVV|1789953430624,146,1789953490481,VVV,LONG,7640.15,30.32345557482510160140834931,30.673,21.07,646.28011,0.002757799257867973796325988364,0.011527196308889491951193199,noise,7661.22,NONE,d076cfece073eea293bc
A10,A10|VVV|1789953430624,147,1789953490481,VVV,LONG,7661.22,30.32441689704772869073071913,30.673,16.50,506.10450,0.002153703979261788592417395663,0.011495129622301428346657930,noise,7677.72,NONE,a04167ceb83a00baf8ba
A10,A10|VVV|1789953430624,148,1789953490481,VVV,LONG,7677.72,30.32516602845636464992211229,30.675,1.32,40.49100,0.0001719260405432862881167846704,0.011536094187097279113130023,noise,7679.04,NONE,a2a62736d49259e2c252
A10,A10|VVV|1789953430624,149,1789953490481,VVV,LONG,7679.04,30.32522616368712755761136809,30.676,51.69,1585.64244,0.006731310163770471308913614202,0.011567064147172157525335172,noise,7730.73,NONE,bd7bc23284666cd4060c
A10,A10|VVV|1789953430624,150,1789953490481,VVV,LONG,7730.73,30.32757154369639089710803508,30.681,24.20,742.48020,0.003130364144136452831750688486,0.011653701180603412993560292,noise,7754.93,NONE,2b793aadeebcddb666d4
A10,A10|VVV|1789953430624,151,1789953490481,VVV,LONG,7754.93,30.32867445096216213428103155,30.681,8.06,247.28886,0.001039338846385460603770762599,0.011616912226332414361667727,noise,7762.99,NONE,5d63bd9a9f675137a44c
A10,A10|VVV|1789953430624,152,1789953490481,VVV,LONG,7762.99,30.32904025639605358244696953,30.681,32.26,989.76906,0.004155615297713896320876363360,0.011604710885294897022726550,noise,7795.25,NONE,6c62a1b363caa5f62110
A10,A10|VVV|1789953430624,153,1789953490481,VVV,LONG,7795.25,30.33049681280266829158782592,30.681,8.06,247.28886,0.001033962990282543856835893653,0.011556130760422704304410458,noise,7803.31,NONE,f61c24ce2b94b9b30385
A10,A10|VVV|1789953430624,154,1789953490481,VVV,LONG,7803.31,30.33085884579748850167428950,30.681,8.06,247.28886,0.001032895015064120225904135553,0.011544056697590860647015936,noise,7811.37,NONE,a2a44b30b7ba3ac9ae90
A10,A10|VVV|1789953430624,155,1789953490481,VVV,LONG,7811.37,30.33122013167984617295045555,30.682,523.42,16059.57244,0.06700745195785118359519520904,0.011564977168649312902287439,profit,8334.79,PROFIT_PYRAMIDING,36dd2ca74c9e3d7ea848
A10,A10|VVV|1789953430624,156,1789953490481,VVV,LONG,8334.79,30.35324890489142497891368589,30.694,104.52,3208.13688,0.01254020797164655618197939000,0.011226181954237623447865119,noise,8439.31,NONE,3dc9779d749809092877
A10,A10|VVV|1789953430624,157,1789953490481,VVV,LONG,8439.31,30.35746907270855081754314038,30.696,19.55,600.10680,0.002316540096287492697862739963,0.011151487183619975363408775,noise,8458.86,NONE,660d8ba06098279497b3
A10,A10|VVV|1789953430624,158,1789953490481,VVV,LONG,8458.86,30.35825148069598030940339478,30.7,18.00,552.600,0.002127946319007525836814889950,0.011257187177638628283136561,noise,8476.86,NONE,91dda6cd28a4be952596
A10,A10|VVV|1789953430624,159,1789953490481,VVV,LONG,8476.86,30.35897715899519397512758262,30.706,137.61,4225.45266,0.01623360536802542450860342155,0.011430649958573624448782312,noise,8614.47,NONE,2864481ff03d0b71a596
A10,A10|VVV|1789957588387,1,1789957588387,VVV,LONG,13.93,31.662,31.67,76.02,2407.5534,5.457286432160804020100502513,0.000252668814351588655170236,neutral,89.95,NONE,eacadcd0822e6679ffa8
A10,A10|VVV|1789957588387,2,1789957588387,VVV,LONG,89.95,31.66876108949416342412451362,31.673,61.73,1955.17429,0.6862701500833796553640911618,0.000133851478870854775494922,neutral,151.68,NONE,13f505f61f59ae510cdf
A10,A10|VVV|1789957588387,3,1789957588387,VVV,LONG,151.68,31.67048622099156118143459916,31.674,59.60,1887.77040,0.3929324894514767932489451477,0.000110948060093559459595079,neutral,211.28,NONE,c6fa5956c573ae624150
A10,A10|VVV|1789957588387,4,1789957588387,VVV,LONG,211.28,31.67147742332449829609996214,31.678,4.82,152.68796,0.02281332828474062854979174555,0.000205944818687180798439106,noise,216.10,NONE,7b6e8cffec22fb3d62c7
A10,A10|VVV|1789957588387,5,1789957588387,VVV,LONG,216.1,31.67162290606200832947709394,31.696,12.62,400.00352,0.05839888940305414160111059695,0.000769682501281797239038327,profit,228.72,PROFIT_PYRAMIDING,53e9a971f412c73ab78b
A10,A10|VVV|1789957588387,6,1789957588387,VVV,LONG,228.72,31.67296795208114725428471494,31.697,6.30,199.69110,0.02754459601259181532004197272,0.000758755793117066036742125,noise,235.02,NONE,5595a9c883ffd9fc75bc
A10,A10|VVV|1789957588387,7,1789957588387,VVV,LONG,235.02,31.67361216066717726150965876,31.698,5.00,158.49000,0.02127478512467024083056761127,0.000769973415381652186513092,noise,240.02,NONE,c8d94875752290c39c2f
A10,A10|VVV|1789957588387,8,1789957588387,VVV,LONG,240.02,31.67412019831680693275560371,31.698,12.62,400.02876,0.05257895175402049829180901592,0.000753921546476358410885600,profit,252.64,PROFIT_PYRAMIDING,99b700ae3c0ad488ef5c
A10,A10|VVV|1789957588387,9,1789957588387,VVV,LONG,252.64,31.67531305414819506016466119,31.703,12.62,400.09186,0.04995250158328055731475617479,0.000874085942086026545149431,noise,265.26,NONE,4a27321c384276bd80ac
A10,A10|VVV|1789957588387,10,1789957588387,VVV,LONG,265.26,31.67663028726532458719746665,31.704,8.07,255.85128,0.03042298122596697579733092061,0.000864034857447530214647697,noise,273.33,NONE,2534a7c4bc12d9ef13db
A10,A10|VVV|1789957588387,11,1789957588387,VVV,LONG,273.33,31.67743837119964877620458788,31.705,12.62,400.11710,0.04617129477188746204222002707,0.000870071262624871263224982,noise,285.95,NONE,3821f42f7d5ab42327ab
A10,A10|VVV|1789957588387,12,1789957588387,VVV,LONG,285.95,31.67865476481902430494841757,31.706,31.21,989.54426,0.1091449554117852771463542577,0.000863206956986827547523749,profit,317.16,PROFIT_PYRAMIDING,068d95f0b9f662825415
A10,A10|VVV|1789957588387,13,1789957588387,VVV,LONG,317.16,31.68134566149577500315298272,31.708,12.62,400.15496,0.03979064194728212889393366124,0.000841325958468348800208021,noise,329.78,NONE,8db6c382dfc5029f29c2
A10,A10|VVV|1789957588387,14,1789957588387,VVV,LONG,329.78,31.68236566802110497907696040,31.709,61.73,1957.39657,0.1871853963248226090120686518,0.000840667400218116775987061,profit,391.51,PROFIT_PYRAMIDING,eb43aa81ed051067c521
A10,A10|VVV|1789957588387,15,1789957588387,VVV,LONG,391.51,31.68656514520701897780388751,31.725,1.57,49.80825,0.004010114684171540956808255217,0.001212970058977653646668121,noise,393.08,NONE,d121add13d0f3682192d
A10,A10|VVV|1789957588387,16,1789957588387,VVV,LONG,393.08,31.68671865777958685254909942,31.725,1.26,39.97350,0.003205454360435534751195685357,0.001208119484818112493023988,noise,394.34,NONE,e5a0d349daabf9cee65c
A10,A10|VVV|1789957588387,17,1789957588387,VVV,LONG,394.34,31.68684097479332555662626160,31.736,52.34,1661.06224,0.1327281026525333468580412842,0.001551401897266443377203994,profit,446.68,PROFIT_PYRAMIDING,cc810c9bda4bf4f87c0c
A10,A10|VVV|1789957588387,18,1789957588387,VVV,LONG,446.68,31.69260121339661502641712188,31.737,6.30,199.94310,0.01410405659532551267126354437,0.001400919612260081474614721,noise,452.98,NONE,e66dced9b8e352b43fa3
A10,A10|VVV|1789957588387,19,1789957588387,VVV,LONG,452.98,31.69321870722769217183981633,31.745,47.25,1499.95125,0.1043092410260938672789085611,0.001633828777400227156342484,profit,500.23,PROFIT_PYRAMIDING,95c46b2da05aaf5e1ce2
A10,A10|VVV|1789957588387,20,1789957588387,VVV,LONG,500.23,31.69810978949683145752953641,31.748,3.05,96.83140,0.006097195290166523399236351278,0.001573917524877135213475603,noise,503.28,NONE,c0e169be9b5631c6ac4d
A10,A10|VVV|1789957588387,21,1789957588387,VVV,LONG,503.28,31.69841213638531235097758703,31.748,1.57,49.84436,0.003119535844857733269750437132,0.001564364277974913643626464,noise,504.85,NONE,412d6283460ee13665fb
A10,A10|VVV|1789957588387,22,1789957588387,VVV,LONG,504.85,31.69856634643953649598890760,31.748,2.06,65.40088,0.004080419926710904228978904625,0.001559491777015840262692597,noise,506.91,NONE,69858429e3e80b689847
A10,A10|VVV|1789957588387,23,1789957588387,VVV,LONG,506.91,31.69876723678759543114162277,31.749,6.29,199.70121,0.01240851433193269022114379278,0.001584691380493421317330219,noise,513.20,NONE,fabd33e7d062c59fc5ca
A10,A10|VVV|1789957588387,24,1789957588387,VVV,LONG,513.2,31.69938291114575214341387373,31.751,17.4,552.4674,0.03390491036632891660171473110,0.001628331030888897288546555,noise,530.6,NONE,8a988b4b47ef500ef86c
A10,A10|VVV|1789957588387,25,1789957588387,VVV,LONG,530.6,31.70107559366754617414248021,31.752,15.75,500.09400,0.02968337730870712401055408971,0.001606393643710506763766324,noise,546.35,NONE,5c9d4093539fe2a01ee8
A10,A10|VVV|1789957588387,26,1789957588387,VVV,LONG,546.35,31.70254362588084561178731582,31.758,1.26,40.01508,0.002306213965406790518898142217,0.001749272070203280087303200,noise,547.61,NONE,8d722a66af81b145459b
A10,A10|VVV|1789957588387,27,1789957588387,VVV,LONG,547.61,31.70267122587242745749712387,31.758,53.03,1684.12674,0.09683899125289896093935465021,0.001745240132396759796743193,profit,600.64,PROFIT_PYRAMIDING,8812b8596423f4dab247
A10,A10|VVV|1789957588387,28,1789957588387,VVV,LONG,600.64,31.70755615676611614278103356,31.767,214.12,6801.95004,0.3564864144912093766648907832,0.001874753227274472843413187,profit,814.76,PROFIT_PYRAMIDING,a421c9445e08a2d4c757
A10,A10|VVV|1789957588387,29,1789957588387,VVV,LONG,814.76,31.72317807697972409052972655,31.774,46.46,1476.22004,0.05702292699690706465707693063,0.001602043871422687041860400,profit,861.22,PROFIT_PYRAMIDING,975fc4ed2f2ffc327423
A10,A10|VVV|1789957588387,30,1789957588387,VVV,LONG,861.22,31.72591975337312185039827222,31.775,6.29,199.86475,0.007303592577970785629688116857,0.001547007841172513324847937,noise,867.51,NONE,2e1ac963faf0726a4da9
A10,A10|VVV|1789957588387,31,1789957588387,VVV,LONG,867.51,31.72627561641940726908047169,31.776,209.39,6653.57664,0.2413689755737686020910421782,0.001567293437836072433712975,profit,1076.90,PROFIT_PYRAMIDING,fcca6004450a044d6c60
A10,A10|VVV|1789957588387,32,1789957588387,VVV,LONG,1076.9,31.73594391308385179682421766,31.777,61.73,1961.59421,0.05732194261305599405701550748,0.001293677825641162487442372,profit,1138.63,PROFIT_PYRAMIDING,4a6565c3c6769181d733
A10,A10|VVV|1789957588387,33,1789957588387,VVV,LONG,1138.63,31.73816973907239401737175377,31.777,18.61,591.36997,0.01634420312129488947243617330,0.001223456212089086518637535,noise,1157.24,NONE,b69888aac45c32266a55
A10,A10|VVV|1789957588387,34,1789957588387,VVV,LONG,1157.24,31.73879418271058725934119111,31.779,47.21,1500.28659,0.04079534063806989042895164357,0.001266772047418061188819491,noise,1204.45,NONE,db8456a27a8ee599db2a
A10,A10|VVV|1789957588387,35,1789957588387,VVV,LONG,1204.45,31.74037010253642741500269833,31.78,16.22,515.4716,0.01346672755199468637137282577,0.001248564441295084077138826,noise,1220.67,NONE,69356551f2d796b0ba24
A10,A10|VVV|1789957588387,36,1789957588387,VVV,LONG,1220.67,31.74089669607674473854522516,31.789,104.52,3322.58628,0.08562510752291774189584408563,0.001515499211753553002521744,profit,1325.19,PROFIT_PYRAMIDING,3ac311d246c7ab75ce11
A10,A10|VVV|1789957588387,37,1789957588387,VVV,LONG,1325.19,31.74469068586391385386246501,31.791,1.26,40.05666,0.0009508070540828107667579743282,0.001458805020163826626069119,noise,1326.45,NONE,82d2bcc69acc3000d378
A10,A10|VVV|1789957588387,38,1789957588387,VVV,LONG,1326.45,31.74473467526103509367107694,31.793,12.58,399.95594,0.009483960948396094839609483961,0.001520419850180021181446903,noise,1339.03,NONE,c16c28888fcc93c7a83c
A10,A10|VVV|1789957588387,39,1789957588387,VVV,LONG,1339.03,31.74518812125195103918508175,31.795,13.87,440.99665,0.01035824440079759228695398908,0.001569115878532223502230360,noise,1352.90,NONE,8d43cdef585a604aeb6d
A10,A10|VVV|1789957588387,40,1789957588387,VVV,LONG,1352.9,31.74569879518072289156626508,31.798,757.73,24094.29854,0.5600783502106585852612905610,0.001647505230762691312322739,profit,2110.63,PROFIT_PYRAMIDING,0a9a605cdb905e9b1734
A10,A10|VVV|1789957588387,41,1789957588387,VVV,LONG,2110.63,31.76447527041688974382056544,31.805,1.57,49.93385,0.0007438537308765629219711650076,0.001275787786138939525321543,noise,2112.20,NONE,9fea26e301be88a82cd3
A10,A10|VVV|1789957588387,42,1789957588387,VVV,LONG,2112.2,31.76450539248177255941672192,31.805,141.59,4503.26995,0.06703437174509989584319666698,0.001274838283104888664365079,profit,2253.79,PROFIT_PYRAMIDING,e3c0838947b0033b6aed
A10,A10|VVV|1789957588387,43,1789957588387,VVV,LONG,2253.79,31.76704938791990380647708972,31.81,18.86,599.9366,0.008368126577897674583701232147,0.001352049148651151633144341,noise,2272.65,NONE,552a0da9410a5d6097ae
A10,A10|VVV|1789957588387,44,1789957588387,VVV,LONG,2272.65,31.76740582139792752953600424,31.813,46.46,1478.03198,0.02044309506523221789540844389,0.001435250295803539886396594,noise,2319.11,NONE,31e9b5a07ef8692bba49
A10,A10|VVV|1789957588387,45,1789957588387,VVV,LONG,2319.11,31.76831923453393758812647957,31.814,61.73,1963.87822,0.02661796982463100068560784094,0.001437934601727524447741465,noise,2380.84,NONE,6c86a201c11d4085aa5d
A10,A10|VVV|1789957588387,46,1789957588387,VVV,LONG,2380.84,31.76950363737168394348213237,31.817,15.62,496.98154,0.006560709665496211421179079653,0.001495030050530731804806198,noise,2396.46,NONE,d53eb036da528a497e7a
A10,A10|VVV|1789957588387,47,1789957588387,VVV,LONG,2396.46,31.76981321616050340919522964,31.818,95.37,3034.48266,0.03979619939410630680253373726,0.001516747470677139144589122,noise,2491.83,NONE,1ed952aeb5b9335febec
A10,A10|VVV|1789957588387,48,1789957588387,VVV,LONG,2491.83,31.77165747262052387201374091,31.821,154.00,4900.43400,0.06180196883415000220721317265,0.001553035985673628758018489,profit,2645.83,PROFIT_PYRAMIDING,1bf416e38b1c4bba0e81
A10,A10|VVV|1789957588387,49,1789957588387,VVV,LONG,2645.83,31.77452944444654418462259480,31.824,1.26,40.09824,0.0004762210724045006670874545984,0.001556924883496650142391502,noise,2647.09,NONE,7a4c9d990063f144d74f
A10,A10|VVV|1789957588387,50,1789957588387,VVV,LONG,2647.09,31.77455299215364796814615295,31.825,20.55,654.00375,0.007763241899595404765232765036,0.001587654367909104084937789,noise,2667.64,NONE,4e6c1426a24d7c3880de
A10,A10|VVV|1789957588387,51,1789957588387,VVV,LONG,2667.64,31.77494160756323941761257142,31.827,47.14,1500.32478,0.01767105006672564513952407371,0.001638347383284234545325831,noise,2714.78,NONE,b06b2ee5fa46d4a303e1
A10,A10|VVV|1789957588387,52,1789957588387,VVV,LONG,2714.78,31.77584556022955819624426289,31.84,320.44,10202.8096,0.1180353472472907565253906394,0.002018968768237503132144094,profit,3035.22,PROFIT_PYRAMIDING,1f129237e758a59684d1
A10,A10|VVV|1789957588387,53,1789957588387,VVV,LONG,3035.22,31.78261859436877722207945388,31.849,80.37,2559.70413,0.02647913495562100935022831953,0.002088607187419861945814415,noise,3115.59,NONE,43fc90c1bfe753d973ee
A10,A10|VVV|1789957588387,54,1789957588387,VVV,LONG,3115.59,31.78433097422960017203804095,31.851,128.97,4107.82347,0.04139504877085881004881900378,0.002097543781067922110952548,noise,3244.56,NONE,6a93c2511ae0cb13250f
A10,A10|VVV|1789957588387,55,1789957588387,VVV,LONG,3244.56,31.78698104211356855783218680,31.855,21.07,671.18485,0.006493946790936213230761644106,0.002139836991638660818963999,noise,3265.63,NONE,61598d215795795f282e
A10,A10|VVV|1789957588387,56,1789957588387,VVV,LONG,3265.63,31.78741990366330539589604456,31.855,27.00,860.08500,0.008267929924700593759856444239,0.002126001309370390644245299,noise,3292.63,NONE,af88247c03b2e93dfa94
A10,A10|VVV|1789957588387,57,1789957588387,VVV,LONG,3292.63,31.78797406936096676516948458,31.857,2.58,82.19106,0.0007835681506880518005363493621,0.002171447934631490097615051,noise,3295.21,NONE,bbacab201bf590eb6980
A10,A10|VVV|1789957588387,58,1789957588387,VVV,LONG,3295.21,31.78802811353449400796914309,31.857,1.26,40.13982,0.0003823732023148752279824351104,0.002169744100488561085170555,noise,3296.47,NONE,8dae6a5e32492359ef49
A10,A10|VVV|1789957588387,59,1789957588387,VVV,LONG,3296.47,31.78805447645511714045630629,31.863,95.37,3038.77431,0.02893094734670723531535248311,0.002357663115255882092899404,noise,3391.84,NONE,e592903b130afd2be3ed
A10,A10|VVV|1789957588387,60,1789957588387,VVV,LONG,3391.84,31.79016175586112552478890514,31.864,104.52,3330.42528,0.03081513278928251332610028775,0.002322675949431461446340984,noise,3496.36,NONE,325b5dd4aaa7bc59f0a9
A10,A10|VVV|1789957588387,61,1789957588387,VVV,LONG,3496.36,31.79236907240673157226372570,31.864,15.62,497.71568,0.004467503346337333684174398517,0.002253085557421967094389152,noise,3511.98,NONE,9fe62519197b5907b6b7
A10,A10|VVV|1789957588387,62,1789957588387,VVV,LONG,3511.98,31.79268766052198474934367508,31.866,523.47,16680.89502,0.1490526711427741615840636906,0.002305949728466950883299810,profit,4035.45,PROFIT_PYRAMIDING,d95923c682db875dcbe3
A10,A10|VVV|1789957588387,63,1789957588387,VVV,LONG,4035.45,31.80219758143453642096916081,31.872,46.46,1480.77312,0.01151296633584854229392013282,0.002194892927972146923110070,noise,4081.91,NONE,713ac9e960311461a93d
A10,A10|VVV|1789957588387,64,1789957588387,VVV,LONG,4081.91,31.80299206743901751875960029,31.878,2.58,82.24524,0.0006320570517233353993596135143,0.002358518104269130951209940,noise,4084.49,NONE,8b46f67e37450c69c3ca
A10,A10|VVV|1789957588387,65,1789957588387,VVV,LONG,4084.49,31.80303944678527796615978984,31.881,282.29,8999.68749,0.06911266767699272124549209326,0.002451355422967362326470875,profit,4366.78,PROFIT_PYRAMIDING,9534114e14fc3bea9993
A10,A10|VVV|1789957588387,66,1789957588387,VVV,LONG,4366.78,31.80807919794448083026852738,31.882,12.42,395.97444,0.002844200990203307700410829032,0.002323963091122337258737176,noise,4379.20,NONE,d8f5b2520bf07b1e154f
A10,A10|VVV|1789957588387,67,1789957588387,VVV,LONG,4379.2,31.80828884727804165144318597,31.884,1.56,49.73904,0.0003562294483010595542564852028,0.002380233438066167612630703,noise,4380.76,NONE,2827d599edf3748513c0
A10,A10|VVV|1789957588387,68,1789957588387,VVV,LONG,4380.76,31.80831580821592600370711931,31.885,156.86,5001.48110,0.03580657237556953587961906153,0.002410822133634213353567204,noise,4537.62,NONE,d2bce28ec2ec6cfc2d6d
A10,A10|VVV|1789957588387,69,1789957588387,VVV,LONG,4537.62,31.81096668738237225682185815,31.89,1.26,40.1814,0.0002776786068467610773929945654,0.002484467491802939428739172,noise,4538.88,NONE,782bb99ac60249e8d357
A10,A10|VVV|1789957588387,70,1789957588387,VVV,LONG,4538.88,31.81098862715031020868584320,31.891,2.00,63.78200,0.0004406373378454596728708403835,0.002515211764949707085030235,noise,4540.88,NONE,f86cbf90578b858188ea
A10,A10|VVV|1789957588387,71,1789957588387,VVV,LONG,4540.88,31.81102386762037314353165025,31.898,2.58,82.29684,0.0005681718081076795687179577527,0.002734150674985272482654478,noise,4543.46,NONE,9632efd81ccb1706afbe
A10,A10|VVV|1789957588387,72,1789957588387,VVV,LONG,4543.46,31.81107325694514753073648717,31.91,2092.75,66779.6525,0.4606071144017995096248233725,0.003109820981385917363024145,profit,6636.21,PROFIT_PYRAMIDING,a2ea932b8df2d3bd2d88
A10,A10|VVV|1789957588387,73,1789957588387,VVV,LONG,6636.21,31.84227012104800782374276884,31.912,46.46,1482.63152,0.007000983995382906809760390343,0.002189852629442400872665289,noise,6682.67,NONE,ef8fa5bd8fc6fb7c93e7
A10,A10|VVV|1789957588387,74,1789957588387,VVV,LONG,6682.67,31.84275490485090540158349881,31.914,0.60,19.14840,0.00008978447237406605443632560040,0.002237403621702378681514853,noise,6683.27,NONE,c36be59bdcec120708ed
A10,A10|VVV|1789957588387,75,1789957588387,VVV,LONG,6683.27,31.84276130097990953530232955,31.915,0.58,18.51070,0.00008678386478475357123084956915,0.002268606617914993303075308,noise,6683.85,NONE,3dbcf95a0952765f3579
A10,A10|VVV|1789957588387,76,1789957588387,VVV,LONG,6683.85,31.84276756958938336437831489,31.917,0.69,22.02273,0.0001032339145851567584550820261,0.002331217920941972710611450,noise,6684.54,NONE,62f927ec3012246df5d3
A10,A10|VVV|1789957588387,77,1789957588387,VVV,LONG,6684.54,31.84277523210273257396918861,31.918,2.58,82.34844,0.0003859652272258076097981312102,0.002362381022035684246597319,noise,6687.12,NONE,e43c1cc27baf6af1eb52
A10,A10|VVV|1789957588387,78,1789957588387,VVV,LONG,6687.12,31.84280425504552034358587852,31.919,95.37,3044.11503,0.01426174496644295302013422819,0.002392871693842930733817081,noise,6782.49,NONE,723992f031e2ad5a250d
A10,A10|VVV|1789957588387,79,1789957588387,VVV,LONG,6782.49,31.84387565923429301038409198,31.923,1.27,40.54221,0.0001872468665637546092954062594,0.002484758501522474119848744,noise,6783.76,NONE,56dc96be1a8fdbc443d4
A10,A10|VVV|1789957588387,80,1789957588387,VVV,LONG,6783.76,31.84389047224548038256070380,31.933,21.07,672.82831,0.003105947144356522046770522542,0.002798324150504969233280102,noise,6804.83,NONE,e78d27e39733cfac9d9c
A10,A10|VVV|1789957588387,81,1789957588387,VVV,LONG,6804.83,31.84416638475906084354789172,31.933,93.51,2986.05483,0.01374170993250382448937005039,0.002789635444294620333578110,noise,6898.34,NONE,377df27a6fe64df5b8a7
A10,A10|VVV|1789957588387,82,1789957588387,VVV,LONG,6898.34,31.84537056306299776467961857,31.935,0.75,23.95125,0.0001087218084350727856266870001,0.002814520143815257473054493,noise,6899.09,NONE,d24f9f8bccafbba265e4
A10,A10|VVV|1789957588387,83,1789957588387,VVV,LONG,6899.09,31.84538030667812711531520824,31.939,2.00,63.87800,0.0002898933047691797034101598907,0.002939820232017778461863795,noise,6901.09,NONE,ad1989a376e2f82a9caf
A10,A10|VVV|1789957588387,84,1789957588387,VVV,LONG,6901.09,31.84540743853507199587311570,31.939,1.40,44.71460,0.0002028665036972420298822359946,0.002938965740839438835699491,noise,6902.49,NONE,f9f5bce67f0c9f63fcc1
A10,A10|VVV|1789957588387,85,1789957588387,VVV,LONG,6902.49,31.84542642147978483127103408,31.939,2.58,82.40262,0.0003737781583167813354311270281,0.002938367892511549433758014,noise,6905.07,NONE,b7d2aa3eb2ed25d110c4
A10,A10|VVV|1789957588387,86,1789957588387,VVV,LONG,6905.07,31.84546138417134076844984917,31.947,104.52,3339.10044,0.01513670390017769551937923873,0.003188479972192476837424879,noise,7009.59,NONE,5e4f8eb8af7b3038b215
A10,A10|VVV|1789957588387,87,1789957588387,VVV,LONG,7009.59,31.84697542652280661208430165,31.953,478.96,15304.20888,0.06832924607573338811542472527,0.003329188158599638137376120,profit,7488.55,PROFIT_PYRAMIDING,5c3ee37603e02fa73aa0
A10,A10|VVV|1789957588387,88,1789957588387,VVV,LONG,7488.55,31.85375664981872325082959986,31.954,46.46,1484.58284,0.006204138317831890018761976618,0.003146986752089952464005570,noise,7535.01,NONE,50f10cd9b8d528eb7699
A10,A10|VVV|1789957588387,89,1789957588387,VVV,LONG,7535.01,31.85437473871965664279144951,31.956,1.27,40.58412,0.0001685465580005865951073721203,0.003190307834132927848246723,noise,7536.28,NONE,ecf637179d57241dea06
A10,A10|VVV|1789957588387,90,1789957588387,VVV,LONG,7536.28,31.85439186442117331097039919,31.958,37.52,1199.06416,0.004978583598273949481707155254,0.003252554185300544088712826,noise,7573.80,NONE,28088eded244c285b334
A10,A10|VVV|1789957588387,91,1789957588387,VVV,LONG,7573.8,31.85490513084581055744804457,31.959,2.58,82.45422,0.0003406480234492592886001742850,0.003267781483781349389739649,noise,7576.38,NONE,40f72b6b23269799fc4f
A10,A10|VVV|1789957588387,92,1789957588387,VVV,LONG,7576.38,31.85494057848207191297163025,31.96,136.21,4353.2716,0.01797824290756271464736457253,0.003298057369125825597179523,noise,7712.59,NONE,dd37d6e7de0f6ff13599
A10,A10|VVV|1789957588387,93,1789957588387,VVV,LONG,7712.59,31.85679600497368588243378683,31.962,95.37,3048.21594,0.01236549589696846325294097054,0.003302403512578258021855146,noise,7807.96,NONE,5f51939a496acd088884
A10,A10|VVV|1789957588387,94,1789957588387,VVV,LONG,7807.96,31.85808101475929692262767740,31.963,52.56,1679.97528,0.006731591862663230856715454485,0.003293324076616414198429037,noise,7860.52,NONE,6db69f6a8adef15b744d
A10,A10|VVV|1789957588387,95,1789957588387,VVV,LONG,7860.52,31.85878256400339926620630696,31.963,1.56,49.86228,0.0001984601527634304091841252233,0.003271230963933754603367659,noise,7862.08,NONE,7d7d3656c1ee58e754fd
A10,A10|VVV|1789957588387,96,1789957588387,VVV,LONG,7862.08,31.85880324290772925230982132,31.964,2.00,63.92800,0.0002543856078798485896861899141,0.003301968259453976840341784,noise,7864.08,NONE,b45158aecd62fbfa02b4
A10,A10|VVV|1789957588387,97,1789957588387,VVV,LONG,7864.08,31.85882999664296395764030885,31.964,312.95,10003.13380,0.03979486475213883887244280323,0.003301125727721891871359193,noise,8177.03,NONE,00918b7908319382a2b1
A10,A10|VVV|1789957588387,98,1789957588387,VVV,LONG,8177.03,31.86285504639214971695102011,31.965,2.03,64.88895,0.0002482563962710177167015407795,0.003205769020357019692636257,noise,8179.06,NONE,98f7ccaa96b3d461d5a4
A10,A10|VVV|1789957588387,99,1789957588387,VVV,LONG,8179.06,31.86288039823647216183766839,31.969,25.02,799.86438,0.003059031233418021141793800266,0.003330508743628880553026342,noise,8204.08,NONE,2dba28daf068f515da72
A10,A10|VVV|1789957588387,100,1789957588387,VVV,LONG,8204.08,31.86320403140876246940546655,31.977,1.41,45.08757,0.0001718657058439215609794151203,0.003571391266209906280260996,noise,8205.49,NONE,faf0e8fbd66c8529048c
A10,A10|VVV|1789957588387,101,1789957588387,VVV,LONG,8205.49,31.86322358567251925235421651,31.98,2.58,82.5084,0.0003144236358828052925541314413,0.003664927812890530333110556,noise,8208.07,NONE,7a0088957a22e79a3a37
A10,A10|VVV|1789957588387,102,1789957588387,VVV,LONG,8208.07,31.86326029139615037396123571,31.989,1.26,40.30614,0.0001535074627774860594512473700,0.003946228585961819587631947,noise,8209.33,NONE,ccab2f917aba23163639
A10,A10|VVV|1789957588387,103,1789957588387,VVV,LONG,8209.33,31.86327959041724476906154339,31.991,2.20,70.38020,0.0002679877651403951357784374608,0.004008388691450538526457547,noise,8211.53,NONE,779f0d6fc533094aa559
A10,A10|VVV|1789957588387,104,1789957588387,VVV,LONG,8211.53,31.86331380875427599972234163,31.993,26.54,849.09422,0.003232040801166165136095222206,0.004070078587058117256654946,noise,8238.07,NONE,9648ae9e29e6edae320f
A01,A01|SUI|1789983252770,1,1789983252770,SUI,SHORT,1033.9,1.0231,1.0231,936.2,957.82622,0.9055034336009285230679949705,-0,neutral,1970.1,NONE,f1a6915222dc863aad24
A01,A01|SUI|1789983252770,2,1789983252770,SUI,SHORT,1970.1,1.0231,1.0231,391.0,400.03210,0.1984670828891934419572610527,-0,neutral,2361.1,NONE,b91f4b29e685ee428096
A01,A01|SUI|1789983252770,3,1789983252770,SUI,SHORT,2361.1,1.0231,1.023,1272.5,1301.7675,0.5389437126762949472703400957,0.0000977421561919655947610204,neutral,3633.6,NONE,a516dee14a3464c10c67
A01,A01|SUI|1789983252770,4,1789983252770,SUI,SHORT,3633.6,1.023064979634522236900044033,1.023,4146.8,4242.1764,1.141237340378687802730074857,0.0000635146699532712961620352,neutral,7780.4,NONE,44abcbead8861f6086ca
A01,A01|SUI|1789983252770,5,1789983252770,SUI,SHORT,7780.4,1.023030346768803660480180967,1.0229,1688.5,1727.16665,0.2170196905043442496529741401,0.0001274124166652094090062583,neutral,9468.9,NONE,335283947e6b88b48354
A01,A01|SUI|1789983252770,6,1789983252770,SUI,SHORT,9468.9,1.023007103253809840636187941,1.0228,391.1,400.01708,0.04130363611401535553232160019,0.0002024455677298048622688171,noise,9860.0,NONE,d511bd991773ed76e6e7
A01,A01|SUI|1789983252770,7,1789983252770,SUI,SHORT,9860.0,1.022998888438133874239350913,1.0227,1807.6,1848.63252,0.1833265720081135902636916836,0.0002921688786878379838466096,neutral,11667.6,NONE,8fec8dd7be8934467e09
A01,A01|SUI|1789983252770,8,1789983252770,SUI,SHORT,11667.6,1.022952583221913675477390380,1.0227,391.1,399.97797,0.03352017552881483767012924680,0.0002469158649740478442687602,noise,12058.7,NONE,c83de4be9e522d655be5
A01,A01|SUI|1789983252770,9,1789983252770,SUI,SHORT,12058.7,1.022944391186446300181611617,1.0226,3911.5,3999.89990,0.3243716155141101445429440985,0.0003366665768086018509395637,neutral,15970.2,NONE,00aa52701af0f147c798
A01,A01|SUI|1789983252770,10,1789983252770,SUI,SHORT,15970.2,1.022860041201738237467282815,1.0225,1807.6,1848.27100,0.1131858085684587544301261099,0.0003519945908877544067821319,neutral,17777.8,NONE,a53dd2c84fbd01784331
A01,A01|SUI|1789983252770,11,1789983252770,SUI,SHORT,17777.8,1.022823433158208552239309701,1.0224,1173.4,1199.68416,0.06600366749541563073046158692,0.0004139846081753353159644743,neutral,18951.2,NONE,7308153715ba35ff1c4e
A01,A01|SUI|1789983252770,12,1789983252770,SUI,SHORT,18951.2,1.022797215479758537717928152,1.0224,391.2,399.96288,0.02064249229600236396639790620,0.0003883619096207822349840318,noise,19342.4,NONE,6fc6f8692de705a2054f
A01,A01|SUI|1789983252770,13,1789983252770,SUI,SHORT,19342.4,1.022789181797501861196128712,1.0224,15089.5,15427.50480,0.7801255273389031350814790305,0.0003805102795650353481509275,neutral,34431.9,NONE,1e556900a56063943474
A01,A01|SUI|1789983252770,14,1789983252770,SUI,SHORT,34431.9,1.022618626041548680148350803,1.0223,285.4,291.76442,0.008288825188270179688021863446,0.0003115785625595816893657206,noise,34717.3,NONE,2839763ce6650aaa5725
A01,A01|SUI|1789983252770,15,1789983252770,SUI,SHORT,34717.3,1.022616006717112217827999297,1.0222,97.7,99.86894,0.002814158935170649791314416732,0.0004068063812610537231377934,noise,34815.0,NONE,06b6cfb617c82c230ccb
A01,A01|SUI|1789983252770,16,1789983252770,SUI,SHORT,34815.0,1.022614839293408013787160706,1.0221,1593.7,1628.92077,0.04577624587103260089042079563,0.0005034537673673405566959422,noise,36408.7,NONE,3111273453fcbebe44b1
A01,A01|SUI|1789983252770,17,1789983252770,SUI,SHORT,36408.7,1.022592303487902616682276488,1.022,14704.5,15027.9990,0.4038732500748447486452413846,0.0005792176274771108718211285,profit,51113.2,PROFIT_PYRAMIDING,8d908491dd903760ccc5
A01,A01|SUI|1789983252770,18,1789983252770,SUI,SHORT,51113.2,1.022421906669901317076606434,1.022,1280.7,1308.8754,0.02505614987909189798329981296,0.0004126541764695713594112935,noise,52393.9,NONE,f90a038d7bf97363b4ef
A01,A01|SUI|1789983252770,19,1789983252770,SUI,SHORT,52393.9,1.022411593716062366038794592,1.022,500.0,511.0000,0.009543095665716810544738986790,0.0004025714483209109846334226,noise,52893.9,NONE,f8903e86488864b8ce42
A01,A01|SUI|1789983252770,20,1789983252770,SUI,SHORT,52893.9,1.022407702967638990507412007,1.0219,920.3,940.45457,0.01739898173513391903414193319,0.0004965758436339365128997221,noise,53814.2,NONE,7028ca75f00fcb8767ca
A01,A01|SUI|1789983252770,21,1789983252770,SUI,SHORT,53814.2,1.022399020518747839789497938,1.0219,909.9,929.82681,0.01690817665225906916761746900,0.0004880878294412344823528418,noise,54724.1,NONE,137ab8adc99be9dbae44
A01,A01|SUI|1789983252770,22,1789983252770,SUI,SHORT,54724.1,1.022390723282794966020455338,1.0219,15089.5,15419.96005,0.2757377462580471857920002339,0.0004799762670178602044429908,neutral,69813.6,NONE,4eb1d63dd3f37da20ac5
A01,A01|SUI|1789983252770,23,1789983252770,SUI,SHORT,69813.6,1.022284658433313852888262458,1.0219,5289.6,5405.44224,0.07576747224036577400391900718,0.0003762733110984518463656373,neutral,75103.2,NONE,616d5db21fa19b057d3b
A01,A01|SUI|1789983252770,24,1789983252770,SUI,SHORT,75103.2,1.022257566521799337445009000,1.0218,1800.8,1840.05744,0.02397767338808466217151865699,0.0004476039471697859773414823,noise,76904.0,NONE,63b833c5764e999fd349
A01,A01|SUI|1789983252770,25,1789983252770,SUI,SHORT,76904.0,1.022246852049308228440653281,1.0218,4893.3,4999.97394,0.06362867991261832934567772808,0.0004371273420039590063869370,neutral,81797.3,NONE,6953fb6b275b8b5bd9f5
A01,A01|SUI|1789983252770,26,1789983252770,SUI,SHORT,81797.3,1.022220120346270598173778351,1.0217,1306.8,1335.15756,0.01597607744998918057197486959,0.0005088144284368132934852491,noise,83104.1,NONE,e8e4ceb02d5bb44c50d2
A01,A01|SUI|1789983252770,27,1789983252770,SUI,SHORT,83104.1,1.022211941528757305596234120,1.0217,2488.3,2542.29611,0.02994196435554924486276850360,0.0005008174019095074689650319,noise,85592.4,NONE,98709e71d81b82df1d5e
A01,A01|SUI|1789983252770,28,1789983252770,SUI,SHORT,85592.4,1.022197058617353877213397450,1.0216,1830.0,1869.52800,0.02138040293297068431309321856,0.0005840934605715572807475331,noise,87422.4,NONE,0987b78c905127a92809
A01,A01|SUI|1789983252770,29,1789983252770,SUI,SHORT,87422.4,1.022184560478778894196453082,1.0216,978.6,999.73776,0.01119392741448415966617251414,0.0005718737118325218423196356,noise,88401.0,NONE,8bee73c80f03500b0fb9
A01,A01|SUI|1789983252770,30,1789983252770,SUI,SHORT,88401.0,1.022178089388129093562290018,1.0215,15089.5,15413.92425,0.1706937704324611712537188493,0.0006633769547290870037040142,profit,103490.5,PROFIT_PYRAMIDING,352e9726c98be0f3a27a
A01,A01|SUI|1789983252770,31,1789983252770,SUI,SHORT,103490.5,1.022079220121653678356950637,1.0215,9771.0,9981.07650,0.09441446316328551896067755011,0.0005667076585166620310889702,profit,113261.5,PROFIT_PYRAMIDING,757e3a86eabd331df2fe
A01,A01|SUI|1789983252770,32,1789983252770,SUI,SHORT,113261.5,1.022029251157719083713353610,1.0215,7268.1,7424.36415,0.06417096718655500765926638796,0.0005178434542059989614223692,profit,120529.6,PROFIT_PYRAMIDING,e393c4615524cfa17e12
A01,A01|SUI|1789983252770,33,1789983278146,SUI,SHORT,120529.6,1.021997336587858915984123401,1.0223,3277.3,3350.38379,0.02719083113193771488497431336,-0.000296148924567245868154234,noise,123806.9,NONE,ff3eace9f0435060ea3c
A01,A01|SUI|1789983252770,34,1789983278146,SUI,SHORT,123806.9,1.022005348409498985920817013,1.0223,978.3,1000.11609,0.007901821303982249777677980791,-0.000288307288175709758655248,noise,124785.2,NONE,1eab53cb787b678f8934
A01,A01|SUI|1789983252770,35,1789983278146,SUI,SHORT,124785.2,1.022007658440263749226671110,1.0223,1956.7,2000.33441,0.01568054544930007725275112754,-0.000286046349380989604187304,noise,126741.9,NONE,2d1e016077adfc4d5d4f
A01,A01|SUI|1789983252770,36,1789983278146,SUI,SHORT,126741.9,1.022012171744308709274517739,1.0222,1287.4,1315.98028,0.01015765110038590237324831015,-0.000183782797195768022722127,noise,128029.3,NONE,2d8e63d77f15afe97f87
A01,A01|SUI|1789983252770,37,1789983278146,SUI,SHORT,128029.3,1.022014060453349350500237054,1.0222,1768.5,1807.76070,0.01381324431204419613322887808,-0.000181934431086172771044265,noise,129797.8,NONE,3fa6ca51ff682c1202f8
A01,A01|SUI|1789983252770,38,1789983278146,SUI,SHORT,129797.8,1.022016593886799314009944698,1.0221,500.0,511.05000,0.003852145413866798975021148278,-0.000081609353213617414926521,noise,130297.8,NONE,d99703aa3de232977ddd
A01,A01|SUI|1789983252770,39,1789983278146,SUI,SHORT,130297.8,1.022016913946359800395708906,1.0221,1255.6,1283.34876,0.009636386800084115004244123846,-0.000081296163014930638126678,noise,131553.4,NONE,e51fc6253a0e54c0e826
A01,A01|SUI|1789983252770,40,1789983278146,SUI,SHORT,131553.4,1.022017706953982185181074757,1.0221,4892.5,5000.62425,0.03719022085328087301430445735,-0.000080520176370603901377075,noise,136445.9,NONE,1d56b4aff89e60a8061b
A01,A01|SUI|1789983252770,41,1789983278146,SUI,SHORT,136445.9,1.022020657711224741820750934,1.022,500.0,511.0000,0.003664456022496828413312528995,0.0000202126161236348748936097,noise,136945.9,NONE,8f85c204922a83cc5496
A01,A01|SUI|1789983252770,42,1789983278146,SUI,SHORT,136945.9,1.022020582288334298434637327,1.022,14716.0,15039.7520,0.1074584927332618209088406444,0.0000201388197957951909037041,neutral,151661.9,NONE,4ee4f947953c0f90b86a
A01,A01|SUI|1789983252770,43,1789983278146,SUI,SHORT,151661.9,1.022018585155533459623016723,1.022,14710.6,15034.2332,0.09699601547916780681238992786,0.0000181847530009753056203878,neutral,166372.5,NONE,bd5f7ec3bccdb29be8da
A01,A01|SUI|1789983252770,44,1789983278146,SUI,SHORT,166372.5,1.022016941862387113254894889,1.0219,500.0,510.95000,0.003005304362199281732257434372,0.0001144226260809473770727804,noise,166872.5,NONE,ac016726d0c54f92d65e
A01,A01|SUI|1789983252770,45,1789983278146,SUI,SHORT,166872.5,1.022016591469535124121709688,1.0219,1322.6,1351.56494,0.007925811622646032150294386433,0.0001140798207272543571895246,noise,168195.1,NONE,c0181d56383e93a99613
A01,A01|SUI|1789983252770,46,1789983278146,SUI,SHORT,168195.1,1.022015674654017863778433497,1.0218,1035.4,1057.97172,0.006155946279053313681551959599,0.0002110287144968456025678928,noise,169230.5,NONE,cc086b11c1f957e8e129
A01,A01|SUI|1789983252770,47,1789983278146,SUI,SHORT,169230.5,1.022014355095564924762380303,1.0218,1307.4,1335.90132,0.007725557745205503736028670955,0.0002097378520137138194431615,noise,170537.9,NONE,f342d513e28a96673e72
A01,A01|SUI|1789983252770,48,1789983278146,SUI,SHORT,170537.9,1.022012711778437520340053442,1.0218,285.4,291.62172,0.001673528289019625549511281656,0.0002081302668607454640656125,noise,170823.3,NONE,7ffd43d7490b7b6c12a1
A01,A01|SUI|1789983252770,49,1789983278146,SUI,SHORT,170823.3,1.022012356394004799111128282,1.0218,9788.2,10001.58276,0.05730014582319859176119416965,0.0002077826091595039052028893,neutral,180611.5,NONE,2f9b238ed923c9f9b2b3
A01,A01|SUI|1789983252770,50,1789983278146,SUI,SHORT,180611.5,1.022000847786547368246208021,1.0217,3914.3,3999.24031,0.02167248486392062520935820809,0.0002943713669112362509391827,noise,184525.8,NONE,ff5bef33d1a9474e2bbd
A01,A01|SUI|1789983252770,51,1789983278146,SUI,SHORT,184525.8,1.021994465977115395245542900,1.0216,1775.3,1813.64648,0.009620876863831507572382832103,0.0003859766273178901617492010,noise,186301.1,NONE,71e096d5f523acc37f44
A01,A01|SUI|1789983252770,52,1789983278146,SUI,SHORT,186301.1,1.021990707032862393190378372,1.0216,500.0,510.80000,0.002683827417014714352196524873,0.0003822999858743626500763207,noise,186801.1,NONE,2ee3fd7405f2383aabd7
A01,A01|SUI|1789983252770,53,1789983278146,SUI,SHORT,186801.1,1.021989661249318125000334581,1.0216,5289.6,5403.85536,0.02831674974076705115762166283,0.0003812770951535738773636359,noise,192090.7,NONE,179535c01751f2b60026
A01,A01|SUI|1789983252770,54,1789983278146,SUI,SHORT,192090.7,1.021978931150753263952913910,1.0215,15089.5,15413.92425,0.07855403723345273873227595089,0.0004686311392094797295660771,neutral,207180.2,NONE,97273b80e157b7cef7c3
A01,A01|SUI|1789983252770,55,1789983278146,SUI,SHORT,207180.2,1.021944049286563098211122491,1.0215,9771.0,9981.07650,0.04716184268573927431289283435,0.0004345142837057437102085287,noise,216951.2,NONE,a27c33281464063c4450
A01,A01|SUI|1789983252770,56,1789983278146,SUI,SHORT,216951.2,1.021924050293337856623978111,1.0215,17.1,17.46765,0.00007881956864032095697096858648,0.0004149528462669366137866593,noise,216968.3,NONE,bf344fdb26c51e7089f9
A01,A01|SUI|1789983252770,57,1789983278146,SUI,SHORT,216968.3,1.021924016872510869099310821,1.0215,192.6,196.74090,0.0008876872796625129108722334092,0.0004149201560097661442804553,noise,217160.9,NONE,07439e2e0f0e94e4c024
A01,A01|SUI|1789983252770,58,1789983278146,SUI,SHORT,217160.9,1.021923640811950954338465166,1.0214,1768.5,1806.34590,0.008143731214965493327758357973,0.0005124069852566528334507761,noise,218929.4,NONE,c29202cb1d908a66bb3e
A01,A01|SUI|1789983252770,59,1789983278146,SUI,SHORT,218929.4,1.021919410869440102608420797,1.0213,956.8,977.17984,0.004370358663569168873618618605,0.0006061249672448370999293576,noise,219886.2,NONE,0bf16d03b31471a3a7dc
A01,A01|SUI|1789983252770,60,1789983278146,SUI,SHORT,219886.2,1.021916715601070008031427166,1.0213,979.0,999.85270,0.004452303054943875513788496049,0.0006034891020519894637498888,noise,220865.2,NONE,ab5a5a8547fbc4c4282f
A01,A01|SUI|1789983252770,61,1789983278146,SUI,SHORT,220865.2,1.021913981967281400600909514,1.0213,97.8,99.88314,0.0004428040270717161417914637526,0.0006008157028044836450845791,noise,220963.0,NONE,e135fba4a920838a8f5e
A01,A01|SUI|1789983252770,62,1789983278146,SUI,SHORT,220963.0,1.021913710213927218584106841,1.0212,5290.6,5402.76072,0.02394337513520363137719889755,0.0006984055569406252763424115,noise,226253.6,NONE,78f207ce015c2f531988
A01,A01|SUI|1789983252770,63,1789983278146,SUI,SHORT,226253.6,1.021897021174469710095220584,1.0211,1085.9,1108.81249,0.004799481643606996750548941542,0.0007799427515246995807331950,noise,227339.5,NONE,cc536b4b9630887f453a
A01,A01|SUI|1789983252770,64,1789983278146,SUI,SHORT,227339.5,1.021893214157680473476892489,1.0211,13809.4,14100.77834,0.06074351355571733024837302800,0.0007762202025524740472850283,profit,241148.9,PROFIT_PYRAMIDING,df5c21f25786b1c8138e
A01,A01|ADA|1789983437161,1,1789983437161,ADA,SHORT,1992.0,0.24118,0.24118,3457.0,833.759260,1.735441767068273092369477912,-0,neutral,5449.0,NONE,1434db4f307efe3aa9f7
A01,A01|ADA|1789983437161,2,1789983437161,ADA,SHORT,5449.0,0.24118,0.24116,10426.0,2514.334160,1.913378601578271242429803634,0.0000829256157226967410233021,neutral,15875.0,NONE,54623bd0b6354297d941
A01,A01|ADA|1789983437161,3,1789983437161,ADA,SHORT,15875.0,0.2411668648818897637795275591,0.24116,1992.0,480.390720,0.1254803149606299212598425197,0.0000284652781513987017001786,neutral,17867.0,NONE,c5f17a96288673aa1c24
A01,A01|ADA|1789983437161,4,1789983437161,ADA,SHORT,17867.0,0.2411660995130687860301113786,0.24115,1774.0,427.800100,0.09928919236581407063301057816,0.0000667569492614926909553353,neutral,19641.0,NONE,d6e69984d1bad2c9ca85
A01,A01|ADA|1789983437161,5,1789983437161,ADA,SHORT,19641.0,0.2411646453846545491573748791,0.24114,2000.0,482.280000,0.1018278091746856066391731582,0.0001021931909432250385858149,neutral,21641.0,NONE,f24c56e3eb2dc690fe39
A01,A01|ADA|1789983437161,6,1789983437161,ADA,SHORT,21641.0,0.2411623677279238482510050367,0.24113,1992.0,480.330960,0.09204750242595074164779816090,0.0001342155006554135673789135,neutral,23633.0,NONE,63b5374474edc7587401
A01,A01|ADA|1789983437161,7,1789983437161,ADA,SHORT,23633.0,0.2411596394871577878390386324,0.24113,1659.0,400.034670,0.07019845131807218719587018153,0.0001229040117194494248386321,neutral,25292.0,NONE,468cd79b15630686e8e3
A01,A01|ADA|1789983437161,8,1789983437161,ADA,SHORT,25292.0,0.2411576953186778427961410723,0.24113,2000.0,482.260000,0.07907638779060572513047603985,0.0001148431885669035630347231,neutral,27292.0,NONE,fd416b767556f77a7c72
A01,A01|ADA|1789983437161,9,1789983437161,ADA,SHORT,27292.0,0.2411556657628609116224534663,0.24112,128085.0,30883.855200,4.693133518979920855928477209,0.0001478951893918318835654888,neutral,155377.0,NONE,a19eb1bd43c889eda89a
A01,A01|ADA|1789983437161,10,1789983437161,ADA,SHORT,155377.0,0.2411262646981213435707987669,0.24112,1659.0,400.018080,0.01067725596452499404673793419,0.0000259809860580168484037475,noise,157036.0,NONE,542d49920c2467467dc9
A01,A01|ADA|1789983437161,11,1789983437161,ADA,SHORT,157036.0,0.2411261985149901933314653965,0.2411,3457.0,833.48270,0.02201406047021065233449654856,0.0001086506366854393775709733,noise,160493.0,NONE,fd66a197890e1f6c5f00
A01,A01|ADA|1789983437161,12,1789983437161,ADA,SHORT,160493.0,0.2411256342021147339759366452,0.24107,17055.0,4111.448850,0.1062663169110179260154648489,0.0002307270328135275865297750,neutral,177548.0,NONE,fdc8d60e9ddfdd77447f
A01,A01|ADA|1789983437161,13,1789983437161,ADA,SHORT,177548.0,0.2411202900624056593146642035,0.24105,1992.0,480.171600,0.01121950120530786040957938135,0.0002915145066699578027036866,noise,179540.0,NONE,cc44365e2412d653d086
A01,A01|ADA|1789983437161,14,1789983437161,ADA,SHORT,179540.0,0.2411195101927147153837584939,0.24105,3316.0,799.321800,0.01846942185585384872451821321,0.0002882810796154959735521649,noise,182856.0,NONE,a3a964f48d83ad181a8b
A01,A01|ADA|1789983437161,15,1789983437161,ADA,SHORT,182856.0,0.2411182496609353808461302883,0.24104,104794.0,25259.545760,0.5730957693485584284901780636,0.0003245281559791382931074792,neutral,287650.0,NONE,19a5389f93094ad3fc40
A01,A01|ADA|1789983437161,16,1789983486247,ADA,SHORT,287650.0,0.2410897424648009734051799061,0.24103,3522.0,848.907660,0.01224404658439075265079089171,0.0002478017695410487497460617,noise,291172.0,NONE,dd39aa84ed9573a18b7c
A01,A01|ADA|1789983437161,17,1789983486247,ADA,SHORT,291172.0,0.2410890198233346612998502603,0.24103,13940.0,3359.958200,0.04787548253266110752407511711,0.0002448051071670948640608418,noise,305112.0,NONE,460a76d2c5dd615a2ef0
A01,A01|ADA|1789983437161,18,1789983486247,ADA,SHORT,305112.0,0.2410863233173392065864338341,0.24103,17213.0,4148.849390,0.05641534911770104092923254411,0.0002336230299761502416745720,neutral,322325.0,NONE,41adc10cadd4db91f9a5
A01,A01|ADA|1789983437161,19,1789983486247,ADA,SHORT,322325.0,0.2410833155045373458465834173,0.24102,1660.0,400.093200,0.005150081439540836112619250756,0.0002626291429783916644880078,noise,323985.0,NONE,462364b5feee980fbef1
A01,A01|ADA|1789983437161,20,1789983486247,ADA,SHORT,323985.0,0.2410829910952667561769835023,0.24099,2095.0,504.874050,0.006466348750713767612698118740,0.0003857223392006516998242240,noise,326080.0,NONE,9417e8ccf1d4b9e62a7e
A01,A01|ADA|1789983437161,21,1789983486247,ADA,SHORT,326080.0,0.2410823936457311089303238469,0.24098,1775.0,427.739500,0.005443449460255152109911678116,0.0004247246934240070491131677,noise,327855.0,NONE,d086a374055d187ac072
A01,A01|ADA|1789983437161,22,1789983486247,ADA,SHORT,327855.0,0.2410818392887099479953028015,0.24096,2095.0,504.811200,0.006390019978344085037592838297,0.0005053855946570830105198421,noise,329950.0,NONE,5228a895dff4fe057ebe
A01,A01|ADA|1789983437161,23,1789983486247,ADA,SHORT,329950.0,0.2410810656766176693438399757,0.24095,2000.0,481.900000,0.006061524473405061372935293226,0.0005436581103946121204703372,noise,331950.0,NONE,383ea36c6af11d308e4f
A01,A01|ADA|1789983437161,24,1789983486247,ADA,SHORT,331950.0,0.2410802760054225033890646181,0.24094,2095.0,504.769300,0.006311191444494652809158005724,0.0005818642974315668526106206,noise,334045.0,NONE,cdc7e07755f790b50576
A01,A01|ADA|1789983437161,25,1789983486247,ADA,SHORT,334045.0,0.2410793962490083671361642892,0.24093,2000.0,481.860000,0.005987217291083536649253843045,0.0006196972919828342583409360,noise,336045.0,NONE,849106dcb98505583428
A01,A01|ADA|1789983437161,26,1789983486247,ADA,SHORT,336045.0,0.2410785071047032391495186656,0.24092,2095.0,504.727400,0.006234284098855808001904506837,0.0006574916470442454016001562,noise,338140.0,NONE,f99220bc5b12cd4ad9fc
A01,A01|ADA|1789983437161,27,1789983486247,ADA,SHORT,338140.0,0.2410775250487963565387117761,0.24091,2000.0,481.820000,0.005914709883480215295439758680,0.0006949011475144681967284182,noise,340140.0,NONE,af49defd5e65f6809e13
A01,A01|ADA|1789983437161,28,1789983486247,ADA,SHORT,340140.0,0.2410765400129358499441406479,0.24091,1660.0,399.910600,0.004880343388016699006291527018,0.0006908179988269021372594428,noise,341800.0,NONE,66dd5de4d5f8ecc3b8e6
A01,A01|ADA|1789983437161,29,1789983486247,ADA,SHORT,341800.0,0.2410757311878291398478642480,0.2409,2094.0,504.44460,0.006126389701579871269748390872,0.0007289459912172683584576984,noise,343894.0,NONE,718576dfa74e353fb2e6
A01,A01|ADA|1789983437161,30,1789983486247,ADA,SHORT,343894.0,0.2410746611455855583406514797,0.2409,3457.0,832.79130,0.01005251618231199148574851553,0.0007245105925092644287377105,noise,347351.0,NONE,4c23b14a75c827267103
A01,A01|ADA|1789983437161,31,1789983486247,ADA,SHORT,347351.0,0.2410729228359785922597027213,0.2409,17207.0,4145.16630,0.04953778742539966777121701103,0.0007173050956711785142041714,noise,364558.0,NONE,cc0e743012b20fde9d16
A01,A01|ADA|1789983437161,32,1789983486247,ADA,SHORT,364558.0,0.2410647609433889806285968212,0.24089,2000.0,481.780000,0.005486095490978115965086488295,0.0007249543346985544373357156,noise,366558.0,NONE,cc869ca47e75c6a864b4
A01,A01|ADA|1789983437161,33,1789983486247,ADA,SHORT,366558.0,0.2410638074192897167706065614,0.24088,2094.0,504.402720,0.005712602098440083151915931449,0.0007624845108748110661003847,noise,368652.0,NONE,7201bb7157deadb8366b
A01,A01|ADA|1789983437161,34,1789983486247,ADA,SHORT,368652.0,0.2410627633649078263511387431,0.24086,2094.0,504.360840,0.005680153640832004166531037401,0.0008411227104407414892910435,noise,370746.0,NONE,56798c4c6371dd5e9489
A01,A01|ADA|1789983437161,35,1789983486247,ADA,SHORT,370746.0,0.2410616181428794916195994021,0.24086,128085.0,30850.553100,0.3454791150814843585635448528,0.0008363759624312761697483014,profit,498831.0,PROFIT_PYRAMIDING,6e0d97dc96ea51d61bc1
A01,A01|ADA|1789983437161,36,1789983486247,ADA,SHORT,498831.0,0.2410098485859940540984822513,0.24085,2076.0,500.004600,0.004161730125032325577199492413,0.0006632450372127385029729571,noise,500907.0,NONE,ac0f63d331d7fd2aaa65
A01,A01|ADA|1789983437161,37,1789983486247,ADA,SHORT,500907.0,0.2410091860964210921388601076,0.24084,2096.0,504.800640,0.004184409481201101202418812275,0.0007019902401288782131153312,noise,503003.0,NONE,0e19ffdc63cf38bc4fee
A01,A01|ADA|1789983437161,38,1789983486247,ADA,SHORT,503003.0,0.2410084811024983946417814603,0.24082,17171.0,4135.120220,0.03413697333813118410824587527,0.0007820517420639466778478107,noise,520174.0,NONE,5281421317a1250ecff0
A01,A01|ADA|1789983437161,39,1789983486247,ADA,SHORT,520174.0,0.2410022593209195384621299794,0.24082,20762.0,4999.904840,0.03991356738322176810067400524,0.0007562556526776840175314712,noise,540936.0,NONE,c0f96c564bdb8a016d77
A01,A01|ADA|1789983437161,40,1789983486247,ADA,SHORT,540936.0,0.2409952639129213067719656298,0.24081,2096.0,504.737760,0.003874765221763757634914296701,0.0007687450363682171163252067,noise,543032.0,NONE,a542c209f6b510f67a7a
A01,A01|ADA|1789983437161,41,1789983486247,ADA,SHORT,543032.0,0.2409945488295349077034134266,0.2408,1095.0,263.67600,0.002016455752147203111418848245,0.0008072748138071781825147297,noise,544127.0,NONE,0294e34fc0dc1d64e4d1
A01,A01|ADA|1789983437161,42,1789983486247,ADA,SHORT,544127.0,0.2409941573198903932354027642,0.2408,7840.0,1887.87200,0.01440840097991829113423888173,0.0008056515645425919584038587,noise,551967.0,NONE,b53463b1f4bb81f5537e
A01,A01|ADA|1789983437161,43,1789983486247,ADA,SHORT,551967.0,0.2409913995583069277692325808,0.24079,3319.0,799.182010,0.006013040634675623723882043673,0.0008357126381939614936406504,noise,555286.0,NONE,5002c91df02362a3be85
A01,A01|ADA|1789983437161,44,1789983486247,ADA,SHORT,555286.0,0.2409901957729890542891410911,0.24079,2095.0,504.455050,0.003772830577396152613247947904,0.0008307216496792143214707970,noise,557381.0,NONE,bf09bb21e060e572c20d
A01,A01|ADA|1789983437161,45,1789983486247,ADA,SHORT,557381.0,0.2409894433071812638033948052,0.24078,3457.0,832.376460,0.006202220743082379916071771374,0.0008690974355847337045531791,noise,560838.0,NONE,fc6122ecd90bfb33818c
A01,A01|ADA|1789983437161,46,1789983486247,ADA,SHORT,560838.0,0.2409881523006643629711253515,0.24078,2095.0,504.434100,0.003735481547256070380395051691,0.0008637449545845956965786867,noise,562933.0,NONE,fb66a5de5b14053e2dcd
A01,A01|ADA|1789983437161,47,1789983486247,ADA,SHORT,562933.0,0.2409873776452970424544306337,0.24078,4153.0,999.959340,0.007377432127802065254657303800,0.0008605332251147034532449506,noise,567086.0,NONE,553b85e9c245aca96e85
A01,A01|ADA|1789983437161,48,1789983486247,ADA,SHORT,567086.0,0.2409858589349763527930507893,0.24077,8382.0,2018.134140,0.01478082689398080714388999199,0.0008957327866885193697781291,noise,575468.0,NONE,53fa5231cbc560a70b36
A01,A01|ADA|1789983437161,49,1789983555287,ADA,SHORT,575468.0,0.2409827148338395879527619258,0.2412,16612.0,4006.81440,0.02886693960393974990790104750,-0.000901662869514241804289804,noise,592080.0,NONE,e123da544f14994c60af
A01,A01|ADA|1789983437161,50,1789983555287,ADA,SHORT,592080.0,0.2409888112079448723145520874,0.2412,2000.0,482.40000,0.003377921902445615457370625591,-0.000876342727268349022736618,noise,594080.0,NONE,5e1d227d1377fa492528
A01,A01|ADA|1789983437161,51,1789983555287,ADA,SHORT,594080.0,0.2409895221855642337732291946,0.24119,2212.0,533.512280,0.003723404255319148936170212766,-0.000831894318962948085735211,noise,596292.0,NONE,f20c57590d09ab5330cd
A01,A01|ADA|1789983437161,52,1789983555287,ADA,SHORT,596292.0,0.2409902658764497930544095844,0.24118,1619.0,390.470420,0.002715112730004762767234844673,-0.000787310320855363090318739,noise,597911.0,NONE,cddad4e049647db872e5
A01,A01|ADA|1789983437161,53,1789983555287,ADA,SHORT,597911.0,0.2409907796310822179220653239,0.24117,2212.0,533.468040,0.003699547257033237388173156206,-0.000743681435414829495387541,noise,600123.0,NONE,a404e54f568403419ae4
A01,A01|ADA|1789983437161,54,1789983555287,ADA,SHORT,600123.0,0.2409914402214212753052290945,0.24117,1659.0,400.101030,0.002764433291175309061642363316,-0.000740938260772520385571436,noise,601782.0,NONE,9ebca388462af5ceaafe
A01,A01|ADA|1789983437161,55,1789983555287,ADA,SHORT,601782.0,0.2409919324772093548826651510,0.24115,2000.0,482.300000,0.003323462649265016235115041660,-0.000655903793815146023325090,noise,603782.0,NONE,3f5008c5ebdc734e3125
A01,A01|ADA|1789983437161,56,1789983555287,ADA,SHORT,603782.0,0.2409924560685810441516971356,0.24115,2212.0,533.423800,0.003663573938938226048474449387,-0.000653729722452898614154318,noise,605994.0,NONE,e7d8cbb59207a7793082
A01,A01|ADA|1789983437161,57,1789983555287,ADA,SHORT,605994.0,0.2409930311356218048363515149,0.24115,1659.0,400.067850,0.002737650867830374558163942217,-0.000651341923202165113472627,noise,607653.0,NONE,d7324d5d6934884c5481
A01,A01|ADA|1789983437161,58,1789983555287,ADA,SHORT,607653.0,0.2409934596883418661637480600,0.24115,3457.0,833.655550,0.005689102168507355349187776576,-0.000649562489623474718268379,noise,611110.0,NONE,cbcf8c988479c6c25b73
A01,A01|ADA|1789983437161,59,1789983555287,ADA,SHORT,611110.0,0.2409943452242640441164438479,0.24114,17283.0,4167.622620,0.02828132414786208702197640359,-0.000604390844110523625062550,noise,628393.0,NONE,72d774796420f107a8b4
A01,A01|ADA|1789983437161,60,1789983555287,ADA,SHORT,628393.0,0.2409983512387948306235110829,0.24113,2212.0,533.379560,0.003520090134676866228618078177,-0.000546264157113358504329922,noise,630605.0,NONE,dc03c62046d86047c2d1
A01,A01|ADA|1789983437161,61,1789983555287,ADA,SHORT,630605.0,0.2409988130287580973826721956,0.24113,128085.0,30885.136050,0.2031144694380793047946020092,-0.000544346960025268815085144,adverse,758690.0,AVERAGING_DOWN,382054396b7a337078e3
A01,A01|ADA|1789983437161,62,1789983555287,ADA,SHORT,758690.0,0.2410209605240612107711977223,0.24111,2212.0,533.335320,0.002915551806403142258366394707,-0.000369426276225881961438736,noise,760902.0,NONE,ecb665b31002412c1879
A01,A01|ADA|1789983437161,63,1789983555287,ADA,SHORT,760902.0,0.2410212193685914874714483598,0.2411,207.0,49.90770,0.0002720455459441557519890866366,-0.000326861807499339088181496,noise,761109.0,NONE,003203da85d05ce9fbc4
A01,A01|ADA|1789983437161,64,1789983555287,ADA,SHORT,761109.0,0.2410212407946824961996244952,0.24109,2212.0,533.291080,0.002906285433492443263711242411,-0.000285282762178115849064074,noise,763321.0,NONE,ceffb27e3e2775576374
A01,A01|ADA|1789983437161,65,1789983555287,ADA,SHORT,763321.0,0.2410214400494680481737041165,0.24108,2074.0,499.999920,0.002717074468015422083238899493,-0.000242965731679027333736891,noise,765395.0,NONE,0304966ef5014af93a1c
A01,A01|ADA|1789983437161,66,1789983555287,ADA,SHORT,765395.0,0.2410215987300674814964822084,0.24107,2212.0,533.246840,0.002890011040051215385519894956,-0.000200817147457085710768913,noise,767607.0,NONE,5e399ce412cb1f1d8ece
A01,A01|ADA|1789983437161,67,1789983555287,ADA,SHORT,767607.0,0.2410217382071815395117553643,0.24105,2797.0,674.216850,0.003643791679857010162752554367,-0.000117258273169396607242581,noise,770404.0,NONE,2460dc399f51c0802a38
A01,A01|ADA|1789983437161,68,1789983555287,ADA,SHORT,770404.0,0.2410218408133914154132117693,0.24105,2711.0,653.486550,0.003518932923505070067133607821,-0.000116832509923391283442884,noise,773115.0,NONE,437cf4a6b8cfb55cf6e3
A01,A01|ADA|1789983437161,69,1789983555287,ADA,SHORT,773115.0,0.2410219395562109129948325927,0.24105,2212.0,533.202600,0.002861152609896328489293313414,-0.000116422778112043092725733,noise,775327.0,NONE,3e7f33d33765034f799a
A01,A01|ADA|1789983437161,70,1789983555287,ADA,SHORT,775327.0,0.2410220196123700064617896706,0.24104,2014.0,485.454560,0.002597613652046168906796745115,-0.000074600601467496492125996,noise,777341.0,NONE,b20f731e5c1c375473b9
A01,A01|ADA|1789983437161,71,1789983555287,ADA,SHORT,777341.0,0.2410220661974603166435322463,0.24104,2212.0,533.180480,0.002845598006537671369450472830,-0.000074407305615706017308325,noise,779553.0,NONE,6bf743d945aec1fa8329
A01,A01|ADA|1789983437161,72,1789983555287,ADA,SHORT,779553.0,0.2410221170850474566835096522,0.24103,83410.0,20104.312300,0.1069972150706879455277575739,-0.000032706189157577345006417,neutral,862963.0,NONE,a8d8d588717181ca11a9
A01,A01|PENGU|1790139471613,1,1790139471613,PENGU,SHORT,4623.0,0.010814,0.010813,36993.0,400.0053090,8.001946787800129785853341986,0.0000924727205474385056408360,neutral,41616.0,NONE,3e19e9d5ded444c7c853
A01,A01|PENGU|1790139471613,2,1790139471613,PENGU,SHORT,41616.0,0.01081311108708189158016147636,0.010812,79617.0,860.8190040,1.913134371395617070357554787,0.0001027536916012047162004443,neutral,121233.0,NONE,370b372e40a3ecaab16b
A01,A01|PENGU|1790139471613,3,1790139471613,PENGU,SHORT,121233.0,0.01081238140605280740392467397,0.010811,6361.0,68.7687710,0.05246921217820230465302351670,0.0001277614986865047305386195,neutral,127594.0,NONE,1a8e1520929960d80683
A01,A01|PENGU|1790139471613,4,1790139471613,PENGU,SHORT,127594.0,0.01081231253820712572691505869,0.010811,375365.0,4058.0710150,2.941870307381224822483815853,0.0001213929214946064776759579,neutral,502959.0,NONE,58cfe3d15d6030771b34
A01,A01|PENGU|1790139471613,5,1790139471613,PENGU,SHORT,502959.0,0.01081133297346304569557359546,0.010811,36999.0,399.9961890,0.07356265620060482067126743929,0.0000307985577599908811905595,neutral,539958.0,NONE,c6473752f0ba36629675
A01,A01|PENGU|1790139471613,6,1790139471613,PENGU,SHORT,539958.0,0.01081131015745669107597257564,0.01081,402743.0,4353.651830,0.7458783831335029761574048352,0.0001211839673092205725862025,neutral,942701.0,NONE,6b28e751254da61c03a2
A01,A01|PENGU|1790139471613,7,1790139471613,PENGU,SHORT,942701.0,0.01081075042882101535905870472,0.010809,6361.0,68.7560490,0.006747632600368515573867005551,0.0001619155702964696993022258,noise,949062.0,NONE,bc8ebb878d18ebbc2a09
A01,A01|PENGU|1790139471613,8,1790139471613,PENGU,SHORT,949062.0,0.01081073869673424918498475337,0.010808,37010.0,400.0040800,0.03899639854930447115151591782,0.0002533311377765981296371575,noise,986072.0,NONE,f6c70fa77377b4fff44f
A01,A01|PENGU|1790139471613,9,1790139471613,PENGU,SHORT,986072.0,0.01081063590589733812541072052,0.010808,1911496.0,20659.4487680,1.938495363421737966395962972,0.0002438252402802878159348747,neutral,2897568.0,NONE,98adc33d5cf4f6e52a9f
A01,A01|PENGU|1790139471613,10,1790139471613,PENGU,SHORT,2897568.0,0.01080889702571259759908999547,0.010808,740803.0,8006.5988240,0.2556637152260102265071949994,0.0000829895696539361676369160,neutral,3638371.0,NONE,00ad0f44d417bc9f2c2f
A01,A01|PENGU|1790139471613,11,1790139471613,PENGU,SHORT,3638371.0,0.01080871438371732844176693361,0.010807,227209.0,2455.4476630,0.06244800214161777344861202994,0.0001586112516684737903049428,neutral,3865580.0,NONE,6a6d12d681f2911078cb
A01,A01|PENGU|1790139471613,12,1790139471613,PENGU,SHORT,3865580.0,0.01080861361658535071063074623,0.010807,6361.0,68.7433270,0.001645548662813859757138644136,0.0001492898758888638300089557,noise,3871941.0,NONE,ee880ad314428af39e03
A01,A01|PENGU|1790139471613,13,1790139471613,PENGU,SHORT,3871941.0,0.01080861096566295819073689398,0.010807,185048.0,1999.8137360,0.04779205055035704314709340871,0.0001490446522754813910431475,noise,4056989.0,NONE,49202ec0872f10dd4dad
A01,A01|PENGU|1790139471613,14,1790139471613,PENGU,SHORT,4056989.0,0.01080853748605184781127087108,0.010806,145882.0,1576.4008920,0.03595819461181679319317848779,0.0002347668271606935447995162,noise,4202871.0,NONE,c997bddacedd7d4526ff
A01,A01|PENGU|1790139471613,15,1790139471613,PENGU,SHORT,4202871.0,0.01080844940970113048913468912,0.010806,37016.0,399.9948960,0.008807312905868393295916053574,0.0002266198978488089081698852,noise,4239887.0,NONE,0e2a998037effcd473a8
A01,A01|PENGU|1790139471613,16,1790139471613,PENGU,SHORT,4239887.0,0.01080842802532237297833645095,0.010805,6361.0,68.7306050,0.001500275832822903063218430114,0.0003171622473075342330524089,noise,4246248.0,NONE,8cca4637bb243cf7ccf6
A01,A01|PENGU|1790139471613,17,1790139471613,PENGU,SHORT,4246248.0,0.01080842289004316281102752359,0.010805,174733.0,1887.9900650,0.04114997522518703570775894390,0.0003166872797247797096801057,noise,4420981.0,NONE,8c9eda3347a2ef15b61e
A01,A01|PENGU|1790139471613,18,1790139471613,PENGU,SHORT,4420981.0,0.01080828760517179331917508806,0.010805,31070.0,335.7113500,0.007027851963172879503440525983,0.0003041744716545284818958331,noise,4452051.0,NONE,46352180d85cc746fc11
A01,A01|PENGU|1790139471613,19,1790139471613,PENGU,SHORT,4452051.0,0.01080826466161326543653700283,0.010805,179176.0,1935.9966800,0.04024572045558328060482685396,0.0003020523382315238327730521,noise,4631227.0,NONE,6820484dc2f33480846f
A01,A01|PENGU|1790139471613,20,1790139471613,PENGU,SHORT,4631227.0,0.01080813835620668129633896157,0.010804,79761.0,861.7378440,0.01722243370925242921584279933,0.0003828926009542433359129133,noise,4710988.0,NONE,c3dfa300c7a736efc4e4
A01,A01|PENGU|1790139471613,21,1790139471613,PENGU,SHORT,4710988.0,0.01080806829034588922748264270,0.010804,6361.0,68.7242440,0.001350247548921797296023679109,0.0003764123464618699690793751,noise,4717349.0,NONE,d6477ed3e47ee78023e7
A01,A01|PENGU|1790139471613,22,1790139471613,PENGU,SHORT,4717349.0,0.01080806280455399844276944529,0.010804,334833.0,3617.5357320,0.07097906048503089341068468752,0.0003759049727474355634688001,neutral,5052182.0,NONE,df965264404af29e2c37
A01,A01|PENGU|1790139471613,23,1790139489448,PENGU,SHORT,5052182.0,0.01080779354247333132496018551,0.0108,6489.0,70.08120,0.001284395534444325244023275488,0.0007211039369602720967918817,noise,5058671.0,NONE,1503dadbe44b4a5a8c01
A01,A01|PENGU|1790139471613,24,1790139489448,PENGU,SHORT,5058671.0,0.01080778354532247699049809722,0.010798,79903.0,862.7925940,0.01579525531508176752352544769,0.0009052314270960053902322118,noise,5138574.0,NONE,d299f8b0e234e04dac0d
A01,A01|PENGU|1790139471613,25,1790139489448,PENGU,SHORT,5138574.0,0.01080763141466873883688354006,0.010798,6442.0,69.5607160,0.001253655196947635667015790762,0.0008911679441312670092797653,noise,5145016.0,NONE,d2115f5e59b5297d42d8
A01,A01|PENGU|1790139471613,26,1790139489448,PENGU,SHORT,5145016.0,0.01080761935531395820732141552,0.010797,5692.0,61.4565240,0.001106313372008950020757952939,0.0009825804337508256118524274,noise,5150708.0,NONE,5c5663cc89477e8900e4
A01,A01|PENGU|1790139471613,27,1790139489448,PENGU,SHORT,5150708.0,0.01080760761996214889292889443,0.010797,5650.0,61.0030500,0.001096936576486184035282139853,0.0009814956589056888453329595,noise,5156358.0,NONE,106eada79dc756128546
A01,A01|PENGU|1790139471613,28,1790139489448,PENGU,SHORT,5156358.0,0.01080759599682566648785829067,0.010797,37047.0,399.9964590,0.007184722239999627644162798626,0.0009804212545304868818711220,noise,5193405.0,NONE,b7073f396c140b9f5433
A01,A01|PENGU|1790139471613,29,1790139489448,PENGU,SHORT,5193405.0,0.01080752041059767146987381110,0.010796,1910195.0,20622.4652200,0.3678116765397653369995215085,0.0010659624187593252528644516,profit,7103600.0,PROFIT_PYRAMIDING,1ad9fc4e1f954e651236
A01,A01|PENGU|1790139471613,30,1790139489448,PENGU,SHORT,7103600.0,0.01080442251224731122247874316,0.010795,6475.0,69.8976250,0.0009115096570752857705951911707,0.0008720977207833523981402129,noise,7110075.0,NONE,32ab6efae08a351662c7
A01,A01|PENGU|1790139471613,31,1790139489448,PENGU,SHORT,7110075.0,0.01080441393135796739134256670,0.010795,375365.0,4052.0651750,0.05279339528767277419717794819,0.0008713042112025218045134836,profit,7485440.0,PROFIT_PYRAMIDING,9157628c764372e9b91a
A01,A01|PENGU|1790139471613,32,1790139489448,PENGU,SHORT,7485440.0,0.01080394186019793091655266757,0.010795,174895.0,1887.9915250,0.02336469198871409028727770178,0.0008276479375433347100413490,noise,7660335.0,NONE,a6be19187848698497e1
A01,A01|PENGU|1790139471613,33,1790139489448,PENGU,SHORT,7660335.0,0.01080373770637968182853621936,0.010795,416550.0,4496.6572500,0.05437751743233161474008643225,0.0008087669857555087156248647,profit,8076885.0,PROFIT_PYRAMIDING,2c322b3dd7ee491520ae
A01,A01|PENGU|1790139471613,34,1790139489448,PENGU,SHORT,8076885.0,0.01080328707577240483181325473,0.010794,179358.0,1935.9902520,0.02220633325842821830445772101,0.0008596527804238537141690874,noise,8256243.0,NONE,7efeb1dd056794d73e4e
A01,A01|PENGU|1790139471613,35,1790139489448,PENGU,SHORT,8256243.0,0.01080308532403903325035370203,0.010794,186342.0,2011.3755480,0.02256982988509422506096295858,0.0008409934538623499300681443,noise,8442585.0,NONE,c46d2c25174c56c91dbf
A01,A01|PENGU|1790139471613,36,1790139489448,PENGU,SHORT,8442585.0,0.01080288479571126615841001304,0.010794,185272.0,1999.8259680,0.02194493748064129647495405732,0.0008224465852670587501912452,noise,8627857.0,NONE,8f5942299294a144b259
A01,A01|PENGU|1790139471613,37,1790139489448,PENGU,SHORT,8627857.0,0.01080269400628684504159028133,0.010793,227209.0,2452.2667370,0.02633434930597482086223728557,0.0008973693303914208497468164,noise,8855066.0,NONE,0b30b33aaa2cda20aeb2
A01,A01|PENGU|1790139471613,38,1790139489448,PENGU,SHORT,8855066.0,0.01080244527121536982333050933,0.010792,4633.0,49.9993360,0.0005232033279029202040955990616,0.0009669358143570246221337524,noise,8859699.0,NONE,aed5289f4a018c721ea4
A01,A01|PENGU|1790139471613,39,1790139489448,PENGU,SHORT,8859699.0,0.01080243980907252040955341710,0.010792,402743.0,4346.4024560,0.04545786487780228199626194976,0.0009664306635388468107031396,noise,9262442.0,NONE,81634c5170539526fa01
A01,A01|PENGU|1790139471613,40,1790139489448,PENGU,SHORT,9262442.0,0.01080198587262408768659496058,0.010792,31070.0,335.3074400,0.003354406969565909292603397678,0.0009244478507785582182800420,noise,9293512.0,NONE,a211ccdf2a38de28441a
A01,A01|PENGU|1790139471613,41,1790139489448,PENGU,SHORT,9293512.0,0.01080195248792921341253984499,0.010792,5638.0,60.8452960,0.0006066597858807305569735101219,0.0009213600911811965078254179,noise,9299150.0,NONE,e042f69f6e625c811105
A01,A01|PENGU|1790139471613,42,1790139489448,PENGU,SHORT,9299150.0,0.01080194645381567132479850308,0.010791,6483.0,69.9580530,0.0006971604931633536398488033853,0.0010133779002213631417737593,noise,9305633.0,NONE,711f5829e072608cc7c4
A01,A01|PENGU|1790139471613,43,1790139489448,PENGU,SHORT,9305633.0,0.01080193882769715934423805451,0.01079,133557.0,1441.080030,0.01435227458465211340270994998,0.0011052485935716556574922790,noise,9439190.0,NONE,e47410095e4f2e3e6d27
A01,A01|PENGU|1790139471613,44,1790139489448,PENGU,SHORT,9439190.0,0.01080176990282005129677440542,0.010789,3994.0,43.0912660,0.0004231295270039060554984061132,0.0011822046696919010432344071,noise,9443184.0,NONE,68066778ba6ab5768ea9
A01,A01|PENGU|1790139471613,45,1790139489448,PENGU,SHORT,9443184.0,0.01080176450178244964833895007,0.010789,416223.0,4490.6299470,0.04407655299314299075396603518,0.0011817052464292586862092712,noise,9859407.0,NONE,c351e39f40fe4deb9f42
A01,A01|PENGU|1790139471613,46,1790139489448,PENGU,SHORT,9859407.0,0.01080122563780965731509004547,0.010788,227209.0,2451.1306920,0.02304489509358930004613867751,0.0012244571359902908037802640,noise,10086616.0,NONE,a08f6a78c330eac7081f
A01,A01|PENGU|1790139471613,47,1790139489448,PENGU,SHORT,10086616.0,0.01080092771986164636385483495,0.010788,31779.0,342.8318520,0.003150610670615397671528290558,0.0011969082838943357421193817,noise,10118395.0,NONE,22b19ea599a7384f13c1
A01,A01|PENGU|1790139471613,48,1790139572181,PENGU,SHORT,10118395.0,0.01080088711757151208269690992,0.010771,225745.0,2431.4993950,0.02231035653381786340620226825,0.0027670984101750290074329161,noise,10344140.0,NONE,4c496877ee309b89738e
A01,A01|PENGU|1790139471613,49,1790139572181,PENGU,SHORT,10344140.0,0.01080023487704149402463617080,0.010771,80049.0,862.2077790,0.007738584357906988884527858285,0.0027068741906381880561223506,noise,10424189.0,NONE,b140d78690ff09c3f457
A01,A01|PENGU|1790139471613,50,1790139572181,PENGU,SHORT,10424189.0,0.01080001037778574429147437751,0.01077,1871484.0,20155.882680,0.1795328154545164136989457885,0.0027787360137608611775550191,profit,12295673.0,PROFIT_PYRAMIDING,4ff35022b150eb655ec1
A01,A01|PENGU|1790139471613,51,1790139572181,PENGU,SHORT,12295673.0,0.01079544259675741214002682080,0.010767,417633.0,4496.6545110,0.03396585123888704587378015014,0.0026346855631426672074300883,noise,12713306.0,NONE,066d7db76d7f48cd249f
A01,A01|PENGU|1790139471613,52,1790139572181,PENGU,SHORT,12713306.0,0.01079450825544512182747744763,0.010766,227209.0,2446.1320940,0.01787174791513710123865499658,0.0026409962149726719918913038,noise,12940515.0,NONE,1140726a50f1d9fabb70
A01,A01|PENGU|1790139471613,53,1790139572181,PENGU,SHORT,12940515.0,0.01079400770873493056497365057,0.010765,24234.0,260.8790100,0.001872722994409418790519542692,0.0026873900332178195159607570,noise,12964749.0,NONE,bfc4d754507d24aa1300
A01,A01|PENGU|1790139471613,54,1790139572181,PENGU,SHORT,12964749.0,0.01079395348687429274565978869,0.010765,179842.0,1935.9991300,0.01387161448324221317358322942,0.0026823801778931957247786731,noise,13144591.0,NONE,88cad63b585e4082cdae
A01,A01|PENGU|1790139471613,55,1790139572181,PENGU,SHORT,13144591.0,0.01079355735031999093771727091,0.010764,133557.0,1437.6075480,0.01016060522537369173373290961,0.0027384252809954881505064206,noise,13278148.0,NONE,65f76455c72694174879
A01,A01|PENGU|1790139471613,56,1790139572181,PENGU,SHORT,13278148.0,0.01079326005049800619785229082,0.010763,287800.0,3097.5914000,0.02167470945496314696898995251,0.0028036061724103446022403148,noise,13565948.0,NONE,39cb0cff18ac2aac0b51
A01,A01|PENGU|1790139471613,57,1790139572181,PENGU,SHORT,13565948.0,0.01079261808706623377887044824,0.010762,4398.0,47.3312760,0.0003241940777010202309488433834,0.0028369471447272085002295170,noise,13570346.0,NONE,8e822e92b70590ae1515
A01,A01|PENGU|1790139471613,58,1790139572181,PENGU,SHORT,13570346.0,0.01079260816408070951175452708,0.010762,175432.0,1887.9991840,0.01292759963526353712720368368,0.0028360303288483787422123163,noise,13745778.0,NONE,801fd88df3ed158b2462
A01,A01|PENGU|1790139471613,59,1790139572181,PENGU,SHORT,13745778.0,0.01079221752402810521165117024,0.010761,227209.0,2444.9960490,0.01652936632615483823469286351,0.0028925958876015622673551936,noise,13972987.0,NONE,2ad8d8f7161e45fb73bc
A01,A01|PENGU|1790139471613,60,1790139572181,PENGU,SHORT,13972987.0,0.01079170990869740306779073076,0.010761,460566.0,4956.1507260,0.03296117000609819503875585084,0.0028456944225912629832359131,noise,14433553.0,NONE,ed10101bdcf4e1777530
A01,A01|PENGU|1790139471613,61,1790139572181,PENGU,SHORT,14433553.0,0.01079072997397106589070618992,0.010761,6437.0,69.2685570,0.0004459747367817196500404301006,0.0027551402030056588861078525,noise,14439990.0,NONE,2d245cd30b9951b963cc
A01,A01|PENGU|1790139471613,62,1790139572181,PENGU,SHORT,14439990.0,0.01079071672106421126330419894,0.01076,418001.0,4497.690760,0.02894745771984606637539222673,0.0028465876603219635492480577,noise,14857991.0,NONE,f9d7e57f925fa9057ce0
A01,A01|PENGU|1790139471613,63,1790139572181,PENGU,SHORT,14857991.0,0.01078985256519538879785295332,0.01076,338841.0,3645.929160,0.02280530389337293312400041163,0.0027667259598786010468220037,noise,15196832.0,NONE,bd0484b8c81df10abda0
A01,A01|PENGU|1790139471613,64,1790140695394,PENGU,SHORT,15196832.0,0.01078918694797705205927130074,0.010795,3423.0,36.9512850,0.0002252443140780920655041787657,-0.000538784993806959172434821,noise,15200255.0,NONE,1401cdf6814ed70df17d
A01,A01|PENGU|1790139471613,65,1790140695394,PENGU,SHORT,15200255.0,0.01078918825703910888337070660,0.010793,367366.0,3964.9812380,0.02416841033258981510507553985,-0.000353292840024758105471360,noise,15567621.0,NONE,2507b3392fbb71584b1b
A01,A01|PENGU|1790139471613,66,1790140695394,PENGU,SHORT,15567621.0,0.01078927820686282123646252693,0.010793,79924.0,862.6197320,0.005133989323095674027521610399,-0.000344952930661423971749089,noise,15647545.0,NONE,41289b32bc6307b18884
A01,A01|PENGU|1790139471613,67,1790140695394,PENGU,SHORT,15647545.0,0.01078929721691166250041140638,0.010791,5337.0,57.5915670,0.0003410758684509295228101277229,-0.000157821501632977133827455,noise,15652882.0,NONE,d0046a2493e6af9c4715
A01,A01|PENGU|1790139471613,68,1790140695394,PENGU,SHORT,15652882.0,0.01078929779749186124318831508,0.01079,4633.0,49.990070,0.0002959838322425224952184524230,-0.000065083244648413969999666,noise,15657515.0,NONE,c60530f2f1473c212c27
A01,A01|PENGU|1790139471613,69,1790140695394,PENGU,SHORT,15657515.0,0.01078929800527095136105569752,0.010789,5337.0,57.5808930,0.0003408586867073095571040487587,0.0000276204504506016058507189,noise,15662852.0,NONE,f065a4274d418e674090
A01,A01|PENGU|1790139471613,70,1790140695394,PENGU,SHORT,15662852.0,0.01078929790372787791137910259,0.010789,40000.0,431.5600000,0.002553813315735857045702787717,0.0000276110392479737533041744,noise,15702852.0,NONE,7460dbdcf7bca34fc580
A01,A01|PENGU|1790139471613,71,1790140695394,PENGU,SHORT,15702852.0,0.01078929714487533856907012814,0.010788,37078.0,399.9974640,0.002361227119761429325067828443,0.0001202251507137962423269492,noise,15739930.0,NONE,df7d7b7dcc3a57016bc8
A01,A01|PENGU|1790139471613,72,1790140695394,PENGU,SHORT,15739930.0,0.01078929408923673739336833136,0.010788,175009.0,1887.9970920,0.01111879150669666256457303177,0.0001199419745197566111063211,noise,15914939.0,NONE,3485e76223bd4d36ab9f
A01,A01|PENGU|1790139471613,73,1790140695394,PENGU,SHORT,15914939.0,0.01078927985875409261700594641,0.010788,175009.0,1887.9970920,0.01099652345510089608260515482,0.0001186231862411260606116586,noise,16089948.0,NONE,57937582da0389369be2
A01,A01|PENGU|1790139471613,74,1790140695394,PENGU,SHORT,16089948.0,0.01078926593783895386113118574,0.010788,5335.0,57.5539800,0.0003315734768067615880424225112,0.0001173330832929143034727593,noise,16095283.0,NONE,383f568d3012b451d457
A01,A01|PENGU|1790139471613,75,1790140695394,PENGU,SHORT,16095283.0,0.01078926551822667548001485899,0.010788,185389.0,1999.9765320,0.01151821934413952211961728166,0.0001172941962117436784569209,noise,16280672.0,NONE,1780a0c38ba5139480d5
A01,A01|PENGU|1790139471613,76,1790140695394,PENGU,SHORT,16280672.0,0.01078925110769383475080144110,0.010787,1914148.0,20647.9144760,0.1175718053898512297281095031,0.0002086435537893340694208157,neutral,18194820.0,NONE,915f5e88f222180a276d
A01,A01|PENGU|1790139471613,77,1790140695394,PENGU,SHORT,18194820.0,0.01078901428461507176218286302,0.010786,112723.0,1215.8302780,0.006195334716144485078720207180,0.0002793846161989121150607212,noise,18307543.0,NONE,6d34197045a60d208c13
A01,A01|PENGU|1790139471613,78,1790140695394,PENGU,SHORT,18307543.0,0.01078899572509538827793549357,0.010785,5337.0,57.5595450,0.0002915191841963719544452251184,0.0003703519027349462320100743,noise,18312880.0,NONE,e192de4309722b96413c
A01,A01|PENGU|1790139471613,79,1790140695394,PENGU,SHORT,18312880.0,0.01078899456060433967786607021,0.010784,179525.0,1935.9976000,0.009803209544320718532530109955,0.0004629310522203016351411704,noise,18492405.0,NONE,3cf68e294b64ee26b308
A01,A01|PENGU|1790139471613,80,1790140695394,PENGU,SHORT,18492405.0,0.01078894607321221874602032563,0.010783,31070.0,335.0278100,0.001680149228832052942816253484,0.0005511264188243743261524085,noise,18523475.0,NONE,99498bf6e1df4e425912
A01,A01|PENGU|1790139471613,81,1790140695394,PENGU,SHORT,18523475.0,0.01078893609967892093681126245,0.010783,3495.0,37.6865850,0.0001886794999318432421562368832,0.0005502025059818080965784184,noise,18526970.0,NONE,c7defa4f17aa9a3885f2
A01,A01|PENGU|1790139471613,82,1790140695394,PENGU,SHORT,18526970.0,0.01078893497986988698097962050,0.010783,79941.0,862.0038030,0.004314844791134222163688935644,0.0005500987707276511913355950,noise,18606911.0,NONE,c73c4d1e638bd21a19d6
A01,A01|PENGU|1790139471613,83,1790140695394,PENGU,SHORT,18606911.0,0.01078890948137495793901524007,0.010783,741893.0,7999.8322190,0.03987190565913923057943363087,0.0005477366721038449318272620,noise,19348804.0,NONE,3f1d0e12423072c07354
A01,A01|PENGU|1790139471613,84,1790140695394,PENGU,SHORT,19348804.0,0.01078868289357833176665596486,0.010783,37095.0,399.9953850,0.001917172761685941932121489266,0.0005267458163697028793007765,noise,19385899.0,NONE,1d87eae649a42631639b
A01,A01|PENGU|1790139471613,85,1790140695394,PENGU,SHORT,19385899.0,0.01078867201933735443478788368,0.010782,881371.0,9502.9421220,0.04546454100477878276369850065,0.0006184282296649364183445749,noise,20267270.0,NONE,615b7193e45f72ceff3d
